t,price,p,y,u,w,variable_cost,fixed_cost,startup_cost,revenue,profit
1,20.69,0.0,0.0,0.0,0.0,0.0,0.0,0.0,0.0,0.0
2,22.07,0.0,0.0,-0.0,0.0,0.0,0.0,-0.0,0.0,0.0
3,23.49,0.0,-0.0,-0.0,0.0,0.0,-0.0,-0.0,0.0,0.0
4,14.78,0.0,-0.0,0.0,0.0,0.0,-0.0,0.0,0.0,0.0
5,8.09,0.0,-0.0,-0.0,0.0,0.0,-0.0,-0.0,0.0,0.0
6,13.29,0.0,-0.0,-0.0,0.0,0.0,-0.0,-0.0,0.0,0.0
7,15.5,0.0,-0.0,-0.0,0.0,0.0,-0.0,-0.0,0.0,0.0
8,15.58,0.0,-0.0,-0.0,0.0,0.0,-0.0,-0.0,0.0,0.0
9,15.17,0.0,-0.0,-0.0,0.0,0.0,-0.0,-0.0,0.0,0.0
10,6.8,0.0,0.0,-0.0,-0.0,0.0,0.0,-0.0,0.0,0.0
11,10.35,0.0,0.0,-0.0,-0.0,0.0,0.0,-0.0,0.0,0.0
12,34.12,0.0,0.0,-0.0,-0.0,0.0,0.0,-0.0,0.0,0.0
13,75.02,0.0,0.0,0.0,-0.0,0.0,0.0,0.0,0.0,0.0
14,109.59,0.0,0.0,0.0,-0.0,0.0,0.0,0.0,0.0,0.0
15,67.45,0.0,0.0,-0.0,-0.0,0.0,0.0,-0.0,0.0,0.0
16,34.16,0.0,-0.0,-0.0,0.0,0.0,-0.0,-0.0,0.0,0.0
17,26.2,0.0,-0.0,-0.0,0.0,0.0,-0.0,-0.0,0.0,0.0
18,22.43,0.0,-0.0,-0.0,0.0,0.0,-0.0,-0.0,0.0,0.0
19,19.6,0.0,-0.0,-0.0,0.0,0.0,-0.0,-0.0,0.0,0.0
20,19.72,0.0,-0.0,-0.0,0.0,0.0,-0.0,-0.0,0.0,0.0
21,19.35,0.0,-0.0,-0.0,0.0,0.0,-0.0,-0.0,0.0,0.0
22,19.15,0.0,-0.0,-0.0,0.0,0.0,-0.0,-0.0,0.0,0.0
23,19.92,0.0,-0.0,-0.0,0.0,0.0,-0.0,-0.0,0.0,0.0
24,20.43,0.0,-0.0,-0.0,0.0,0.0,-0.0,-0.0,0.0,0.0
25,23.98,0.0,-0.0,-0.0,0.0,0.0,-0.0,-0.0,0.0,0.0
26,23.43,0.0,-0.0,-0.0,0.0,0.0,-0.0,-0.0,0.0,0.0
27,25.91,0.0,-0.0,-0.0,0.0,0.0,-0.0,-0.0,0.0,0.0
28,17.58,0.0,-0.0,-0.0,0.0,0.0,-0.0,-0.0,0.0,0.0
29,22.77,0.0,-0.0,-0.0,0.0,0.0,-0.0,-0.0,0.0,0.0
30,22.94,0.0,-0.0,-0.0,0.0,0.0,-0.0,-0.0,0.0,0.0
31,23.31,0.0,-0.0,-0.0,0.0,0.0,-0.0,-0.0,0.0,0.0
32,25.86,0.0,-0.0,-0.0,0.0,0.0,-0.0,-0.0,0.0,0.0
33,27.86,0.0,-0.0,-0.0,0.0,0.0,-0.0,-0.0,0.0,0.0
34,23.95,0.0,-0.0,-0.0,0.0,0.0,-0.0,-0.0,0.0,0.0
35,22.19,0.0,-0.0,-0.0,0.0,0.0,-0.0,-0.0,0.0,0.0
36,34.99,0.0,-0.0,-0.0,0.0,0.0,-0.0,-0.0,0.0,0.0
37,49.93,0.0,-0.0,-0.0,0.0,0.0,-0.0,-0.0,0.0,0.0
38,45.39,0.0,-0.0,-0.0,0.0,0.0,-0.0,-0.0,0.0,0.0
39,35.82,0.0,-0.0,-0.0,0.0,0.0,-0.0,-0.0,0.0,0.0
40,26.15,0.0,-0.0,-0.0,0.0,0.0,-0.0,-0.0,0.0,0.0
41,23.45,0.0,-0.0,-0.0,0.0,0.0,-0.0,-0.0,0.0,0.0
42,22.04,0.0,-0.0,-0.0,0.0,0.0,-0.0,-0.0,0.0,0.0
43,20.9,0.0,-0.0,-0.0,0.0,0.0,-0.0,-0.0,0.0,0.0
44,22.01,0.0,-0.0,-0.0,0.0,0.0,-0.0,-0.0,0.0,0.0
45,21.48,0.0,-0.0,-0.0,0.0,0.0,-0.0,-0.0,0.0,0.0
46,21.32,0.0,-0.0,-0.0,0.0,0.0,-0.0,-0.0,0.0,0.0
47,21.09,0.0,-0.0,-0.0,0.0,0.0,-0.0,-0.0,0.0,0.0
48,21.54,0.0,-0.0,-0.0,0.0,0.0,-0.0,-0.0,0.0,0.0
49,23.55,0.0,-0.0,-0.0,0.0,0.0,-0.0,-0.0,0.0,0.0
50,22.74,0.0,-0.0,-0.0,0.0,0.0,-0.0,-0.0,0.0,0.0
51,28.68,0.0,-0.0,-0.0,0.0,0.0,-0.0,-0.0,0.0,0.0
52,21.58,0.0,-0.0,-0.0,0.0,0.0,-0.0,-0.0,0.0,0.0
53,21.73,0.0,-0.0,-0.0,0.0,0.0,-0.0,-0.0,0.0,0.0
54,22.59,0.0,-0.0,-0.0,0.0,0.0,-0.0,-0.0,0.0,0.0
55,22.36,0.0,-0.0,-0.0,0.0,0.0,-0.0,-0.0,0.0,0.0
56,19.83,0.0,-0.0,-0.0,0.0,0.0,-0.0,-0.0,0.0,0.0
57,20.09,0.0,-0.0,-0.0,0.0,0.0,-0.0,-0.0,0.0,0.0
58,14.49,0.0,-0.0,-0.0,0.0,0.0,-0.0,-0.0,0.0,0.0
59,19.45,0.0,-0.0,-0.0,0.0,0.0,-0.0,-0.0,0.0,0.0
60,34.15,0.0,-0.0,-0.0,0.0,0.0,-0.0,-0.0,0.0,0.0
61,40.26,0.0,-0.0,-0.0,0.0,0.0,-0.0,-0.0,0.0,0.0
62,34.52,0.0,-0.0,-0.0,0.0,0.0,-0.0,-0.0,0.0,0.0
63,23.63,0.0,-0.0,-0.0,0.0,0.0,-0.0,-0.0,0.0,0.0
64,21.29,0.0,-0.0,-0.0,0.0,0.0,-0.0,-0.0,0.0,0.0
65,20.68,0.0,-0.0,-0.0,0.0,0.0,-0.0,-0.0,0.0,0.0
66,19.09,0.0,-0.0,-0.0,0.0,0.0,-0.0,-0.0,0.0,0.0
67,17.12,0.0,-0.0,-0.0,0.0,0.0,-0.0,-0.0,0.0,0.0
68,16.21,0.0,-0.0,-0.0,0.0,0.0,-0.0,-0.0,0.0,0.0
69,16.09,0.0,-0.0,-0.0,0.0,0.0,-0.0,-0.0,0.0,0.0
70,15.11,0.0,-0.0,-0.0,0.0,0.0,-0.0,-0.0,0.0,0.0
71,15.94,0.0,-0.0,-0.0,0.0,0.0,-0.0,-0.0,0.0,0.0
72,17.7,0.0,-0.0,-0.0,0.0,0.0,-0.0,-0.0,0.0,0.0
73,18.63,0.0,-0.0,-0.0,0.0,0.0,-0.0,-0.0,0.0,0.0
74,15.2,0.0,-0.0,-0.0,0.0,0.0,-0.0,-0.0,0.0,0.0
75,19.97,0.0,-0.0,-0.0,0.0,0.0,-0.0,-0.0,0.0,0.0
76,12.34,0.0,-0.0,-0.0,0.0,0.0,-0.0,-0.0,0.0,0.0
77,0.43,0.0,-0.0,-0.0,0.0,0.0,-0.0,-0.0,0.0,0.0
78,-1.36,0.0,-0.0,-0.0,0.0,0.0,-0.0,-0.0,-0.0,0.0
79,-3.94,0.0,-0.0,-0.0,0.0,0.0,-0.0,-0.0,-0.0,0.0
80,-4.98,0.0,-0.0,-0.0,0.0,0.0,-0.0,-0.0,-0.0,0.0
81,-15.46,0.0,-0.0,-0.0,0.0,0.0,-0.0,-0.0,-0.0,0.0
82,-17.76,0.0,-0.0,-0.0,0.0,0.0,-0.0,-0.0,-0.0,0.0
83,-14.92,0.0,-0.0,-0.0,0.0,0.0,-0.0,-0.0,-0.0,0.0
84,-2.35,0.0,-0.0,-0.0,0.0,0.0,-0.0,-0.0,-0.0,0.0
85,5.07,0.0,-0.0,-0.0,0.0,0.0,-0.0,-0.0,0.0,0.0
86,1.11,0.0,-0.0,-0.0,0.0,0.0,-0.0,-0.0,0.0,0.0
87,-2.21,0.0,-0.0,-0.0,0.0,0.0,-0.0,-0.0,-0.0,0.0
88,-3.39,0.0,-0.0,-0.0,0.0,0.0,-0.0,-0.0,-0.0,0.0
89,-10.23,0.0,-0.0,-0.0,0.0,0.0,-0.0,-0.0,-0.0,0.0
90,-24.57,0.0,-0.0,-0.0,0.0,0.0,-0.0,-0.0,-0.0,0.0
91,-31.69,0.0,-0.0,-0.0,0.0,0.0,-0.0,-0.0,-0.0,0.0
92,-31.81,0.0,-0.0,-0.0,0.0,0.0,-0.0,-0.0,-0.0,0.0
93,-31.65,0.0,-0.0,-0.0,0.0,0.0,-0.0,-0.0,-0.0,0.0
94,-32.53,0.0,-0.0,-0.0,0.0,0.0,-0.0,-0.0,-0.0,0.0
95,-31.35,0.0,-0.0,-0.0,0.0,0.0,-0.0,-0.0,-0.0,0.0
96,-31.77,0.0,-0.0,-0.0,0.0,0.0,-0.0,-0.0,-0.0,0.0
97,-27.45,0.0,-0.0,-0.0,0.0,0.0,-0.0,-0.0,-0.0,0.0
98,-25.9,0.0,-0.0,-0.0,0.0,0.0,-0.0,-0.0,-0.0,0.0
99,-21.63,0.0,-0.0,-0.0,0.0,0.0,-0.0,-0.0,-0.0,0.0
100,-25.76,0.0,-0.0,-0.0,0.0,0.0,-0.0,-0.0,-0.0,0.0
101,-27.95,0.0,-0.0,-0.0,0.0,0.0,-0.0,-0.0,-0.0,0.0
102,-24.32,0.0,-0.0,-0.0,0.0,0.0,-0.0,-0.0,-0.0,0.0
103,-17.74,0.0,-0.0,-0.0,0.0,0.0,-0.0,-0.0,-0.0,0.0
104,-7.51,0.0,-0.0,-0.0,0.0,0.0,-0.0,-0.0,-0.0,0.0
105,-8.4,0.0,-0.0,-0.0,0.0,0.0,-0.0,-0.0,-0.0,0.0
106,-17.48,0.0,-0.0,-0.0,0.0,0.0,-0.0,-0.0,-0.0,0.0
107,-17.66,0.0,-0.0,-0.0,0.0,0.0,-0.0,-0.0,-0.0,0.0
108,4.58,0.0,-0.0,-0.0,0.0,0.0,-0.0,-0.0,0.0,0.0
109,19.28,0.0,-0.0,-0.0,0.0,0.0,-0.0,-0.0,0.0,0.0
110,20.78,0.0,-0.0,-0.0,0.0,0.0,-0.0,-0.0,0.0,0.0
111,19.7,0.0,-0.0,-0.0,0.0,0.0,-0.0,-0.0,0.0,0.0
112,16.06,0.0,-0.0,-0.0,0.0,0.0,-0.0,-0.0,0.0,0.0
113,18.72,0.0,-0.0,-0.0,0.0,0.0,-0.0,-0.0,0.0,0.0
114,20.91,0.0,-0.0,-0.0,0.0,0.0,-0.0,-0.0,0.0,0.0
115,21.13,0.0,-0.0,-0.0,0.0,0.0,-0.0,-0.0,0.0,0.0
116,20.5,0.0,-0.0,-0.0,0.0,0.0,-0.0,-0.0,0.0,0.0
117,21.62,0.0,-0.0,-0.0,0.0,0.0,-0.0,-0.0,0.0,0.0
118,23.57,0.0,-0.0,-0.0,0.0,0.0,-0.0,-0.0,0.0,0.0
119,23.92,0.0,-0.0,-0.0,0.0,0.0,-0.0,-0.0,0.0,0.0
120,26.14,0.0,-0.0,-0.0,0.0,0.0,-0.0,-0.0,0.0,0.0
121,32.09,0.0,-0.0,-0.0,0.0,0.0,-0.0,-0.0,0.0,0.0
122,31.79,0.0,-0.0,-0.0,0.0,0.0,-0.0,-0.0,0.0,0.0
123,31.83,0.0,-0.0,-0.0,0.0,0.0,-0.0,-0.0,0.0,0.0
124,17.93,0.0,-0.0,-0.0,0.0,0.0,-0.0,-0.0,0.0,0.0
125,18.71,0.0,-0.0,-0.0,0.0,0.0,-0.0,-0.0,0.0,0.0
126,21.56,0.0,-0.0,-0.0,0.0,0.0,-0.0,-0.0,0.0,0.0
127,19.93,0.0,-0.0,-0.0,0.0,0.0,-0.0,-0.0,0.0,0.0
128,20.17,0.0,-0.0,-0.0,0.0,0.0,-0.0,-0.0,0.0,0.0
129,17.38,0.0,-0.0,-0.0,0.0,0.0,-0.0,-0.0,0.0,0.0
130,15.83,0.0,-0.0,-0.0,0.0,0.0,-0.0,-0.0,0.0,0.0
131,20.72,0.0,-0.0,-0.0,0.0,0.0,-0.0,-0.0,0.0,0.0
132,54.45,0.0,-0.0,-0.0,0.0,0.0,-0.0,-0.0,0.0,0.0
133,53.97,0.0,-0.0,-0.0,0.0,0.0,-0.0,-0.0,0.0,0.0
134,39.68,0.0,-0.0,-0.0,0.0,0.0,-0.0,-0.0,0.0,0.0
135,37.99,0.0,-0.0,-0.0,0.0,0.0,-0.0,-0.0,0.0,0.0
136,39.41,0.0,-0.0,-0.0,0.0,0.0,-0.0,-0.0,0.0,0.0
137,38.09,0.0,-0.0,-0.0,0.0,0.0,-0.0,-0.0,0.0,0.0
138,40.78,0.0,-0.0,-0.0,0.0,0.0,-0.0,-0.0,0.0,0.0
139,41.04,0.0,-0.0,-0.0,0.0,0.0,-0.0,-0.0,0.0,0.0
140,45.46,0.0,-0.0,-0.0,0.0,0.0,-0.0,-0.0,0.0,0.0
141,39.9,0.0,-0.0,-0.0,0.0,0.0,-0.0,-0.0,0.0,0.0
142,43.42,0.0,-0.0,-0.0,0.0,0.0,-0.0,-0.0,0.0,0.0
143,44.67,0.0,-0.0,-0.0,0.0,0.0,-0.0,-0.0,0.0,0.0
144,48.35,0.0,-0.0,-0.0,0.0,0.0,-0.0,-0.0,0.0,0.0
145,60.06,0.0,-0.0,-0.0,0.0,0.0,-0.0,-0.0,0.0,0.0
146,43.11,0.0,-0.0,-0.0,0.0,0.0,-0.0,-0.0,0.0,0.0
147,37.69,0.0,-0.0,-0.0,0.0,0.0,-0.0,-0.0,0.0,0.0
148,27.37,0.0,-0.0,-0.0,0.0,0.0,-0.0,-0.0,0.0,0.0
149,23.0,0.0,-0.0,-0.0,0.0,0.0,-0.0,-0.0,0.0,0.0
150,21.68,0.0,-0.0,-0.0,0.0,0.0,-0.0,-0.0,0.0,0.0
151,20.78,0.0,-0.0,-0.0,0.0,0.0,-0.0,-0.0,0.0,0.0
152,20.69,0.0,-0.0,-0.0,0.0,0.0,-0.0,-0.0,0.0,0.0
153,17.31,0.0,-0.0,-0.0,0.0,0.0,-0.0,-0.0,0.0,0.0
154,0.51,0.0,-0.0,-0.0,0.0,0.0,-0.0,-0.0,0.0,0.0
155,13.95,0.0,-0.0,-0.0,0.0,0.0,-0.0,-0.0,0.0,0.0
156,26.99,0.0,-0.0,-0.0,0.0,0.0,-0.0,-0.0,0.0,0.0
157,29.18,0.0,-0.0,-0.0,0.0,0.0,-0.0,-0.0,0.0,0.0
158,32.58,0.0,-0.0,-0.0,0.0,0.0,-0.0,-0.0,0.0,0.0
159,31.99,0.0,-0.0,-0.0,0.0,0.0,-0.0,-0.0,0.0,0.0
160,31.77,0.0,-0.0,-0.0,0.0,0.0,-0.0,-0.0,0.0,0.0
161,27.7,0.0,-0.0,-0.0,0.0,0.0,-0.0,-0.0,0.0,0.0
162,26.49,0.0,-0.0,-0.0,0.0,0.0,-0.0,-0.0,0.0,0.0
163,25.43,0.0,-0.0,-0.0,0.0,0.0,-0.0,-0.0,0.0,0.0
164,24.72,0.0,-0.0,-0.0,0.0,0.0,-0.0,-0.0,0.0,0.0
165,24.39,0.0,-0.0,-0.0,0.0,0.0,-0.0,-0.0,0.0,0.0
166,24.85,0.0,-0.0,-0.0,0.0,0.0,-0.0,-0.0,0.0,0.0
167,23.9,0.0,-0.0,-0.0,0.0,0.0,-0.0,-0.0,0.0,0.0
168,26.92,0.0,-0.0,-0.0,0.0,0.0,-0.0,-0.0,0.0,0.0
169,31.81,0.0,-0.0,-0.0,0.0,0.0,-0.0,-0.0,0.0,0.0
170,41.55,0.0,-0.0,-0.0,0.0,0.0,-0.0,-0.0,0.0,0.0
171,61.65,0.0,-0.0,-0.0,0.0,0.0,-0.0,-0.0,0.0,0.0
172,33.72,0.0,-0.0,-0.0,0.0,0.0,-0.0,-0.0,0.0,0.0
173,31.29,0.0,-0.0,-0.0,0.0,0.0,-0.0,-0.0,0.0,0.0
174,31.21,0.0,-0.0,-0.0,0.0,0.0,-0.0,-0.0,0.0,0.0
175,30.91,0.0,-0.0,-0.0,0.0,0.0,-0.0,-0.0,0.0,0.0
176,27.67,0.0,-0.0,-0.0,0.0,0.0,-0.0,-0.0,0.0,0.0
177,29.13,0.0,-0.0,-0.0,0.0,0.0,-0.0,-0.0,0.0,0.0
178,33.32,0.0,-0.0,-0.0,0.0,0.0,-0.0,-0.0,0.0,0.0
179,26.39,0.0,-0.0,-0.0,0.0,0.0,-0.0,-0.0,0.0,0.0
180,44.09,0.0,-0.0,-0.0,0.0,0.0,-0.0,-0.0,0.0,0.0
181,50.54,0.0,-0.0,-0.0,0.0,0.0,-0.0,-0.0,0.0,0.0
182,44.44,0.0,-0.0,-0.0,0.0,0.0,-0.0,-0.0,0.0,0.0
183,49.54,0.0,-0.0,-0.0,0.0,0.0,-0.0,-0.0,0.0,0.0
184,43.06,0.0,-0.0,-0.0,0.0,0.0,-0.0,-0.0,0.0,0.0
185,39.92,0.0,-0.0,-0.0,0.0,0.0,-0.0,-0.0,0.0,0.0
186,31.98,0.0,-0.0,-0.0,0.0,0.0,-0.0,-0.0,0.0,0.0
187,28.58,0.0,-0.0,-0.0,0.0,0.0,-0.0,-0.0,0.0,0.0
188,30.45,0.0,-0.0,-0.0,0.0,0.0,-0.0,-0.0,0.0,0.0
189,30.43,0.0,-0.0,-0.0,0.0,0.0,-0.0,-0.0,0.0,0.0
190,30.88,0.0,-0.0,-0.0,0.0,0.0,-0.0,-0.0,0.0,0.0
191,32.85,0.0,-0.0,-0.0,0.0,0.0,-0.0,-0.0,0.0,0.0
192,36.92,0.0,-0.0,-0.0,0.0,0.0,-0.0,-0.0,0.0,0.0
193,42.46,0.0,-0.0,-0.0,0.0,0.0,-0.0,-0.0,0.0,0.0
194,51.24,0.0,-0.0,-0.0,0.0,0.0,-0.0,-0.0,0.0,0.0
195,43.96,0.0,-0.0,-0.0,0.0,0.0,-0.0,-0.0,0.0,0.0
196,42.45,0.0,-0.0,-0.0,0.0,0.0,-0.0,-0.0,0.0,0.0
197,43.46,0.0,-0.0,-0.0,0.0,0.0,-0.0,-0.0,0.0,0.0
198,37.41,0.0,-0.0,-0.0,0.0,0.0,-0.0,-0.0,0.0,0.0
199,36.12,0.0,-0.0,-0.0,0.0,0.0,-0.0,-0.0,0.0,0.0
200,39.83,0.0,-0.0,-0.0,0.0,0.0,-0.0,-0.0,0.0,0.0
201,43.93,0.0,-0.0,-0.0,0.0,0.0,-0.0,-0.0,0.0,0.0
202,45.55,0.0,-0.0,-0.0,0.0,0.0,-0.0,-0.0,0.0,0.0
203,39.11,0.0,-0.0,-0.0,0.0,0.0,-0.0,-0.0,0.0,0.0
204,41.94,0.0,-0.0,-0.0,0.0,0.0,-0.0,-0.0,0.0,0.0
205,41.94,0.0,-0.0,-0.0,0.0,0.0,-0.0,-0.0,0.0,0.0
206,38.94,0.0,-0.0,-0.0,0.0,0.0,-0.0,-0.0,0.0,0.0
207,36.83,0.0,-0.0,-0.0,0.0,0.0,-0.0,-0.0,0.0,0.0
208,35.99,0.0,-0.0,-0.0,0.0,0.0,-0.0,-0.0,0.0,0.0
209,38.11,0.0,-0.0,-0.0,0.0,0.0,-0.0,-0.0,0.0,0.0
210,33.83,0.0,-0.0,-0.0,0.0,0.0,-0.0,-0.0,0.0,0.0
211,26.92,0.0,-0.0,-0.0,0.0,0.0,-0.0,-0.0,0.0,0.0
212,25.32,0.0,-0.0,-0.0,0.0,0.0,-0.0,-0.0,0.0,0.0
213,24.21,0.0,-0.0,-0.0,0.0,0.0,-0.0,-0.0,0.0,0.0
214,22.51,0.0,-0.0,-0.0,0.0,0.0,-0.0,-0.0,0.0,0.0
215,21.61,0.0,-0.0,-0.0,0.0,0.0,-0.0,-0.0,0.0,0.0
216,21.31,0.0,-0.0,-0.0,0.0,0.0,-0.0,-0.0,0.0,0.0
217,22.5,0.0,-0.0,-0.0,0.0,0.0,-0.0,-0.0,0.0,0.0
218,22.0,0.0,-0.0,-0.0,0.0,0.0,-0.0,-0.0,0.0,0.0
219,22.61,0.0,-0.0,-0.0,0.0,0.0,-0.0,-0.0,0.0,0.0
220,21.37,0.0,-0.0,-0.0,0.0,0.0,-0.0,-0.0,0.0,0.0
221,21.09,0.0,-0.0,-0.0,0.0,0.0,-0.0,-0.0,0.0,0.0
222,20.23,0.0,-0.0,-0.0,0.0,0.0,-0.0,-0.0,0.0,0.0
223,20.33,0.0,-0.0,-0.0,0.0,0.0,-0.0,-0.0,0.0,0.0
224,20.71,0.0,-0.0,-0.0,0.0,0.0,-0.0,-0.0,0.0,0.0
225,20.54,0.0,-0.0,-0.0,0.0,0.0,-0.0,-0.0,0.0,0.0
226,19.84,0.0,-0.0,-0.0,0.0,0.0,-0.0,-0.0,0.0,0.0
227,18.82,0.0,-0.0,-0.0,0.0,0.0,-0.0,-0.0,0.0,0.0
228,29.77,0.0,-0.0,-0.0,0.0,0.0,-0.0,-0.0,0.0,0.0
229,44.81,0.0,-0.0,-0.0,0.0,0.0,-0.0,-0.0,0.0,0.0
230,34.59,0.0,-0.0,-0.0,0.0,0.0,-0.0,-0.0,0.0,0.0
231,37.91,0.0,-0.0,-0.0,0.0,0.0,-0.0,-0.0,0.0,0.0
232,40.26,0.0,-0.0,-0.0,0.0,0.0,-0.0,-0.0,0.0,0.0
233,41.11,0.0,-0.0,-0.0,0.0,0.0,-0.0,-0.0,0.0,0.0
234,40.64,0.0,-0.0,-0.0,0.0,0.0,-0.0,-0.0,0.0,0.0
235,34.9,0.0,-0.0,-0.0,0.0,0.0,-0.0,-0.0,0.0,0.0
236,34.68,0.0,-0.0,-0.0,0.0,0.0,-0.0,-0.0,0.0,0.0
237,31.7,0.0,-0.0,-0.0,0.0,0.0,-0.0,-0.0,0.0,0.0
238,28.21,0.0,-0.0,-0.0,0.0,0.0,-0.0,-0.0,0.0,0.0
239,27.88,0.0,-0.0,-0.0,0.0,0.0,-0.0,-0.0,0.0,0.0
240,25.98,0.0,-0.0,-0.0,0.0,0.0,-0.0,-0.0,0.0,0.0
241,26.98,0.0,-0.0,-0.0,0.0,0.0,-0.0,-0.0,0.0,0.0
242,33.23,0.0,-0.0,-0.0,0.0,0.0,-0.0,-0.0,0.0,0.0
243,23.3,0.0,-0.0,-0.0,0.0,0.0,-0.0,-0.0,0.0,0.0
244,19.36,0.0,-0.0,-0.0,0.0,0.0,-0.0,-0.0,0.0,0.0
245,20.73,0.0,-0.0,-0.0,0.0,0.0,-0.0,-0.0,0.0,0.0
246,16.36,0.0,-0.0,-0.0,0.0,0.0,-0.0,-0.0,0.0,0.0
247,5.14,0.0,-0.0,-0.0,0.0,0.0,-0.0,-0.0,0.0,0.0
248,-0.06,0.0,-0.0,-0.0,0.0,0.0,-0.0,-0.0,-0.0,0.0
249,-1.43,0.0,-0.0,-0.0,0.0,0.0,-0.0,-0.0,-0.0,0.0
250,-2.19,0.0,-0.0,-0.0,0.0,0.0,-0.0,-0.0,-0.0,0.0
251,-2.88,0.0,-0.0,-0.0,0.0,0.0,-0.0,-0.0,-0.0,0.0
252,22.83,0.0,-0.0,-0.0,0.0,0.0,-0.0,-0.0,0.0,0.0
253,32.73,0.0,-0.0,-0.0,0.0,0.0,-0.0,-0.0,0.0,0.0
254,28.31,0.0,-0.0,-0.0,0.0,0.0,-0.0,-0.0,0.0,0.0
255,28.49,0.0,-0.0,-0.0,0.0,0.0,-0.0,-0.0,0.0,0.0
256,27.2,0.0,-0.0,-0.0,0.0,0.0,-0.0,-0.0,0.0,0.0
257,26.79,0.0,-0.0,-0.0,0.0,0.0,-0.0,-0.0,0.0,0.0
258,27.97,0.0,-0.0,-0.0,0.0,0.0,-0.0,-0.0,0.0,0.0
259,29.39,0.0,-0.0,-0.0,0.0,0.0,-0.0,-0.0,0.0,0.0
260,33.53,0.0,-0.0,-0.0,0.0,0.0,-0.0,-0.0,0.0,0.0
261,29.7,0.0,-0.0,-0.0,0.0,0.0,-0.0,-0.0,0.0,0.0
262,35.07,0.0,-0.0,-0.0,0.0,0.0,-0.0,-0.0,0.0,0.0
263,34.35,0.0,-0.0,-0.0,0.0,0.0,-0.0,-0.0,0.0,0.0
264,37.33,0.0,-0.0,-0.0,0.0,0.0,-0.0,-0.0,0.0,0.0
265,38.1,0.0,-0.0,-0.0,0.0,0.0,-0.0,-0.0,0.0,0.0
266,43.66,0.0,-0.0,-0.0,0.0,0.0,-0.0,-0.0,0.0,0.0
267,43.47,0.0,-0.0,-0.0,0.0,0.0,-0.0,-0.0,0.0,0.0
268,25.68,0.0,-0.0,-0.0,0.0,0.0,-0.0,-0.0,0.0,0.0
269,16.48,0.0,-0.0,-0.0,0.0,0.0,-0.0,-0.0,0.0,0.0
270,12.58,0.0,-0.0,-0.0,0.0,0.0,-0.0,-0.0,0.0,0.0
271,7.26,0.0,-0.0,-0.0,0.0,0.0,-0.0,-0.0,0.0,0.0
272,10.8,0.0,-0.0,-0.0,0.0,0.0,-0.0,-0.0,0.0,0.0
273,1.71,0.0,-0.0,-0.0,0.0,0.0,-0.0,-0.0,0.0,0.0
274,0.59,0.0,-0.0,-0.0,0.0,0.0,-0.0,-0.0,0.0,0.0
275,9.62,0.0,-0.0,-0.0,0.0,0.0,-0.0,-0.0,0.0,0.0
276,28.56,0.0,-0.0,-0.0,0.0,0.0,-0.0,-0.0,0.0,0.0
277,38.68,0.0,-0.0,-0.0,0.0,0.0,-0.0,-0.0,0.0,0.0
278,34.2,0.0,-0.0,-0.0,0.0,0.0,-0.0,-0.0,0.0,0.0
279,27.87,0.0,-0.0,-0.0,0.0,0.0,-0.0,-0.0,0.0,0.0
280,25.33,0.0,-0.0,-0.0,0.0,0.0,-0.0,-0.0,0.0,0.0
281,24.65,0.0,-0.0,-0.0,0.0,0.0,-0.0,-0.0,0.0,0.0
282,22.88,0.0,-0.0,-0.0,0.0,0.0,-0.0,-0.0,0.0,0.0
283,24.76,0.0,-0.0,-0.0,0.0,0.0,-0.0,-0.0,0.0,0.0
284,25.35,0.0,-0.0,-0.0,0.0,0.0,-0.0,-0.0,0.0,0.0
285,24.97,0.0,-0.0,-0.0,0.0,0.0,-0.0,-0.0,0.0,0.0
286,26.07,0.0,0.0,-0.0,-0.0,0.0,0.0,-0.0,0.0,0.0
287,28.45,0.0,0.0,-0.0,-0.0,0.0,0.0,-0.0,0.0,0.0
288,41.99,68.0,1.0,1.0,-0.0,3400.0,2000.0,10000.0,2855.32,-12544.68
289,79.17,171.0,1.0,0.0,-0.0,8550.0,2000.0,0.0,13538.07,2988.0699999999997
290,173.12,171.0,1.0,-0.0,-0.0,8550.0,2000.0,-0.0,29603.52,19053.52
291,122.26,171.0,1.0,-0.0,0.0,8550.0,2000.0,-0.0,20906.46,10356.46
292,27.39,0.0,-0.0,-0.0,1.0,0.0,-0.0,-0.0,0.0,0.0
293,27.39,0.0,-0.0,-0.0,0.0,0.0,-0.0,-0.0,0.0,0.0
294,25.2,0.0,-0.0,-0.0,0.0,0.0,-0.0,-0.0,0.0,0.0
295,23.86,0.0,-0.0,-0.0,0.0,0.0,-0.0,-0.0,0.0,0.0
296,22.27,0.0,-0.0,-0.0,0.0,0.0,-0.0,-0.0,0.0,0.0
297,20.27,0.0,-0.0,-0.0,0.0,0.0,-0.0,-0.0,0.0,0.0
298,19.94,0.0,-0.0,-0.0,0.0,0.0,-0.0,-0.0,0.0,0.0
299,19.06,0.0,0.0,-0.0,-0.0,0.0,0.0,-0.0,0.0,0.0
300,34.58,0.0,0.0,-0.0,-0.0,0.0,0.0,-0.0,0.0,0.0
301,72.93,0.0,0.0,0.0,-0.0,0.0,0.0,0.0,0.0,0.0
302,88.18,0.0,0.0,-0.0,-0.0,0.0,0.0,-0.0,0.0,0.0
303,82.75,0.0,0.0,-0.0,-0.0,0.0,0.0,-0.0,0.0,0.0
304,46.13,0.0,-0.0,-0.0,0.0,0.0,-0.0,-0.0,0.0,0.0
305,32.94,0.0,-0.0,-0.0,0.0,0.0,-0.0,-0.0,0.0,0.0
306,26.08,0.0,-0.0,-0.0,0.0,0.0,-0.0,-0.0,0.0,0.0
307,26.22,0.0,-0.0,-0.0,0.0,0.0,-0.0,-0.0,0.0,0.0
308,26.78,0.0,-0.0,-0.0,0.0,0.0,-0.0,-0.0,0.0,0.0
309,26.65,0.0,-0.0,-0.0,0.0,0.0,-0.0,-0.0,0.0,0.0
310,27.23,0.0,-0.0,-0.0,0.0,0.0,-0.0,-0.0,0.0,0.0
311,27.88,0.0,-0.0,-0.0,0.0,0.0,-0.0,-0.0,0.0,0.0
312,30.29,0.0,-0.0,-0.0,0.0,0.0,-0.0,-0.0,0.0,0.0
313,38.79,0.0,-0.0,-0.0,0.0,0.0,-0.0,-0.0,0.0,0.0
314,41.01,0.0,-0.0,-0.0,0.0,0.0,-0.0,-0.0,0.0,0.0
315,42.39,0.0,-0.0,-0.0,0.0,0.0,-0.0,-0.0,0.0,0.0
316,37.5,0.0,-0.0,-0.0,0.0,0.0,-0.0,-0.0,0.0,0.0
317,36.55,0.0,-0.0,-0.0,0.0,0.0,-0.0,-0.0,0.0,0.0
318,28.74,0.0,-0.0,-0.0,0.0,0.0,-0.0,-0.0,0.0,0.0
319,31.17,0.0,-0.0,-0.0,0.0,0.0,-0.0,-0.0,0.0,0.0
320,34.28,0.0,-0.0,-0.0,0.0,0.0,-0.0,-0.0,0.0,0.0
321,34.9,0.0,-0.0,-0.0,0.0,0.0,-0.0,-0.0,0.0,0.0
322,37.86,0.0,0.0,-0.0,-0.0,0.0,0.0,-0.0,0.0,0.0
323,34.0,0.0,0.0,-0.0,-0.0,0.0,0.0,-0.0,0.0,0.0
324,44.9,0.0,0.0,-0.0,-0.0,0.0,0.0,-0.0,0.0,0.0
325,77.92,171.0,1.0,1.0,-0.0,8550.0,2000.0,10000.0,13324.32,-7225.68
326,83.93,171.0,1.0,-0.0,-0.0,8550.0,2000.0,-0.0,14352.03,3802.0300000000007
327,83.65,171.0,1.0,-0.0,-0.0,8550.0,2000.0,-0.0,14304.150000000001,3754.1500000000015
328,66.08,171.0,1.0,-0.0,0.0,8550.0,2000.0,-0.0,11299.68,749.6800000000003
329,50.73,171.0,1.0,-0.0,0.0,8550.0,2000.0,-0.0,8674.83,-1875.17
330,46.03,68.0,1.0,-0.0,-0.0,3400.0,2000.0,-0.0,3130.04,-2269.96
331,47.18,68.0,1.0,-0.0,-0.0,3400.0,2000.0,-0.0,3208.24,-2191.76
332,64.16,171.0,1.0,-0.0,-0.0,8550.0,2000.0,-0.0,10971.359999999999,421.35999999999876
333,59.9,171.0,1.0,-0.0,-0.0,8550.0,2000.0,-0.0,10242.9,-307.10000000000036
334,51.28,171.0,1.0,-0.0,-0.0,8550.0,2000.0,-0.0,8768.880000000001,-1781.119999999999
335,54.03,171.0,1.0,-0.0,-0.0,8550.0,2000.0,-0.0,9239.130000000001,-1310.869999999999
336,75.88,171.0,1.0,-0.0,-0.0,8550.0,2000.0,-0.0,12975.48,2425.4799999999996
337,326.8,171.0,1.0,-0.0,-0.0,8550.0,2000.0,-0.0,55882.8,45332.8
338,2249.24,171.0,1.0,-0.0,0.0,8550.0,2000.0,-0.0,384620.04,374070.04
339,187.39,171.0,1.0,-0.0,0.0,8550.0,2000.0,-0.0,32043.69,21493.69
340,31.31,0.0,-0.0,-0.0,1.0,0.0,-0.0,-0.0,0.0,0.0
341,30.05,0.0,-0.0,-0.0,0.0,0.0,-0.0,-0.0,0.0,0.0
342,27.73,0.0,-0.0,-0.0,0.0,0.0,-0.0,-0.0,0.0,0.0
343,25.92,0.0,-0.0,-0.0,0.0,0.0,-0.0,-0.0,0.0,0.0
344,24.93,0.0,-0.0,-0.0,0.0,0.0,-0.0,-0.0,0.0,0.0
345,22.44,0.0,-0.0,-0.0,0.0,0.0,-0.0,-0.0,0.0,0.0
346,21.95,0.0,-0.0,-0.0,0.0,0.0,-0.0,-0.0,0.0,0.0
347,24.33,0.0,-0.0,-0.0,0.0,0.0,-0.0,-0.0,0.0,0.0
348,39.06,0.0,-0.0,-0.0,0.0,0.0,-0.0,-0.0,0.0,0.0
349,51.66,0.0,-0.0,-0.0,0.0,0.0,-0.0,-0.0,0.0,0.0
350,41.5,0.0,-0.0,-0.0,0.0,0.0,-0.0,-0.0,0.0,0.0
351,48.08,0.0,-0.0,-0.0,0.0,0.0,-0.0,-0.0,0.0,0.0
352,62.96,0.0,0.0,-0.0,-0.0,0.0,0.0,-0.0,0.0,0.0
353,61.99,0.0,0.0,-0.0,-0.0,0.0,0.0,-0.0,0.0,0.0
354,56.14,0.0,-0.0,-0.0,0.0,0.0,-0.0,-0.0,0.0,0.0
355,36.86,0.0,-0.0,-0.0,0.0,0.0,-0.0,-0.0,0.0,0.0
356,36.34,0.0,-0.0,-0.0,0.0,0.0,-0.0,-0.0,0.0,0.0
357,37.77,0.0,-0.0,-0.0,0.0,0.0,-0.0,-0.0,0.0,0.0
358,27.94,0.0,-0.0,-0.0,0.0,0.0,-0.0,-0.0,0.0,0.0
359,32.68,0.0,-0.0,-0.0,0.0,0.0,-0.0,-0.0,0.0,0.0
360,40.06,0.0,-0.0,-0.0,0.0,0.0,-0.0,-0.0,0.0,0.0
361,54.73,0.0,-0.0,-0.0,0.0,0.0,-0.0,-0.0,0.0,0.0
362,64.12,0.0,0.0,-0.0,-0.0,0.0,0.0,-0.0,0.0,0.0
363,57.48,0.0,-0.0,-0.0,0.0,0.0,-0.0,-0.0,0.0,0.0
364,31.74,0.0,-0.0,-0.0,0.0,0.0,-0.0,-0.0,0.0,0.0
365,28.14,0.0,-0.0,-0.0,0.0,0.0,-0.0,-0.0,0.0,0.0
366,25.64,0.0,-0.0,-0.0,0.0,0.0,-0.0,-0.0,0.0,0.0
367,23.97,0.0,-0.0,-0.0,0.0,0.0,-0.0,-0.0,0.0,0.0
368,22.95,0.0,-0.0,-0.0,0.0,0.0,-0.0,-0.0,0.0,0.0
369,20.28,0.0,-0.0,-0.0,0.0,0.0,-0.0,-0.0,0.0,0.0
370,17.78,0.0,-0.0,-0.0,0.0,0.0,-0.0,-0.0,0.0,0.0
371,16.66,0.0,-0.0,-0.0,0.0,0.0,-0.0,-0.0,0.0,0.0
372,32.1,0.0,-0.0,-0.0,0.0,0.0,-0.0,-0.0,0.0,0.0
373,36.75,0.0,-0.0,-0.0,0.0,0.0,-0.0,-0.0,0.0,0.0
374,28.45,0.0,-0.0,-0.0,0.0,0.0,-0.0,-0.0,0.0,0.0
375,25.02,0.0,-0.0,-0.0,0.0,0.0,-0.0,-0.0,0.0,0.0
376,21.91,0.0,-0.0,-0.0,0.0,0.0,-0.0,-0.0,0.0,0.0
377,21.19,0.0,-0.0,-0.0,0.0,0.0,-0.0,-0.0,0.0,0.0
378,21.14,0.0,-0.0,-0.0,0.0,0.0,-0.0,-0.0,0.0,0.0
379,17.92,0.0,-0.0,-0.0,0.0,0.0,-0.0,-0.0,0.0,0.0
380,18.71,0.0,-0.0,-0.0,0.0,0.0,-0.0,-0.0,0.0,0.0
381,18.52,0.0,-0.0,-0.0,0.0,0.0,-0.0,-0.0,0.0,0.0
382,19.9,0.0,-0.0,-0.0,0.0,0.0,-0.0,-0.0,0.0,0.0
383,18.91,0.0,-0.0,-0.0,0.0,0.0,-0.0,-0.0,0.0,0.0
384,21.49,0.0,-0.0,-0.0,0.0,0.0,-0.0,-0.0,0.0,0.0
385,26.87,0.0,-0.0,-0.0,0.0,0.0,-0.0,-0.0,0.0,0.0
386,28.65,0.0,-0.0,-0.0,0.0,0.0,-0.0,-0.0,0.0,0.0
387,24.95,0.0,-0.0,-0.0,0.0,0.0,-0.0,-0.0,0.0,0.0
388,20.66,0.0,-0.0,-0.0,0.0,0.0,-0.0,-0.0,0.0,0.0
389,24.02,0.0,-0.0,-0.0,0.0,0.0,-0.0,-0.0,0.0,0.0
390,21.33,0.0,-0.0,-0.0,0.0,0.0,-0.0,-0.0,0.0,0.0
391,13.82,0.0,-0.0,-0.0,0.0,0.0,-0.0,-0.0,0.0,0.0
392,17.78,0.0,-0.0,-0.0,0.0,0.0,-0.0,-0.0,0.0,0.0
393,16.44,0.0,-0.0,-0.0,0.0,0.0,-0.0,-0.0,0.0,0.0
394,0.07,0.0,-0.0,-0.0,0.0,0.0,-0.0,-0.0,0.0,0.0
395,8.58,0.0,-0.0,-0.0,0.0,0.0,-0.0,-0.0,0.0,0.0
396,21.38,0.0,-0.0,-0.0,0.0,0.0,-0.0,-0.0,0.0,0.0
397,22.55,0.0,-0.0,-0.0,0.0,0.0,-0.0,-0.0,0.0,0.0
398,22.33,0.0,-0.0,-0.0,0.0,0.0,-0.0,-0.0,0.0,0.0
399,21.32,0.0,-0.0,-0.0,0.0,0.0,-0.0,-0.0,0.0,0.0
400,21.81,0.0,-0.0,-0.0,0.0,0.0,-0.0,-0.0,0.0,0.0
401,21.33,0.0,-0.0,-0.0,0.0,0.0,-0.0,-0.0,0.0,0.0
402,14.34,0.0,-0.0,-0.0,0.0,0.0,-0.0,-0.0,0.0,0.0
403,6.02,0.0,-0.0,-0.0,0.0,0.0,-0.0,-0.0,0.0,0.0
404,5.92,0.0,-0.0,-0.0,0.0,0.0,-0.0,-0.0,0.0,0.0
405,20.1,0.0,-0.0,-0.0,0.0,0.0,-0.0,-0.0,0.0,0.0
406,18.95,0.0,-0.0,-0.0,0.0,0.0,-0.0,-0.0,0.0,0.0
407,20.74,0.0,-0.0,-0.0,0.0,0.0,-0.0,-0.0,0.0,0.0
408,20.95,0.0,-0.0,-0.0,0.0,0.0,-0.0,-0.0,0.0,0.0
409,22.29,0.0,-0.0,-0.0,0.0,0.0,-0.0,-0.0,0.0,0.0
410,23.64,0.0,-0.0,-0.0,0.0,0.0,-0.0,-0.0,0.0,0.0
411,22.21,0.0,-0.0,-0.0,0.0,0.0,-0.0,-0.0,0.0,0.0
412,0.0,0.0,-0.0,-0.0,0.0,0.0,-0.0,-0.0,0.0,0.0
413,-1.19,0.0,-0.0,-0.0,0.0,0.0,-0.0,-0.0,-0.0,0.0
414,-1.1,0.0,-0.0,-0.0,0.0,0.0,-0.0,-0.0,-0.0,0.0
415,-1.0,0.0,-0.0,-0.0,0.0,0.0,-0.0,-0.0,-0.0,0.0
416,-0.9,0.0,-0.0,-0.0,0.0,0.0,-0.0,-0.0,-0.0,0.0
417,-1.61,0.0,-0.0,-0.0,0.0,0.0,-0.0,-0.0,-0.0,0.0
418,-2.81,0.0,-0.0,-0.0,0.0,0.0,-0.0,-0.0,-0.0,0.0
419,-3.72,0.0,-0.0,-0.0,0.0,0.0,-0.0,-0.0,-0.0,0.0
420,6.28,0.0,-0.0,-0.0,0.0,0.0,-0.0,-0.0,0.0,0.0
421,11.51,0.0,-0.0,-0.0,0.0,0.0,-0.0,-0.0,0.0,0.0
422,1.05,0.0,-0.0,-0.0,0.0,0.0,-0.0,-0.0,0.0,0.0
423,0.69,0.0,-0.0,-0.0,0.0,0.0,-0.0,-0.0,0.0,0.0
424,6.91,0.0,-0.0,-0.0,0.0,0.0,-0.0,-0.0,0.0,0.0
425,9.0,0.0,-0.0,-0.0,0.0,0.0,-0.0,-0.0,0.0,0.0
426,6.59,0.0,-0.0,-0.0,0.0,0.0,-0.0,-0.0,0.0,0.0
427,3.14,0.0,-0.0,-0.0,0.0,0.0,-0.0,-0.0,0.0,0.0
428,8.57,0.0,-0.0,-0.0,0.0,0.0,-0.0,-0.0,0.0,0.0
429,10.89,0.0,-0.0,-0.0,0.0,0.0,-0.0,-0.0,0.0,0.0
430,19.2,0.0,-0.0,-0.0,0.0,0.0,-0.0,-0.0,0.0,0.0
431,21.44,0.0,-0.0,-0.0,0.0,0.0,-0.0,-0.0,0.0,0.0
432,27.14,0.0,-0.0,-0.0,0.0,0.0,-0.0,-0.0,0.0,0.0
433,31.12,0.0,-0.0,-0.0,0.0,0.0,-0.0,-0.0,0.0,0.0
434,45.29,0.0,-0.0,-0.0,0.0,0.0,-0.0,-0.0,0.0,0.0
435,41.65,0.0,-0.0,-0.0,0.0,0.0,-0.0,-0.0,0.0,0.0
436,22.43,0.0,-0.0,-0.0,0.0,0.0,-0.0,-0.0,0.0,0.0
437,17.48,0.0,-0.0,-0.0,0.0,0.0,-0.0,-0.0,0.0,0.0
438,19.88,0.0,-0.0,-0.0,0.0,0.0,-0.0,-0.0,0.0,0.0
439,23.22,0.0,-0.0,-0.0,0.0,0.0,-0.0,-0.0,0.0,0.0
440,21.06,0.0,-0.0,-0.0,0.0,0.0,-0.0,-0.0,0.0,0.0
441,14.03,0.0,-0.0,-0.0,0.0,0.0,-0.0,-0.0,0.0,0.0
442,0.41,0.0,-0.0,-0.0,0.0,0.0,-0.0,-0.0,0.0,0.0
443,15.25,0.0,0.0,-0.0,-0.0,0.0,0.0,-0.0,0.0,0.0
444,50.6,0.0,0.0,-0.0,-0.0,0.0,0.0,-0.0,0.0,0.0
445,72.12,171.0,1.0,1.0,-0.0,8550.0,2000.0,10000.0,12332.52,-8217.48
446,83.33,171.0,1.0,-0.0,-0.0,8550.0,2000.0,-0.0,14249.43,3699.4300000000003
447,79.25,171.0,1.0,-0.0,-0.0,8550.0,2000.0,-0.0,13551.75,3001.75
448,78.81,171.0,1.0,-0.0,-0.0,8550.0,2000.0,-0.0,13476.51,2926.51
449,72.28,171.0,1.0,-0.0,0.0,8550.0,2000.0,-0.0,12359.880000000001,1809.880000000001
450,80.12,171.0,1.0,-0.0,0.0,8550.0,2000.0,-0.0,13700.52,3150.5200000000004
451,54.36,0.0,-0.0,-0.0,1.0,0.0,-0.0,-0.0,0.0,0.0
452,56.31,0.0,-0.0,-0.0,0.0,0.0,-0.0,-0.0,0.0,0.0
453,58.07,0.0,-0.0,-0.0,0.0,0.0,-0.0,-0.0,0.0,0.0
454,58.1,0.0,-0.0,-0.0,0.0,0.0,-0.0,-0.0,0.0,0.0
455,51.62,0.0,-0.0,-0.0,0.0,0.0,-0.0,-0.0,0.0,0.0
456,52.0,0.0,0.0,-0.0,-0.0,0.0,0.0,-0.0,0.0,0.0
457,65.79,0.0,0.0,-0.0,-0.0,0.0,0.0,-0.0,0.0,0.0
458,63.19,0.0,0.0,-0.0,-0.0,0.0,0.0,-0.0,0.0,0.0
459,73.68,0.0,0.0,-0.0,-0.0,0.0,0.0,-0.0,0.0,0.0
460,56.66,0.0,-0.0,-0.0,0.0,0.0,-0.0,-0.0,0.0,0.0
461,52.35,0.0,0.0,-0.0,-0.0,0.0,0.0,-0.0,0.0,0.0
462,59.52,0.0,0.0,-0.0,-0.0,0.0,0.0,-0.0,0.0,0.0
463,56.78,0.0,0.0,-0.0,-0.0,0.0,0.0,-0.0,0.0,0.0
464,59.81,0.0,0.0,-0.0,-0.0,0.0,0.0,-0.0,0.0,0.0
465,65.93,0.0,0.0,-0.0,-0.0,0.0,0.0,-0.0,0.0,0.0
466,77.27,0.0,0.0,-0.0,-0.0,0.0,0.0,-0.0,0.0,0.0
467,61.84,0.0,0.0,-0.0,-0.0,0.0,0.0,-0.0,0.0,0.0
468,55.07,0.0,0.0,-0.0,-0.0,0.0,0.0,-0.0,0.0,0.0
469,69.75,0.0,0.0,-0.0,-0.0,0.0,0.0,-0.0,0.0,0.0
470,58.56,0.0,-0.0,-0.0,0.0,0.0,-0.0,-0.0,0.0,0.0
471,53.4,0.0,-0.0,-0.0,0.0,0.0,-0.0,-0.0,0.0,0.0
472,49.92,0.0,-0.0,-0.0,0.0,0.0,-0.0,-0.0,0.0,0.0
473,38.41,0.0,-0.0,-0.0,0.0,0.0,-0.0,-0.0,0.0,0.0
474,31.67,0.0,-0.0,-0.0,0.0,0.0,-0.0,-0.0,0.0,0.0
475,31.4,0.0,-0.0,-0.0,0.0,0.0,-0.0,-0.0,0.0,0.0
476,31.6,0.0,-0.0,-0.0,0.0,0.0,-0.0,-0.0,0.0,0.0
477,40.48,0.0,0.0,-0.0,-0.0,0.0,0.0,-0.0,0.0,0.0
478,45.4,0.0,0.0,-0.0,-0.0,0.0,0.0,-0.0,0.0,0.0
479,47.18,0.0,0.0,-0.0,-0.0,0.0,0.0,-0.0,0.0,0.0
480,71.87,171.0,1.0,1.0,-0.0,8550.0,2000.0,10000.0,12289.77,-8260.23
481,85.21,171.0,1.0,-0.0,-0.0,8550.0,2000.0,-0.0,14570.909999999998,4020.909999999998
482,81.65,171.0,1.0,-0.0,-0.0,8550.0,2000.0,-0.0,13962.150000000001,3412.1500000000015
483,109.65,171.0,1.0,-0.0,-0.0,8550.0,2000.0,-0.0,18750.15,8200.150000000001
484,68.44,171.0,1.0,-0.0,0.0,8550.0,2000.0,-0.0,11703.24,1153.2399999999998
485,43.16,0.0,-0.0,-0.0,1.0,0.0,-0.0,-0.0,0.0,0.0
486,35.83,0.0,-0.0,-0.0,0.0,0.0,-0.0,-0.0,0.0,0.0
487,28.61,0.0,-0.0,-0.0,0.0,0.0,-0.0,-0.0,0.0,0.0
488,23.62,0.0,-0.0,-0.0,0.0,0.0,-0.0,-0.0,0.0,0.0
489,17.78,0.0,-0.0,-0.0,0.0,0.0,-0.0,-0.0,0.0,0.0
490,0.1,0.0,-0.0,-0.0,0.0,0.0,-0.0,-0.0,0.0,0.0
491,-0.05,0.0,-0.0,-0.0,0.0,0.0,-0.0,-0.0,-0.0,0.0
492,27.54,0.0,-0.0,-0.0,0.0,0.0,-0.0,-0.0,0.0,0.0
493,54.49,0.0,-0.0,-0.0,0.0,0.0,-0.0,-0.0,0.0,0.0
494,45.45,0.0,-0.0,-0.0,0.0,0.0,-0.0,-0.0,0.0,0.0
495,37.15,0.0,-0.0,-0.0,0.0,0.0,-0.0,-0.0,0.0,0.0
496,32.03,0.0,-0.0,-0.0,0.0,0.0,-0.0,-0.0,0.0,0.0
497,28.8,0.0,-0.0,-0.0,0.0,0.0,-0.0,-0.0,0.0,0.0
498,23.6,0.0,-0.0,-0.0,0.0,0.0,-0.0,-0.0,0.0,0.0
499,23.28,0.0,-0.0,-0.0,0.0,0.0,-0.0,-0.0,0.0,0.0
500,22.43,0.0,-0.0,-0.0,0.0,0.0,-0.0,-0.0,0.0,0.0
501,22.17,0.0,-0.0,-0.0,0.0,0.0,-0.0,-0.0,0.0,0.0
502,21.42,0.0,-0.0,-0.0,0.0,0.0,-0.0,-0.0,0.0,0.0
503,21.75,0.0,-0.0,-0.0,0.0,0.0,-0.0,-0.0,0.0,0.0
504,29.57,0.0,-0.0,-0.0,0.0,0.0,-0.0,-0.0,0.0,0.0
505,55.07,0.0,0.0,-0.0,-0.0,0.0,0.0,-0.0,0.0,0.0
506,70.52,0.0,0.0,-0.0,-0.0,0.0,0.0,-0.0,0.0,0.0
507,35.94,0.0,-0.0,-0.0,0.0,0.0,-0.0,-0.0,0.0,0.0
508,8.2,0.0,-0.0,-0.0,0.0,0.0,-0.0,-0.0,0.0,0.0
509,12.2,0.0,-0.0,-0.0,0.0,0.0,-0.0,-0.0,0.0,0.0
510,8.91,0.0,-0.0,-0.0,0.0,0.0,-0.0,-0.0,0.0,0.0
511,0.01,0.0,-0.0,-0.0,0.0,0.0,-0.0,-0.0,0.0,0.0
512,0.0,0.0,-0.0,-0.0,0.0,0.0,-0.0,-0.0,0.0,0.0
513,-0.51,0.0,-0.0,-0.0,0.0,0.0,-0.0,-0.0,-0.0,0.0
514,-0.86,0.0,-0.0,-0.0,0.0,0.0,-0.0,-0.0,-0.0,0.0
515,-0.3,0.0,-0.0,-0.0,0.0,0.0,-0.0,-0.0,-0.0,0.0
516,22.38,0.0,-0.0,-0.0,0.0,0.0,-0.0,-0.0,0.0,0.0
517,37.41,0.0,-0.0,-0.0,0.0,0.0,-0.0,-0.0,0.0,0.0
518,34.4,0.0,-0.0,-0.0,0.0,0.0,-0.0,-0.0,0.0,0.0
519,28.98,0.0,-0.0,-0.0,0.0,0.0,-0.0,-0.0,0.0,0.0
520,27.18,0.0,-0.0,-0.0,0.0,0.0,-0.0,-0.0,0.0,0.0
521,25.21,0.0,-0.0,-0.0,0.0,0.0,-0.0,-0.0,0.0,0.0
522,28.31,0.0,-0.0,-0.0,0.0,0.0,-0.0,-0.0,0.0,0.0
523,38.18,0.0,-0.0,-0.0,0.0,0.0,-0.0,-0.0,0.0,0.0
524,41.9,0.0,-0.0,-0.0,0.0,0.0,-0.0,-0.0,0.0,0.0
525,45.63,0.0,-0.0,-0.0,0.0,0.0,-0.0,-0.0,0.0,0.0
526,40.74,0.0,-0.0,-0.0,0.0,0.0,-0.0,-0.0,0.0,0.0
527,46.26,0.0,-0.0,-0.0,0.0,0.0,-0.0,-0.0,0.0,0.0
528,55.83,0.0,-0.0,-0.0,0.0,0.0,-0.0,-0.0,0.0,0.0
529,42.52,0.0,-0.0,-0.0,0.0,0.0,-0.0,-0.0,0.0,0.0
530,45.93,0.0,-0.0,-0.0,0.0,0.0,-0.0,-0.0,0.0,0.0
531,37.82,0.0,-0.0,-0.0,0.0,0.0,-0.0,-0.0,0.0,0.0
532,21.6,0.0,-0.0,-0.0,0.0,0.0,-0.0,-0.0,0.0,0.0
533,21.47,0.0,-0.0,-0.0,0.0,0.0,-0.0,-0.0,0.0,0.0
534,13.37,0.0,-0.0,-0.0,0.0,0.0,-0.0,-0.0,0.0,0.0
535,0.01,0.0,-0.0,-0.0,0.0,0.0,-0.0,-0.0,0.0,0.0
536,0.01,0.0,-0.0,-0.0,0.0,0.0,-0.0,-0.0,0.0,0.0
537,0.0,0.0,-0.0,-0.0,0.0,0.0,-0.0,-0.0,0.0,0.0
538,-0.75,0.0,-0.0,-0.0,0.0,0.0,-0.0,-0.0,-0.0,0.0
539,-0.77,0.0,0.0,-0.0,-0.0,0.0,0.0,-0.0,-0.0,0.0
540,23.42,0.0,0.0,-0.0,-0.0,0.0,0.0,-0.0,0.0,0.0
541,61.59,0.0,0.0,-0.0,-0.0,0.0,0.0,-0.0,0.0,0.0
542,58.52,0.0,0.0,-0.0,-0.0,0.0,0.0,-0.0,0.0,0.0
543,111.79,171.0,1.0,1.0,-0.0,8550.0,2000.0,10000.0,19116.09,-1433.9099999999999
544,152.19,171.0,1.0,-0.0,-0.0,8550.0,2000.0,-0.0,26024.489999999998,15474.489999999998
545,198.13,171.0,1.0,-0.0,0.0,8550.0,2000.0,-0.0,33880.229999999996,23330.229999999996
546,138.81,171.0,1.0,-0.0,0.0,8550.0,2000.0,-0.0,23736.510000000002,13186.510000000002
547,97.34,171.0,1.0,-0.0,0.0,8550.0,2000.0,-0.0,16645.14,6095.139999999999
548,56.2,0.0,-0.0,-0.0,1.0,0.0,-0.0,-0.0,0.0,0.0
549,43.72,0.0,-0.0,-0.0,0.0,0.0,-0.0,-0.0,0.0,0.0
550,33.54,0.0,-0.0,-0.0,0.0,0.0,-0.0,-0.0,0.0,0.0
551,26.83,0.0,-0.0,-0.0,0.0,0.0,-0.0,-0.0,0.0,0.0
552,24.71,0.0,-0.0,-0.0,0.0,0.0,-0.0,-0.0,0.0,0.0
553,28.52,0.0,-0.0,-0.0,0.0,0.0,-0.0,-0.0,0.0,0.0
554,40.29,0.0,-0.0,-0.0,0.0,0.0,-0.0,-0.0,0.0,0.0
555,25.82,0.0,-0.0,-0.0,0.0,0.0,-0.0,-0.0,0.0,0.0
556,15.65,0.0,-0.0,-0.0,0.0,0.0,-0.0,-0.0,0.0,0.0
557,19.51,0.0,-0.0,-0.0,0.0,0.0,-0.0,-0.0,0.0,0.0
558,13.94,0.0,-0.0,-0.0,0.0,0.0,-0.0,-0.0,0.0,0.0
559,0.54,0.0,-0.0,-0.0,0.0,0.0,-0.0,-0.0,0.0,0.0
560,-0.02,0.0,-0.0,-0.0,0.0,0.0,-0.0,-0.0,-0.0,0.0
561,-2.13,0.0,-0.0,-0.0,0.0,0.0,-0.0,-0.0,-0.0,0.0
562,-3.53,0.0,-0.0,-0.0,0.0,0.0,-0.0,-0.0,-0.0,0.0
563,-2.77,0.0,-0.0,-0.0,0.0,0.0,-0.0,-0.0,-0.0,0.0
564,26.1,0.0,-0.0,-0.0,0.0,0.0,-0.0,-0.0,0.0,0.0
565,35.19,0.0,-0.0,-0.0,0.0,0.0,-0.0,-0.0,0.0,0.0
566,44.65,0.0,-0.0,-0.0,0.0,0.0,-0.0,-0.0,0.0,0.0
567,46.7,0.0,-0.0,-0.0,0.0,0.0,-0.0,-0.0,0.0,0.0
568,52.37,0.0,-0.0,-0.0,0.0,0.0,-0.0,-0.0,0.0,0.0
569,45.4,0.0,-0.0,-0.0,0.0,0.0,-0.0,-0.0,0.0,0.0
570,38.04,0.0,-0.0,-0.0,0.0,0.0,-0.0,-0.0,0.0,0.0
571,38.18,0.0,-0.0,-0.0,0.0,0.0,-0.0,-0.0,0.0,0.0
572,37.72,0.0,-0.0,-0.0,0.0,0.0,-0.0,-0.0,0.0,0.0
573,33.54,0.0,-0.0,-0.0,0.0,0.0,-0.0,-0.0,0.0,0.0
574,37.09,0.0,-0.0,-0.0,0.0,0.0,-0.0,-0.0,0.0,0.0
575,31.04,0.0,-0.0,-0.0,0.0,0.0,-0.0,-0.0,0.0,0.0
576,31.18,0.0,-0.0,-0.0,0.0,0.0,-0.0,-0.0,0.0,0.0
577,31.95,0.0,-0.0,-0.0,0.0,0.0,-0.0,-0.0,0.0,0.0
578,35.94,0.0,-0.0,-0.0,0.0,0.0,-0.0,-0.0,0.0,0.0
579,28.87,0.0,-0.0,-0.0,0.0,0.0,-0.0,-0.0,0.0,0.0
580,17.45,0.0,-0.0,-0.0,0.0,0.0,-0.0,-0.0,0.0,0.0
581,20.71,0.0,-0.0,-0.0,0.0,0.0,-0.0,-0.0,0.0,0.0
582,22.16,0.0,-0.0,-0.0,0.0,0.0,-0.0,-0.0,0.0,0.0
583,23.52,0.0,-0.0,-0.0,0.0,0.0,-0.0,-0.0,0.0,0.0
584,29.8,0.0,-0.0,-0.0,0.0,0.0,-0.0,-0.0,0.0,0.0
585,41.51,0.0,-0.0,-0.0,0.0,0.0,-0.0,-0.0,0.0,0.0
586,48.78,0.0,-0.0,-0.0,0.0,0.0,-0.0,-0.0,0.0,0.0
587,66.31,0.0,0.0,-0.0,-0.0,0.0,0.0,-0.0,0.0,0.0
588,59.93,0.0,-0.0,-0.0,0.0,0.0,-0.0,-0.0,0.0,0.0
589,55.31,0.0,-0.0,-0.0,0.0,0.0,-0.0,-0.0,0.0,0.0
590,31.79,0.0,-0.0,-0.0,0.0,0.0,-0.0,-0.0,0.0,0.0
591,23.24,0.0,-0.0,-0.0,0.0,0.0,-0.0,-0.0,0.0,0.0
592,28.0,0.0,-0.0,-0.0,0.0,0.0,-0.0,-0.0,0.0,0.0
593,26.34,0.0,-0.0,-0.0,0.0,0.0,-0.0,-0.0,0.0,0.0
594,24.85,0.0,-0.0,-0.0,0.0,0.0,-0.0,-0.0,0.0,0.0
595,21.77,0.0,-0.0,-0.0,0.0,0.0,-0.0,-0.0,0.0,0.0
596,21.06,0.0,-0.0,-0.0,0.0,0.0,-0.0,-0.0,0.0,0.0
597,20.01,0.0,-0.0,-0.0,0.0,0.0,-0.0,-0.0,0.0,0.0
598,22.98,0.0,-0.0,-0.0,0.0,0.0,-0.0,-0.0,0.0,0.0
599,26.69,0.0,-0.0,-0.0,0.0,0.0,-0.0,-0.0,0.0,0.0
600,28.52,0.0,-0.0,-0.0,0.0,0.0,-0.0,-0.0,0.0,0.0
601,25.9,0.0,-0.0,-0.0,0.0,0.0,-0.0,-0.0,0.0,0.0
602,22.25,0.0,-0.0,-0.0,0.0,0.0,-0.0,-0.0,0.0,0.0
603,32.16,0.0,-0.0,-0.0,0.0,0.0,-0.0,-0.0,0.0,0.0
604,36.63,0.0,-0.0,-0.0,0.0,0.0,-0.0,-0.0,0.0,0.0
605,27.28,0.0,-0.0,-0.0,0.0,0.0,-0.0,-0.0,0.0,0.0
606,25.19,0.0,-0.0,-0.0,0.0,0.0,-0.0,-0.0,0.0,0.0
607,27.24,0.0,-0.0,-0.0,0.0,0.0,-0.0,-0.0,0.0,0.0
608,28.38,0.0,-0.0,-0.0,0.0,0.0,-0.0,-0.0,0.0,0.0
609,27.39,0.0,-0.0,-0.0,0.0,0.0,-0.0,-0.0,0.0,0.0
610,24.73,0.0,-0.0,-0.0,0.0,0.0,-0.0,-0.0,0.0,0.0
611,21.14,0.0,-0.0,-0.0,0.0,0.0,-0.0,-0.0,0.0,0.0
612,41.2,0.0,-0.0,-0.0,0.0,0.0,-0.0,-0.0,0.0,0.0
613,54.7,0.0,-0.0,-0.0,0.0,0.0,-0.0,-0.0,0.0,0.0
614,36.88,0.0,-0.0,-0.0,0.0,0.0,-0.0,-0.0,0.0,0.0
615,37.15,0.0,-0.0,-0.0,0.0,0.0,-0.0,-0.0,0.0,0.0
616,29.46,0.0,-0.0,-0.0,0.0,0.0,-0.0,-0.0,0.0,0.0
617,25.16,0.0,-0.0,-0.0,0.0,0.0,-0.0,-0.0,0.0,0.0
618,23.07,0.0,-0.0,-0.0,0.0,0.0,-0.0,-0.0,0.0,0.0
619,22.12,0.0,-0.0,-0.0,0.0,0.0,-0.0,-0.0,0.0,0.0
620,21.82,0.0,-0.0,-0.0,0.0,0.0,-0.0,-0.0,0.0,0.0
621,21.38,0.0,-0.0,-0.0,0.0,0.0,-0.0,-0.0,0.0,0.0
622,21.47,0.0,-0.0,-0.0,0.0,0.0,-0.0,-0.0,0.0,0.0
623,22.43,0.0,-0.0,-0.0,0.0,0.0,-0.0,-0.0,0.0,0.0
624,24.44,0.0,-0.0,-0.0,0.0,0.0,-0.0,-0.0,0.0,0.0
625,32.09,0.0,-0.0,-0.0,0.0,0.0,-0.0,-0.0,0.0,0.0
626,40.18,0.0,-0.0,-0.0,0.0,0.0,-0.0,-0.0,0.0,0.0
627,47.05,0.0,-0.0,-0.0,0.0,0.0,-0.0,-0.0,0.0,0.0
628,68.74,0.0,0.0,-0.0,-0.0,0.0,0.0,-0.0,0.0,0.0
629,38.22,0.0,-0.0,-0.0,0.0,0.0,-0.0,-0.0,0.0,0.0
630,29.76,0.0,-0.0,-0.0,0.0,0.0,-0.0,-0.0,0.0,0.0
631,24.79,0.0,-0.0,-0.0,0.0,0.0,-0.0,-0.0,0.0,0.0
632,27.33,0.0,-0.0,-0.0,0.0,0.0,-0.0,-0.0,0.0,0.0
633,25.48,0.0,-0.0,-0.0,0.0,0.0,-0.0,-0.0,0.0,0.0
634,23.93,0.0,-0.0,-0.0,0.0,0.0,-0.0,-0.0,0.0,0.0
635,25.42,0.0,-0.0,-0.0,0.0,0.0,-0.0,-0.0,0.0,0.0
636,36.87,0.0,-0.0,-0.0,0.0,0.0,-0.0,-0.0,0.0,0.0
637,55.33,0.0,0.0,-0.0,-0.0,0.0,0.0,-0.0,0.0,0.0
638,68.98,0.0,0.0,-0.0,-0.0,0.0,0.0,-0.0,0.0,0.0
639,55.54,0.0,-0.0,-0.0,0.0,0.0,-0.0,-0.0,0.0,0.0
640,41.99,0.0,-0.0,-0.0,0.0,0.0,-0.0,-0.0,0.0,0.0
641,38.9,0.0,-0.0,-0.0,0.0,0.0,-0.0,-0.0,0.0,0.0
642,35.17,0.0,-0.0,-0.0,0.0,0.0,-0.0,-0.0,0.0,0.0
643,33.59,0.0,-0.0,-0.0,0.0,0.0,-0.0,-0.0,0.0,0.0
644,33.94,0.0,-0.0,-0.0,0.0,0.0,-0.0,-0.0,0.0,0.0
645,36.24,0.0,0.0,-0.0,-0.0,0.0,0.0,-0.0,0.0,0.0
646,38.41,0.0,0.0,-0.0,-0.0,0.0,0.0,-0.0,0.0,0.0
647,51.72,0.0,0.0,-0.0,-0.0,0.0,0.0,-0.0,0.0,0.0
648,67.31,171.0,1.0,1.0,-0.0,8550.0,2000.0,10000.0,11510.01,-9039.99
649,82.6,171.0,1.0,-0.0,-0.0,8550.0,2000.0,-0.0,14124.599999999999,3574.5999999999985
650,83.7,171.0,1.0,-0.0,-0.0,8550.0,2000.0,-0.0,14312.7,3762.7000000000007
651,85.58,171.0,1.0,-0.0,-0.0,8550.0,2000.0,-0.0,14634.18,4084.1800000000003
652,63.98,171.0,1.0,-0.0,0.0,8550.0,2000.0,-0.0,10940.58,390.5799999999999
653,38.98,0.0,-0.0,-0.0,1.0,0.0,-0.0,-0.0,0.0,0.0
654,40.3,0.0,-0.0,-0.0,0.0,0.0,-0.0,-0.0,0.0,0.0
655,33.1,0.0,-0.0,-0.0,0.0,0.0,-0.0,-0.0,0.0,0.0
656,31.6,0.0,-0.0,-0.0,0.0,0.0,-0.0,-0.0,0.0,0.0
657,35.69,0.0,-0.0,-0.0,0.0,0.0,-0.0,-0.0,0.0,0.0
658,37.76,0.0,-0.0,-0.0,0.0,0.0,-0.0,-0.0,0.0,0.0
659,53.29,0.0,-0.0,-0.0,0.0,0.0,-0.0,-0.0,0.0,0.0
660,40.98,0.0,-0.0,-0.0,0.0,0.0,-0.0,-0.0,0.0,0.0
661,53.47,0.0,-0.0,-0.0,0.0,0.0,-0.0,-0.0,0.0,0.0
662,55.56,0.0,-0.0,-0.0,0.0,0.0,-0.0,-0.0,0.0,0.0
663,39.43,0.0,-0.0,-0.0,0.0,0.0,-0.0,-0.0,0.0,0.0
664,30.95,0.0,-0.0,-0.0,0.0,0.0,-0.0,-0.0,0.0,0.0
665,34.31,0.0,-0.0,-0.0,0.0,0.0,-0.0,-0.0,0.0,0.0
666,29.01,0.0,-0.0,-0.0,0.0,0.0,-0.0,-0.0,0.0,0.0
667,29.57,0.0,-0.0,-0.0,0.0,0.0,-0.0,-0.0,0.0,0.0
668,34.95,0.0,-0.0,-0.0,0.0,0.0,-0.0,-0.0,0.0,0.0
669,34.16,0.0,-0.0,-0.0,0.0,0.0,-0.0,-0.0,0.0,0.0
670,28.85,0.0,-0.0,-0.0,0.0,0.0,-0.0,-0.0,0.0,0.0
671,28.23,0.0,-0.0,-0.0,0.0,0.0,-0.0,-0.0,0.0,0.0
672,27.49,0.0,-0.0,-0.0,0.0,0.0,-0.0,-0.0,0.0,0.0
673,31.69,0.0,-0.0,-0.0,0.0,0.0,-0.0,-0.0,0.0,0.0
674,35.12,0.0,-0.0,-0.0,0.0,0.0,-0.0,-0.0,0.0,0.0
675,37.55,0.0,-0.0,-0.0,0.0,0.0,-0.0,-0.0,0.0,0.0
676,39.05,0.0,-0.0,-0.0,0.0,0.0,-0.0,-0.0,0.0,0.0
677,46.36,0.0,-0.0,-0.0,0.0,0.0,-0.0,-0.0,0.0,0.0
678,37.88,0.0,-0.0,-0.0,0.0,0.0,-0.0,-0.0,0.0,0.0
679,36.49,0.0,-0.0,-0.0,0.0,0.0,-0.0,-0.0,0.0,0.0
680,35.08,0.0,-0.0,-0.0,0.0,0.0,-0.0,-0.0,0.0,0.0
681,30.03,0.0,-0.0,-0.0,0.0,0.0,-0.0,-0.0,0.0,0.0
682,25.27,0.0,-0.0,-0.0,0.0,0.0,-0.0,-0.0,0.0,0.0
683,23.5,0.0,-0.0,-0.0,0.0,0.0,-0.0,-0.0,0.0,0.0
684,27.75,0.0,-0.0,-0.0,0.0,0.0,-0.0,-0.0,0.0,0.0
685,42.52,0.0,-0.0,-0.0,0.0,0.0,-0.0,-0.0,0.0,0.0
686,64.38,0.0,0.0,-0.0,-0.0,0.0,0.0,-0.0,0.0,0.0
687,58.71,0.0,-0.0,-0.0,0.0,0.0,-0.0,-0.0,0.0,0.0
688,38.74,0.0,-0.0,-0.0,0.0,0.0,-0.0,-0.0,0.0,0.0
689,32.04,0.0,-0.0,-0.0,0.0,0.0,-0.0,-0.0,0.0,0.0
690,25.94,0.0,-0.0,-0.0,0.0,0.0,-0.0,-0.0,0.0,0.0
691,22.54,0.0,-0.0,-0.0,0.0,0.0,-0.0,-0.0,0.0,0.0
692,19.0,0.0,-0.0,-0.0,0.0,0.0,-0.0,-0.0,0.0,0.0
693,19.82,0.0,-0.0,-0.0,0.0,0.0,-0.0,-0.0,0.0,0.0
694,21.47,0.0,-0.0,-0.0,0.0,0.0,-0.0,-0.0,0.0,0.0
695,21.87,0.0,-0.0,-0.0,0.0,0.0,-0.0,-0.0,0.0,0.0
696,19.7,0.0,-0.0,-0.0,0.0,0.0,-0.0,-0.0,0.0,0.0
697,23.3,0.0,-0.0,-0.0,0.0,0.0,-0.0,-0.0,0.0,0.0
698,23.97,0.0,-0.0,-0.0,0.0,0.0,-0.0,-0.0,0.0,0.0
699,22.25,0.0,-0.0,-0.0,0.0,0.0,-0.0,-0.0,0.0,0.0
700,20.0,0.0,-0.0,-0.0,0.0,0.0,-0.0,-0.0,0.0,0.0
701,27.27,0.0,-0.0,-0.0,0.0,0.0,-0.0,-0.0,0.0,0.0
702,22.19,0.0,-0.0,-0.0,0.0,0.0,-0.0,-0.0,0.0,0.0
703,13.62,0.0,-0.0,-0.0,0.0,0.0,-0.0,-0.0,0.0,0.0
704,10.44,0.0,-0.0,-0.0,0.0,0.0,-0.0,-0.0,0.0,0.0
705,15.22,0.0,-0.0,-0.0,0.0,0.0,-0.0,-0.0,0.0,0.0
706,18.62,0.0,-0.0,-0.0,0.0,0.0,-0.0,-0.0,0.0,0.0
707,20.62,0.0,-0.0,-0.0,0.0,0.0,-0.0,-0.0,0.0,0.0
708,23.01,0.0,-0.0,-0.0,0.0,0.0,-0.0,-0.0,0.0,0.0
709,21.85,0.0,-0.0,-0.0,0.0,0.0,-0.0,-0.0,0.0,0.0
710,26.3,0.0,-0.0,-0.0,0.0,0.0,-0.0,-0.0,0.0,0.0
711,23.9,0.0,-0.0,-0.0,0.0,0.0,-0.0,-0.0,0.0,0.0
712,19.05,0.0,-0.0,-0.0,0.0,0.0,-0.0,-0.0,0.0,0.0
713,16.79,0.0,-0.0,-0.0,0.0,0.0,-0.0,-0.0,0.0,0.0
714,16.12,0.0,-0.0,-0.0,0.0,0.0,-0.0,-0.0,0.0,0.0
715,16.88,0.0,-0.0,-0.0,0.0,0.0,-0.0,-0.0,0.0,0.0
716,16.77,0.0,-0.0,-0.0,0.0,0.0,-0.0,-0.0,0.0,0.0
717,15.67,0.0,-0.0,-0.0,0.0,0.0,-0.0,-0.0,0.0,0.0
718,12.43,0.0,-0.0,-0.0,0.0,0.0,-0.0,-0.0,0.0,0.0
719,14.48,0.0,-0.0,-0.0,0.0,0.0,-0.0,-0.0,0.0,0.0
720,16.57,0.0,-0.0,-0.0,0.0,0.0,-0.0,-0.0,0.0,0.0
721,21.75,0.0,-0.0,-0.0,0.0,0.0,-0.0,-0.0,0.0,0.0
722,22.11,0.0,-0.0,-0.0,0.0,0.0,-0.0,-0.0,0.0,0.0
723,15.93,0.0,-0.0,-0.0,0.0,0.0,-0.0,-0.0,0.0,0.0
724,-0.01,0.0,-0.0,-0.0,0.0,0.0,-0.0,-0.0,-0.0,0.0
725,-0.06,0.0,-0.0,-0.0,0.0,0.0,-0.0,-0.0,-0.0,0.0
726,-1.97,0.0,-0.0,-0.0,0.0,0.0,-0.0,-0.0,-0.0,0.0
727,-2.86,0.0,-0.0,-0.0,0.0,0.0,-0.0,-0.0,-0.0,0.0
728,-2.93,0.0,-0.0,-0.0,0.0,0.0,-0.0,-0.0,-0.0,0.0
729,-3.07,0.0,-0.0,-0.0,0.0,0.0,-0.0,-0.0,-0.0,0.0
730,-2.05,0.0,-0.0,-0.0,0.0,0.0,-0.0,-0.0,-0.0,0.0
731,-2.5,0.0,-0.0,-0.0,0.0,0.0,-0.0,-0.0,-0.0,0.0
732,14.74,0.0,-0.0,-0.0,0.0,0.0,-0.0,-0.0,0.0,0.0
733,33.4,0.0,-0.0,-0.0,0.0,0.0,-0.0,-0.0,0.0,0.0
734,28.79,0.0,-0.0,-0.0,0.0,0.0,-0.0,-0.0,0.0,0.0
735,32.12,0.0,-0.0,-0.0,0.0,0.0,-0.0,-0.0,0.0,0.0
736,44.84,0.0,-0.0,-0.0,0.0,0.0,-0.0,-0.0,0.0,0.0
737,37.21,0.0,-0.0,-0.0,0.0,0.0,-0.0,-0.0,0.0,0.0
738,35.04,0.0,-0.0,-0.0,0.0,0.0,-0.0,-0.0,0.0,0.0
739,29.92,0.0,-0.0,-0.0,0.0,0.0,-0.0,-0.0,0.0,0.0
740,25.04,0.0,-0.0,-0.0,0.0,0.0,-0.0,-0.0,0.0,0.0
741,21.29,0.0,-0.0,-0.0,0.0,0.0,-0.0,-0.0,0.0,0.0
742,21.59,0.0,-0.0,-0.0,0.0,0.0,-0.0,-0.0,0.0,0.0
743,19.76,0.0,-0.0,-0.0,0.0,0.0,-0.0,-0.0,0.0,0.0
744,21.0,0.0,-0.0,-0.0,0.0,0.0,-0.0,-0.0,0.0,0.0
745,21.87,0.0,-0.0,-0.0,0.0,0.0,-0.0,-0.0,0.0,0.0
746,25.58,0.0,-0.0,-0.0,0.0,0.0,-0.0,-0.0,0.0,0.0
747,19.86,0.0,-0.0,-0.0,0.0,0.0,-0.0,-0.0,0.0,0.0
748,4.64,0.0,-0.0,-0.0,0.0,0.0,-0.0,-0.0,0.0,0.0
749,10.92,0.0,-0.0,-0.0,0.0,0.0,-0.0,-0.0,0.0,0.0
750,0.6,0.0,-0.0,-0.0,0.0,0.0,-0.0,-0.0,0.0,0.0
751,-0.49,0.0,-0.0,-0.0,0.0,0.0,-0.0,-0.0,-0.0,0.0
752,-1.7,0.0,-0.0,-0.0,0.0,0.0,-0.0,-0.0,-0.0,0.0
753,-3.37,0.0,-0.0,-0.0,0.0,0.0,-0.0,-0.0,-0.0,0.0
754,-4.16,0.0,-0.0,-0.0,0.0,0.0,-0.0,-0.0,-0.0,0.0
755,-3.84,0.0,-0.0,-0.0,0.0,0.0,-0.0,-0.0,-0.0,0.0
756,13.92,0.0,-0.0,-0.0,0.0,0.0,-0.0,-0.0,0.0,0.0
757,18.23,0.0,-0.0,-0.0,0.0,0.0,-0.0,-0.0,0.0,0.0
758,15.0,0.0,-0.0,-0.0,0.0,0.0,-0.0,-0.0,0.0,0.0
759,13.42,0.0,-0.0,-0.0,0.0,0.0,-0.0,-0.0,0.0,0.0
760,13.09,0.0,-0.0,-0.0,0.0,0.0,-0.0,-0.0,0.0,0.0
761,11.75,0.0,-0.0,-0.0,0.0,0.0,-0.0,-0.0,0.0,0.0
762,8.02,0.0,-0.0,-0.0,0.0,0.0,-0.0,-0.0,0.0,0.0
763,5.89,0.0,-0.0,-0.0,0.0,0.0,-0.0,-0.0,0.0,0.0
764,7.83,0.0,-0.0,-0.0,0.0,0.0,-0.0,-0.0,0.0,0.0
765,4.3,0.0,-0.0,-0.0,0.0,0.0,-0.0,-0.0,0.0,0.0
766,6.6,0.0,-0.0,-0.0,0.0,0.0,-0.0,-0.0,0.0,0.0
767,8.17,0.0,-0.0,-0.0,0.0,0.0,-0.0,-0.0,0.0,0.0
768,16.36,0.0,-0.0,-0.0,0.0,0.0,-0.0,-0.0,0.0,0.0
769,14.28,0.0,-0.0,-0.0,0.0,0.0,-0.0,-0.0,0.0,0.0
770,24.09,0.0,-0.0,-0.0,0.0,0.0,-0.0,-0.0,0.0,0.0
771,15.07,0.0,-0.0,-0.0,0.0,0.0,-0.0,-0.0,0.0,0.0
772,1.11,0.0,-0.0,-0.0,0.0,0.0,-0.0,-0.0,0.0,0.0
773,3.3,0.0,-0.0,-0.0,0.0,0.0,-0.0,-0.0,0.0,0.0
774,1.41,0.0,-0.0,-0.0,0.0,0.0,-0.0,-0.0,0.0,0.0
775,7.8,0.0,-0.0,-0.0,0.0,0.0,-0.0,-0.0,0.0,0.0
776,9.23,0.0,-0.0,-0.0,0.0,0.0,-0.0,-0.0,0.0,0.0
777,0.0,0.0,-0.0,-0.0,0.0,0.0,-0.0,-0.0,0.0,0.0
778,0.0,0.0,-0.0,-0.0,0.0,0.0,-0.0,-0.0,0.0,0.0
779,-0.02,0.0,-0.0,-0.0,0.0,0.0,-0.0,-0.0,-0.0,0.0
780,14.53,0.0,-0.0,-0.0,0.0,0.0,-0.0,-0.0,0.0,0.0
781,25.98,0.0,-0.0,-0.0,0.0,0.0,-0.0,-0.0,0.0,0.0
782,17.54,0.0,-0.0,-0.0,0.0,0.0,-0.0,-0.0,0.0,0.0
783,15.89,0.0,-0.0,-0.0,0.0,0.0,-0.0,-0.0,0.0,0.0
784,14.64,0.0,-0.0,-0.0,0.0,0.0,-0.0,-0.0,0.0,0.0
785,12.65,0.0,-0.0,-0.0,0.0,0.0,-0.0,-0.0,0.0,0.0
786,9.08,0.0,-0.0,-0.0,0.0,0.0,-0.0,-0.0,0.0,0.0
787,5.27,0.0,-0.0,-0.0,0.0,0.0,-0.0,-0.0,0.0,0.0
788,0.25,0.0,-0.0,-0.0,0.0,0.0,-0.0,-0.0,0.0,0.0
789,-1.42,0.0,-0.0,-0.0,0.0,0.0,-0.0,-0.0,-0.0,0.0
790,-1.13,0.0,-0.0,-0.0,0.0,0.0,-0.0,-0.0,-0.0,0.0
791,-0.42,0.0,-0.0,-0.0,0.0,0.0,-0.0,-0.0,-0.0,0.0
792,3.48,0.0,-0.0,-0.0,0.0,0.0,-0.0,-0.0,0.0,0.0
793,10.63,0.0,-0.0,-0.0,0.0,0.0,-0.0,-0.0,0.0,0.0
794,18.81,0.0,-0.0,-0.0,0.0,0.0,-0.0,-0.0,0.0,0.0
795,16.3,0.0,-0.0,-0.0,0.0,0.0,-0.0,-0.0,0.0,0.0
796,4.54,0.0,-0.0,-0.0,0.0,0.0,-0.0,-0.0,0.0,0.0
797,13.92,0.0,-0.0,-0.0,0.0,0.0,-0.0,-0.0,0.0,0.0
798,19.26,0.0,-0.0,-0.0,0.0,0.0,-0.0,-0.0,0.0,0.0
799,17.01,0.0,-0.0,-0.0,0.0,0.0,-0.0,-0.0,0.0,0.0
800,16.42,0.0,-0.0,-0.0,0.0,0.0,-0.0,-0.0,0.0,0.0
801,15.78,0.0,-0.0,-0.0,0.0,0.0,-0.0,-0.0,0.0,0.0
802,14.31,0.0,-0.0,-0.0,0.0,0.0,-0.0,-0.0,0.0,0.0
803,12.52,0.0,-0.0,-0.0,0.0,0.0,-0.0,-0.0,0.0,0.0
804,31.14,0.0,-0.0,-0.0,0.0,0.0,-0.0,-0.0,0.0,0.0
805,36.22,0.0,-0.0,-0.0,0.0,0.0,-0.0,-0.0,0.0,0.0
806,25.24,0.0,-0.0,-0.0,0.0,0.0,-0.0,-0.0,0.0,0.0
807,21.57,0.0,-0.0,-0.0,0.0,0.0,-0.0,-0.0,0.0,0.0
808,20.46,0.0,-0.0,-0.0,0.0,0.0,-0.0,-0.0,0.0,0.0
809,18.27,0.0,-0.0,-0.0,0.0,0.0,-0.0,-0.0,0.0,0.0
810,15.95,0.0,-0.0,-0.0,0.0,0.0,-0.0,-0.0,0.0,0.0
811,16.84,0.0,-0.0,-0.0,0.0,0.0,-0.0,-0.0,0.0,0.0
812,15.29,0.0,-0.0,-0.0,0.0,0.0,-0.0,-0.0,0.0,0.0
813,13.98,0.0,-0.0,-0.0,0.0,0.0,-0.0,-0.0,0.0,0.0
814,18.26,0.0,-0.0,-0.0,0.0,0.0,-0.0,-0.0,0.0,0.0
815,18.24,0.0,-0.0,-0.0,0.0,0.0,-0.0,-0.0,0.0,0.0
816,20.16,0.0,-0.0,-0.0,0.0,0.0,-0.0,-0.0,0.0,0.0
817,20.47,0.0,-0.0,-0.0,0.0,0.0,-0.0,-0.0,0.0,0.0
818,24.64,0.0,-0.0,-0.0,0.0,0.0,-0.0,-0.0,0.0,0.0
819,22.65,0.0,-0.0,-0.0,0.0,0.0,-0.0,-0.0,0.0,0.0
820,24.81,0.0,-0.0,-0.0,0.0,0.0,-0.0,-0.0,0.0,0.0
821,23.37,0.0,-0.0,-0.0,0.0,0.0,-0.0,-0.0,0.0,0.0
822,24.05,0.0,-0.0,-0.0,0.0,0.0,-0.0,-0.0,0.0,0.0
823,23.0,0.0,-0.0,-0.0,0.0,0.0,-0.0,-0.0,0.0,0.0
824,25.54,0.0,-0.0,-0.0,0.0,0.0,-0.0,-0.0,0.0,0.0
825,32.99,0.0,-0.0,-0.0,0.0,0.0,-0.0,-0.0,0.0,0.0
826,33.31,0.0,-0.0,-0.0,0.0,0.0,-0.0,-0.0,0.0,0.0
827,20.87,0.0,0.0,-0.0,-0.0,0.0,0.0,-0.0,0.0,0.0
828,24.89,0.0,0.0,-0.0,-0.0,0.0,0.0,-0.0,0.0,0.0
829,77.32,171.0,1.0,1.0,-0.0,8550.0,2000.0,10000.0,13221.72,-7328.280000000001
830,75.01,171.0,1.0,-0.0,-0.0,8550.0,2000.0,-0.0,12826.710000000001,2276.710000000001
831,171.75,171.0,1.0,-0.0,-0.0,8550.0,2000.0,-0.0,29369.25,18819.25
832,127.55,171.0,1.0,-0.0,0.0,8550.0,2000.0,-0.0,21811.05,11261.05
833,59.66,171.0,1.0,-0.0,0.0,8550.0,2000.0,-0.0,10201.859999999999,-348.14000000000124
834,83.65,171.0,1.0,-0.0,-0.0,8550.0,2000.0,-0.0,14304.150000000001,3754.1500000000015
835,52.13,171.0,1.0,-0.0,0.0,8550.0,2000.0,-0.0,8914.23,-1635.7700000000004
836,33.64,68.0,1.0,-0.0,-0.0,3400.0,2000.0,-0.0,2287.52,-3112.48
837,94.59,171.0,1.0,-0.0,-0.0,8550.0,2000.0,-0.0,16174.890000000001,5624.890000000001
838,72.16,171.0,1.0,-0.0,0.0,8550.0,2000.0,-0.0,12339.359999999999,1789.3599999999988
839,50.01,171.0,1.0,-0.0,0.0,8550.0,2000.0,-0.0,8551.71,-1998.2900000000009
840,33.29,68.0,1.0,-0.0,-0.0,3400.0,2000.0,-0.0,2263.72,-3136.28
841,82.08,171.0,1.0,-0.0,-0.0,8550.0,2000.0,-0.0,14035.68,3485.6800000000003
842,147.41,171.0,1.0,-0.0,-0.0,8550.0,2000.0,-0.0,25207.11,14657.11
843,74.95,171.0,1.0,-0.0,0.0,8550.0,2000.0,-0.0,12816.45,2266.4500000000007
844,29.62,0.0,-0.0,-0.0,1.0,0.0,-0.0,-0.0,0.0,0.0
845,22.87,0.0,-0.0,-0.0,0.0,0.0,-0.0,-0.0,0.0,0.0
846,18.97,0.0,-0.0,-0.0,0.0,0.0,-0.0,-0.0,0.0,0.0
847,12.65,0.0,-0.0,-0.0,0.0,0.0,-0.0,-0.0,0.0,0.0
848,13.13,0.0,-0.0,-0.0,0.0,0.0,-0.0,-0.0,0.0,0.0
849,15.16,0.0,-0.0,-0.0,0.0,0.0,-0.0,-0.0,0.0,0.0
850,12.1,0.0,-0.0,-0.0,0.0,0.0,-0.0,-0.0,0.0,0.0
851,9.9,0.0,-0.0,-0.0,0.0,0.0,-0.0,-0.0,0.0,0.0
852,16.92,0.0,-0.0,-0.0,0.0,0.0,-0.0,-0.0,0.0,0.0
853,27.66,0.0,-0.0,-0.0,0.0,0.0,-0.0,-0.0,0.0,0.0
854,21.81,0.0,-0.0,-0.0,0.0,0.0,-0.0,-0.0,0.0,0.0
855,17.59,0.0,-0.0,-0.0,0.0,0.0,-0.0,-0.0,0.0,0.0
856,14.63,0.0,-0.0,-0.0,0.0,0.0,-0.0,-0.0,0.0,0.0
857,13.35,0.0,-0.0,-0.0,0.0,0.0,-0.0,-0.0,0.0,0.0
858,10.09,0.0,-0.0,-0.0,0.0,0.0,-0.0,-0.0,0.0,0.0
859,8.22,0.0,-0.0,-0.0,0.0,0.0,-0.0,-0.0,0.0,0.0
860,6.88,0.0,-0.0,-0.0,0.0,0.0,-0.0,-0.0,0.0,0.0
861,6.36,0.0,-0.0,-0.0,0.0,0.0,-0.0,-0.0,0.0,0.0
862,5.78,0.0,-0.0,-0.0,0.0,0.0,-0.0,-0.0,0.0,0.0
863,5.99,0.0,-0.0,-0.0,0.0,0.0,-0.0,-0.0,0.0,0.0
864,8.51,0.0,-0.0,-0.0,0.0,0.0,-0.0,-0.0,0.0,0.0
865,12.81,0.0,-0.0,-0.0,0.0,0.0,-0.0,-0.0,0.0,0.0
866,12.08,0.0,-0.0,-0.0,0.0,0.0,-0.0,-0.0,0.0,0.0
867,11.33,0.0,-0.0,-0.0,0.0,0.0,-0.0,-0.0,0.0,0.0
868,14.42,0.0,-0.0,-0.0,0.0,0.0,-0.0,-0.0,0.0,0.0
869,13.53,0.0,-0.0,-0.0,0.0,0.0,-0.0,-0.0,0.0,0.0
870,14.97,0.0,-0.0,-0.0,0.0,0.0,-0.0,-0.0,0.0,0.0
871,14.92,0.0,-0.0,-0.0,0.0,0.0,-0.0,-0.0,0.0,0.0
872,19.24,0.0,-0.0,-0.0,0.0,0.0,-0.0,-0.0,0.0,0.0
873,17.98,0.0,-0.0,-0.0,0.0,0.0,-0.0,-0.0,0.0,0.0
874,18.92,0.0,-0.0,-0.0,0.0,0.0,-0.0,-0.0,0.0,0.0
875,15.5,0.0,-0.0,-0.0,0.0,0.0,-0.0,-0.0,0.0,0.0
876,24.85,0.0,-0.0,-0.0,0.0,0.0,-0.0,-0.0,0.0,0.0
877,20.15,0.0,-0.0,-0.0,0.0,0.0,-0.0,-0.0,0.0,0.0
878,19.83,0.0,-0.0,-0.0,0.0,0.0,-0.0,-0.0,0.0,0.0
879,20.13,0.0,-0.0,-0.0,0.0,0.0,-0.0,-0.0,0.0,0.0
880,20.52,0.0,-0.0,-0.0,0.0,0.0,-0.0,-0.0,0.0,0.0
881,22.18,0.0,-0.0,-0.0,0.0,0.0,-0.0,-0.0,0.0,0.0
882,22.03,0.0,-0.0,-0.0,0.0,0.0,-0.0,-0.0,0.0,0.0
883,22.48,0.0,-0.0,-0.0,0.0,0.0,-0.0,-0.0,0.0,0.0
884,25.51,0.0,-0.0,-0.0,0.0,0.0,-0.0,-0.0,0.0,0.0
885,29.45,0.0,-0.0,-0.0,0.0,0.0,-0.0,-0.0,0.0,0.0
886,28.7,0.0,-0.0,-0.0,0.0,0.0,-0.0,-0.0,0.0,0.0
887,27.09,0.0,-0.0,-0.0,0.0,0.0,-0.0,-0.0,0.0,0.0
888,29.85,0.0,-0.0,-0.0,0.0,0.0,-0.0,-0.0,0.0,0.0
889,29.23,0.0,-0.0,-0.0,0.0,0.0,-0.0,-0.0,0.0,0.0
890,32.95,0.0,-0.0,-0.0,0.0,0.0,-0.0,-0.0,0.0,0.0
891,33.37,0.0,-0.0,-0.0,0.0,0.0,-0.0,-0.0,0.0,0.0
892,29.3,0.0,-0.0,-0.0,0.0,0.0,-0.0,-0.0,0.0,0.0
893,27.3,0.0,-0.0,-0.0,0.0,0.0,-0.0,-0.0,0.0,0.0
894,23.99,0.0,-0.0,-0.0,0.0,0.0,-0.0,-0.0,0.0,0.0
895,19.96,0.0,-0.0,-0.0,0.0,0.0,-0.0,-0.0,0.0,0.0
896,18.15,0.0,-0.0,-0.0,0.0,0.0,-0.0,-0.0,0.0,0.0
897,17.27,0.0,-0.0,-0.0,0.0,0.0,-0.0,-0.0,0.0,0.0
898,11.61,0.0,-0.0,-0.0,0.0,0.0,-0.0,-0.0,0.0,0.0
899,7.47,0.0,-0.0,-0.0,0.0,0.0,-0.0,-0.0,0.0,0.0
900,16.54,0.0,-0.0,-0.0,0.0,0.0,-0.0,-0.0,0.0,0.0
901,25.4,0.0,-0.0,-0.0,0.0,0.0,-0.0,-0.0,0.0,0.0
902,20.53,0.0,-0.0,-0.0,0.0,0.0,-0.0,-0.0,0.0,0.0
903,12.46,0.0,-0.0,-0.0,0.0,0.0,-0.0,-0.0,0.0,0.0
904,16.54,0.0,-0.0,-0.0,0.0,0.0,-0.0,-0.0,0.0,0.0
905,16.65,0.0,-0.0,-0.0,0.0,0.0,-0.0,-0.0,0.0,0.0
906,13.38,0.0,-0.0,-0.0,0.0,0.0,-0.0,-0.0,0.0,0.0
907,14.43,0.0,-0.0,-0.0,0.0,0.0,-0.0,-0.0,0.0,0.0
908,11.76,0.0,-0.0,-0.0,0.0,0.0,-0.0,-0.0,0.0,0.0
909,9.36,0.0,-0.0,-0.0,0.0,0.0,-0.0,-0.0,0.0,0.0
910,5.07,0.0,-0.0,-0.0,0.0,0.0,-0.0,-0.0,0.0,0.0
911,6.55,0.0,-0.0,-0.0,0.0,0.0,-0.0,-0.0,0.0,0.0
912,6.56,0.0,-0.0,-0.0,0.0,0.0,-0.0,-0.0,0.0,0.0
913,8.39,0.0,-0.0,-0.0,0.0,0.0,-0.0,-0.0,0.0,0.0
914,9.39,0.0,-0.0,-0.0,0.0,0.0,-0.0,-0.0,0.0,0.0
915,10.09,0.0,-0.0,-0.0,0.0,0.0,-0.0,-0.0,0.0,0.0
916,9.96,0.0,-0.0,-0.0,0.0,0.0,-0.0,-0.0,0.0,0.0
917,2.67,0.0,-0.0,-0.0,0.0,0.0,-0.0,-0.0,0.0,0.0
918,1.2,0.0,-0.0,-0.0,0.0,0.0,-0.0,-0.0,0.0,0.0
919,3.61,0.0,-0.0,-0.0,0.0,0.0,-0.0,-0.0,0.0,0.0
920,5.43,0.0,-0.0,-0.0,0.0,0.0,-0.0,-0.0,0.0,0.0
921,5.15,0.0,-0.0,-0.0,0.0,0.0,-0.0,-0.0,0.0,0.0
922,6.23,0.0,-0.0,-0.0,0.0,0.0,-0.0,-0.0,0.0,0.0
923,4.58,0.0,-0.0,-0.0,0.0,0.0,-0.0,-0.0,0.0,0.0
924,14.9,0.0,-0.0,-0.0,0.0,0.0,-0.0,-0.0,0.0,0.0
925,25.91,0.0,-0.0,-0.0,0.0,0.0,-0.0,-0.0,0.0,0.0
926,26.61,0.0,-0.0,-0.0,0.0,0.0,-0.0,-0.0,0.0,0.0
927,24.52,0.0,-0.0,-0.0,0.0,0.0,-0.0,-0.0,0.0,0.0
928,22.5,0.0,-0.0,-0.0,0.0,0.0,-0.0,-0.0,0.0,0.0
929,29.26,0.0,-0.0,-0.0,0.0,0.0,-0.0,-0.0,0.0,0.0
930,25.41,0.0,-0.0,-0.0,0.0,0.0,-0.0,-0.0,0.0,0.0
931,20.82,0.0,-0.0,-0.0,0.0,0.0,-0.0,-0.0,0.0,0.0
932,19.5,0.0,-0.0,-0.0,0.0,0.0,-0.0,-0.0,0.0,0.0
933,20.08,0.0,-0.0,-0.0,0.0,0.0,-0.0,-0.0,0.0,0.0
934,16.16,0.0,-0.0,-0.0,0.0,0.0,-0.0,-0.0,0.0,0.0
935,14.91,0.0,-0.0,-0.0,0.0,0.0,-0.0,-0.0,0.0,0.0
936,14.17,0.0,-0.0,-0.0,0.0,0.0,-0.0,-0.0,0.0,0.0
937,14.59,0.0,-0.0,-0.0,0.0,0.0,-0.0,-0.0,0.0,0.0
938,17.64,0.0,-0.0,-0.0,0.0,0.0,-0.0,-0.0,0.0,0.0
939,19.41,0.0,-0.0,-0.0,0.0,0.0,-0.0,-0.0,0.0,0.0
940,19.29,0.0,-0.0,-0.0,0.0,0.0,-0.0,-0.0,0.0,0.0
941,17.59,0.0,-0.0,-0.0,0.0,0.0,-0.0,-0.0,0.0,0.0
942,21.0,0.0,-0.0,-0.0,0.0,0.0,-0.0,-0.0,0.0,0.0
943,21.76,0.0,-0.0,-0.0,0.0,0.0,-0.0,-0.0,0.0,0.0
944,21.21,0.0,-0.0,-0.0,0.0,0.0,-0.0,-0.0,0.0,0.0
945,21.86,0.0,-0.0,-0.0,0.0,0.0,-0.0,-0.0,0.0,0.0
946,22.27,0.0,-0.0,-0.0,0.0,0.0,-0.0,-0.0,0.0,0.0
947,24.01,0.0,-0.0,-0.0,0.0,0.0,-0.0,-0.0,0.0,0.0
948,24.27,0.0,-0.0,-0.0,0.0,0.0,-0.0,-0.0,0.0,0.0
949,30.38,0.0,-0.0,-0.0,0.0,0.0,-0.0,-0.0,0.0,0.0
950,26.77,0.0,-0.0,-0.0,0.0,0.0,-0.0,-0.0,0.0,0.0
951,28.62,0.0,-0.0,-0.0,0.0,0.0,-0.0,-0.0,0.0,0.0
952,30.07,0.0,-0.0,-0.0,0.0,0.0,-0.0,-0.0,0.0,0.0
953,32.18,0.0,-0.0,-0.0,0.0,0.0,-0.0,-0.0,0.0,0.0
954,24.49,0.0,-0.0,-0.0,0.0,0.0,-0.0,-0.0,0.0,0.0
955,23.56,0.0,-0.0,-0.0,0.0,0.0,-0.0,-0.0,0.0,0.0
956,27.91,0.0,-0.0,-0.0,0.0,0.0,-0.0,-0.0,0.0,0.0
957,24.79,0.0,-0.0,-0.0,0.0,0.0,-0.0,-0.0,0.0,0.0
958,22.42,0.0,-0.0,-0.0,0.0,0.0,-0.0,-0.0,0.0,0.0
959,21.18,0.0,-0.0,-0.0,0.0,0.0,-0.0,-0.0,0.0,0.0
960,21.87,0.0,-0.0,-0.0,0.0,0.0,-0.0,-0.0,0.0,0.0
961,24.73,0.0,-0.0,-0.0,0.0,0.0,-0.0,-0.0,0.0,0.0
962,27.0,0.0,-0.0,-0.0,0.0,0.0,-0.0,-0.0,0.0,0.0
963,36.1,0.0,-0.0,-0.0,0.0,0.0,-0.0,-0.0,0.0,0.0
964,43.54,0.0,-0.0,-0.0,0.0,0.0,-0.0,-0.0,0.0,0.0
965,36.81,0.0,-0.0,-0.0,0.0,0.0,-0.0,-0.0,0.0,0.0
966,49.53,0.0,-0.0,-0.0,0.0,0.0,-0.0,-0.0,0.0,0.0
967,27.98,0.0,-0.0,-0.0,0.0,0.0,-0.0,-0.0,0.0,0.0
968,32.83,0.0,-0.0,-0.0,0.0,0.0,-0.0,-0.0,0.0,0.0
969,34.67,0.0,-0.0,-0.0,0.0,0.0,-0.0,-0.0,0.0,0.0
970,34.05,0.0,-0.0,-0.0,0.0,0.0,-0.0,-0.0,0.0,0.0
971,32.4,0.0,-0.0,-0.0,0.0,0.0,-0.0,-0.0,0.0,0.0
972,35.72,0.0,-0.0,-0.0,0.0,0.0,-0.0,-0.0,0.0,0.0
973,41.21,0.0,-0.0,-0.0,0.0,0.0,-0.0,-0.0,0.0,0.0
974,36.75,0.0,-0.0,-0.0,0.0,0.0,-0.0,-0.0,0.0,0.0
975,52.38,0.0,-0.0,-0.0,0.0,0.0,-0.0,-0.0,0.0,0.0
976,43.13,0.0,-0.0,-0.0,0.0,0.0,-0.0,-0.0,0.0,0.0
977,23.95,0.0,-0.0,-0.0,0.0,0.0,-0.0,-0.0,0.0,0.0
978,31.61,0.0,-0.0,-0.0,0.0,0.0,-0.0,-0.0,0.0,0.0
979,28.25,0.0,-0.0,-0.0,0.0,0.0,-0.0,-0.0,0.0,0.0
980,25.45,0.0,-0.0,-0.0,0.0,0.0,-0.0,-0.0,0.0,0.0
981,24.43,0.0,-0.0,-0.0,0.0,0.0,-0.0,-0.0,0.0,0.0
982,23.86,0.0,-0.0,-0.0,0.0,0.0,-0.0,-0.0,0.0,0.0
983,23.09,0.0,-0.0,-0.0,0.0,0.0,-0.0,-0.0,0.0,0.0
984,24.01,0.0,-0.0,-0.0,0.0,0.0,-0.0,-0.0,0.0,0.0
985,32.14,0.0,-0.0,-0.0,0.0,0.0,-0.0,-0.0,0.0,0.0
986,35.02,0.0,-0.0,-0.0,0.0,0.0,-0.0,-0.0,0.0,0.0
987,38.32,0.0,-0.0,-0.0,0.0,0.0,-0.0,-0.0,0.0,0.0
988,27.81,0.0,-0.0,-0.0,0.0,0.0,-0.0,-0.0,0.0,0.0
989,25.85,0.0,-0.0,-0.0,0.0,0.0,-0.0,-0.0,0.0,0.0
990,25.21,0.0,-0.0,-0.0,0.0,0.0,-0.0,-0.0,0.0,0.0
991,25.78,0.0,-0.0,-0.0,0.0,0.0,-0.0,-0.0,0.0,0.0
992,24.94,0.0,-0.0,-0.0,0.0,0.0,-0.0,-0.0,0.0,0.0
993,25.45,0.0,-0.0,-0.0,0.0,0.0,-0.0,-0.0,0.0,0.0
994,25.1,0.0,-0.0,-0.0,0.0,0.0,-0.0,-0.0,0.0,0.0
995,23.57,0.0,-0.0,-0.0,0.0,0.0,-0.0,-0.0,0.0,0.0
996,35.98,0.0,-0.0,-0.0,0.0,0.0,-0.0,-0.0,0.0,0.0
997,33.46,0.0,-0.0,-0.0,0.0,0.0,-0.0,-0.0,0.0,0.0
998,32.2,0.0,-0.0,-0.0,0.0,0.0,-0.0,-0.0,0.0,0.0
999,38.79,0.0,-0.0,-0.0,0.0,0.0,-0.0,-0.0,0.0,0.0
1000,38.22,0.0,-0.0,-0.0,0.0,0.0,-0.0,-0.0,0.0,0.0
1001,33.13,0.0,-0.0,-0.0,0.0,0.0,-0.0,-0.0,0.0,0.0
1002,42.09,0.0,0.0,-0.0,-0.0,0.0,0.0,-0.0,0.0,0.0
1003,47.11,0.0,0.0,-0.0,-0.0,0.0,0.0,-0.0,0.0,0.0
1004,60.75,0.0,0.0,-0.0,-0.0,0.0,0.0,-0.0,0.0,0.0
1005,40.28,0.0,0.0,-0.0,-0.0,0.0,0.0,-0.0,0.0,0.0
1006,69.72,171.0,1.0,1.0,-0.0,8550.0,2000.0,10000.0,11922.119999999999,-8627.880000000001
1007,81.31,171.0,1.0,-0.0,-0.0,8550.0,2000.0,-0.0,13904.01,3354.01
1008,85.07,171.0,1.0,-0.0,-0.0,8550.0,2000.0,-0.0,14546.97,3996.9699999999993
1009,101.66,171.0,1.0,-0.0,-0.0,8550.0,2000.0,-0.0,17383.86,6833.860000000001
1010,71.72,171.0,1.0,-0.0,0.0,8550.0,2000.0,-0.0,12264.119999999999,1714.119999999999
1011,81.22,171.0,1.0,-0.0,0.0,8550.0,2000.0,-0.0,13888.619999999999,3338.619999999999
1012,42.76,0.0,-0.0,-0.0,1.0,0.0,-0.0,-0.0,0.0,0.0
1013,54.62,0.0,-0.0,-0.0,0.0,0.0,-0.0,-0.0,0.0,0.0
1014,32.16,0.0,-0.0,-0.0,0.0,0.0,-0.0,-0.0,0.0,0.0
1015,31.4,0.0,-0.0,-0.0,0.0,0.0,-0.0,-0.0,0.0,0.0
1016,25.66,0.0,-0.0,-0.0,0.0,0.0,-0.0,-0.0,0.0,0.0
1017,24.86,0.0,-0.0,-0.0,0.0,0.0,-0.0,-0.0,0.0,0.0
1018,27.12,0.0,-0.0,-0.0,0.0,0.0,-0.0,-0.0,0.0,0.0
1019,32.64,0.0,-0.0,-0.0,0.0,0.0,-0.0,-0.0,0.0,0.0
1020,24.22,0.0,-0.0,-0.0,0.0,0.0,-0.0,-0.0,0.0,0.0
1021,23.25,0.0,-0.0,-0.0,0.0,0.0,-0.0,-0.0,0.0,0.0
1022,29.61,0.0,-0.0,-0.0,0.0,0.0,-0.0,-0.0,0.0,0.0
1023,35.47,0.0,0.0,-0.0,-0.0,0.0,0.0,-0.0,0.0,0.0
1024,75.62,0.0,0.0,-0.0,-0.0,0.0,0.0,-0.0,0.0,0.0
1025,67.94,0.0,0.0,-0.0,-0.0,0.0,0.0,-0.0,0.0,0.0
1026,28.01,0.0,-0.0,-0.0,0.0,0.0,-0.0,-0.0,0.0,0.0
1027,24.92,0.0,-0.0,-0.0,0.0,0.0,-0.0,-0.0,0.0,0.0
1028,22.88,0.0,-0.0,-0.0,0.0,0.0,-0.0,-0.0,0.0,0.0
1029,21.27,0.0,-0.0,-0.0,0.0,0.0,-0.0,-0.0,0.0,0.0
1030,20.93,0.0,-0.0,-0.0,0.0,0.0,-0.0,-0.0,0.0,0.0
1031,22.17,0.0,-0.0,-0.0,0.0,0.0,-0.0,-0.0,0.0,0.0
1032,24.88,0.0,-0.0,-0.0,0.0,0.0,-0.0,-0.0,0.0,0.0
1033,48.23,0.0,0.0,-0.0,-0.0,0.0,0.0,-0.0,0.0,0.0
1034,74.29,0.0,0.0,-0.0,-0.0,0.0,0.0,-0.0,0.0,0.0
1035,46.97,0.0,-0.0,-0.0,0.0,0.0,-0.0,-0.0,0.0,0.0
1036,27.81,0.0,-0.0,-0.0,0.0,0.0,-0.0,-0.0,0.0,0.0
1037,24.18,0.0,-0.0,-0.0,0.0,0.0,-0.0,-0.0,0.0,0.0
1038,22.0,0.0,-0.0,-0.0,0.0,0.0,-0.0,-0.0,0.0,0.0
1039,19.97,0.0,-0.0,-0.0,0.0,0.0,-0.0,-0.0,0.0,0.0
1040,18.17,0.0,-0.0,-0.0,0.0,0.0,-0.0,-0.0,0.0,0.0
1041,17.25,0.0,-0.0,-0.0,0.0,0.0,-0.0,-0.0,0.0,0.0
1042,19.99,0.0,-0.0,-0.0,0.0,0.0,-0.0,-0.0,0.0,0.0
1043,22.97,0.0,-0.0,-0.0,0.0,0.0,-0.0,-0.0,0.0,0.0
1044,36.85,0.0,-0.0,-0.0,0.0,0.0,-0.0,-0.0,0.0,0.0
1045,52.21,0.0,-0.0,-0.0,0.0,0.0,-0.0,-0.0,0.0,0.0
1046,45.39,0.0,-0.0,-0.0,0.0,0.0,-0.0,-0.0,0.0,0.0
1047,43.62,0.0,-0.0,-0.0,0.0,0.0,-0.0,-0.0,0.0,0.0
1048,36.04,0.0,-0.0,-0.0,0.0,0.0,-0.0,-0.0,0.0,0.0
1049,27.82,0.0,-0.0,-0.0,0.0,0.0,-0.0,-0.0,0.0,0.0
1050,24.61,0.0,-0.0,-0.0,0.0,0.0,-0.0,-0.0,0.0,0.0
1051,22.27,0.0,-0.0,-0.0,0.0,0.0,-0.0,-0.0,0.0,0.0
1052,21.44,0.0,-0.0,-0.0,0.0,0.0,-0.0,-0.0,0.0,0.0
1053,21.72,0.0,-0.0,-0.0,0.0,0.0,-0.0,-0.0,0.0,0.0
1054,21.65,0.0,-0.0,-0.0,0.0,0.0,-0.0,-0.0,0.0,0.0
1055,21.49,0.0,-0.0,-0.0,0.0,0.0,-0.0,-0.0,0.0,0.0
1056,21.4,0.0,-0.0,-0.0,0.0,0.0,-0.0,-0.0,0.0,0.0
1057,21.73,0.0,-0.0,-0.0,0.0,0.0,-0.0,-0.0,0.0,0.0
1058,22.03,0.0,-0.0,-0.0,0.0,0.0,-0.0,-0.0,0.0,0.0
1059,21.14,0.0,-0.0,-0.0,0.0,0.0,-0.0,-0.0,0.0,0.0
1060,19.5,0.0,-0.0,-0.0,0.0,0.0,-0.0,-0.0,0.0,0.0
1061,19.58,0.0,-0.0,-0.0,0.0,0.0,-0.0,-0.0,0.0,0.0
1062,19.67,0.0,-0.0,-0.0,0.0,0.0,-0.0,-0.0,0.0,0.0
1063,20.46,0.0,-0.0,-0.0,0.0,0.0,-0.0,-0.0,0.0,0.0
1064,19.55,0.0,-0.0,-0.0,0.0,0.0,-0.0,-0.0,0.0,0.0
1065,20.25,0.0,-0.0,-0.0,0.0,0.0,-0.0,-0.0,0.0,0.0
1066,21.3,0.0,-0.0,-0.0,0.0,0.0,-0.0,-0.0,0.0,0.0
1067,22.55,0.0,-0.0,-0.0,0.0,0.0,-0.0,-0.0,0.0,0.0
1068,21.6,0.0,-0.0,-0.0,0.0,0.0,-0.0,-0.0,0.0,0.0
1069,22.57,0.0,-0.0,-0.0,0.0,0.0,-0.0,-0.0,0.0,0.0
1070,22.38,0.0,-0.0,-0.0,0.0,0.0,-0.0,-0.0,0.0,0.0
1071,22.39,0.0,-0.0,-0.0,0.0,0.0,-0.0,-0.0,0.0,0.0
1072,22.35,0.0,-0.0,-0.0,0.0,0.0,-0.0,-0.0,0.0,0.0
1073,21.06,0.0,-0.0,-0.0,0.0,0.0,-0.0,-0.0,0.0,0.0
1074,21.66,0.0,-0.0,-0.0,0.0,0.0,-0.0,-0.0,0.0,0.0
1075,22.11,0.0,-0.0,-0.0,0.0,0.0,-0.0,-0.0,0.0,0.0
1076,21.53,0.0,-0.0,-0.0,0.0,0.0,-0.0,-0.0,0.0,0.0
1077,22.59,0.0,-0.0,-0.0,0.0,0.0,-0.0,-0.0,0.0,0.0
1078,24.52,0.0,-0.0,-0.0,0.0,0.0,-0.0,-0.0,0.0,0.0
1079,24.9,0.0,-0.0,-0.0,0.0,0.0,-0.0,-0.0,0.0,0.0
1080,29.41,0.0,-0.0,-0.0,0.0,0.0,-0.0,-0.0,0.0,0.0
1081,33.48,0.0,-0.0,-0.0,0.0,0.0,-0.0,-0.0,0.0,0.0
1082,26.57,0.0,-0.0,-0.0,0.0,0.0,-0.0,-0.0,0.0,0.0
1083,27.28,0.0,-0.0,-0.0,0.0,0.0,-0.0,-0.0,0.0,0.0
1084,28.25,0.0,-0.0,-0.0,0.0,0.0,-0.0,-0.0,0.0,0.0
1085,22.47,0.0,-0.0,-0.0,0.0,0.0,-0.0,-0.0,0.0,0.0
1086,20.64,0.0,-0.0,-0.0,0.0,0.0,-0.0,-0.0,0.0,0.0
1087,21.69,0.0,-0.0,-0.0,0.0,0.0,-0.0,-0.0,0.0,0.0
1088,1.6,0.0,-0.0,-0.0,0.0,0.0,-0.0,-0.0,0.0,0.0
1089,-1.67,0.0,-0.0,-0.0,0.0,0.0,-0.0,-0.0,-0.0,0.0
1090,-2.23,0.0,-0.0,-0.0,0.0,0.0,-0.0,-0.0,-0.0,0.0
1091,-3.55,0.0,-0.0,-0.0,0.0,0.0,-0.0,-0.0,-0.0,0.0
1092,4.5,0.0,-0.0,-0.0,0.0,0.0,-0.0,-0.0,0.0,0.0
1093,21.16,0.0,-0.0,-0.0,0.0,0.0,-0.0,-0.0,0.0,0.0
1094,35.88,0.0,-0.0,-0.0,0.0,0.0,-0.0,-0.0,0.0,0.0
1095,30.44,0.0,-0.0,-0.0,0.0,0.0,-0.0,-0.0,0.0,0.0
1096,28.3,0.0,-0.0,-0.0,0.0,0.0,-0.0,-0.0,0.0,0.0
1097,32.58,0.0,-0.0,-0.0,0.0,0.0,-0.0,-0.0,0.0,0.0
1098,25.26,0.0,-0.0,-0.0,0.0,0.0,-0.0,-0.0,0.0,0.0
1099,20.71,0.0,-0.0,-0.0,0.0,0.0,-0.0,-0.0,0.0,0.0
1100,18.33,0.0,-0.0,-0.0,0.0,0.0,-0.0,-0.0,0.0,0.0
1101,19.35,0.0,-0.0,-0.0,0.0,0.0,-0.0,-0.0,0.0,0.0
1102,23.02,0.0,-0.0,-0.0,0.0,0.0,-0.0,-0.0,0.0,0.0
1103,22.2,0.0,-0.0,-0.0,0.0,0.0,-0.0,-0.0,0.0,0.0
1104,25.26,0.0,-0.0,-0.0,0.0,0.0,-0.0,-0.0,0.0,0.0
1105,26.43,0.0,-0.0,-0.0,0.0,0.0,-0.0,-0.0,0.0,0.0
1106,34.02,0.0,-0.0,-0.0,0.0,0.0,-0.0,-0.0,0.0,0.0
1107,34.17,0.0,-0.0,-0.0,0.0,0.0,-0.0,-0.0,0.0,0.0
1108,16.87,0.0,-0.0,-0.0,0.0,0.0,-0.0,-0.0,0.0,0.0
1109,15.5,0.0,-0.0,-0.0,0.0,0.0,-0.0,-0.0,0.0,0.0
1110,15.27,0.0,-0.0,-0.0,0.0,0.0,-0.0,-0.0,0.0,0.0
1111,17.17,0.0,-0.0,-0.0,0.0,0.0,-0.0,-0.0,0.0,0.0
1112,19.44,0.0,-0.0,-0.0,0.0,0.0,-0.0,-0.0,0.0,0.0
1113,18.68,0.0,-0.0,-0.0,0.0,0.0,-0.0,-0.0,0.0,0.0
1114,13.78,0.0,-0.0,-0.0,0.0,0.0,-0.0,-0.0,0.0,0.0
1115,10.14,0.0,-0.0,-0.0,0.0,0.0,-0.0,-0.0,0.0,0.0
1116,20.99,0.0,-0.0,-0.0,0.0,0.0,-0.0,-0.0,0.0,0.0
1117,49.46,0.0,-0.0,-0.0,0.0,0.0,-0.0,-0.0,0.0,0.0
1118,43.23,0.0,-0.0,-0.0,0.0,0.0,-0.0,-0.0,0.0,0.0
1119,31.29,0.0,-0.0,-0.0,0.0,0.0,-0.0,-0.0,0.0,0.0
1120,29.56,0.0,-0.0,-0.0,0.0,0.0,-0.0,-0.0,0.0,0.0
1121,24.7,0.0,-0.0,-0.0,0.0,0.0,-0.0,-0.0,0.0,0.0
1122,22.58,0.0,-0.0,-0.0,0.0,0.0,-0.0,-0.0,0.0,0.0
1123,21.18,0.0,-0.0,-0.0,0.0,0.0,-0.0,-0.0,0.0,0.0
1124,20.96,0.0,-0.0,-0.0,0.0,0.0,-0.0,-0.0,0.0,0.0
1125,19.61,0.0,-0.0,-0.0,0.0,0.0,-0.0,-0.0,0.0,0.0
1126,19.35,0.0,-0.0,-0.0,0.0,0.0,-0.0,-0.0,0.0,0.0
1127,20.47,0.0,-0.0,-0.0,0.0,0.0,-0.0,-0.0,0.0,0.0
1128,21.48,0.0,-0.0,-0.0,0.0,0.0,-0.0,-0.0,0.0,0.0
1129,22.79,0.0,-0.0,-0.0,0.0,0.0,-0.0,-0.0,0.0,0.0
1130,23.28,0.0,-0.0,-0.0,0.0,0.0,-0.0,-0.0,0.0,0.0
1131,19.13,0.0,-0.0,-0.0,0.0,0.0,-0.0,-0.0,0.0,0.0
1132,7.04,0.0,-0.0,-0.0,0.0,0.0,-0.0,-0.0,0.0,0.0
1133,14.65,0.0,-0.0,-0.0,0.0,0.0,-0.0,-0.0,0.0,0.0
1134,3.97,0.0,-0.0,-0.0,0.0,0.0,-0.0,-0.0,0.0,0.0
1135,-0.3,0.0,-0.0,-0.0,0.0,0.0,-0.0,-0.0,-0.0,0.0
1136,-1.35,0.0,-0.0,-0.0,0.0,0.0,-0.0,-0.0,-0.0,0.0
1137,-2.3,0.0,-0.0,-0.0,0.0,0.0,-0.0,-0.0,-0.0,0.0
1138,-3.91,0.0,-0.0,-0.0,0.0,0.0,-0.0,-0.0,-0.0,0.0
1139,-3.59,0.0,-0.0,-0.0,0.0,0.0,-0.0,-0.0,-0.0,0.0
1140,-2.16,0.0,-0.0,-0.0,0.0,0.0,-0.0,-0.0,-0.0,0.0
1141,20.08,0.0,-0.0,-0.0,0.0,0.0,-0.0,-0.0,0.0,0.0
1142,20.76,0.0,-0.0,-0.0,0.0,0.0,-0.0,-0.0,0.0,0.0
1143,20.37,0.0,-0.0,-0.0,0.0,0.0,-0.0,-0.0,0.0,0.0
1144,20.23,0.0,-0.0,-0.0,0.0,0.0,-0.0,-0.0,0.0,0.0
1145,16.89,0.0,-0.0,-0.0,0.0,0.0,-0.0,-0.0,0.0,0.0
1146,15.01,0.0,-0.0,-0.0,0.0,0.0,-0.0,-0.0,0.0,0.0
1147,16.42,0.0,-0.0,-0.0,0.0,0.0,-0.0,-0.0,0.0,0.0
1148,15.97,0.0,-0.0,-0.0,0.0,0.0,-0.0,-0.0,0.0,0.0
1149,4.55,0.0,-0.0,-0.0,0.0,0.0,-0.0,-0.0,0.0,0.0
1150,16.03,0.0,-0.0,-0.0,0.0,0.0,-0.0,-0.0,0.0,0.0
1151,16.76,0.0,-0.0,-0.0,0.0,0.0,-0.0,-0.0,0.0,0.0
1152,18.27,0.0,-0.0,-0.0,0.0,0.0,-0.0,-0.0,0.0,0.0
1153,23.69,0.0,-0.0,-0.0,0.0,0.0,-0.0,-0.0,0.0,0.0
1154,22.22,0.0,-0.0,-0.0,0.0,0.0,-0.0,-0.0,0.0,0.0
1155,22.69,0.0,-0.0,-0.0,0.0,0.0,-0.0,-0.0,0.0,0.0
1156,18.07,0.0,-0.0,-0.0,0.0,0.0,-0.0,-0.0,0.0,0.0
1157,20.24,0.0,-0.0,-0.0,0.0,0.0,-0.0,-0.0,0.0,0.0
1158,20.47,0.0,-0.0,-0.0,0.0,0.0,-0.0,-0.0,0.0,0.0
1159,20.43,0.0,-0.0,-0.0,0.0,0.0,-0.0,-0.0,0.0,0.0
1160,22.27,0.0,-0.0,-0.0,0.0,0.0,-0.0,-0.0,0.0,0.0
1161,27.44,0.0,-0.0,-0.0,0.0,0.0,-0.0,-0.0,0.0,0.0
1162,27.26,0.0,-0.0,-0.0,0.0,0.0,-0.0,-0.0,0.0,0.0
1163,22.19,0.0,-0.0,-0.0,0.0,0.0,-0.0,-0.0,0.0,0.0
1164,20.95,0.0,-0.0,-0.0,0.0,0.0,-0.0,-0.0,0.0,0.0
1165,27.09,0.0,-0.0,-0.0,0.0,0.0,-0.0,-0.0,0.0,0.0
1166,31.27,0.0,-0.0,-0.0,0.0,0.0,-0.0,-0.0,0.0,0.0
1167,33.55,0.0,-0.0,-0.0,0.0,0.0,-0.0,-0.0,0.0,0.0
1168,41.0,0.0,-0.0,-0.0,0.0,0.0,-0.0,-0.0,0.0,0.0
1169,31.98,0.0,-0.0,-0.0,0.0,0.0,-0.0,-0.0,0.0,0.0
1170,29.39,0.0,-0.0,-0.0,0.0,0.0,-0.0,-0.0,0.0,0.0
1171,31.22,0.0,-0.0,-0.0,0.0,0.0,-0.0,-0.0,0.0,0.0
1172,25.5,0.0,0.0,-0.0,-0.0,0.0,0.0,-0.0,0.0,0.0
1173,28.37,0.0,0.0,-0.0,-0.0,0.0,0.0,-0.0,0.0,0.0
1174,46.03,0.0,0.0,-0.0,-0.0,0.0,0.0,-0.0,0.0,0.0
1175,59.14,0.0,0.0,-0.0,-0.0,0.0,0.0,-0.0,0.0,0.0
1176,72.69,171.0,1.0,1.0,-0.0,8550.0,2000.0,10000.0,12429.99,-8120.01
1177,199.32,171.0,1.0,-0.0,-0.0,8550.0,2000.0,-0.0,34083.72,23533.72
1178,301.51,171.0,1.0,-0.0,0.0,8550.0,2000.0,-0.0,51558.21,41008.21
1179,363.12,171.0,1.0,-0.0,0.0,8550.0,2000.0,-0.0,62093.520000000004,51543.520000000004
1180,307.55,171.0,1.0,-0.0,0.0,8550.0,2000.0,-0.0,52591.05,42041.05
1181,191.85,171.0,1.0,-0.0,0.0,8550.0,2000.0,-0.0,32806.35,22256.35
1182,162.11,171.0,1.0,-0.0,0.0,8550.0,2000.0,-0.0,27720.81,17170.81
1183,83.06,171.0,1.0,-0.0,0.0,8550.0,2000.0,-0.0,14203.26,3653.26
1184,66.53,171.0,1.0,-0.0,0.0,8550.0,2000.0,-0.0,11376.630000000001,826.630000000001
1185,47.29,68.0,1.0,-0.0,0.0,3400.0,2000.0,-0.0,3215.72,-2184.28
1186,43.33,68.0,1.0,-0.0,-0.0,3400.0,2000.0,-0.0,2946.44,-2453.56
1187,45.07,68.0,1.0,-0.0,-0.0,3400.0,2000.0,-0.0,3064.76,-2335.24
1188,52.86,171.0,1.0,-0.0,-0.0,8550.0,2000.0,-0.0,9039.06,-1510.9400000000005
1189,185.14,171.0,1.0,-0.0,-0.0,8550.0,2000.0,-0.0,31658.94,21108.94
1190,251.31,171.0,1.0,-0.0,0.0,8550.0,2000.0,-0.0,42974.01,32424.010000000002
1191,286.59,171.0,1.0,-0.0,0.0,8550.0,2000.0,-0.0,49006.88999999999,38456.88999999999
1192,296.94,171.0,1.0,-0.0,0.0,8550.0,2000.0,-0.0,50776.74,40226.74
1193,185.42,171.0,1.0,-0.0,0.0,8550.0,2000.0,-0.0,31706.819999999996,21156.819999999996
1194,120.22,171.0,1.0,-0.0,0.0,8550.0,2000.0,-0.0,20557.62,10007.619999999999
1195,114.44,171.0,1.0,-0.0,0.0,8550.0,2000.0,-0.0,19569.239999999998,9019.239999999998
1196,127.01,171.0,1.0,-0.0,0.0,8550.0,2000.0,-0.0,21718.71,11168.71
1197,93.8,171.0,1.0,-0.0,0.0,8550.0,2000.0,-0.0,16039.8,5489.799999999999
1198,73.34,171.0,1.0,-0.0,0.0,8550.0,2000.0,-0.0,12541.140000000001,1991.1400000000012
1199,88.07,171.0,1.0,-0.0,0.0,8550.0,2000.0,-0.0,15059.97,4509.969999999999
1200,219.72,171.0,1.0,-0.0,0.0,8550.0,2000.0,-0.0,37572.12,27022.120000000003
1201,320.07,171.0,1.0,-0.0,0.0,8550.0,2000.0,-0.0,54731.97,44181.97
1202,341.52,171.0,1.0,-0.0,0.0,8550.0,2000.0,-0.0,58399.92,47849.92
1203,63.88,171.0,1.0,-0.0,0.0,8550.0,2000.0,-0.0,10923.48,373.47999999999956
1204,49.29,0.0,-0.0,-0.0,1.0,0.0,-0.0,-0.0,0.0,0.0
1205,44.61,0.0,-0.0,-0.0,0.0,0.0,-0.0,-0.0,0.0,0.0
1206,38.79,0.0,-0.0,-0.0,0.0,0.0,-0.0,-0.0,0.0,0.0
1207,34.18,0.0,-0.0,-0.0,0.0,0.0,-0.0,-0.0,0.0,0.0
1208,27.19,0.0,-0.0,-0.0,0.0,0.0,-0.0,-0.0,0.0,0.0
1209,22.29,0.0,-0.0,-0.0,0.0,0.0,-0.0,-0.0,0.0,0.0
1210,18.08,0.0,-0.0,-0.0,0.0,0.0,-0.0,-0.0,0.0,0.0
1211,19.07,0.0,0.0,-0.0,-0.0,0.0,0.0,-0.0,0.0,0.0
1212,41.44,0.0,0.0,-0.0,-0.0,0.0,0.0,-0.0,0.0,0.0
1213,76.48,171.0,1.0,1.0,-0.0,8550.0,2000.0,10000.0,13078.08,-7471.92
1214,106.01,171.0,1.0,-0.0,-0.0,8550.0,2000.0,-0.0,18127.71,7577.709999999999
1215,112.11,171.0,1.0,-0.0,0.0,8550.0,2000.0,-0.0,19170.81,8620.810000000001
1216,103.23,171.0,1.0,-0.0,0.0,8550.0,2000.0,-0.0,17652.33,7102.330000000002
1217,83.26,171.0,1.0,-0.0,0.0,8550.0,2000.0,-0.0,14237.460000000001,3687.460000000001
1218,82.43,171.0,1.0,-0.0,0.0,8550.0,2000.0,-0.0,14095.53,3545.5300000000007
1219,92.62,171.0,1.0,-0.0,0.0,8550.0,2000.0,-0.0,15838.02,5288.02
1220,79.09,171.0,1.0,-0.0,0.0,8550.0,2000.0,-0.0,13524.390000000001,2974.3900000000012
1221,67.7,171.0,1.0,-0.0,0.0,8550.0,2000.0,-0.0,11576.7,1026.7000000000007
1222,78.21,171.0,1.0,-0.0,0.0,8550.0,2000.0,-0.0,13373.909999999998,2823.909999999998
1223,86.36,171.0,1.0,-0.0,0.0,8550.0,2000.0,-0.0,14767.56,4217.5599999999995
1224,119.16,171.0,1.0,-0.0,0.0,8550.0,2000.0,-0.0,20376.36,9826.36
1225,140.3,171.0,1.0,-0.0,0.0,8550.0,2000.0,-0.0,23991.300000000003,13441.300000000003
1226,126.5,171.0,1.0,-0.0,0.0,8550.0,2000.0,-0.0,21631.5,11081.5
1227,124.92,171.0,1.0,-0.0,0.0,8550.0,2000.0,-0.0,21361.32,10811.32
1228,75.42,171.0,1.0,-0.0,0.0,8550.0,2000.0,-0.0,12896.82,2346.8199999999997
1229,48.17,0.0,-0.0,-0.0,1.0,0.0,-0.0,-0.0,0.0,0.0
1230,41.97,0.0,-0.0,-0.0,0.0,0.0,-0.0,-0.0,0.0,0.0
1231,43.69,0.0,-0.0,-0.0,0.0,0.0,-0.0,-0.0,0.0,0.0
1232,43.94,0.0,0.0,-0.0,-0.0,0.0,0.0,-0.0,0.0,0.0
1233,48.6,0.0,0.0,-0.0,-0.0,0.0,0.0,-0.0,0.0,0.0
1234,50.61,0.0,0.0,-0.0,-0.0,0.0,0.0,-0.0,0.0,0.0
1235,53.24,0.0,0.0,-0.0,-0.0,0.0,0.0,-0.0,0.0,0.0
1236,60.07,0.0,0.0,-0.0,-0.0,0.0,0.0,-0.0,0.0,0.0
1237,107.71,0.0,0.0,0.0,-0.0,0.0,0.0,0.0,0.0,0.0
1238,74.61,0.0,0.0,-0.0,-0.0,0.0,0.0,-0.0,0.0,0.0
1239,60.23,0.0,-0.0,-0.0,0.0,0.0,-0.0,-0.0,0.0,0.0
1240,57.4,0.0,-0.0,-0.0,0.0,0.0,-0.0,-0.0,0.0,0.0
1241,50.26,0.0,-0.0,-0.0,0.0,0.0,-0.0,-0.0,0.0,0.0
1242,48.37,0.0,-0.0,-0.0,0.0,0.0,-0.0,-0.0,0.0,0.0
1243,42.84,0.0,-0.0,-0.0,0.0,0.0,-0.0,-0.0,0.0,0.0
1244,44.7,0.0,-0.0,-0.0,0.0,0.0,-0.0,-0.0,0.0,0.0
1245,41.5,0.0,-0.0,-0.0,0.0,0.0,-0.0,-0.0,0.0,0.0
1246,40.22,0.0,-0.0,-0.0,0.0,0.0,-0.0,-0.0,0.0,0.0
1247,49.01,0.0,-0.0,-0.0,0.0,0.0,-0.0,-0.0,0.0,0.0
1248,57.44,0.0,-0.0,-0.0,0.0,0.0,-0.0,-0.0,0.0,0.0
1249,60.54,0.0,-0.0,-0.0,0.0,0.0,-0.0,-0.0,0.0,0.0
1250,62.35,0.0,0.0,-0.0,-0.0,0.0,0.0,-0.0,0.0,0.0
1251,49.09,0.0,-0.0,-0.0,0.0,0.0,-0.0,-0.0,0.0,0.0
1252,35.64,0.0,-0.0,-0.0,0.0,0.0,-0.0,-0.0,0.0,0.0
1253,30.7,0.0,-0.0,-0.0,0.0,0.0,-0.0,-0.0,0.0,0.0
1254,27.91,0.0,-0.0,-0.0,0.0,0.0,-0.0,-0.0,0.0,0.0
1255,28.62,0.0,-0.0,-0.0,0.0,0.0,-0.0,-0.0,0.0,0.0
1256,26.16,0.0,-0.0,-0.0,0.0,0.0,-0.0,-0.0,0.0,0.0
1257,27.8,0.0,-0.0,-0.0,0.0,0.0,-0.0,-0.0,0.0,0.0
1258,25.49,0.0,-0.0,-0.0,0.0,0.0,-0.0,-0.0,0.0,0.0
1259,26.05,0.0,-0.0,-0.0,0.0,0.0,-0.0,-0.0,0.0,0.0
1260,37.81,0.0,-0.0,-0.0,0.0,0.0,-0.0,-0.0,0.0,0.0
1261,67.0,0.0,0.0,-0.0,-0.0,0.0,0.0,-0.0,0.0,0.0
1262,44.97,0.0,-0.0,-0.0,0.0,0.0,-0.0,-0.0,0.0,0.0
1263,56.04,0.0,-0.0,-0.0,0.0,0.0,-0.0,-0.0,0.0,0.0
1264,52.47,0.0,-0.0,-0.0,0.0,0.0,-0.0,-0.0,0.0,0.0
1265,47.03,0.0,-0.0,-0.0,0.0,0.0,-0.0,-0.0,0.0,0.0
1266,53.4,0.0,-0.0,-0.0,0.0,0.0,-0.0,-0.0,0.0,0.0
1267,40.64,0.0,-0.0,-0.0,0.0,0.0,-0.0,-0.0,0.0,0.0
1268,38.93,0.0,-0.0,-0.0,0.0,0.0,-0.0,-0.0,0.0,0.0
1269,33.06,0.0,-0.0,-0.0,0.0,0.0,-0.0,-0.0,0.0,0.0
1270,33.82,0.0,-0.0,-0.0,0.0,0.0,-0.0,-0.0,0.0,0.0
1271,37.84,0.0,-0.0,-0.0,0.0,0.0,-0.0,-0.0,0.0,0.0
1272,35.46,0.0,-0.0,-0.0,0.0,0.0,-0.0,-0.0,0.0,0.0
1273,39.68,0.0,-0.0,-0.0,0.0,0.0,-0.0,-0.0,0.0,0.0
1274,44.99,0.0,-0.0,-0.0,0.0,0.0,-0.0,-0.0,0.0,0.0
1275,36.4,0.0,-0.0,-0.0,0.0,0.0,-0.0,-0.0,0.0,0.0
1276,35.33,0.0,-0.0,-0.0,0.0,0.0,-0.0,-0.0,0.0,0.0
1277,32.01,0.0,-0.0,-0.0,0.0,0.0,-0.0,-0.0,0.0,0.0
1278,22.8,0.0,-0.0,-0.0,0.0,0.0,-0.0,-0.0,0.0,0.0
1279,21.85,0.0,-0.0,-0.0,0.0,0.0,-0.0,-0.0,0.0,0.0
1280,20.12,0.0,-0.0,-0.0,0.0,0.0,-0.0,-0.0,0.0,0.0
1281,21.64,0.0,-0.0,-0.0,0.0,0.0,-0.0,-0.0,0.0,0.0
1282,20.17,0.0,-0.0,-0.0,0.0,0.0,-0.0,-0.0,0.0,0.0
1283,15.35,0.0,-0.0,-0.0,0.0,0.0,-0.0,-0.0,0.0,0.0
1284,20.24,0.0,-0.0,-0.0,0.0,0.0,-0.0,-0.0,0.0,0.0
1285,70.33,0.0,0.0,-0.0,-0.0,0.0,0.0,-0.0,0.0,0.0
1286,49.8,0.0,-0.0,-0.0,0.0,0.0,-0.0,-0.0,0.0,0.0
1287,47.22,0.0,-0.0,-0.0,0.0,0.0,-0.0,-0.0,0.0,0.0
1288,44.07,0.0,-0.0,-0.0,0.0,0.0,-0.0,-0.0,0.0,0.0
1289,37.12,0.0,-0.0,-0.0,0.0,0.0,-0.0,-0.0,0.0,0.0
1290,34.52,0.0,-0.0,-0.0,0.0,0.0,-0.0,-0.0,0.0,0.0
1291,33.84,0.0,-0.0,-0.0,0.0,0.0,-0.0,-0.0,0.0,0.0
1292,30.1,0.0,-0.0,-0.0,0.0,0.0,-0.0,-0.0,0.0,0.0
1293,27.36,0.0,0.0,-0.0,-0.0,0.0,0.0,-0.0,0.0,0.0
1294,28.38,0.0,0.0,-0.0,-0.0,0.0,0.0,-0.0,0.0,0.0
1295,27.76,0.0,0.0,-0.0,-0.0,0.0,0.0,-0.0,0.0,0.0
1296,32.4,0.0,0.0,0.0,-0.0,0.0,0.0,0.0,0.0,0.0
1297,63.36,0.0,0.0,0.0,-0.0,0.0,0.0,0.0,0.0,0.0
1298,151.17,0.0,0.0,0.0,-0.0,0.0,0.0,0.0,0.0,0.0
1299,34.75,0.0,0.0,-0.0,0.0,0.0,0.0,-0.0,0.0,0.0
1300,26.4,0.0,0.0,-0.0,0.0,0.0,0.0,-0.0,0.0,0.0
1301,29.15,0.0,0.0,-0.0,0.0,0.0,0.0,-0.0,0.0,0.0
1302,21.26,0.0,-0.0,-0.0,0.0,0.0,-0.0,-0.0,0.0,0.0
1303,13.38,0.0,-0.0,-0.0,0.0,0.0,-0.0,-0.0,0.0,0.0
1304,2.81,0.0,-0.0,-0.0,0.0,0.0,-0.0,-0.0,0.0,0.0
1305,0.06,0.0,-0.0,-0.0,0.0,0.0,-0.0,-0.0,0.0,0.0
1306,0.0,0.0,-0.0,-0.0,0.0,0.0,-0.0,-0.0,0.0,0.0
1307,0.0,0.0,-0.0,-0.0,0.0,0.0,-0.0,-0.0,0.0,0.0
1308,15.51,0.0,-0.0,-0.0,0.0,0.0,-0.0,-0.0,0.0,0.0
1309,59.94,0.0,-0.0,-0.0,0.0,0.0,-0.0,-0.0,0.0,0.0
1310,56.8,0.0,-0.0,-0.0,0.0,0.0,-0.0,-0.0,0.0,0.0
1311,31.32,0.0,-0.0,-0.0,0.0,0.0,-0.0,-0.0,0.0,0.0
1312,24.52,0.0,-0.0,-0.0,0.0,0.0,-0.0,-0.0,0.0,0.0
1313,22.88,0.0,-0.0,-0.0,0.0,0.0,-0.0,-0.0,0.0,0.0
1314,20.79,0.0,-0.0,-0.0,0.0,0.0,-0.0,-0.0,0.0,0.0
1315,20.46,0.0,-0.0,-0.0,0.0,0.0,-0.0,-0.0,0.0,0.0
1316,20.58,0.0,-0.0,-0.0,0.0,0.0,-0.0,-0.0,0.0,0.0
1317,19.31,0.0,-0.0,-0.0,0.0,0.0,-0.0,-0.0,0.0,0.0
1318,20.49,0.0,-0.0,-0.0,0.0,0.0,-0.0,-0.0,0.0,0.0
1319,24.48,0.0,-0.0,-0.0,0.0,0.0,-0.0,-0.0,0.0,0.0
1320,30.44,0.0,-0.0,-0.0,0.0,0.0,-0.0,-0.0,0.0,0.0
1321,42.03,0.0,-0.0,-0.0,0.0,0.0,-0.0,-0.0,0.0,0.0
1322,48.86,0.0,-0.0,-0.0,0.0,0.0,-0.0,-0.0,0.0,0.0
1323,22.24,0.0,-0.0,-0.0,0.0,0.0,-0.0,-0.0,0.0,0.0
1324,16.36,0.0,-0.0,-0.0,0.0,0.0,-0.0,-0.0,0.0,0.0
1325,16.42,0.0,-0.0,-0.0,0.0,0.0,-0.0,-0.0,0.0,0.0
1326,8.6,0.0,-0.0,-0.0,0.0,0.0,-0.0,-0.0,0.0,0.0
1327,9.93,0.0,-0.0,-0.0,0.0,0.0,-0.0,-0.0,0.0,0.0
1328,8.61,0.0,-0.0,-0.0,0.0,0.0,-0.0,-0.0,0.0,0.0
1329,8.13,0.0,-0.0,-0.0,0.0,0.0,-0.0,-0.0,0.0,0.0
1330,11.78,0.0,-0.0,-0.0,0.0,0.0,-0.0,-0.0,0.0,0.0
1331,2.98,0.0,-0.0,-0.0,0.0,0.0,-0.0,-0.0,0.0,0.0
1332,6.86,0.0,-0.0,-0.0,0.0,0.0,-0.0,-0.0,0.0,0.0
1333,36.76,0.0,-0.0,-0.0,0.0,0.0,-0.0,-0.0,0.0,0.0
1334,32.48,0.0,-0.0,-0.0,0.0,0.0,-0.0,-0.0,0.0,0.0
1335,24.46,0.0,-0.0,-0.0,0.0,0.0,-0.0,-0.0,0.0,0.0
1336,20.45,0.0,-0.0,-0.0,0.0,0.0,-0.0,-0.0,0.0,0.0
1337,12.92,0.0,-0.0,-0.0,0.0,0.0,-0.0,-0.0,0.0,0.0
1338,11.1,0.0,-0.0,-0.0,0.0,0.0,-0.0,-0.0,0.0,0.0
1339,14.93,0.0,-0.0,-0.0,0.0,0.0,-0.0,-0.0,0.0,0.0
1340,14.2,0.0,-0.0,-0.0,0.0,0.0,-0.0,-0.0,0.0,0.0
1341,9.31,0.0,-0.0,-0.0,0.0,0.0,-0.0,-0.0,0.0,0.0
1342,6.24,0.0,-0.0,-0.0,0.0,0.0,-0.0,-0.0,0.0,0.0
1343,3.24,0.0,-0.0,-0.0,0.0,0.0,-0.0,-0.0,0.0,0.0
1344,14.82,0.0,-0.0,-0.0,0.0,0.0,-0.0,-0.0,0.0,0.0
1345,17.83,0.0,-0.0,-0.0,0.0,0.0,-0.0,-0.0,0.0,0.0
1346,17.97,0.0,-0.0,-0.0,0.0,0.0,-0.0,-0.0,0.0,0.0
1347,8.21,0.0,-0.0,-0.0,0.0,0.0,-0.0,-0.0,0.0,0.0
1348,0.09,0.0,-0.0,-0.0,0.0,0.0,-0.0,-0.0,0.0,0.0
1349,-2.49,0.0,-0.0,-0.0,0.0,0.0,-0.0,-0.0,-0.0,0.0
1350,-2.59,0.0,-0.0,-0.0,0.0,0.0,-0.0,-0.0,-0.0,0.0
1351,-2.96,0.0,-0.0,-0.0,0.0,0.0,-0.0,-0.0,-0.0,0.0
1352,-1.9,0.0,-0.0,-0.0,0.0,0.0,-0.0,-0.0,-0.0,0.0
1353,-0.87,0.0,-0.0,-0.0,0.0,0.0,-0.0,-0.0,-0.0,0.0
1354,0.88,0.0,-0.0,-0.0,0.0,0.0,-0.0,-0.0,0.0,0.0
1355,-0.18,0.0,-0.0,-0.0,0.0,0.0,-0.0,-0.0,-0.0,0.0
1356,13.11,0.0,-0.0,-0.0,0.0,0.0,-0.0,-0.0,0.0,0.0
1357,19.9,0.0,-0.0,-0.0,0.0,0.0,-0.0,-0.0,0.0,0.0
1358,21.8,0.0,-0.0,-0.0,0.0,0.0,-0.0,-0.0,0.0,0.0
1359,17.99,0.0,-0.0,-0.0,0.0,0.0,-0.0,-0.0,0.0,0.0
1360,19.25,0.0,-0.0,-0.0,0.0,0.0,-0.0,-0.0,0.0,0.0
1361,18.09,0.0,-0.0,-0.0,0.0,0.0,-0.0,-0.0,0.0,0.0
1362,15.62,0.0,-0.0,-0.0,0.0,0.0,-0.0,-0.0,0.0,0.0
1363,15.94,0.0,-0.0,-0.0,0.0,0.0,-0.0,-0.0,0.0,0.0
1364,8.24,0.0,-0.0,-0.0,0.0,0.0,-0.0,-0.0,0.0,0.0
1365,8.03,0.0,-0.0,-0.0,0.0,0.0,-0.0,-0.0,0.0,0.0
1366,14.71,0.0,-0.0,-0.0,0.0,0.0,-0.0,-0.0,0.0,0.0
1367,14.94,0.0,-0.0,-0.0,0.0,0.0,-0.0,-0.0,0.0,0.0
1368,15.65,0.0,-0.0,-0.0,0.0,0.0,-0.0,-0.0,0.0,0.0
1369,20.53,0.0,-0.0,-0.0,0.0,0.0,-0.0,-0.0,0.0,0.0
1370,20.82,0.0,-0.0,-0.0,0.0,0.0,-0.0,-0.0,0.0,0.0
1371,20.42,0.0,-0.0,-0.0,0.0,0.0,-0.0,-0.0,0.0,0.0
1372,24.1,0.0,-0.0,-0.0,0.0,0.0,-0.0,-0.0,0.0,0.0
1373,16.08,0.0,-0.0,-0.0,0.0,0.0,-0.0,-0.0,0.0,0.0
1374,6.15,0.0,-0.0,-0.0,0.0,0.0,-0.0,-0.0,0.0,0.0
1375,2.91,0.0,-0.0,-0.0,0.0,0.0,-0.0,-0.0,0.0,0.0
1376,10.68,0.0,-0.0,-0.0,0.0,0.0,-0.0,-0.0,0.0,0.0
1377,19.53,0.0,-0.0,-0.0,0.0,0.0,-0.0,-0.0,0.0,0.0
1378,17.58,0.0,-0.0,-0.0,0.0,0.0,-0.0,-0.0,0.0,0.0
1379,11.63,0.0,0.0,-0.0,-0.0,0.0,0.0,-0.0,0.0,0.0
1380,20.13,0.0,0.0,-0.0,-0.0,0.0,0.0,-0.0,0.0,0.0
1381,58.14,171.0,1.0,1.0,-0.0,8550.0,2000.0,10000.0,9941.94,-10608.06
1382,82.17,171.0,1.0,0.0,-0.0,8550.0,2000.0,0.0,14051.07,3501.0699999999997
1383,97.51,171.0,1.0,-0.0,-0.0,8550.0,2000.0,-0.0,16674.21,6124.209999999999
1384,81.88,171.0,1.0,-0.0,-0.0,8550.0,2000.0,-0.0,14001.48,3451.4799999999996
1385,44.59,0.0,-0.0,-0.0,1.0,0.0,-0.0,-0.0,0.0,0.0
1386,40.77,0.0,-0.0,-0.0,0.0,0.0,-0.0,-0.0,0.0,0.0
1387,29.78,0.0,-0.0,-0.0,0.0,0.0,-0.0,-0.0,0.0,0.0
1388,29.36,0.0,-0.0,-0.0,0.0,0.0,-0.0,-0.0,0.0,0.0
1389,24.42,0.0,-0.0,-0.0,0.0,0.0,-0.0,-0.0,0.0,0.0
1390,22.83,0.0,-0.0,-0.0,0.0,0.0,-0.0,-0.0,0.0,0.0
1391,21.41,0.0,-0.0,-0.0,0.0,0.0,-0.0,-0.0,0.0,0.0
1392,23.54,0.0,-0.0,-0.0,0.0,0.0,-0.0,-0.0,0.0,0.0
1393,33.4,0.0,-0.0,-0.0,0.0,0.0,-0.0,-0.0,0.0,0.0
1394,36.8,0.0,-0.0,-0.0,0.0,0.0,-0.0,-0.0,0.0,0.0
1395,16.3,0.0,-0.0,-0.0,0.0,0.0,-0.0,-0.0,0.0,0.0
1396,17.88,0.0,-0.0,-0.0,0.0,0.0,-0.0,-0.0,0.0,0.0
1397,14.38,0.0,-0.0,-0.0,0.0,0.0,-0.0,-0.0,0.0,0.0
1398,4.01,0.0,-0.0,-0.0,0.0,0.0,-0.0,-0.0,0.0,0.0
1399,2.1,0.0,-0.0,-0.0,0.0,0.0,-0.0,-0.0,0.0,0.0
1400,0.52,0.0,-0.0,-0.0,0.0,0.0,-0.0,-0.0,0.0,0.0
1401,4.97,0.0,-0.0,-0.0,0.0,0.0,-0.0,-0.0,0.0,0.0
1402,15.13,0.0,-0.0,-0.0,0.0,0.0,-0.0,-0.0,0.0,0.0
1403,13.6,0.0,-0.0,-0.0,0.0,0.0,-0.0,-0.0,0.0,0.0
1404,20.65,0.0,-0.0,-0.0,0.0,0.0,-0.0,-0.0,0.0,0.0
1405,69.16,0.0,0.0,-0.0,-0.0,0.0,0.0,-0.0,0.0,0.0
1406,55.86,0.0,-0.0,-0.0,0.0,0.0,-0.0,-0.0,0.0,0.0
1407,58.56,0.0,-0.0,-0.0,0.0,0.0,-0.0,-0.0,0.0,0.0
1408,34.56,0.0,-0.0,-0.0,0.0,0.0,-0.0,-0.0,0.0,0.0
1409,35.81,0.0,0.0,-0.0,-0.0,0.0,0.0,-0.0,0.0,0.0
1410,33.34,0.0,0.0,-0.0,-0.0,0.0,0.0,-0.0,0.0,0.0
1411,54.13,0.0,0.0,-0.0,-0.0,0.0,0.0,-0.0,0.0,0.0
1412,67.65,0.0,0.0,-0.0,-0.0,0.0,0.0,-0.0,0.0,0.0
1413,42.64,0.0,0.0,-0.0,-0.0,0.0,0.0,-0.0,0.0,0.0
1414,59.09,0.0,0.0,-0.0,-0.0,0.0,0.0,-0.0,0.0,0.0
1415,88.98,171.0,1.0,1.0,-0.0,8550.0,2000.0,10000.0,15215.58,-5334.42
1416,106.86,171.0,1.0,-0.0,-0.0,8550.0,2000.0,-0.0,18273.06,7723.060000000001
1417,72.28,171.0,1.0,-0.0,0.0,8550.0,2000.0,-0.0,12359.880000000001,1809.880000000001
1418,247.4,171.0,1.0,-0.0,0.0,8550.0,2000.0,-0.0,42305.4,31755.4
1419,22.6,0.0,-0.0,-0.0,1.0,0.0,-0.0,-0.0,0.0,0.0
1420,15.47,0.0,-0.0,-0.0,0.0,0.0,-0.0,-0.0,0.0,0.0
1421,14.67,0.0,-0.0,-0.0,0.0,0.0,-0.0,-0.0,0.0,0.0
1422,15.38,0.0,-0.0,-0.0,0.0,0.0,-0.0,-0.0,0.0,0.0
1423,19.17,0.0,-0.0,-0.0,0.0,0.0,-0.0,-0.0,0.0,0.0
1424,21.27,0.0,-0.0,-0.0,0.0,0.0,-0.0,-0.0,0.0,0.0
1425,22.63,0.0,0.0,-0.0,-0.0,0.0,0.0,-0.0,0.0,0.0
1426,20.4,0.0,0.0,-0.0,-0.0,0.0,0.0,-0.0,0.0,0.0
1427,23.23,0.0,0.0,-0.0,-0.0,0.0,0.0,-0.0,0.0,0.0
1428,53.75,171.0,1.0,1.0,-0.0,8550.0,2000.0,10000.0,9191.25,-11358.75
1429,214.93,171.0,1.0,0.0,-0.0,8550.0,2000.0,0.0,36753.03,26203.03
1430,84.83,171.0,1.0,-0.0,0.0,8550.0,2000.0,-0.0,14505.93,3955.9300000000003
1431,39.81,68.0,1.0,-0.0,0.0,3400.0,2000.0,-0.0,2707.08,-2692.92
1432,29.77,0.0,-0.0,-0.0,1.0,0.0,-0.0,-0.0,0.0,0.0
1433,21.14,0.0,-0.0,-0.0,0.0,0.0,-0.0,-0.0,0.0,0.0
1434,20.17,0.0,-0.0,-0.0,0.0,0.0,-0.0,-0.0,0.0,0.0
1435,20.35,0.0,-0.0,-0.0,0.0,0.0,-0.0,-0.0,0.0,0.0
1436,19.51,0.0,-0.0,-0.0,0.0,0.0,-0.0,-0.0,0.0,0.0
1437,16.75,0.0,-0.0,-0.0,0.0,0.0,-0.0,-0.0,0.0,0.0
1438,19.64,0.0,-0.0,-0.0,0.0,0.0,-0.0,-0.0,0.0,0.0
1439,19.19,0.0,-0.0,-0.0,0.0,0.0,-0.0,-0.0,0.0,0.0
1440,19.04,0.0,-0.0,-0.0,0.0,0.0,-0.0,-0.0,0.0,0.0
1441,18.72,0.0,-0.0,-0.0,0.0,0.0,-0.0,-0.0,0.0,0.0
1442,19.13,0.0,-0.0,-0.0,0.0,0.0,-0.0,-0.0,0.0,0.0
1443,-0.45,0.0,-0.0,-0.0,0.0,0.0,-0.0,-0.0,-0.0,0.0
1444,-2.85,0.0,-0.0,-0.0,0.0,0.0,-0.0,-0.0,-0.0,0.0
1445,-3.69,0.0,-0.0,-0.0,0.0,0.0,-0.0,-0.0,-0.0,0.0
1446,-5.28,0.0,-0.0,-0.0,0.0,0.0,-0.0,-0.0,-0.0,0.0
1447,-4.95,0.0,-0.0,-0.0,0.0,0.0,-0.0,-0.0,-0.0,0.0
1448,-3.86,0.0,-0.0,-0.0,0.0,0.0,-0.0,-0.0,-0.0,0.0
1449,-3.37,0.0,-0.0,-0.0,0.0,0.0,-0.0,-0.0,-0.0,0.0
1450,-2.86,0.0,-0.0,-0.0,0.0,0.0,-0.0,-0.0,-0.0,0.0
1451,-1.58,0.0,0.0,-0.0,-0.0,0.0,0.0,-0.0,-0.0,0.0
1452,22.08,0.0,0.0,-0.0,-0.0,0.0,0.0,-0.0,0.0,0.0
1453,47.08,68.0,1.0,1.0,-0.0,3400.0,2000.0,10000.0,3201.44,-12198.56
1454,105.01,171.0,1.0,0.0,-0.0,8550.0,2000.0,0.0,17956.71,7406.709999999999
1455,110.65,171.0,1.0,-0.0,-0.0,8550.0,2000.0,-0.0,18921.15,8371.150000000001
1456,86.08,171.0,1.0,-0.0,0.0,8550.0,2000.0,-0.0,14719.68,4169.68
1457,39.0,0.0,-0.0,-0.0,1.0,0.0,-0.0,-0.0,0.0,0.0
1458,35.41,0.0,-0.0,-0.0,0.0,0.0,-0.0,-0.0,0.0,0.0
1459,30.81,0.0,-0.0,-0.0,0.0,0.0,-0.0,-0.0,0.0,0.0
1460,22.56,0.0,-0.0,-0.0,0.0,0.0,-0.0,-0.0,0.0,0.0
1461,25.19,0.0,-0.0,-0.0,0.0,0.0,-0.0,-0.0,0.0,0.0
1462,20.35,0.0,-0.0,-0.0,0.0,0.0,-0.0,-0.0,0.0,0.0
1463,18.42,0.0,-0.0,-0.0,0.0,0.0,-0.0,-0.0,0.0,0.0
1464,23.6,0.0,-0.0,-0.0,0.0,0.0,-0.0,-0.0,0.0,0.0
1465,26.86,0.0,-0.0,-0.0,0.0,0.0,-0.0,-0.0,0.0,0.0
1466,26.3,0.0,-0.0,-0.0,0.0,0.0,-0.0,-0.0,0.0,0.0
1467,23.52,0.0,-0.0,-0.0,0.0,0.0,-0.0,-0.0,0.0,0.0
1468,41.05,0.0,-0.0,-0.0,0.0,0.0,-0.0,-0.0,0.0,0.0
1469,40.15,0.0,-0.0,-0.0,0.0,0.0,-0.0,-0.0,0.0,0.0
1470,22.6,0.0,-0.0,-0.0,0.0,0.0,-0.0,-0.0,0.0,0.0
1471,24.0,0.0,-0.0,-0.0,0.0,0.0,-0.0,-0.0,0.0,0.0
1472,33.42,0.0,-0.0,-0.0,0.0,0.0,-0.0,-0.0,0.0,0.0
1473,35.67,0.0,0.0,-0.0,-0.0,0.0,0.0,-0.0,0.0,0.0
1474,80.73,0.0,0.0,-0.0,-0.0,0.0,0.0,-0.0,0.0,0.0
1475,47.23,0.0,-0.0,-0.0,0.0,0.0,-0.0,-0.0,0.0,0.0
1476,17.92,0.0,-0.0,-0.0,0.0,0.0,-0.0,-0.0,0.0,0.0
1477,20.69,0.0,-0.0,-0.0,0.0,0.0,-0.0,-0.0,0.0,0.0
1478,28.73,0.0,-0.0,-0.0,0.0,0.0,-0.0,-0.0,0.0,0.0
1479,35.29,0.0,-0.0,-0.0,0.0,0.0,-0.0,-0.0,0.0,0.0
1480,30.01,0.0,-0.0,-0.0,0.0,0.0,-0.0,-0.0,0.0,0.0
1481,19.0,0.0,-0.0,-0.0,0.0,0.0,-0.0,-0.0,0.0,0.0
1482,32.4,0.0,-0.0,-0.0,0.0,0.0,-0.0,-0.0,0.0,0.0
1483,21.48,0.0,-0.0,-0.0,0.0,0.0,-0.0,-0.0,0.0,0.0
1484,24.9,0.0,-0.0,-0.0,0.0,0.0,-0.0,-0.0,0.0,0.0
1485,24.6,0.0,-0.0,-0.0,0.0,0.0,-0.0,-0.0,0.0,0.0
1486,21.2,0.0,-0.0,-0.0,0.0,0.0,-0.0,-0.0,0.0,0.0
1487,19.3,0.0,-0.0,-0.0,0.0,0.0,-0.0,-0.0,0.0,0.0
1488,21.22,0.0,-0.0,-0.0,0.0,0.0,-0.0,-0.0,0.0,0.0
1489,12.8,0.0,-0.0,-0.0,0.0,0.0,-0.0,-0.0,0.0,0.0
1490,18.85,0.0,-0.0,-0.0,0.0,0.0,-0.0,-0.0,0.0,0.0
1491,18.24,0.0,-0.0,-0.0,0.0,0.0,-0.0,-0.0,0.0,0.0
1492,8.98,0.0,-0.0,-0.0,0.0,0.0,-0.0,-0.0,0.0,0.0
1493,-1.32,0.0,-0.0,-0.0,0.0,0.0,-0.0,-0.0,-0.0,0.0
1494,-1.62,0.0,-0.0,-0.0,0.0,0.0,-0.0,-0.0,-0.0,0.0
1495,-2.65,0.0,-0.0,-0.0,0.0,0.0,-0.0,-0.0,-0.0,0.0
1496,-3.12,0.0,-0.0,-0.0,0.0,0.0,-0.0,-0.0,-0.0,0.0
1497,-2.47,0.0,-0.0,-0.0,0.0,0.0,-0.0,-0.0,-0.0,0.0
1498,17.51,0.0,-0.0,-0.0,0.0,0.0,-0.0,-0.0,0.0,0.0
1499,26.48,0.0,-0.0,-0.0,0.0,0.0,-0.0,-0.0,0.0,0.0
1500,4.26,0.0,-0.0,-0.0,0.0,0.0,-0.0,-0.0,0.0,0.0
1501,25.8,0.0,-0.0,-0.0,0.0,0.0,-0.0,-0.0,0.0,0.0
1502,31.09,0.0,-0.0,-0.0,0.0,0.0,-0.0,-0.0,0.0,0.0
1503,36.34,0.0,-0.0,-0.0,0.0,0.0,-0.0,-0.0,0.0,0.0
1504,37.96,0.0,-0.0,-0.0,0.0,0.0,-0.0,-0.0,0.0,0.0
1505,36.77,0.0,-0.0,-0.0,0.0,0.0,-0.0,-0.0,0.0,0.0
1506,26.32,0.0,-0.0,-0.0,0.0,0.0,-0.0,-0.0,0.0,0.0
1507,22.46,0.0,-0.0,-0.0,0.0,0.0,-0.0,-0.0,0.0,0.0
1508,21.55,0.0,-0.0,-0.0,0.0,0.0,-0.0,-0.0,0.0,0.0
1509,23.78,0.0,-0.0,-0.0,0.0,0.0,-0.0,-0.0,0.0,0.0
1510,22.37,0.0,-0.0,-0.0,0.0,0.0,-0.0,-0.0,0.0,0.0
1511,23.37,0.0,-0.0,-0.0,0.0,0.0,-0.0,-0.0,0.0,0.0
1512,24.5,0.0,-0.0,-0.0,0.0,0.0,-0.0,-0.0,0.0,0.0
1513,36.24,0.0,-0.0,-0.0,0.0,0.0,-0.0,-0.0,0.0,0.0
1514,33.85,0.0,-0.0,-0.0,0.0,0.0,-0.0,-0.0,0.0,0.0
1515,17.44,0.0,-0.0,-0.0,0.0,0.0,-0.0,-0.0,0.0,0.0
1516,-0.25,0.0,-0.0,-0.0,0.0,0.0,-0.0,-0.0,-0.0,0.0
1517,-0.48,0.0,-0.0,-0.0,0.0,0.0,-0.0,-0.0,-0.0,0.0
1518,-0.03,0.0,-0.0,-0.0,0.0,0.0,-0.0,-0.0,-0.0,0.0
1519,0.75,0.0,-0.0,-0.0,0.0,0.0,-0.0,-0.0,0.0,0.0
1520,18.39,0.0,-0.0,-0.0,0.0,0.0,-0.0,-0.0,0.0,0.0
1521,14.7,0.0,-0.0,-0.0,0.0,0.0,-0.0,-0.0,0.0,0.0
1522,14.5,0.0,-0.0,-0.0,0.0,0.0,-0.0,-0.0,0.0,0.0
1523,11.32,0.0,0.0,-0.0,-0.0,0.0,0.0,-0.0,0.0,0.0
1524,25.5,0.0,0.0,-0.0,-0.0,0.0,0.0,-0.0,0.0,0.0
1525,76.18,0.0,0.0,-0.0,-0.0,0.0,0.0,-0.0,0.0,0.0
1526,101.08,0.0,0.0,-0.0,-0.0,0.0,0.0,-0.0,0.0,0.0
1527,62.67,0.0,0.0,-0.0,-0.0,0.0,0.0,-0.0,0.0,0.0
1528,37.34,0.0,-0.0,-0.0,0.0,0.0,-0.0,-0.0,0.0,0.0
1529,32.2,0.0,-0.0,-0.0,0.0,0.0,-0.0,-0.0,0.0,0.0
1530,26.99,0.0,-0.0,-0.0,0.0,0.0,-0.0,-0.0,0.0,0.0
1531,25.3,0.0,-0.0,-0.0,0.0,0.0,-0.0,-0.0,0.0,0.0
1532,31.41,0.0,-0.0,-0.0,0.0,0.0,-0.0,-0.0,0.0,0.0
1533,28.0,0.0,-0.0,-0.0,0.0,0.0,-0.0,-0.0,0.0,0.0
1534,27.63,0.0,-0.0,-0.0,0.0,0.0,-0.0,-0.0,0.0,0.0
1535,28.82,0.0,0.0,-0.0,-0.0,0.0,0.0,-0.0,0.0,0.0
1536,33.87,0.0,0.0,-0.0,-0.0,0.0,0.0,-0.0,0.0,0.0
1537,58.08,0.0,0.0,-0.0,-0.0,0.0,0.0,-0.0,0.0,0.0
1538,116.84,0.0,0.0,-0.0,-0.0,0.0,0.0,-0.0,0.0,0.0
1539,28.46,0.0,-0.0,-0.0,0.0,0.0,-0.0,-0.0,0.0,0.0
1540,10.77,0.0,-0.0,-0.0,0.0,0.0,-0.0,-0.0,0.0,0.0
1541,5.43,0.0,-0.0,-0.0,0.0,0.0,-0.0,-0.0,0.0,0.0
1542,-0.45,0.0,-0.0,-0.0,0.0,0.0,-0.0,-0.0,-0.0,0.0
1543,0.83,0.0,-0.0,-0.0,0.0,0.0,-0.0,-0.0,0.0,0.0
1544,-0.7,0.0,-0.0,-0.0,0.0,0.0,-0.0,-0.0,-0.0,0.0
1545,-1.67,0.0,-0.0,-0.0,0.0,0.0,-0.0,-0.0,-0.0,0.0
1546,-0.56,0.0,-0.0,-0.0,0.0,0.0,-0.0,-0.0,-0.0,0.0
1547,3.26,0.0,-0.0,-0.0,0.0,0.0,-0.0,-0.0,0.0,0.0
1548,17.56,0.0,-0.0,-0.0,0.0,0.0,-0.0,-0.0,0.0,0.0
1549,28.44,0.0,-0.0,-0.0,0.0,0.0,-0.0,-0.0,0.0,0.0
1550,34.33,0.0,-0.0,-0.0,0.0,0.0,-0.0,-0.0,0.0,0.0
1551,44.24,0.0,-0.0,-0.0,0.0,0.0,-0.0,-0.0,0.0,0.0
1552,42.24,0.0,-0.0,-0.0,0.0,0.0,-0.0,-0.0,0.0,0.0
1553,25.85,0.0,-0.0,-0.0,0.0,0.0,-0.0,-0.0,0.0,0.0
1554,23.34,0.0,-0.0,-0.0,0.0,0.0,-0.0,-0.0,0.0,0.0
1555,22.15,0.0,-0.0,-0.0,0.0,0.0,-0.0,-0.0,0.0,0.0
1556,20.59,0.0,-0.0,-0.0,0.0,0.0,-0.0,-0.0,0.0,0.0
1557,23.43,0.0,-0.0,-0.0,0.0,0.0,-0.0,-0.0,0.0,0.0
1558,26.34,0.0,-0.0,-0.0,0.0,0.0,-0.0,-0.0,0.0,0.0
1559,23.73,0.0,-0.0,-0.0,0.0,0.0,-0.0,-0.0,0.0,0.0
1560,32.14,0.0,-0.0,-0.0,0.0,0.0,-0.0,-0.0,0.0,0.0
1561,36.58,0.0,-0.0,-0.0,0.0,0.0,-0.0,-0.0,0.0,0.0
1562,54.14,0.0,-0.0,-0.0,0.0,0.0,-0.0,-0.0,0.0,0.0
1563,34.04,0.0,-0.0,-0.0,0.0,0.0,-0.0,-0.0,0.0,0.0
1564,32.05,0.0,-0.0,-0.0,0.0,0.0,-0.0,-0.0,0.0,0.0
1565,23.78,0.0,-0.0,-0.0,0.0,0.0,-0.0,-0.0,0.0,0.0
1566,23.51,0.0,-0.0,-0.0,0.0,0.0,-0.0,-0.0,0.0,0.0
1567,26.04,0.0,-0.0,-0.0,0.0,0.0,-0.0,-0.0,0.0,0.0
1568,25.18,0.0,-0.0,-0.0,0.0,0.0,-0.0,-0.0,0.0,0.0
1569,24.54,0.0,-0.0,-0.0,0.0,0.0,-0.0,-0.0,0.0,0.0
1570,29.19,0.0,-0.0,-0.0,0.0,0.0,-0.0,-0.0,0.0,0.0
1571,26.41,0.0,-0.0,-0.0,0.0,0.0,-0.0,-0.0,0.0,0.0
1572,35.99,0.0,-0.0,-0.0,0.0,0.0,-0.0,-0.0,0.0,0.0
1573,61.92,0.0,0.0,-0.0,-0.0,0.0,0.0,-0.0,0.0,0.0
1574,47.64,0.0,-0.0,-0.0,0.0,0.0,-0.0,-0.0,0.0,0.0
1575,32.54,0.0,-0.0,-0.0,0.0,0.0,-0.0,-0.0,0.0,0.0
1576,27.4,0.0,-0.0,-0.0,0.0,0.0,-0.0,-0.0,0.0,0.0
1577,20.56,0.0,-0.0,-0.0,0.0,0.0,-0.0,-0.0,0.0,0.0
1578,15.45,0.0,-0.0,-0.0,0.0,0.0,-0.0,-0.0,0.0,0.0
1579,11.53,0.0,-0.0,-0.0,0.0,0.0,-0.0,-0.0,0.0,0.0
1580,10.94,0.0,-0.0,-0.0,0.0,0.0,-0.0,-0.0,0.0,0.0
1581,0.58,0.0,-0.0,-0.0,0.0,0.0,-0.0,-0.0,0.0,0.0
1582,0.33,0.0,-0.0,-0.0,0.0,0.0,-0.0,-0.0,0.0,0.0
1583,8.35,0.0,-0.0,-0.0,0.0,0.0,-0.0,-0.0,0.0,0.0
1584,4.01,0.0,-0.0,-0.0,0.0,0.0,-0.0,-0.0,0.0,0.0
1585,18.05,0.0,-0.0,-0.0,0.0,0.0,-0.0,-0.0,0.0,0.0
1586,16.61,0.0,-0.0,-0.0,0.0,0.0,-0.0,-0.0,0.0,0.0
1587,15.2,0.0,-0.0,-0.0,0.0,0.0,-0.0,-0.0,0.0,0.0
1588,10.69,0.0,-0.0,-0.0,0.0,0.0,-0.0,-0.0,0.0,0.0
1589,23.3,0.0,-0.0,-0.0,0.0,0.0,-0.0,-0.0,0.0,0.0
1590,18.87,0.0,-0.0,-0.0,0.0,0.0,-0.0,-0.0,0.0,0.0
1591,28.21,0.0,-0.0,-0.0,0.0,0.0,-0.0,-0.0,0.0,0.0
1592,28.81,0.0,-0.0,-0.0,0.0,0.0,-0.0,-0.0,0.0,0.0
1593,40.21,0.0,-0.0,-0.0,0.0,0.0,-0.0,-0.0,0.0,0.0
1594,53.74,0.0,-0.0,-0.0,0.0,0.0,-0.0,-0.0,0.0,0.0
1595,29.0,0.0,-0.0,-0.0,0.0,0.0,-0.0,-0.0,0.0,0.0
1596,19.42,0.0,-0.0,-0.0,0.0,0.0,-0.0,-0.0,0.0,0.0
1597,22.38,0.0,-0.0,-0.0,0.0,0.0,-0.0,-0.0,0.0,0.0
1598,36.74,0.0,-0.0,-0.0,0.0,0.0,-0.0,-0.0,0.0,0.0
1599,24.99,0.0,-0.0,-0.0,0.0,0.0,-0.0,-0.0,0.0,0.0
1600,29.02,0.0,-0.0,-0.0,0.0,0.0,-0.0,-0.0,0.0,0.0
1601,25.99,0.0,-0.0,-0.0,0.0,0.0,-0.0,-0.0,0.0,0.0
1602,25.56,0.0,-0.0,-0.0,0.0,0.0,-0.0,-0.0,0.0,0.0
1603,26.12,0.0,-0.0,-0.0,0.0,0.0,-0.0,-0.0,0.0,0.0
1604,26.82,0.0,-0.0,-0.0,0.0,0.0,-0.0,-0.0,0.0,0.0
1605,25.1,0.0,-0.0,-0.0,0.0,0.0,-0.0,-0.0,0.0,0.0
1606,24.28,0.0,-0.0,-0.0,0.0,0.0,-0.0,-0.0,0.0,0.0
1607,23.38,0.0,-0.0,-0.0,0.0,0.0,-0.0,-0.0,0.0,0.0
1608,26.31,0.0,-0.0,-0.0,0.0,0.0,-0.0,-0.0,0.0,0.0
1609,29.8,0.0,-0.0,-0.0,0.0,0.0,-0.0,-0.0,0.0,0.0
1610,35.46,0.0,-0.0,-0.0,0.0,0.0,-0.0,-0.0,0.0,0.0
1611,26.19,0.0,-0.0,-0.0,0.0,0.0,-0.0,-0.0,0.0,0.0
1612,29.33,0.0,-0.0,-0.0,0.0,0.0,-0.0,-0.0,0.0,0.0
1613,32.82,0.0,-0.0,-0.0,0.0,0.0,-0.0,-0.0,0.0,0.0
1614,24.72,0.0,-0.0,-0.0,0.0,0.0,-0.0,-0.0,0.0,0.0
1615,22.05,0.0,-0.0,-0.0,0.0,0.0,-0.0,-0.0,0.0,0.0
1616,21.27,0.0,-0.0,-0.0,0.0,0.0,-0.0,-0.0,0.0,0.0
1617,17.99,0.0,-0.0,-0.0,0.0,0.0,-0.0,-0.0,0.0,0.0
1618,4.09,0.0,-0.0,-0.0,0.0,0.0,-0.0,-0.0,0.0,0.0
1619,-0.12,0.0,-0.0,-0.0,0.0,0.0,-0.0,-0.0,-0.0,0.0
1620,0.03,0.0,-0.0,-0.0,0.0,0.0,-0.0,-0.0,0.0,0.0
1621,49.67,0.0,-0.0,-0.0,0.0,0.0,-0.0,-0.0,0.0,0.0
1622,55.36,0.0,-0.0,-0.0,0.0,0.0,-0.0,-0.0,0.0,0.0
1623,57.08,0.0,-0.0,-0.0,0.0,0.0,-0.0,-0.0,0.0,0.0
1624,52.88,0.0,-0.0,-0.0,0.0,0.0,-0.0,-0.0,0.0,0.0
1625,41.66,0.0,-0.0,-0.0,0.0,0.0,-0.0,-0.0,0.0,0.0
1626,40.45,0.0,-0.0,-0.0,0.0,0.0,-0.0,-0.0,0.0,0.0
1627,38.88,0.0,-0.0,-0.0,0.0,0.0,-0.0,-0.0,0.0,0.0
1628,34.6,0.0,-0.0,-0.0,0.0,0.0,-0.0,-0.0,0.0,0.0
1629,30.73,0.0,0.0,-0.0,-0.0,0.0,0.0,-0.0,0.0,0.0
1630,27.62,0.0,0.0,-0.0,-0.0,0.0,0.0,-0.0,0.0,0.0
1631,30.3,68.0,1.0,1.0,-0.0,3400.0,2000.0,10000.0,2060.4,-13339.6
1632,47.25,68.0,1.0,0.0,-0.0,3400.0,2000.0,0.0,3213.0,-2187.0
1633,56.24,171.0,1.0,0.0,-0.0,8550.0,2000.0,0.0,9617.04,-932.9599999999991
1634,182.86,171.0,1.0,0.0,-0.0,8550.0,2000.0,0.0,31269.06,20719.06
1635,21.61,0.0,0.0,-0.0,1.0,0.0,0.0,-0.0,0.0,0.0
1636,20.7,0.0,-0.0,-0.0,0.0,0.0,-0.0,-0.0,0.0,0.0
1637,18.53,0.0,-0.0,-0.0,0.0,0.0,-0.0,-0.0,0.0,0.0
1638,14.59,0.0,-0.0,-0.0,0.0,0.0,-0.0,-0.0,0.0,0.0
1639,12.91,0.0,-0.0,-0.0,0.0,0.0,-0.0,-0.0,0.0,0.0
1640,1.44,0.0,-0.0,-0.0,0.0,0.0,-0.0,-0.0,0.0,0.0
1641,-0.22,0.0,-0.0,-0.0,0.0,0.0,-0.0,-0.0,-0.0,0.0
1642,-1.63,0.0,-0.0,-0.0,0.0,0.0,-0.0,-0.0,-0.0,0.0
1643,-1.05,0.0,-0.0,-0.0,0.0,0.0,-0.0,-0.0,-0.0,0.0
1644,17.63,0.0,-0.0,-0.0,0.0,0.0,-0.0,-0.0,0.0,0.0
1645,60.3,0.0,0.0,-0.0,-0.0,0.0,0.0,-0.0,0.0,0.0
1646,68.48,0.0,0.0,-0.0,-0.0,0.0,0.0,-0.0,0.0,0.0
1647,33.9,0.0,-0.0,-0.0,0.0,0.0,-0.0,-0.0,0.0,0.0
1648,21.41,0.0,-0.0,-0.0,0.0,0.0,-0.0,-0.0,0.0,0.0
1649,14.92,0.0,-0.0,-0.0,0.0,0.0,-0.0,-0.0,0.0,0.0
1650,20.38,0.0,-0.0,-0.0,0.0,0.0,-0.0,-0.0,0.0,0.0
1651,18.8,0.0,-0.0,-0.0,0.0,0.0,-0.0,-0.0,0.0,0.0
1652,18.93,0.0,-0.0,-0.0,0.0,0.0,-0.0,-0.0,0.0,0.0
1653,16.99,0.0,-0.0,-0.0,0.0,0.0,-0.0,-0.0,0.0,0.0
1654,14.64,0.0,-0.0,-0.0,0.0,0.0,-0.0,-0.0,0.0,0.0
1655,22.72,0.0,-0.0,-0.0,0.0,0.0,-0.0,-0.0,0.0,0.0
1656,28.9,0.0,-0.0,-0.0,0.0,0.0,-0.0,-0.0,0.0,0.0
1657,46.74,0.0,-0.0,-0.0,0.0,0.0,-0.0,-0.0,0.0,0.0
1658,73.73,0.0,0.0,-0.0,-0.0,0.0,0.0,-0.0,0.0,0.0
1659,0.0,0.0,-0.0,-0.0,0.0,0.0,-0.0,-0.0,0.0,0.0
1660,-0.02,0.0,-0.0,-0.0,0.0,0.0,-0.0,-0.0,-0.0,0.0
1661,-1.17,0.0,-0.0,-0.0,0.0,0.0,-0.0,-0.0,-0.0,0.0
1662,-1.14,0.0,-0.0,-0.0,0.0,0.0,-0.0,-0.0,-0.0,0.0
1663,-0.95,0.0,-0.0,-0.0,0.0,0.0,-0.0,-0.0,-0.0,0.0
1664,-0.85,0.0,-0.0,-0.0,0.0,0.0,-0.0,-0.0,-0.0,0.0
1665,-0.68,0.0,-0.0,-0.0,0.0,0.0,-0.0,-0.0,-0.0,0.0
1666,-0.02,0.0,-0.0,-0.0,0.0,0.0,-0.0,-0.0,-0.0,0.0
1667,-1.21,0.0,-0.0,-0.0,0.0,0.0,-0.0,-0.0,-0.0,0.0
1668,0.98,0.0,0.0,-0.0,-0.0,0.0,0.0,-0.0,0.0,0.0
1669,57.02,0.0,0.0,-0.0,-0.0,0.0,0.0,-0.0,0.0,0.0
1670,107.89,0.0,0.0,-0.0,-0.0,0.0,0.0,-0.0,0.0,0.0
1671,40.62,0.0,-0.0,-0.0,0.0,0.0,-0.0,-0.0,0.0,0.0
1672,25.63,0.0,-0.0,-0.0,0.0,0.0,-0.0,-0.0,0.0,0.0
1673,21.1,0.0,-0.0,-0.0,0.0,0.0,-0.0,-0.0,0.0,0.0
1674,14.09,0.0,-0.0,-0.0,0.0,0.0,-0.0,-0.0,0.0,0.0
1675,12.89,0.0,-0.0,-0.0,0.0,0.0,-0.0,-0.0,0.0,0.0
1676,10.73,0.0,-0.0,-0.0,0.0,0.0,-0.0,-0.0,0.0,0.0
1677,7.92,0.0,-0.0,-0.0,0.0,0.0,-0.0,-0.0,0.0,0.0
1678,9.01,0.0,-0.0,-0.0,0.0,0.0,-0.0,-0.0,0.0,0.0
1679,18.58,0.0,-0.0,-0.0,0.0,0.0,-0.0,-0.0,0.0,0.0
1680,26.34,0.0,-0.0,-0.0,0.0,0.0,-0.0,-0.0,0.0,0.0
1681,28.4,0.0,-0.0,-0.0,0.0,0.0,-0.0,-0.0,0.0,0.0
1682,44.26,0.0,-0.0,-0.0,0.0,0.0,-0.0,-0.0,0.0,0.0
1683,18.71,0.0,-0.0,-0.0,0.0,0.0,-0.0,-0.0,0.0,0.0
1684,13.92,0.0,-0.0,-0.0,0.0,0.0,-0.0,-0.0,0.0,0.0
1685,16.0,0.0,-0.0,-0.0,0.0,0.0,-0.0,-0.0,0.0,0.0
1686,2.19,0.0,-0.0,-0.0,0.0,0.0,-0.0,-0.0,0.0,0.0
1687,3.16,0.0,-0.0,-0.0,0.0,0.0,-0.0,-0.0,0.0,0.0
1688,5.6,0.0,-0.0,-0.0,0.0,0.0,-0.0,-0.0,0.0,0.0
1689,7.15,0.0,-0.0,-0.0,0.0,0.0,-0.0,-0.0,0.0,0.0
1690,3.44,0.0,-0.0,-0.0,0.0,0.0,-0.0,-0.0,0.0,0.0
1691,33.93,0.0,-0.0,-0.0,0.0,0.0,-0.0,-0.0,0.0,0.0
1692,20.55,0.0,-0.0,-0.0,0.0,0.0,-0.0,-0.0,0.0,0.0
1693,32.17,0.0,-0.0,-0.0,0.0,0.0,-0.0,-0.0,0.0,0.0
1694,50.74,0.0,-0.0,-0.0,0.0,0.0,-0.0,-0.0,0.0,0.0
1695,38.57,0.0,-0.0,-0.0,0.0,0.0,-0.0,-0.0,0.0,0.0
1696,28.04,0.0,-0.0,-0.0,0.0,0.0,-0.0,-0.0,0.0,0.0
1697,23.62,0.0,-0.0,-0.0,0.0,0.0,-0.0,-0.0,0.0,0.0
1698,23.79,0.0,-0.0,-0.0,0.0,0.0,-0.0,-0.0,0.0,0.0
1699,24.3,0.0,-0.0,-0.0,0.0,0.0,-0.0,-0.0,0.0,0.0
1700,27.62,0.0,-0.0,-0.0,0.0,0.0,-0.0,-0.0,0.0,0.0
1701,22.97,0.0,-0.0,-0.0,0.0,0.0,-0.0,-0.0,0.0,0.0
1702,24.45,0.0,-0.0,-0.0,0.0,0.0,-0.0,-0.0,0.0,0.0
1703,30.94,0.0,0.0,-0.0,-0.0,0.0,0.0,-0.0,0.0,0.0
1704,47.46,0.0,0.0,-0.0,-0.0,0.0,0.0,-0.0,0.0,0.0
1705,64.07,0.0,0.0,-0.0,-0.0,0.0,0.0,-0.0,0.0,0.0
1706,109.61,0.0,0.0,-0.0,-0.0,0.0,0.0,-0.0,0.0,0.0
1707,29.16,0.0,-0.0,-0.0,0.0,0.0,-0.0,-0.0,0.0,0.0
1708,25.87,0.0,-0.0,-0.0,0.0,0.0,-0.0,-0.0,0.0,0.0
1709,29.84,0.0,-0.0,-0.0,0.0,0.0,-0.0,-0.0,0.0,0.0
1710,26.7,0.0,-0.0,-0.0,0.0,0.0,-0.0,-0.0,0.0,0.0
1711,24.71,0.0,-0.0,-0.0,0.0,0.0,-0.0,-0.0,0.0,0.0
1712,17.87,0.0,-0.0,-0.0,0.0,0.0,-0.0,-0.0,0.0,0.0
1713,6.75,0.0,-0.0,-0.0,0.0,0.0,-0.0,-0.0,0.0,0.0
1714,9.92,0.0,-0.0,-0.0,0.0,0.0,-0.0,-0.0,0.0,0.0
1715,19.69,0.0,-0.0,-0.0,0.0,0.0,-0.0,-0.0,0.0,0.0
1716,23.55,0.0,-0.0,-0.0,0.0,0.0,-0.0,-0.0,0.0,0.0
1717,30.46,0.0,-0.0,-0.0,0.0,0.0,-0.0,-0.0,0.0,0.0
1718,39.58,0.0,-0.0,-0.0,0.0,0.0,-0.0,-0.0,0.0,0.0
1719,34.86,0.0,-0.0,-0.0,0.0,0.0,-0.0,-0.0,0.0,0.0
1720,28.41,0.0,-0.0,-0.0,0.0,0.0,-0.0,-0.0,0.0,0.0
1721,21.18,0.0,-0.0,-0.0,0.0,0.0,-0.0,-0.0,0.0,0.0
1722,18.18,0.0,-0.0,-0.0,0.0,0.0,-0.0,-0.0,0.0,0.0
1723,20.07,0.0,-0.0,-0.0,0.0,0.0,-0.0,-0.0,0.0,0.0
1724,19.63,0.0,-0.0,-0.0,0.0,0.0,-0.0,-0.0,0.0,0.0
1725,15.37,0.0,-0.0,-0.0,0.0,0.0,-0.0,-0.0,0.0,0.0
1726,14.88,0.0,-0.0,-0.0,0.0,0.0,-0.0,-0.0,0.0,0.0
1727,15.08,0.0,-0.0,-0.0,0.0,0.0,-0.0,-0.0,0.0,0.0
1728,18.08,0.0,-0.0,-0.0,0.0,0.0,-0.0,-0.0,0.0,0.0
1729,16.47,0.0,-0.0,-0.0,0.0,0.0,-0.0,-0.0,0.0,0.0
1730,16.92,0.0,-0.0,-0.0,0.0,0.0,-0.0,-0.0,0.0,0.0
1731,15.2,0.0,-0.0,-0.0,0.0,0.0,-0.0,-0.0,0.0,0.0
1732,9.47,0.0,-0.0,-0.0,0.0,0.0,-0.0,-0.0,0.0,0.0
1733,2.69,0.0,-0.0,-0.0,0.0,0.0,-0.0,-0.0,0.0,0.0
1734,5.79,0.0,-0.0,-0.0,0.0,0.0,-0.0,-0.0,0.0,0.0
1735,17.65,0.0,-0.0,-0.0,0.0,0.0,-0.0,-0.0,0.0,0.0
1736,17.05,0.0,-0.0,-0.0,0.0,0.0,-0.0,-0.0,0.0,0.0
1737,23.03,0.0,-0.0,-0.0,0.0,0.0,-0.0,-0.0,0.0,0.0
1738,18.78,0.0,-0.0,-0.0,0.0,0.0,-0.0,-0.0,0.0,0.0
1739,18.58,0.0,-0.0,-0.0,0.0,0.0,-0.0,-0.0,0.0,0.0
1740,20.87,0.0,-0.0,-0.0,0.0,0.0,-0.0,-0.0,0.0,0.0
1741,26.1,0.0,-0.0,-0.0,0.0,0.0,-0.0,-0.0,0.0,0.0
1742,28.25,0.0,-0.0,-0.0,0.0,0.0,-0.0,-0.0,0.0,0.0
1743,35.29,0.0,0.0,-0.0,-0.0,0.0,0.0,-0.0,0.0,0.0
1744,45.97,0.0,0.0,-0.0,-0.0,0.0,0.0,-0.0,0.0,0.0
1745,29.41,0.0,0.0,-0.0,-0.0,0.0,0.0,-0.0,0.0,0.0
1746,62.27,171.0,1.0,1.0,-0.0,8550.0,2000.0,10000.0,10648.17,-9901.83
1747,54.55,171.0,1.0,-0.0,-0.0,8550.0,2000.0,-0.0,9328.05,-1221.9500000000007
1748,137.77,171.0,1.0,0.0,-0.0,8550.0,2000.0,0.0,23558.670000000002,13008.670000000002
1749,73.95,171.0,1.0,-0.0,0.0,8550.0,2000.0,-0.0,12645.45,2095.4500000000007
1750,49.55,0.0,-0.0,-0.0,1.0,0.0,-0.0,-0.0,0.0,0.0
1751,48.73,0.0,-0.0,-0.0,0.0,0.0,-0.0,-0.0,0.0,0.0
1752,44.96,0.0,-0.0,-0.0,0.0,0.0,-0.0,-0.0,0.0,0.0
1753,43.7,0.0,-0.0,-0.0,0.0,0.0,-0.0,-0.0,0.0,0.0
1754,67.61,0.0,0.0,-0.0,-0.0,0.0,0.0,-0.0,0.0,0.0
1755,21.77,0.0,-0.0,-0.0,0.0,0.0,-0.0,-0.0,0.0,0.0
1756,0.1,0.0,-0.0,-0.0,0.0,0.0,-0.0,-0.0,0.0,0.0
1757,-2.09,0.0,-0.0,-0.0,0.0,0.0,-0.0,-0.0,-0.0,0.0
1758,-3.49,0.0,-0.0,-0.0,0.0,0.0,-0.0,-0.0,-0.0,0.0
1759,-4.28,0.0,-0.0,-0.0,0.0,0.0,-0.0,-0.0,-0.0,0.0
1760,-3.52,0.0,-0.0,-0.0,0.0,0.0,-0.0,-0.0,-0.0,0.0
1761,-3.81,0.0,-0.0,-0.0,0.0,0.0,-0.0,-0.0,-0.0,0.0
1762,-3.42,0.0,-0.0,-0.0,0.0,0.0,-0.0,-0.0,-0.0,0.0
1763,-3.47,0.0,-0.0,-0.0,0.0,0.0,-0.0,-0.0,-0.0,0.0
1764,-4.0,0.0,-0.0,-0.0,0.0,0.0,-0.0,-0.0,-0.0,0.0
1765,37.47,0.0,0.0,-0.0,-0.0,0.0,0.0,-0.0,0.0,0.0
1766,68.2,0.0,0.0,-0.0,-0.0,0.0,0.0,-0.0,0.0,0.0
1767,62.83,0.0,0.0,-0.0,-0.0,0.0,0.0,-0.0,0.0,0.0
1768,77.94,0.0,0.0,-0.0,-0.0,0.0,0.0,-0.0,0.0,0.0
1769,71.89,0.0,0.0,-0.0,-0.0,0.0,0.0,-0.0,0.0,0.0
1770,53.5,0.0,-0.0,-0.0,0.0,0.0,-0.0,-0.0,0.0,0.0
1771,56.28,0.0,-0.0,-0.0,0.0,0.0,-0.0,-0.0,0.0,0.0
1772,48.6,0.0,-0.0,-0.0,0.0,0.0,-0.0,-0.0,0.0,0.0
1773,34.78,0.0,-0.0,-0.0,0.0,0.0,-0.0,-0.0,0.0,0.0
1774,26.62,0.0,-0.0,-0.0,0.0,0.0,-0.0,-0.0,0.0,0.0
1775,20.85,0.0,-0.0,-0.0,0.0,0.0,-0.0,-0.0,0.0,0.0
1776,20.19,0.0,-0.0,-0.0,0.0,0.0,-0.0,-0.0,0.0,0.0
1777,22.37,0.0,-0.0,-0.0,0.0,0.0,-0.0,-0.0,0.0,0.0
1778,22.65,0.0,-0.0,-0.0,0.0,0.0,-0.0,-0.0,0.0,0.0
1779,8.98,0.0,-0.0,-0.0,0.0,0.0,-0.0,-0.0,0.0,0.0
1780,-0.02,0.0,-0.0,-0.0,0.0,0.0,-0.0,-0.0,-0.0,0.0
1781,-0.04,0.0,-0.0,-0.0,0.0,0.0,-0.0,-0.0,-0.0,0.0
1782,-0.03,0.0,-0.0,-0.0,0.0,0.0,-0.0,-0.0,-0.0,0.0
1783,-0.04,0.0,-0.0,-0.0,0.0,0.0,-0.0,-0.0,-0.0,0.0
1784,-0.04,0.0,-0.0,-0.0,0.0,0.0,-0.0,-0.0,-0.0,0.0
1785,-0.04,0.0,-0.0,-0.0,0.0,0.0,-0.0,-0.0,-0.0,0.0
1786,-0.04,0.0,-0.0,-0.0,0.0,0.0,-0.0,-0.0,-0.0,0.0
1787,0.0,0.0,-0.0,-0.0,0.0,0.0,-0.0,-0.0,0.0,0.0
1788,17.57,0.0,0.0,-0.0,-0.0,0.0,0.0,-0.0,0.0,0.0
1789,59.92,0.0,0.0,-0.0,-0.0,0.0,0.0,-0.0,0.0,0.0
1790,119.02,0.0,0.0,-0.0,-0.0,0.0,0.0,-0.0,0.0,0.0
1791,59.88,0.0,-0.0,-0.0,0.0,0.0,-0.0,-0.0,0.0,0.0
1792,45.87,0.0,-0.0,-0.0,0.0,0.0,-0.0,-0.0,0.0,0.0
1793,28.55,0.0,-0.0,-0.0,0.0,0.0,-0.0,-0.0,0.0,0.0
1794,19.26,0.0,-0.0,-0.0,0.0,0.0,-0.0,-0.0,0.0,0.0
1795,15.6,0.0,-0.0,-0.0,0.0,0.0,-0.0,-0.0,0.0,0.0
1796,13.06,0.0,-0.0,-0.0,0.0,0.0,-0.0,-0.0,0.0,0.0
1797,13.84,0.0,-0.0,-0.0,0.0,0.0,-0.0,-0.0,0.0,0.0
1798,9.28,0.0,-0.0,-0.0,0.0,0.0,-0.0,-0.0,0.0,0.0
1799,11.65,0.0,-0.0,-0.0,0.0,0.0,-0.0,-0.0,0.0,0.0
1800,15.51,0.0,-0.0,-0.0,0.0,0.0,-0.0,-0.0,0.0,0.0
1801,17.02,0.0,-0.0,-0.0,0.0,0.0,-0.0,-0.0,0.0,0.0
1802,17.76,0.0,-0.0,-0.0,0.0,0.0,-0.0,-0.0,0.0,0.0
1803,-2.15,0.0,-0.0,-0.0,0.0,0.0,-0.0,-0.0,-0.0,0.0
1804,-1.93,0.0,-0.0,-0.0,0.0,0.0,-0.0,-0.0,-0.0,0.0
1805,-3.68,0.0,-0.0,-0.0,0.0,0.0,-0.0,-0.0,-0.0,0.0
1806,-4.4,0.0,-0.0,-0.0,0.0,0.0,-0.0,-0.0,-0.0,0.0
1807,-3.4,0.0,-0.0,-0.0,0.0,0.0,-0.0,-0.0,-0.0,0.0
1808,-1.12,0.0,-0.0,-0.0,0.0,0.0,-0.0,-0.0,-0.0,0.0
1809,1.09,0.0,-0.0,-0.0,0.0,0.0,-0.0,-0.0,0.0,0.0
1810,7.12,0.0,-0.0,-0.0,0.0,0.0,-0.0,-0.0,0.0,0.0
1811,12.81,0.0,-0.0,-0.0,0.0,0.0,-0.0,-0.0,0.0,0.0
1812,16.34,0.0,-0.0,-0.0,0.0,0.0,-0.0,-0.0,0.0,0.0
1813,36.94,0.0,-0.0,-0.0,0.0,0.0,-0.0,-0.0,0.0,0.0
1814,37.34,0.0,-0.0,-0.0,0.0,0.0,-0.0,-0.0,0.0,0.0
1815,27.56,0.0,-0.0,-0.0,0.0,0.0,-0.0,-0.0,0.0,0.0
1816,24.92,0.0,-0.0,-0.0,0.0,0.0,-0.0,-0.0,0.0,0.0
1817,16.06,0.0,-0.0,-0.0,0.0,0.0,-0.0,-0.0,0.0,0.0
1818,14.92,0.0,-0.0,-0.0,0.0,0.0,-0.0,-0.0,0.0,0.0
1819,13.67,0.0,-0.0,-0.0,0.0,0.0,-0.0,-0.0,0.0,0.0
1820,11.76,0.0,-0.0,-0.0,0.0,0.0,-0.0,-0.0,0.0,0.0
1821,12.91,0.0,-0.0,-0.0,0.0,0.0,-0.0,-0.0,0.0,0.0
1822,12.23,0.0,-0.0,-0.0,0.0,0.0,-0.0,-0.0,0.0,0.0
1823,11.27,0.0,-0.0,-0.0,0.0,0.0,-0.0,-0.0,0.0,0.0
1824,17.06,0.0,-0.0,-0.0,0.0,0.0,-0.0,-0.0,0.0,0.0
1825,24.51,0.0,-0.0,-0.0,0.0,0.0,-0.0,-0.0,0.0,0.0
1826,15.76,0.0,-0.0,-0.0,0.0,0.0,-0.0,-0.0,0.0,0.0
1827,-5.34,0.0,-0.0,-0.0,0.0,0.0,-0.0,-0.0,-0.0,0.0
1828,-3.91,0.0,-0.0,-0.0,0.0,0.0,-0.0,-0.0,-0.0,0.0
1829,-2.54,0.0,-0.0,-0.0,0.0,0.0,-0.0,-0.0,-0.0,0.0
1830,4.33,0.0,-0.0,-0.0,0.0,0.0,-0.0,-0.0,0.0,0.0
1831,1.37,0.0,-0.0,-0.0,0.0,0.0,-0.0,-0.0,0.0,0.0
1832,3.39,0.0,-0.0,-0.0,0.0,0.0,-0.0,-0.0,0.0,0.0
1833,6.27,0.0,-0.0,-0.0,0.0,0.0,-0.0,-0.0,0.0,0.0
1834,7.48,0.0,-0.0,-0.0,0.0,0.0,-0.0,-0.0,0.0,0.0
1835,0.86,0.0,-0.0,-0.0,0.0,0.0,-0.0,-0.0,0.0,0.0
1836,21.28,0.0,-0.0,-0.0,0.0,0.0,-0.0,-0.0,0.0,0.0
1837,49.77,0.0,0.0,-0.0,-0.0,0.0,0.0,-0.0,0.0,0.0
1838,73.51,0.0,0.0,-0.0,-0.0,0.0,0.0,-0.0,0.0,0.0
1839,54.28,0.0,-0.0,-0.0,0.0,0.0,-0.0,-0.0,0.0,0.0
1840,43.24,0.0,-0.0,-0.0,0.0,0.0,-0.0,-0.0,0.0,0.0
1841,27.06,0.0,-0.0,-0.0,0.0,0.0,-0.0,-0.0,0.0,0.0
1842,22.92,0.0,-0.0,-0.0,0.0,0.0,-0.0,-0.0,0.0,0.0
1843,22.74,0.0,-0.0,-0.0,0.0,0.0,-0.0,-0.0,0.0,0.0
1844,20.4,0.0,-0.0,-0.0,0.0,0.0,-0.0,-0.0,0.0,0.0
1845,19.04,0.0,0.0,-0.0,-0.0,0.0,0.0,-0.0,0.0,0.0
1846,19.78,0.0,0.0,-0.0,-0.0,0.0,0.0,-0.0,0.0,0.0
1847,24.7,68.0,1.0,1.0,-0.0,3400.0,2000.0,10000.0,1679.6,-13720.4
1848,43.82,68.0,1.0,0.0,-0.0,3400.0,2000.0,0.0,2979.76,-2420.24
1849,139.17,171.0,1.0,0.0,-0.0,8550.0,2000.0,0.0,23798.069999999996,13248.069999999996
1850,129.76,171.0,1.0,-0.0,-0.0,8550.0,2000.0,-0.0,22188.96,11638.96
1851,12.02,0.0,-0.0,-0.0,1.0,0.0,-0.0,-0.0,0.0,0.0
1852,9.15,0.0,-0.0,-0.0,0.0,0.0,-0.0,-0.0,0.0,0.0
1853,5.09,0.0,-0.0,-0.0,0.0,0.0,-0.0,-0.0,0.0,0.0
1854,-3.72,0.0,-0.0,-0.0,0.0,0.0,-0.0,-0.0,-0.0,0.0
1855,-3.9,0.0,-0.0,-0.0,0.0,0.0,-0.0,-0.0,-0.0,0.0
1856,-3.84,0.0,-0.0,-0.0,0.0,0.0,-0.0,-0.0,-0.0,0.0
1857,-6.82,0.0,-0.0,-0.0,0.0,0.0,-0.0,-0.0,-0.0,0.0
1858,-9.26,0.0,-0.0,-0.0,0.0,0.0,-0.0,-0.0,-0.0,0.0
1859,-10.48,0.0,-0.0,-0.0,0.0,0.0,-0.0,-0.0,-0.0,0.0
1860,-12.93,0.0,-0.0,-0.0,0.0,0.0,-0.0,-0.0,-0.0,0.0
1861,14.88,0.0,-0.0,-0.0,0.0,0.0,-0.0,-0.0,0.0,0.0
1862,17.57,0.0,-0.0,-0.0,0.0,0.0,-0.0,-0.0,0.0,0.0
1863,18.96,0.0,-0.0,-0.0,0.0,0.0,-0.0,-0.0,0.0,0.0
1864,24.78,0.0,-0.0,-0.0,0.0,0.0,-0.0,-0.0,0.0,0.0
1865,22.48,0.0,-0.0,-0.0,0.0,0.0,-0.0,-0.0,0.0,0.0
1866,22.99,0.0,-0.0,-0.0,0.0,0.0,-0.0,-0.0,0.0,0.0
1867,25.58,0.0,-0.0,-0.0,0.0,0.0,-0.0,-0.0,0.0,0.0
1868,26.17,0.0,-0.0,-0.0,0.0,0.0,-0.0,-0.0,0.0,0.0
1869,27.97,0.0,-0.0,-0.0,0.0,0.0,-0.0,-0.0,0.0,0.0
1870,33.08,0.0,-0.0,-0.0,0.0,0.0,-0.0,-0.0,0.0,0.0
1871,37.2,0.0,-0.0,-0.0,0.0,0.0,-0.0,-0.0,0.0,0.0
1872,43.1,0.0,-0.0,-0.0,0.0,0.0,-0.0,-0.0,0.0,0.0
1873,53.87,0.0,-0.0,-0.0,0.0,0.0,-0.0,-0.0,0.0,0.0
1874,47.08,0.0,-0.0,-0.0,0.0,0.0,-0.0,-0.0,0.0,0.0
1875,17.87,0.0,-0.0,-0.0,0.0,0.0,-0.0,-0.0,0.0,0.0
1876,15.5,0.0,-0.0,-0.0,0.0,0.0,-0.0,-0.0,0.0,0.0
1877,13.14,0.0,-0.0,-0.0,0.0,0.0,-0.0,-0.0,0.0,0.0
1878,13.69,0.0,-0.0,-0.0,0.0,0.0,-0.0,-0.0,0.0,0.0
1879,12.22,0.0,-0.0,-0.0,0.0,0.0,-0.0,-0.0,0.0,0.0
1880,9.12,0.0,-0.0,-0.0,0.0,0.0,-0.0,-0.0,0.0,0.0
1881,-0.04,0.0,-0.0,-0.0,0.0,0.0,-0.0,-0.0,-0.0,0.0
1882,-0.03,0.0,-0.0,-0.0,0.0,0.0,-0.0,-0.0,-0.0,0.0
1883,-0.05,0.0,-0.0,-0.0,0.0,0.0,-0.0,-0.0,-0.0,0.0
1884,8.59,0.0,-0.0,-0.0,0.0,0.0,-0.0,-0.0,0.0,0.0
1885,31.6,0.0,-0.0,-0.0,0.0,0.0,-0.0,-0.0,0.0,0.0
1886,38.5,0.0,-0.0,-0.0,0.0,0.0,-0.0,-0.0,0.0,0.0
1887,29.04,0.0,-0.0,-0.0,0.0,0.0,-0.0,-0.0,0.0,0.0
1888,17.98,0.0,-0.0,-0.0,0.0,0.0,-0.0,-0.0,0.0,0.0
1889,14.33,0.0,-0.0,-0.0,0.0,0.0,-0.0,-0.0,0.0,0.0
1890,13.86,0.0,-0.0,-0.0,0.0,0.0,-0.0,-0.0,0.0,0.0
1891,14.49,0.0,-0.0,-0.0,0.0,0.0,-0.0,-0.0,0.0,0.0
1892,13.58,0.0,-0.0,-0.0,0.0,0.0,-0.0,-0.0,0.0,0.0
1893,12.58,0.0,-0.0,-0.0,0.0,0.0,-0.0,-0.0,0.0,0.0
1894,13.21,0.0,-0.0,-0.0,0.0,0.0,-0.0,-0.0,0.0,0.0
1895,14.88,0.0,-0.0,-0.0,0.0,0.0,-0.0,-0.0,0.0,0.0
1896,23.3,0.0,-0.0,-0.0,0.0,0.0,-0.0,-0.0,0.0,0.0
1897,34.98,0.0,-0.0,-0.0,0.0,0.0,-0.0,-0.0,0.0,0.0
1898,20.44,0.0,-0.0,-0.0,0.0,0.0,-0.0,-0.0,0.0,0.0
1899,-2.29,0.0,-0.0,-0.0,0.0,0.0,-0.0,-0.0,-0.0,0.0
1900,-3.73,0.0,-0.0,-0.0,0.0,0.0,-0.0,-0.0,-0.0,0.0
1901,-8.57,0.0,-0.0,-0.0,0.0,0.0,-0.0,-0.0,-0.0,0.0
1902,-5.05,0.0,-0.0,-0.0,0.0,0.0,-0.0,-0.0,-0.0,0.0
1903,-2.45,0.0,-0.0,-0.0,0.0,0.0,-0.0,-0.0,-0.0,0.0
1904,-0.14,0.0,-0.0,-0.0,0.0,0.0,-0.0,-0.0,-0.0,0.0
1905,1.06,0.0,-0.0,-0.0,0.0,0.0,-0.0,-0.0,0.0,0.0
1906,-0.06,0.0,-0.0,-0.0,0.0,0.0,-0.0,-0.0,-0.0,0.0
1907,-0.05,0.0,-0.0,-0.0,0.0,0.0,-0.0,-0.0,-0.0,0.0
1908,17.23,0.0,-0.0,-0.0,0.0,0.0,-0.0,-0.0,0.0,0.0
1909,49.0,0.0,-0.0,-0.0,0.0,0.0,-0.0,-0.0,0.0,0.0
1910,63.36,0.0,0.0,-0.0,-0.0,0.0,0.0,-0.0,0.0,0.0
1911,30.67,0.0,-0.0,-0.0,0.0,0.0,-0.0,-0.0,0.0,0.0
1912,23.84,0.0,-0.0,-0.0,0.0,0.0,-0.0,-0.0,0.0,0.0
1913,17.8,0.0,-0.0,-0.0,0.0,0.0,-0.0,-0.0,0.0,0.0
1914,17.67,0.0,-0.0,-0.0,0.0,0.0,-0.0,-0.0,0.0,0.0
1915,20.55,0.0,-0.0,-0.0,0.0,0.0,-0.0,-0.0,0.0,0.0
1916,17.75,0.0,-0.0,-0.0,0.0,0.0,-0.0,-0.0,0.0,0.0
1917,18.05,0.0,-0.0,-0.0,0.0,0.0,-0.0,-0.0,0.0,0.0
1918,19.36,0.0,-0.0,-0.0,0.0,0.0,-0.0,-0.0,0.0,0.0
1919,23.34,0.0,-0.0,-0.0,0.0,0.0,-0.0,-0.0,0.0,0.0
1920,22.9,0.0,-0.0,-0.0,0.0,0.0,-0.0,-0.0,0.0,0.0
1921,22.49,0.0,-0.0,-0.0,0.0,0.0,-0.0,-0.0,0.0,0.0
1922,19.32,0.0,-0.0,-0.0,0.0,0.0,-0.0,-0.0,0.0,0.0
1923,0.07,0.0,-0.0,-0.0,0.0,0.0,-0.0,-0.0,0.0,0.0
1924,-1.73,0.0,-0.0,-0.0,0.0,0.0,-0.0,-0.0,-0.0,0.0
1925,-1.8,0.0,-0.0,-0.0,0.0,0.0,-0.0,-0.0,-0.0,0.0
1926,-1.62,0.0,-0.0,-0.0,0.0,0.0,-0.0,-0.0,-0.0,0.0
1927,-2.16,0.0,-0.0,-0.0,0.0,0.0,-0.0,-0.0,-0.0,0.0
1928,-4.05,0.0,-0.0,-0.0,0.0,0.0,-0.0,-0.0,-0.0,0.0
1929,-3.55,0.0,-0.0,-0.0,0.0,0.0,-0.0,-0.0,-0.0,0.0
1930,-2.81,0.0,-0.0,-0.0,0.0,0.0,-0.0,-0.0,-0.0,0.0
1931,-3.07,0.0,-0.0,-0.0,0.0,0.0,-0.0,-0.0,-0.0,0.0
1932,10.95,0.0,-0.0,-0.0,0.0,0.0,-0.0,-0.0,0.0,0.0
1933,25.26,0.0,-0.0,-0.0,0.0,0.0,-0.0,-0.0,0.0,0.0
1934,24.56,0.0,-0.0,-0.0,0.0,0.0,-0.0,-0.0,0.0,0.0
1935,28.72,0.0,-0.0,-0.0,0.0,0.0,-0.0,-0.0,0.0,0.0
1936,18.33,0.0,-0.0,-0.0,0.0,0.0,-0.0,-0.0,0.0,0.0
1937,12.98,0.0,-0.0,-0.0,0.0,0.0,-0.0,-0.0,0.0,0.0
1938,15.18,0.0,-0.0,-0.0,0.0,0.0,-0.0,-0.0,0.0,0.0
1939,13.04,0.0,-0.0,-0.0,0.0,0.0,-0.0,-0.0,0.0,0.0
1940,11.76,0.0,-0.0,-0.0,0.0,0.0,-0.0,-0.0,0.0,0.0
1941,11.77,0.0,-0.0,-0.0,0.0,0.0,-0.0,-0.0,0.0,0.0
1942,9.62,0.0,-0.0,-0.0,0.0,0.0,-0.0,-0.0,0.0,0.0
1943,12.16,0.0,-0.0,-0.0,0.0,0.0,-0.0,-0.0,0.0,0.0
1944,14.67,0.0,-0.0,-0.0,0.0,0.0,-0.0,-0.0,0.0,0.0
1945,16.32,0.0,-0.0,-0.0,0.0,0.0,-0.0,-0.0,0.0,0.0
1946,20.72,0.0,-0.0,-0.0,0.0,0.0,-0.0,-0.0,0.0,0.0
1947,19.98,0.0,-0.0,-0.0,0.0,0.0,-0.0,-0.0,0.0,0.0
1948,12.38,0.0,-0.0,-0.0,0.0,0.0,-0.0,-0.0,0.0,0.0
1949,3.74,0.0,-0.0,-0.0,0.0,0.0,-0.0,-0.0,0.0,0.0
1950,19.71,0.0,-0.0,-0.0,0.0,0.0,-0.0,-0.0,0.0,0.0
1951,21.65,0.0,-0.0,-0.0,0.0,0.0,-0.0,-0.0,0.0,0.0
1952,20.47,0.0,-0.0,-0.0,0.0,0.0,-0.0,-0.0,0.0,0.0
1953,24.03,0.0,-0.0,-0.0,0.0,0.0,-0.0,-0.0,0.0,0.0
1954,26.19,0.0,-0.0,-0.0,0.0,0.0,-0.0,-0.0,0.0,0.0
1955,10.0,0.0,-0.0,-0.0,0.0,0.0,-0.0,-0.0,0.0,0.0
1956,19.79,0.0,-0.0,-0.0,0.0,0.0,-0.0,-0.0,0.0,0.0
1957,37.28,0.0,-0.0,-0.0,0.0,0.0,-0.0,-0.0,0.0,0.0
1958,42.42,0.0,-0.0,-0.0,0.0,0.0,-0.0,-0.0,0.0,0.0
1959,47.48,0.0,-0.0,-0.0,0.0,0.0,-0.0,-0.0,0.0,0.0
1960,45.79,0.0,-0.0,-0.0,0.0,0.0,-0.0,-0.0,0.0,0.0
1961,32.05,0.0,-0.0,-0.0,0.0,0.0,-0.0,-0.0,0.0,0.0
1962,26.08,0.0,-0.0,-0.0,0.0,0.0,-0.0,-0.0,0.0,0.0
1963,27.04,0.0,-0.0,-0.0,0.0,0.0,-0.0,-0.0,0.0,0.0
1964,23.82,0.0,-0.0,-0.0,0.0,0.0,-0.0,-0.0,0.0,0.0
1965,22.77,0.0,-0.0,-0.0,0.0,0.0,-0.0,-0.0,0.0,0.0
1966,22.06,0.0,-0.0,-0.0,0.0,0.0,-0.0,-0.0,0.0,0.0
1967,24.22,0.0,-0.0,-0.0,0.0,0.0,-0.0,-0.0,0.0,0.0
1968,30.37,0.0,-0.0,-0.0,0.0,0.0,-0.0,-0.0,0.0,0.0
1969,34.27,0.0,-0.0,-0.0,0.0,0.0,-0.0,-0.0,0.0,0.0
1970,25.98,0.0,-0.0,-0.0,0.0,0.0,-0.0,-0.0,0.0,0.0
1971,7.06,0.0,-0.0,-0.0,0.0,0.0,-0.0,-0.0,0.0,0.0
1972,0.05,0.0,-0.0,-0.0,0.0,0.0,-0.0,-0.0,0.0,0.0
1973,-0.04,0.0,-0.0,-0.0,0.0,0.0,-0.0,-0.0,-0.0,0.0
1974,-0.24,0.0,-0.0,-0.0,0.0,0.0,-0.0,-0.0,-0.0,0.0
1975,0.22,0.0,-0.0,-0.0,0.0,0.0,-0.0,-0.0,0.0,0.0
1976,0.46,0.0,-0.0,-0.0,0.0,0.0,-0.0,-0.0,0.0,0.0
1977,0.59,0.0,-0.0,-0.0,0.0,0.0,-0.0,-0.0,0.0,0.0
1978,7.81,0.0,-0.0,-0.0,0.0,0.0,-0.0,-0.0,0.0,0.0
1979,3.0,0.0,0.0,-0.0,-0.0,0.0,0.0,-0.0,0.0,0.0
1980,17.3,0.0,0.0,0.0,-0.0,0.0,0.0,0.0,0.0,0.0
1981,103.22,171.0,1.0,1.0,-0.0,8550.0,2000.0,10000.0,17650.62,-2899.380000000001
1982,300.18,171.0,1.0,-0.0,-0.0,8550.0,2000.0,-0.0,51330.78,40780.78
1983,95.19,171.0,1.0,-0.0,0.0,8550.0,2000.0,-0.0,16277.49,5727.49
1984,31.49,68.0,1.0,-0.0,0.0,3400.0,2000.0,-0.0,2141.3199999999997,-3258.6800000000003
1985,25.08,0.0,-0.0,-0.0,1.0,0.0,-0.0,-0.0,0.0,0.0
1986,20.37,0.0,-0.0,-0.0,0.0,0.0,-0.0,-0.0,0.0,0.0
1987,20.09,0.0,-0.0,-0.0,0.0,0.0,-0.0,-0.0,0.0,0.0
1988,17.46,0.0,-0.0,-0.0,0.0,0.0,-0.0,-0.0,0.0,0.0
1989,18.65,0.0,-0.0,-0.0,0.0,0.0,-0.0,-0.0,0.0,0.0
1990,18.71,0.0,-0.0,-0.0,0.0,0.0,-0.0,-0.0,0.0,0.0
1991,20.31,0.0,-0.0,-0.0,0.0,0.0,-0.0,-0.0,0.0,0.0
1992,24.36,0.0,-0.0,-0.0,0.0,0.0,-0.0,-0.0,0.0,0.0
1993,33.51,0.0,-0.0,-0.0,0.0,0.0,-0.0,-0.0,0.0,0.0
1994,24.55,0.0,-0.0,-0.0,0.0,0.0,-0.0,-0.0,0.0,0.0
1995,18.81,0.0,-0.0,-0.0,0.0,0.0,-0.0,-0.0,0.0,0.0
1996,4.41,0.0,-0.0,-0.0,0.0,0.0,-0.0,-0.0,0.0,0.0
1997,6.05,0.0,-0.0,-0.0,0.0,0.0,-0.0,-0.0,0.0,0.0
1998,11.35,0.0,-0.0,-0.0,0.0,0.0,-0.0,-0.0,0.0,0.0
1999,16.48,0.0,-0.0,-0.0,0.0,0.0,-0.0,-0.0,0.0,0.0
2000,19.8,0.0,-0.0,-0.0,0.0,0.0,-0.0,-0.0,0.0,0.0
2001,26.18,0.0,-0.0,-0.0,0.0,0.0,-0.0,-0.0,0.0,0.0
2002,29.75,0.0,0.0,-0.0,-0.0,0.0,0.0,-0.0,0.0,0.0
2003,25.78,0.0,0.0,-0.0,-0.0,0.0,0.0,-0.0,0.0,0.0
2004,62.96,0.0,0.0,-0.0,-0.0,0.0,0.0,-0.0,0.0,0.0
2005,82.49,0.0,0.0,-0.0,-0.0,0.0,0.0,-0.0,0.0,0.0
2006,91.18,0.0,0.0,-0.0,-0.0,0.0,0.0,-0.0,0.0,0.0
2007,34.24,0.0,-0.0,-0.0,0.0,0.0,-0.0,-0.0,0.0,0.0
2008,21.63,0.0,-0.0,-0.0,0.0,0.0,-0.0,-0.0,0.0,0.0
2009,17.28,0.0,-0.0,-0.0,0.0,0.0,-0.0,-0.0,0.0,0.0
2010,17.51,0.0,-0.0,-0.0,0.0,0.0,-0.0,-0.0,0.0,0.0
2011,18.23,0.0,-0.0,-0.0,0.0,0.0,-0.0,-0.0,0.0,0.0
2012,17.87,0.0,-0.0,-0.0,0.0,0.0,-0.0,-0.0,0.0,0.0
2013,20.29,0.0,-0.0,-0.0,0.0,0.0,-0.0,-0.0,0.0,0.0
2014,21.54,0.0,-0.0,-0.0,0.0,0.0,-0.0,-0.0,0.0,0.0
2015,23.64,0.0,-0.0,-0.0,0.0,0.0,-0.0,-0.0,0.0,0.0
2016,33.69,0.0,-0.0,-0.0,0.0,0.0,-0.0,-0.0,0.0,0.0
2017,37.84,0.0,-0.0,-0.0,0.0,0.0,-0.0,-0.0,0.0,0.0
2018,39.61,0.0,-0.0,-0.0,0.0,0.0,-0.0,-0.0,0.0,0.0
2019,36.14,0.0,-0.0,-0.0,0.0,0.0,-0.0,-0.0,0.0,0.0
2020,24.88,0.0,-0.0,-0.0,0.0,0.0,-0.0,-0.0,0.0,0.0
2021,22.27,0.0,-0.0,-0.0,0.0,0.0,-0.0,-0.0,0.0,0.0
2022,21.99,0.0,-0.0,-0.0,0.0,0.0,-0.0,-0.0,0.0,0.0
2023,14.37,0.0,-0.0,-0.0,0.0,0.0,-0.0,-0.0,0.0,0.0
2024,7.57,0.0,-0.0,-0.0,0.0,0.0,-0.0,-0.0,0.0,0.0
2025,-1.28,0.0,-0.0,-0.0,0.0,0.0,-0.0,-0.0,-0.0,0.0
2026,9.89,0.0,-0.0,-0.0,0.0,0.0,-0.0,-0.0,0.0,0.0
2027,17.5,0.0,-0.0,-0.0,0.0,0.0,-0.0,-0.0,0.0,0.0
2028,20.27,0.0,-0.0,-0.0,0.0,0.0,-0.0,-0.0,0.0,0.0
2029,25.05,0.0,-0.0,-0.0,0.0,0.0,-0.0,-0.0,0.0,0.0
2030,29.57,0.0,-0.0,-0.0,0.0,0.0,-0.0,-0.0,0.0,0.0
2031,28.58,0.0,-0.0,-0.0,0.0,0.0,-0.0,-0.0,0.0,0.0
2032,21.05,0.0,-0.0,-0.0,0.0,0.0,-0.0,-0.0,0.0,0.0
2033,19.85,0.0,-0.0,-0.0,0.0,0.0,-0.0,-0.0,0.0,0.0
2034,20.0,0.0,-0.0,-0.0,0.0,0.0,-0.0,-0.0,0.0,0.0
2035,20.7,0.0,-0.0,-0.0,0.0,0.0,-0.0,-0.0,0.0,0.0
2036,18.86,0.0,-0.0,-0.0,0.0,0.0,-0.0,-0.0,0.0,0.0
2037,20.53,0.0,-0.0,-0.0,0.0,0.0,-0.0,-0.0,0.0,0.0
2038,21.24,0.0,-0.0,-0.0,0.0,0.0,-0.0,-0.0,0.0,0.0
2039,22.81,0.0,-0.0,-0.0,0.0,0.0,-0.0,-0.0,0.0,0.0
2040,32.81,0.0,-0.0,-0.0,0.0,0.0,-0.0,-0.0,0.0,0.0
2041,44.55,0.0,-0.0,-0.0,0.0,0.0,-0.0,-0.0,0.0,0.0
2042,38.74,0.0,-0.0,-0.0,0.0,0.0,-0.0,-0.0,0.0,0.0
2043,34.77,0.0,-0.0,-0.0,0.0,0.0,-0.0,-0.0,0.0,0.0
2044,25.12,0.0,-0.0,-0.0,0.0,0.0,-0.0,-0.0,0.0,0.0
2045,21.26,0.0,-0.0,-0.0,0.0,0.0,-0.0,-0.0,0.0,0.0
2046,20.56,0.0,-0.0,-0.0,0.0,0.0,-0.0,-0.0,0.0,0.0
2047,23.38,0.0,-0.0,-0.0,0.0,0.0,-0.0,-0.0,0.0,0.0
2048,25.33,0.0,-0.0,-0.0,0.0,0.0,-0.0,-0.0,0.0,0.0
2049,25.46,0.0,-0.0,-0.0,0.0,0.0,-0.0,-0.0,0.0,0.0
2050,20.8,0.0,-0.0,-0.0,0.0,0.0,-0.0,-0.0,0.0,0.0
2051,19.77,0.0,-0.0,-0.0,0.0,0.0,-0.0,-0.0,0.0,0.0
2052,19.58,0.0,-0.0,-0.0,0.0,0.0,-0.0,-0.0,0.0,0.0
2053,24.15,0.0,-0.0,-0.0,0.0,0.0,-0.0,-0.0,0.0,0.0
2054,26.77,0.0,-0.0,-0.0,0.0,0.0,-0.0,-0.0,0.0,0.0
2055,35.03,0.0,-0.0,-0.0,0.0,0.0,-0.0,-0.0,0.0,0.0
2056,32.96,0.0,-0.0,-0.0,0.0,0.0,-0.0,-0.0,0.0,0.0
2057,24.09,0.0,-0.0,-0.0,0.0,0.0,-0.0,-0.0,0.0,0.0
2058,25.47,0.0,-0.0,-0.0,0.0,0.0,-0.0,-0.0,0.0,0.0
2059,41.82,0.0,-0.0,-0.0,0.0,0.0,-0.0,-0.0,0.0,0.0
2060,35.71,0.0,-0.0,-0.0,0.0,0.0,-0.0,-0.0,0.0,0.0
2061,32.87,0.0,-0.0,-0.0,0.0,0.0,-0.0,-0.0,0.0,0.0
2062,28.99,0.0,-0.0,-0.0,0.0,0.0,-0.0,-0.0,0.0,0.0
2063,28.42,0.0,-0.0,-0.0,0.0,0.0,-0.0,-0.0,0.0,0.0
2064,37.06,0.0,-0.0,-0.0,0.0,0.0,-0.0,-0.0,0.0,0.0
2065,39.74,0.0,-0.0,-0.0,0.0,0.0,-0.0,-0.0,0.0,0.0
2066,58.54,0.0,-0.0,-0.0,0.0,0.0,-0.0,-0.0,0.0,0.0
2067,31.56,0.0,-0.0,-0.0,0.0,0.0,-0.0,-0.0,0.0,0.0
2068,27.72,0.0,-0.0,-0.0,0.0,0.0,-0.0,-0.0,0.0,0.0
2069,26.3,0.0,-0.0,-0.0,0.0,0.0,-0.0,-0.0,0.0,0.0
2070,24.97,0.0,-0.0,-0.0,0.0,0.0,-0.0,-0.0,0.0,0.0
2071,33.38,0.0,-0.0,-0.0,0.0,0.0,-0.0,-0.0,0.0,0.0
2072,44.67,0.0,-0.0,-0.0,0.0,0.0,-0.0,-0.0,0.0,0.0
2073,43.18,0.0,-0.0,-0.0,0.0,0.0,-0.0,-0.0,0.0,0.0
2074,30.19,0.0,-0.0,-0.0,0.0,0.0,-0.0,-0.0,0.0,0.0
2075,25.05,0.0,-0.0,-0.0,0.0,0.0,-0.0,-0.0,0.0,0.0
2076,22.92,0.0,-0.0,-0.0,0.0,0.0,-0.0,-0.0,0.0,0.0
2077,29.64,0.0,-0.0,-0.0,0.0,0.0,-0.0,-0.0,0.0,0.0
2078,29.4,0.0,-0.0,-0.0,0.0,0.0,-0.0,-0.0,0.0,0.0
2079,21.61,0.0,-0.0,-0.0,0.0,0.0,-0.0,-0.0,0.0,0.0
2080,21.03,0.0,-0.0,-0.0,0.0,0.0,-0.0,-0.0,0.0,0.0
2081,21.03,0.0,-0.0,-0.0,0.0,0.0,-0.0,-0.0,0.0,0.0
2082,18.19,0.0,-0.0,-0.0,0.0,0.0,-0.0,-0.0,0.0,0.0
2083,17.84,0.0,-0.0,-0.0,0.0,0.0,-0.0,-0.0,0.0,0.0
2084,16.39,0.0,-0.0,-0.0,0.0,0.0,-0.0,-0.0,0.0,0.0
2085,22.57,0.0,-0.0,-0.0,0.0,0.0,-0.0,-0.0,0.0,0.0
2086,20.09,0.0,-0.0,-0.0,0.0,0.0,-0.0,-0.0,0.0,0.0
2087,19.34,0.0,-0.0,-0.0,0.0,0.0,-0.0,-0.0,0.0,0.0
2088,25.19,0.0,-0.0,-0.0,0.0,0.0,-0.0,-0.0,0.0,0.0
2089,23.19,0.0,-0.0,-0.0,0.0,0.0,-0.0,-0.0,0.0,0.0
2090,23.16,0.0,-0.0,-0.0,0.0,0.0,-0.0,-0.0,0.0,0.0
2091,27.37,0.0,-0.0,-0.0,0.0,0.0,-0.0,-0.0,0.0,0.0
2092,26.28,0.0,-0.0,-0.0,0.0,0.0,-0.0,-0.0,0.0,0.0
2093,23.49,0.0,-0.0,-0.0,0.0,0.0,-0.0,-0.0,0.0,0.0
2094,21.88,0.0,-0.0,-0.0,0.0,0.0,-0.0,-0.0,0.0,0.0
2095,24.18,0.0,-0.0,-0.0,0.0,0.0,-0.0,-0.0,0.0,0.0
2096,23.97,0.0,-0.0,-0.0,0.0,0.0,-0.0,-0.0,0.0,0.0
2097,22.95,0.0,-0.0,-0.0,0.0,0.0,-0.0,-0.0,0.0,0.0
2098,20.34,0.0,-0.0,-0.0,0.0,0.0,-0.0,-0.0,0.0,0.0
2099,3.01,0.0,-0.0,-0.0,0.0,0.0,-0.0,-0.0,0.0,0.0
2100,23.32,0.0,0.0,-0.0,-0.0,0.0,0.0,-0.0,0.0,0.0
2101,43.13,0.0,0.0,-0.0,-0.0,0.0,0.0,-0.0,0.0,0.0
2102,48.29,0.0,0.0,-0.0,-0.0,0.0,0.0,-0.0,0.0,0.0
2103,82.23,171.0,1.0,1.0,-0.0,8550.0,2000.0,10000.0,14061.33,-6488.67
2104,127.33,171.0,1.0,-0.0,-0.0,8550.0,2000.0,-0.0,21773.43,11223.43
2105,93.08,171.0,1.0,-0.0,0.0,8550.0,2000.0,-0.0,15916.68,5366.68
2106,73.44,171.0,1.0,-0.0,0.0,8550.0,2000.0,-0.0,12558.24,2008.2399999999998
2107,64.39,171.0,1.0,-0.0,0.0,8550.0,2000.0,-0.0,11010.69,460.6900000000005
2108,54.58,0.0,-0.0,-0.0,1.0,0.0,-0.0,-0.0,0.0,0.0
2109,47.41,0.0,-0.0,-0.0,0.0,0.0,-0.0,-0.0,0.0,0.0
2110,33.53,0.0,-0.0,-0.0,0.0,0.0,-0.0,-0.0,0.0,0.0
2111,25.77,0.0,-0.0,-0.0,0.0,0.0,-0.0,-0.0,0.0,0.0
2112,28.5,0.0,-0.0,-0.0,0.0,0.0,-0.0,-0.0,0.0,0.0
2113,30.88,0.0,-0.0,-0.0,0.0,0.0,-0.0,-0.0,0.0,0.0
2114,30.07,0.0,-0.0,-0.0,0.0,0.0,-0.0,-0.0,0.0,0.0
2115,22.58,0.0,-0.0,-0.0,0.0,0.0,-0.0,-0.0,0.0,0.0
2116,18.28,0.0,-0.0,-0.0,0.0,0.0,-0.0,-0.0,0.0,0.0
2117,18.87,0.0,-0.0,-0.0,0.0,0.0,-0.0,-0.0,0.0,0.0
2118,17.55,0.0,-0.0,-0.0,0.0,0.0,-0.0,-0.0,0.0,0.0
2119,20.34,0.0,-0.0,-0.0,0.0,0.0,-0.0,-0.0,0.0,0.0
2120,25.85,0.0,0.0,-0.0,-0.0,0.0,0.0,-0.0,0.0,0.0
2121,61.12,0.0,0.0,-0.0,-0.0,0.0,0.0,-0.0,0.0,0.0
2122,34.87,0.0,0.0,-0.0,-0.0,0.0,0.0,-0.0,0.0,0.0
2123,58.27,0.0,0.0,-0.0,-0.0,0.0,0.0,-0.0,0.0,0.0
2124,71.22,171.0,1.0,1.0,-0.0,8550.0,2000.0,10000.0,12178.619999999999,-8371.380000000001
2125,117.49,171.0,1.0,-0.0,-0.0,8550.0,2000.0,-0.0,20090.79,9540.79
2126,145.11,171.0,1.0,-0.0,0.0,8550.0,2000.0,-0.0,24813.81,14263.810000000001
2127,80.48,171.0,1.0,-0.0,0.0,8550.0,2000.0,-0.0,13762.08,3212.08
2128,29.9,0.0,-0.0,-0.0,1.0,0.0,-0.0,-0.0,0.0,0.0
2129,30.38,0.0,-0.0,-0.0,0.0,0.0,-0.0,-0.0,0.0,0.0
2130,28.94,0.0,-0.0,-0.0,0.0,0.0,-0.0,-0.0,0.0,0.0
2131,35.04,0.0,-0.0,-0.0,0.0,0.0,-0.0,-0.0,0.0,0.0
2132,45.39,0.0,-0.0,-0.0,0.0,0.0,-0.0,-0.0,0.0,0.0
2133,70.12,0.0,0.0,-0.0,-0.0,0.0,0.0,-0.0,0.0,0.0
2134,60.05,0.0,-0.0,-0.0,0.0,0.0,-0.0,-0.0,0.0,0.0
2135,59.81,0.0,-0.0,-0.0,0.0,0.0,-0.0,-0.0,0.0,0.0
2136,45.23,0.0,-0.0,-0.0,0.0,0.0,-0.0,-0.0,0.0,0.0
2137,54.69,0.0,-0.0,-0.0,0.0,0.0,-0.0,-0.0,0.0,0.0
2138,43.46,0.0,-0.0,-0.0,0.0,0.0,-0.0,-0.0,0.0,0.0
2139,23.21,0.0,-0.0,-0.0,0.0,0.0,-0.0,-0.0,0.0,0.0
2140,19.33,0.0,-0.0,-0.0,0.0,0.0,-0.0,-0.0,0.0,0.0
2141,19.3,0.0,-0.0,-0.0,0.0,0.0,-0.0,-0.0,0.0,0.0
2142,15.1,0.0,-0.0,-0.0,0.0,0.0,-0.0,-0.0,0.0,0.0
2143,12.95,0.0,-0.0,-0.0,0.0,0.0,-0.0,-0.0,0.0,0.0
2144,15.12,0.0,-0.0,-0.0,0.0,0.0,-0.0,-0.0,0.0,0.0
2145,15.17,0.0,-0.0,-0.0,0.0,0.0,-0.0,-0.0,0.0,0.0
2146,17.24,0.0,0.0,-0.0,-0.0,0.0,0.0,-0.0,0.0,0.0
2147,16.09,0.0,0.0,-0.0,-0.0,0.0,0.0,-0.0,0.0,0.0
2148,27.6,0.0,-0.0,0.0,-0.0,0.0,-0.0,0.0,0.0,0.0
2149,90.92,171.0,1.0,1.0,-0.0,8550.0,2000.0,10000.0,15547.32,-5002.68
2150,124.79,171.0,1.0,-0.0,-0.0,8550.0,2000.0,-0.0,21339.09,10789.09
2151,52.43,171.0,1.0,-0.0,0.0,8550.0,2000.0,-0.0,8965.53,-1584.4699999999993
2152,28.38,68.0,1.0,-0.0,0.0,3400.0,2000.0,-0.0,1929.84,-3470.16
2153,24.47,0.0,-0.0,-0.0,1.0,0.0,-0.0,-0.0,0.0,0.0
2154,24.79,0.0,-0.0,-0.0,0.0,0.0,-0.0,-0.0,0.0,0.0
2155,32.24,0.0,-0.0,-0.0,0.0,0.0,-0.0,-0.0,0.0,0.0
2156,27.28,0.0,-0.0,-0.0,0.0,0.0,-0.0,-0.0,0.0,0.0
2157,22.77,0.0,-0.0,-0.0,0.0,0.0,-0.0,-0.0,0.0,0.0
2158,23.3,0.0,-0.0,-0.0,0.0,0.0,-0.0,-0.0,0.0,0.0
2159,28.42,0.0,-0.0,-0.0,0.0,0.0,-0.0,-0.0,0.0,0.0
2160,49.33,0.0,0.0,-0.0,-0.0,0.0,0.0,-0.0,0.0,0.0
2161,74.3,0.0,0.0,-0.0,-0.0,0.0,0.0,-0.0,0.0,0.0
2162,37.55,0.0,-0.0,-0.0,0.0,0.0,-0.0,-0.0,0.0,0.0
2163,29.28,0.0,-0.0,-0.0,0.0,0.0,-0.0,-0.0,0.0,0.0
2164,29.6,0.0,-0.0,-0.0,0.0,0.0,-0.0,-0.0,0.0,0.0
2165,28.59,0.0,-0.0,-0.0,0.0,0.0,-0.0,-0.0,0.0,0.0
2166,24.58,0.0,-0.0,-0.0,0.0,0.0,-0.0,-0.0,0.0,0.0
2167,19.91,0.0,-0.0,-0.0,0.0,0.0,-0.0,-0.0,0.0,0.0
2168,18.49,0.0,-0.0,-0.0,0.0,0.0,-0.0,-0.0,0.0,0.0
2169,20.61,0.0,-0.0,-0.0,0.0,0.0,-0.0,-0.0,0.0,0.0
2170,15.58,0.0,-0.0,-0.0,0.0,0.0,-0.0,-0.0,0.0,0.0
2171,23.94,0.0,-0.0,-0.0,0.0,0.0,-0.0,-0.0,0.0,0.0
2172,30.91,0.0,-0.0,-0.0,0.0,0.0,-0.0,-0.0,0.0,0.0
2173,40.67,0.0,-0.0,-0.0,0.0,0.0,-0.0,-0.0,0.0,0.0
2174,49.84,0.0,-0.0,-0.0,0.0,0.0,-0.0,-0.0,0.0,0.0
2175,70.87,0.0,0.0,-0.0,-0.0,0.0,0.0,-0.0,0.0,0.0
2176,35.84,0.0,-0.0,-0.0,0.0,0.0,-0.0,-0.0,0.0,0.0
2177,25.9,0.0,-0.0,-0.0,0.0,0.0,-0.0,-0.0,0.0,0.0
2178,19.79,0.0,-0.0,-0.0,0.0,0.0,-0.0,-0.0,0.0,0.0
2179,17.86,0.0,-0.0,-0.0,0.0,0.0,-0.0,-0.0,0.0,0.0
2180,17.96,0.0,-0.0,-0.0,0.0,0.0,-0.0,-0.0,0.0,0.0
2181,18.0,0.0,-0.0,-0.0,0.0,0.0,-0.0,-0.0,0.0,0.0
2182,17.61,0.0,-0.0,-0.0,0.0,0.0,-0.0,-0.0,0.0,0.0
2183,17.56,0.0,-0.0,-0.0,0.0,0.0,-0.0,-0.0,0.0,0.0
2184,19.3,0.0,-0.0,-0.0,0.0,0.0,-0.0,-0.0,0.0,0.0
2185,31.51,0.0,-0.0,-0.0,0.0,0.0,-0.0,-0.0,0.0,0.0
2186,53.85,0.0,-0.0,-0.0,0.0,0.0,-0.0,-0.0,0.0,0.0
2187,28.04,0.0,-0.0,-0.0,0.0,0.0,-0.0,-0.0,0.0,0.0
2188,26.17,0.0,-0.0,-0.0,0.0,0.0,-0.0,-0.0,0.0,0.0
2189,28.65,0.0,-0.0,-0.0,0.0,0.0,-0.0,-0.0,0.0,0.0
2190,40.51,0.0,0.0,-0.0,-0.0,0.0,0.0,-0.0,0.0,0.0
2191,58.31,0.0,0.0,-0.0,-0.0,0.0,0.0,-0.0,0.0,0.0
2192,52.06,0.0,0.0,-0.0,-0.0,0.0,0.0,-0.0,0.0,0.0
2193,42.07,0.0,0.0,-0.0,-0.0,0.0,0.0,-0.0,0.0,0.0
2194,50.73,0.0,0.0,-0.0,-0.0,0.0,0.0,-0.0,0.0,0.0
2195,94.04,171.0,1.0,1.0,-0.0,8550.0,2000.0,10000.0,16080.840000000002,-4469.159999999998
2196,122.76,171.0,1.0,-0.0,-0.0,8550.0,2000.0,-0.0,20991.96,10441.96
2197,155.32,171.0,1.0,-0.0,0.0,8550.0,2000.0,-0.0,26559.719999999998,16009.719999999998
2198,147.37,171.0,1.0,-0.0,0.0,8550.0,2000.0,-0.0,25200.27,14650.27
2199,108.79,171.0,1.0,-0.0,0.0,8550.0,2000.0,-0.0,18603.09,8053.09
2200,45.54,0.0,-0.0,-0.0,1.0,0.0,-0.0,-0.0,0.0,0.0
2201,35.78,0.0,-0.0,-0.0,0.0,0.0,-0.0,-0.0,0.0,0.0
2202,26.95,0.0,-0.0,-0.0,0.0,0.0,-0.0,-0.0,0.0,0.0
2203,23.9,0.0,-0.0,-0.0,0.0,0.0,-0.0,-0.0,0.0,0.0
2204,21.46,0.0,-0.0,-0.0,0.0,0.0,-0.0,-0.0,0.0,0.0
2205,19.78,0.0,-0.0,-0.0,0.0,0.0,-0.0,-0.0,0.0,0.0
2206,21.23,0.0,-0.0,-0.0,0.0,0.0,-0.0,-0.0,0.0,0.0
2207,18.86,0.0,-0.0,-0.0,0.0,0.0,-0.0,-0.0,0.0,0.0
2208,19.96,0.0,-0.0,-0.0,0.0,0.0,-0.0,-0.0,0.0,0.0
2209,18.73,0.0,-0.0,-0.0,0.0,0.0,-0.0,-0.0,0.0,0.0
2210,16.33,0.0,-0.0,-0.0,0.0,0.0,-0.0,-0.0,0.0,0.0
2211,21.39,0.0,-0.0,-0.0,0.0,0.0,-0.0,-0.0,0.0,0.0
2212,22.41,0.0,-0.0,-0.0,0.0,0.0,-0.0,-0.0,0.0,0.0
2213,22.18,0.0,-0.0,-0.0,0.0,0.0,-0.0,-0.0,0.0,0.0
2214,6.81,0.0,-0.0,-0.0,0.0,0.0,-0.0,-0.0,0.0,0.0
2215,6.01,0.0,-0.0,-0.0,0.0,0.0,-0.0,-0.0,0.0,0.0
2216,9.76,0.0,-0.0,-0.0,0.0,0.0,-0.0,-0.0,0.0,0.0
2217,13.37,0.0,-0.0,-0.0,0.0,0.0,-0.0,-0.0,0.0,0.0
2218,12.12,0.0,-0.0,-0.0,0.0,0.0,-0.0,-0.0,0.0,0.0
2219,4.59,0.0,-0.0,-0.0,0.0,0.0,-0.0,-0.0,0.0,0.0
2220,18.6,0.0,-0.0,-0.0,0.0,0.0,-0.0,-0.0,0.0,0.0
2221,21.59,0.0,-0.0,-0.0,0.0,0.0,-0.0,-0.0,0.0,0.0
2222,22.19,0.0,-0.0,-0.0,0.0,0.0,-0.0,-0.0,0.0,0.0
2223,22.22,0.0,-0.0,-0.0,0.0,0.0,-0.0,-0.0,0.0,0.0
2224,25.97,0.0,-0.0,-0.0,0.0,0.0,-0.0,-0.0,0.0,0.0
2225,23.53,0.0,-0.0,-0.0,0.0,0.0,-0.0,-0.0,0.0,0.0
2226,20.92,0.0,-0.0,-0.0,0.0,0.0,-0.0,-0.0,0.0,0.0
2227,21.83,0.0,-0.0,-0.0,0.0,0.0,-0.0,-0.0,0.0,0.0
2228,19.11,0.0,-0.0,-0.0,0.0,0.0,-0.0,-0.0,0.0,0.0
2229,24.29,0.0,-0.0,-0.0,0.0,0.0,-0.0,-0.0,0.0,0.0
2230,27.22,0.0,-0.0,-0.0,0.0,0.0,-0.0,-0.0,0.0,0.0
2231,40.64,0.0,-0.0,-0.0,0.0,0.0,-0.0,-0.0,0.0,0.0
2232,55.01,0.0,-0.0,-0.0,0.0,0.0,-0.0,-0.0,0.0,0.0
2233,58.48,0.0,-0.0,-0.0,0.0,0.0,-0.0,-0.0,0.0,0.0
2234,51.83,0.0,-0.0,-0.0,0.0,0.0,-0.0,-0.0,0.0,0.0
2235,37.17,0.0,-0.0,-0.0,0.0,0.0,-0.0,-0.0,0.0,0.0
2236,34.16,0.0,-0.0,-0.0,0.0,0.0,-0.0,-0.0,0.0,0.0
2237,32.74,0.0,-0.0,-0.0,0.0,0.0,-0.0,-0.0,0.0,0.0
2238,28.72,0.0,-0.0,-0.0,0.0,0.0,-0.0,-0.0,0.0,0.0
2239,26.28,0.0,-0.0,-0.0,0.0,0.0,-0.0,-0.0,0.0,0.0
2240,24.5,0.0,-0.0,-0.0,0.0,0.0,-0.0,-0.0,0.0,0.0
2241,24.9,0.0,-0.0,-0.0,0.0,0.0,-0.0,-0.0,0.0,0.0
2242,26.52,0.0,-0.0,-0.0,0.0,0.0,-0.0,-0.0,0.0,0.0
2243,25.95,0.0,-0.0,-0.0,0.0,0.0,-0.0,-0.0,0.0,0.0
2244,31.99,0.0,-0.0,-0.0,0.0,0.0,-0.0,-0.0,0.0,0.0
2245,32.28,0.0,-0.0,-0.0,0.0,0.0,-0.0,-0.0,0.0,0.0
2246,38.24,0.0,-0.0,-0.0,0.0,0.0,-0.0,-0.0,0.0,0.0
2247,37.16,0.0,-0.0,-0.0,0.0,0.0,-0.0,-0.0,0.0,0.0
2248,25.16,0.0,-0.0,-0.0,0.0,0.0,-0.0,-0.0,0.0,0.0
2249,20.78,0.0,-0.0,-0.0,0.0,0.0,-0.0,-0.0,0.0,0.0
2250,18.98,0.0,-0.0,-0.0,0.0,0.0,-0.0,-0.0,0.0,0.0
2251,21.47,0.0,-0.0,-0.0,0.0,0.0,-0.0,-0.0,0.0,0.0
2252,27.12,0.0,-0.0,-0.0,0.0,0.0,-0.0,-0.0,0.0,0.0
2253,28.93,0.0,-0.0,-0.0,0.0,0.0,-0.0,-0.0,0.0,0.0
2254,26.58,0.0,-0.0,-0.0,0.0,0.0,-0.0,-0.0,0.0,0.0
2255,25.24,0.0,-0.0,-0.0,0.0,0.0,-0.0,-0.0,0.0,0.0
2256,27.56,0.0,-0.0,-0.0,0.0,0.0,-0.0,-0.0,0.0,0.0
2257,29.96,0.0,-0.0,-0.0,0.0,0.0,-0.0,-0.0,0.0,0.0
2258,33.05,0.0,-0.0,-0.0,0.0,0.0,-0.0,-0.0,0.0,0.0
2259,37.1,0.0,-0.0,-0.0,0.0,0.0,-0.0,-0.0,0.0,0.0
2260,35.89,0.0,-0.0,-0.0,0.0,0.0,-0.0,-0.0,0.0,0.0
2261,34.37,0.0,-0.0,-0.0,0.0,0.0,-0.0,-0.0,0.0,0.0
2262,30.56,0.0,-0.0,-0.0,0.0,0.0,-0.0,-0.0,0.0,0.0
2263,30.81,0.0,-0.0,-0.0,0.0,0.0,-0.0,-0.0,0.0,0.0
2264,20.05,0.0,-0.0,-0.0,0.0,0.0,-0.0,-0.0,0.0,0.0
2265,27.59,0.0,-0.0,-0.0,0.0,0.0,-0.0,-0.0,0.0,0.0
2266,26.09,0.0,-0.0,-0.0,0.0,0.0,-0.0,-0.0,0.0,0.0
2267,21.32,0.0,-0.0,-0.0,0.0,0.0,-0.0,-0.0,0.0,0.0
2268,21.77,0.0,-0.0,-0.0,0.0,0.0,-0.0,-0.0,0.0,0.0
2269,21.12,0.0,-0.0,-0.0,0.0,0.0,-0.0,-0.0,0.0,0.0
2270,22.53,0.0,-0.0,-0.0,0.0,0.0,-0.0,-0.0,0.0,0.0
2271,20.65,0.0,-0.0,-0.0,0.0,0.0,-0.0,-0.0,0.0,0.0
2272,17.45,0.0,-0.0,-0.0,0.0,0.0,-0.0,-0.0,0.0,0.0
2273,16.9,0.0,-0.0,-0.0,0.0,0.0,-0.0,-0.0,0.0,0.0
2274,16.04,0.0,-0.0,-0.0,0.0,0.0,-0.0,-0.0,0.0,0.0
2275,15.8,0.0,-0.0,-0.0,0.0,0.0,-0.0,-0.0,0.0,0.0
2276,19.57,0.0,-0.0,-0.0,0.0,0.0,-0.0,-0.0,0.0,0.0
2277,25.69,0.0,-0.0,-0.0,0.0,0.0,-0.0,-0.0,0.0,0.0
2278,28.31,0.0,-0.0,-0.0,0.0,0.0,-0.0,-0.0,0.0,0.0
2279,28.62,0.0,-0.0,-0.0,0.0,0.0,-0.0,-0.0,0.0,0.0
2280,29.05,0.0,-0.0,-0.0,0.0,0.0,-0.0,-0.0,0.0,0.0
2281,30.82,0.0,-0.0,-0.0,0.0,0.0,-0.0,-0.0,0.0,0.0
2282,36.8,0.0,-0.0,-0.0,0.0,0.0,-0.0,-0.0,0.0,0.0
2283,23.75,0.0,-0.0,-0.0,0.0,0.0,-0.0,-0.0,0.0,0.0
2284,22.28,0.0,-0.0,-0.0,0.0,0.0,-0.0,-0.0,0.0,0.0
2285,15.38,0.0,-0.0,-0.0,0.0,0.0,-0.0,-0.0,0.0,0.0
2286,16.39,0.0,-0.0,-0.0,0.0,0.0,-0.0,-0.0,0.0,0.0
2287,7.99,0.0,-0.0,-0.0,0.0,0.0,-0.0,-0.0,0.0,0.0
2288,12.77,0.0,-0.0,-0.0,0.0,0.0,-0.0,-0.0,0.0,0.0
2289,15.11,0.0,-0.0,-0.0,0.0,0.0,-0.0,-0.0,0.0,0.0
2290,3.66,0.0,-0.0,-0.0,0.0,0.0,-0.0,-0.0,0.0,0.0
2291,5.11,0.0,-0.0,-0.0,0.0,0.0,-0.0,-0.0,0.0,0.0
2292,0.27,0.0,0.0,-0.0,-0.0,0.0,0.0,-0.0,0.0,0.0
2293,34.6,0.0,0.0,-0.0,-0.0,0.0,0.0,-0.0,0.0,0.0
2294,124.26,171.0,1.0,1.0,-0.0,8550.0,2000.0,10000.0,21248.46,698.4599999999991
2295,141.98,171.0,1.0,-0.0,0.0,8550.0,2000.0,-0.0,24278.579999999998,13728.579999999998
2296,255.91,171.0,1.0,-0.0,0.0,8550.0,2000.0,-0.0,43760.61,33210.61
2297,237.56,171.0,1.0,-0.0,0.0,8550.0,2000.0,-0.0,40622.76,30072.760000000002
2298,105.25,171.0,1.0,-0.0,0.0,8550.0,2000.0,-0.0,17997.75,7447.75
2299,89.98,171.0,1.0,-0.0,0.0,8550.0,2000.0,-0.0,15386.58,4836.58
2300,105.21,171.0,1.0,-0.0,0.0,8550.0,2000.0,-0.0,17990.91,7440.91
2301,141.0,171.0,1.0,-0.0,0.0,8550.0,2000.0,-0.0,24111.0,13561.0
2302,161.69,171.0,1.0,-0.0,0.0,8550.0,2000.0,-0.0,27648.989999999998,17098.989999999998
2303,158.65,171.0,1.0,-0.0,0.0,8550.0,2000.0,-0.0,27129.15,16579.15
2304,560.89,171.0,1.0,-0.0,0.0,8550.0,2000.0,-0.0,95912.19,85362.19
2305,546.5,171.0,1.0,-0.0,0.0,8550.0,2000.0,-0.0,93451.5,82901.5
2306,36.7,0.0,-0.0,-0.0,1.0,0.0,-0.0,-0.0,0.0,0.0
2307,23.67,0.0,-0.0,-0.0,0.0,0.0,-0.0,-0.0,0.0,0.0
2308,36.46,0.0,-0.0,-0.0,0.0,0.0,-0.0,-0.0,0.0,0.0
2309,33.42,0.0,-0.0,-0.0,0.0,0.0,-0.0,-0.0,0.0,0.0
2310,25.61,0.0,-0.0,-0.0,0.0,0.0,-0.0,-0.0,0.0,0.0
2311,27.81,0.0,-0.0,-0.0,0.0,0.0,-0.0,-0.0,0.0,0.0
2312,25.32,0.0,-0.0,-0.0,0.0,0.0,-0.0,-0.0,0.0,0.0
2313,14.07,0.0,-0.0,-0.0,0.0,0.0,-0.0,-0.0,0.0,0.0
2314,0.03,0.0,-0.0,-0.0,0.0,0.0,-0.0,-0.0,0.0,0.0
2315,0.02,0.0,0.0,-0.0,-0.0,0.0,0.0,-0.0,0.0,0.0
2316,14.34,0.0,0.0,-0.0,-0.0,0.0,0.0,-0.0,0.0,0.0
2317,67.47,171.0,1.0,1.0,-0.0,8550.0,2000.0,10000.0,11537.369999999999,-9012.630000000001
2318,93.32,171.0,1.0,-0.0,-0.0,8550.0,2000.0,-0.0,15957.72,5407.719999999999
2319,148.53,171.0,1.0,-0.0,-0.0,8550.0,2000.0,-0.0,25398.63,14848.630000000001
2320,74.99,171.0,1.0,-0.0,0.0,8550.0,2000.0,-0.0,12823.289999999999,2273.289999999999
2321,41.66,0.0,-0.0,-0.0,1.0,0.0,-0.0,-0.0,0.0,0.0
2322,34.14,0.0,-0.0,-0.0,0.0,0.0,-0.0,-0.0,0.0,0.0
2323,30.8,0.0,-0.0,-0.0,0.0,0.0,-0.0,-0.0,0.0,0.0
2324,25.18,0.0,-0.0,-0.0,0.0,0.0,-0.0,-0.0,0.0,0.0
2325,22.44,0.0,-0.0,-0.0,0.0,0.0,-0.0,-0.0,0.0,0.0
2326,23.48,0.0,-0.0,-0.0,0.0,0.0,-0.0,-0.0,0.0,0.0
2327,27.35,0.0,-0.0,-0.0,0.0,0.0,-0.0,-0.0,0.0,0.0
2328,41.17,0.0,-0.0,-0.0,0.0,0.0,-0.0,-0.0,0.0,0.0
2329,52.63,0.0,-0.0,-0.0,0.0,0.0,-0.0,-0.0,0.0,0.0
2330,21.68,0.0,-0.0,-0.0,0.0,0.0,-0.0,-0.0,0.0,0.0
2331,11.38,0.0,-0.0,-0.0,0.0,0.0,-0.0,-0.0,0.0,0.0
2332,17.51,0.0,-0.0,-0.0,0.0,0.0,-0.0,-0.0,0.0,0.0
2333,9.66,0.0,-0.0,-0.0,0.0,0.0,-0.0,-0.0,0.0,0.0
2334,11.9,0.0,-0.0,-0.0,0.0,0.0,-0.0,-0.0,0.0,0.0
2335,12.8,0.0,-0.0,-0.0,0.0,0.0,-0.0,-0.0,0.0,0.0
2336,13.42,0.0,-0.0,-0.0,0.0,0.0,-0.0,-0.0,0.0,0.0
2337,6.12,0.0,-0.0,-0.0,0.0,0.0,-0.0,-0.0,0.0,0.0
2338,1.89,0.0,-0.0,-0.0,0.0,0.0,-0.0,-0.0,0.0,0.0
2339,-0.24,0.0,-0.0,-0.0,0.0,0.0,-0.0,-0.0,-0.0,0.0
2340,0.54,0.0,-0.0,-0.0,0.0,0.0,-0.0,-0.0,0.0,0.0
2341,28.11,0.0,-0.0,-0.0,0.0,0.0,-0.0,-0.0,0.0,0.0
2342,39.69,0.0,-0.0,-0.0,0.0,0.0,-0.0,-0.0,0.0,0.0
2343,21.31,0.0,-0.0,-0.0,0.0,0.0,-0.0,-0.0,0.0,0.0
2344,17.32,0.0,-0.0,-0.0,0.0,0.0,-0.0,-0.0,0.0,0.0
2345,15.76,0.0,-0.0,-0.0,0.0,0.0,-0.0,-0.0,0.0,0.0
2346,20.33,0.0,-0.0,-0.0,0.0,0.0,-0.0,-0.0,0.0,0.0
2347,16.12,0.0,-0.0,-0.0,0.0,0.0,-0.0,-0.0,0.0,0.0
2348,13.87,0.0,-0.0,-0.0,0.0,0.0,-0.0,-0.0,0.0,0.0
2349,14.51,0.0,-0.0,-0.0,0.0,0.0,-0.0,-0.0,0.0,0.0
2350,13.16,0.0,-0.0,-0.0,0.0,0.0,-0.0,-0.0,0.0,0.0
2351,17.48,0.0,-0.0,-0.0,0.0,0.0,-0.0,-0.0,0.0,0.0
2352,21.68,0.0,-0.0,-0.0,0.0,0.0,-0.0,-0.0,0.0,0.0
2353,25.49,0.0,-0.0,-0.0,0.0,0.0,-0.0,-0.0,0.0,0.0
2354,1.11,0.0,-0.0,-0.0,0.0,0.0,-0.0,-0.0,0.0,0.0
2355,-3.15,0.0,-0.0,-0.0,0.0,0.0,-0.0,-0.0,-0.0,0.0
2356,-3.86,0.0,-0.0,-0.0,0.0,0.0,-0.0,-0.0,-0.0,0.0
2357,-4.08,0.0,-0.0,-0.0,0.0,0.0,-0.0,-0.0,-0.0,0.0
2358,-1.87,0.0,-0.0,-0.0,0.0,0.0,-0.0,-0.0,-0.0,0.0
2359,-0.35,0.0,-0.0,-0.0,0.0,0.0,-0.0,-0.0,-0.0,0.0
2360,3.48,0.0,-0.0,-0.0,0.0,0.0,-0.0,-0.0,0.0,0.0
2361,9.32,0.0,-0.0,-0.0,0.0,0.0,-0.0,-0.0,0.0,0.0
2362,12.71,0.0,-0.0,-0.0,0.0,0.0,-0.0,-0.0,0.0,0.0
2363,13.57,0.0,-0.0,-0.0,0.0,0.0,-0.0,-0.0,0.0,0.0
2364,15.88,0.0,0.0,-0.0,-0.0,0.0,0.0,-0.0,0.0,0.0
2365,55.16,0.0,0.0,-0.0,-0.0,0.0,0.0,-0.0,0.0,0.0
2366,96.92,0.0,0.0,-0.0,-0.0,0.0,0.0,-0.0,0.0,0.0
2367,41.59,0.0,-0.0,-0.0,0.0,0.0,-0.0,-0.0,0.0,0.0
2368,30.0,0.0,-0.0,-0.0,0.0,0.0,-0.0,-0.0,0.0,0.0
2369,30.39,0.0,-0.0,-0.0,0.0,0.0,-0.0,-0.0,0.0,0.0
2370,37.0,0.0,-0.0,-0.0,0.0,0.0,-0.0,-0.0,0.0,0.0
2371,37.77,0.0,-0.0,-0.0,0.0,0.0,-0.0,-0.0,0.0,0.0
2372,37.1,0.0,-0.0,-0.0,0.0,0.0,-0.0,-0.0,0.0,0.0
2373,30.42,0.0,-0.0,-0.0,0.0,0.0,-0.0,-0.0,0.0,0.0
2374,24.73,0.0,-0.0,-0.0,0.0,0.0,-0.0,-0.0,0.0,0.0
2375,25.6,0.0,-0.0,-0.0,0.0,0.0,-0.0,-0.0,0.0,0.0
2376,33.18,0.0,-0.0,-0.0,0.0,0.0,-0.0,-0.0,0.0,0.0
2377,57.94,0.0,-0.0,-0.0,0.0,0.0,-0.0,-0.0,0.0,0.0
2378,22.23,0.0,-0.0,-0.0,0.0,0.0,-0.0,-0.0,0.0,0.0
2379,21.33,0.0,-0.0,-0.0,0.0,0.0,-0.0,-0.0,0.0,0.0
2380,23.0,0.0,-0.0,-0.0,0.0,0.0,-0.0,-0.0,0.0,0.0
2381,24.67,0.0,-0.0,-0.0,0.0,0.0,-0.0,-0.0,0.0,0.0
2382,16.87,0.0,-0.0,-0.0,0.0,0.0,-0.0,-0.0,0.0,0.0
2383,16.69,0.0,-0.0,-0.0,0.0,0.0,-0.0,-0.0,0.0,0.0
2384,16.9,0.0,-0.0,-0.0,0.0,0.0,-0.0,-0.0,0.0,0.0
2385,19.54,0.0,-0.0,-0.0,0.0,0.0,-0.0,-0.0,0.0,0.0
2386,26.91,0.0,-0.0,-0.0,0.0,0.0,-0.0,-0.0,0.0,0.0
2387,22.57,0.0,-0.0,-0.0,0.0,0.0,-0.0,-0.0,0.0,0.0
2388,23.52,0.0,0.0,-0.0,-0.0,0.0,0.0,-0.0,0.0,0.0
2389,85.01,0.0,0.0,-0.0,-0.0,0.0,0.0,-0.0,0.0,0.0
2390,79.31,0.0,0.0,-0.0,-0.0,0.0,0.0,-0.0,0.0,0.0
2391,42.96,0.0,-0.0,-0.0,0.0,0.0,-0.0,-0.0,0.0,0.0
2392,29.24,0.0,-0.0,-0.0,0.0,0.0,-0.0,-0.0,0.0,0.0
2393,27.04,0.0,-0.0,-0.0,0.0,0.0,-0.0,-0.0,0.0,0.0
2394,27.7,0.0,-0.0,-0.0,0.0,0.0,-0.0,-0.0,0.0,0.0
2395,29.59,0.0,-0.0,-0.0,0.0,0.0,-0.0,-0.0,0.0,0.0
2396,29.33,0.0,-0.0,-0.0,0.0,0.0,-0.0,-0.0,0.0,0.0
2397,26.45,0.0,-0.0,-0.0,0.0,0.0,-0.0,-0.0,0.0,0.0
2398,24.51,0.0,-0.0,-0.0,0.0,0.0,-0.0,-0.0,0.0,0.0
2399,29.89,0.0,-0.0,-0.0,0.0,0.0,-0.0,-0.0,0.0,0.0
2400,36.07,0.0,-0.0,-0.0,0.0,0.0,-0.0,-0.0,0.0,0.0
2401,58.77,0.0,-0.0,-0.0,0.0,0.0,-0.0,-0.0,0.0,0.0
2402,27.12,0.0,-0.0,-0.0,0.0,0.0,-0.0,-0.0,0.0,0.0
2403,24.72,0.0,-0.0,-0.0,0.0,0.0,-0.0,-0.0,0.0,0.0
2404,20.33,0.0,-0.0,-0.0,0.0,0.0,-0.0,-0.0,0.0,0.0
2405,18.1,0.0,-0.0,-0.0,0.0,0.0,-0.0,-0.0,0.0,0.0
2406,22.97,0.0,-0.0,-0.0,0.0,0.0,-0.0,-0.0,0.0,0.0
2407,26.43,0.0,-0.0,-0.0,0.0,0.0,-0.0,-0.0,0.0,0.0
2408,30.19,0.0,-0.0,-0.0,0.0,0.0,-0.0,-0.0,0.0,0.0
2409,37.85,0.0,-0.0,-0.0,0.0,0.0,-0.0,-0.0,0.0,0.0
2410,42.07,0.0,-0.0,-0.0,0.0,0.0,-0.0,-0.0,0.0,0.0
2411,28.26,0.0,-0.0,-0.0,0.0,0.0,-0.0,-0.0,0.0,0.0
2412,27.3,0.0,-0.0,-0.0,0.0,0.0,-0.0,-0.0,0.0,0.0
2413,59.58,0.0,0.0,-0.0,-0.0,0.0,0.0,-0.0,0.0,0.0
2414,72.04,0.0,0.0,-0.0,-0.0,0.0,0.0,-0.0,0.0,0.0
2415,37.93,0.0,-0.0,-0.0,0.0,0.0,-0.0,-0.0,0.0,0.0
2416,22.09,0.0,-0.0,-0.0,0.0,0.0,-0.0,-0.0,0.0,0.0
2417,18.77,0.0,-0.0,-0.0,0.0,0.0,-0.0,-0.0,0.0,0.0
2418,16.53,0.0,-0.0,-0.0,0.0,0.0,-0.0,-0.0,0.0,0.0
2419,21.03,0.0,-0.0,-0.0,0.0,0.0,-0.0,-0.0,0.0,0.0
2420,17.91,0.0,-0.0,-0.0,0.0,0.0,-0.0,-0.0,0.0,0.0
2421,19.61,0.0,-0.0,-0.0,0.0,0.0,-0.0,-0.0,0.0,0.0
2422,17.29,0.0,-0.0,-0.0,0.0,0.0,-0.0,-0.0,0.0,0.0
2423,17.22,0.0,-0.0,-0.0,0.0,0.0,-0.0,-0.0,0.0,0.0
2424,17.81,0.0,-0.0,-0.0,0.0,0.0,-0.0,-0.0,0.0,0.0
2425,18.92,0.0,-0.0,-0.0,0.0,0.0,-0.0,-0.0,0.0,0.0
2426,-0.62,0.0,-0.0,-0.0,0.0,0.0,-0.0,-0.0,-0.0,0.0
2427,-2.45,0.0,-0.0,-0.0,0.0,0.0,-0.0,-0.0,-0.0,0.0
2428,-2.61,0.0,-0.0,-0.0,0.0,0.0,-0.0,-0.0,-0.0,0.0
2429,-4.86,0.0,-0.0,-0.0,0.0,0.0,-0.0,-0.0,-0.0,0.0
2430,-5.23,0.0,-0.0,-0.0,0.0,0.0,-0.0,-0.0,-0.0,0.0
2431,-3.9,0.0,-0.0,-0.0,0.0,0.0,-0.0,-0.0,-0.0,0.0
2432,-1.62,0.0,-0.0,-0.0,0.0,0.0,-0.0,-0.0,-0.0,0.0
2433,-1.44,0.0,-0.0,-0.0,0.0,0.0,-0.0,-0.0,-0.0,0.0
2434,-2.39,0.0,-0.0,-0.0,0.0,0.0,-0.0,-0.0,-0.0,0.0
2435,-1.76,0.0,-0.0,-0.0,0.0,0.0,-0.0,-0.0,-0.0,0.0
2436,2.64,0.0,-0.0,-0.0,0.0,0.0,-0.0,-0.0,0.0,0.0
2437,21.46,0.0,-0.0,-0.0,0.0,0.0,-0.0,-0.0,0.0,0.0
2438,22.77,0.0,-0.0,-0.0,0.0,0.0,-0.0,-0.0,0.0,0.0
2439,24.07,0.0,-0.0,-0.0,0.0,0.0,-0.0,-0.0,0.0,0.0
2440,21.0,0.0,-0.0,-0.0,0.0,0.0,-0.0,-0.0,0.0,0.0
2441,19.2,0.0,-0.0,-0.0,0.0,0.0,-0.0,-0.0,0.0,0.0
2442,19.81,0.0,-0.0,-0.0,0.0,0.0,-0.0,-0.0,0.0,0.0
2443,18.87,0.0,-0.0,-0.0,0.0,0.0,-0.0,-0.0,0.0,0.0
2444,18.06,0.0,-0.0,-0.0,0.0,0.0,-0.0,-0.0,0.0,0.0
2445,17.95,0.0,-0.0,-0.0,0.0,0.0,-0.0,-0.0,0.0,0.0
2446,17.02,0.0,-0.0,-0.0,0.0,0.0,-0.0,-0.0,0.0,0.0
2447,17.29,0.0,-0.0,-0.0,0.0,0.0,-0.0,-0.0,0.0,0.0
2448,16.65,0.0,-0.0,-0.0,0.0,0.0,-0.0,-0.0,0.0,0.0
2449,16.33,0.0,-0.0,-0.0,0.0,0.0,-0.0,-0.0,0.0,0.0
2450,-3.02,0.0,-0.0,-0.0,0.0,0.0,-0.0,-0.0,-0.0,0.0
2451,-7.55,0.0,-0.0,-0.0,0.0,0.0,-0.0,-0.0,-0.0,0.0
2452,-5.78,0.0,-0.0,-0.0,0.0,0.0,-0.0,-0.0,-0.0,0.0
2453,-4.22,0.0,-0.0,-0.0,0.0,0.0,-0.0,-0.0,-0.0,0.0
2454,-0.69,0.0,-0.0,-0.0,0.0,0.0,-0.0,-0.0,-0.0,0.0
2455,3.53,0.0,-0.0,-0.0,0.0,0.0,-0.0,-0.0,0.0,0.0
2456,10.7,0.0,-0.0,-0.0,0.0,0.0,-0.0,-0.0,0.0,0.0
2457,19.93,0.0,-0.0,-0.0,0.0,0.0,-0.0,-0.0,0.0,0.0
2458,16.19,0.0,-0.0,-0.0,0.0,0.0,-0.0,-0.0,0.0,0.0
2459,11.2,0.0,-0.0,-0.0,0.0,0.0,-0.0,-0.0,0.0,0.0
2460,18.97,0.0,-0.0,-0.0,0.0,0.0,-0.0,-0.0,0.0,0.0
2461,35.68,0.0,-0.0,-0.0,0.0,0.0,-0.0,-0.0,0.0,0.0
2462,32.38,0.0,-0.0,-0.0,0.0,0.0,-0.0,-0.0,0.0,0.0
2463,30.98,0.0,-0.0,-0.0,0.0,0.0,-0.0,-0.0,0.0,0.0
2464,22.57,0.0,-0.0,-0.0,0.0,0.0,-0.0,-0.0,0.0,0.0
2465,20.91,0.0,-0.0,-0.0,0.0,0.0,-0.0,-0.0,0.0,0.0
2466,22.28,0.0,-0.0,-0.0,0.0,0.0,-0.0,-0.0,0.0,0.0
2467,22.55,0.0,-0.0,-0.0,0.0,0.0,-0.0,-0.0,0.0,0.0
2468,18.55,0.0,-0.0,-0.0,0.0,0.0,-0.0,-0.0,0.0,0.0
2469,18.02,0.0,-0.0,-0.0,0.0,0.0,-0.0,-0.0,0.0,0.0
2470,18.13,0.0,-0.0,-0.0,0.0,0.0,-0.0,-0.0,0.0,0.0
2471,20.88,0.0,-0.0,-0.0,0.0,0.0,-0.0,-0.0,0.0,0.0
2472,25.42,0.0,-0.0,-0.0,0.0,0.0,-0.0,-0.0,0.0,0.0
2473,24.81,0.0,-0.0,-0.0,0.0,0.0,-0.0,-0.0,0.0,0.0
2474,16.17,0.0,-0.0,-0.0,0.0,0.0,-0.0,-0.0,0.0,0.0
2475,13.17,0.0,-0.0,-0.0,0.0,0.0,-0.0,-0.0,0.0,0.0
2476,10.12,0.0,-0.0,-0.0,0.0,0.0,-0.0,-0.0,0.0,0.0
2477,21.76,0.0,-0.0,-0.0,0.0,0.0,-0.0,-0.0,0.0,0.0
2478,21.02,0.0,-0.0,-0.0,0.0,0.0,-0.0,-0.0,0.0,0.0
2479,25.92,0.0,-0.0,-0.0,0.0,0.0,-0.0,-0.0,0.0,0.0
2480,23.87,0.0,-0.0,-0.0,0.0,0.0,-0.0,-0.0,0.0,0.0
2481,30.4,0.0,-0.0,-0.0,0.0,0.0,-0.0,-0.0,0.0,0.0
2482,26.82,0.0,0.0,-0.0,-0.0,0.0,0.0,-0.0,0.0,0.0
2483,21.06,0.0,0.0,-0.0,-0.0,0.0,0.0,-0.0,0.0,0.0
2484,50.87,0.0,0.0,0.0,-0.0,0.0,0.0,0.0,0.0,0.0
2485,67.91,0.0,0.0,0.0,-0.0,0.0,0.0,0.0,0.0,0.0
2486,91.36,0.0,0.0,-0.0,-0.0,0.0,0.0,-0.0,0.0,0.0
2487,94.69,0.0,0.0,-0.0,-0.0,0.0,0.0,-0.0,0.0,0.0
2488,38.63,0.0,-0.0,-0.0,0.0,0.0,-0.0,-0.0,0.0,0.0
2489,29.31,0.0,-0.0,-0.0,0.0,0.0,-0.0,-0.0,0.0,0.0
2490,22.75,0.0,-0.0,-0.0,0.0,0.0,-0.0,-0.0,0.0,0.0
2491,20.39,0.0,-0.0,-0.0,0.0,0.0,-0.0,-0.0,0.0,0.0
2492,19.84,0.0,-0.0,-0.0,0.0,0.0,-0.0,-0.0,0.0,0.0
2493,20.28,0.0,-0.0,-0.0,0.0,0.0,-0.0,-0.0,0.0,0.0
2494,20.35,0.0,-0.0,-0.0,0.0,0.0,-0.0,-0.0,0.0,0.0
2495,20.75,0.0,-0.0,-0.0,0.0,0.0,-0.0,-0.0,0.0,0.0
2496,31.14,0.0,-0.0,-0.0,0.0,0.0,-0.0,-0.0,0.0,0.0
2497,34.84,0.0,-0.0,-0.0,0.0,0.0,-0.0,-0.0,0.0,0.0
2498,40.43,0.0,-0.0,-0.0,0.0,0.0,-0.0,-0.0,0.0,0.0
2499,19.29,0.0,-0.0,-0.0,0.0,0.0,-0.0,-0.0,0.0,0.0
2500,13.1,0.0,-0.0,-0.0,0.0,0.0,-0.0,-0.0,0.0,0.0
2501,8.44,0.0,-0.0,-0.0,0.0,0.0,-0.0,-0.0,0.0,0.0
2502,20.24,0.0,-0.0,-0.0,0.0,0.0,-0.0,-0.0,0.0,0.0
2503,25.25,0.0,-0.0,-0.0,0.0,0.0,-0.0,-0.0,0.0,0.0
2504,23.57,0.0,-0.0,-0.0,0.0,0.0,-0.0,-0.0,0.0,0.0
2505,19.24,0.0,-0.0,-0.0,0.0,0.0,-0.0,-0.0,0.0,0.0
2506,32.22,0.0,-0.0,-0.0,0.0,0.0,-0.0,-0.0,0.0,0.0
2507,18.28,0.0,-0.0,-0.0,0.0,0.0,-0.0,-0.0,0.0,0.0
2508,16.95,0.0,0.0,-0.0,-0.0,0.0,0.0,-0.0,0.0,0.0
2509,56.82,0.0,0.0,-0.0,-0.0,0.0,0.0,-0.0,0.0,0.0
2510,97.13,0.0,0.0,-0.0,-0.0,0.0,0.0,-0.0,0.0,0.0
2511,52.56,0.0,-0.0,-0.0,0.0,0.0,-0.0,-0.0,0.0,0.0
2512,33.97,0.0,-0.0,-0.0,0.0,0.0,-0.0,-0.0,0.0,0.0
2513,23.76,0.0,-0.0,-0.0,0.0,0.0,-0.0,-0.0,0.0,0.0
2514,20.93,0.0,-0.0,-0.0,0.0,0.0,-0.0,-0.0,0.0,0.0
2515,21.05,0.0,-0.0,-0.0,0.0,0.0,-0.0,-0.0,0.0,0.0
2516,16.4,0.0,-0.0,-0.0,0.0,0.0,-0.0,-0.0,0.0,0.0
2517,17.24,0.0,-0.0,-0.0,0.0,0.0,-0.0,-0.0,0.0,0.0
2518,15.85,0.0,-0.0,-0.0,0.0,0.0,-0.0,-0.0,0.0,0.0
2519,16.42,0.0,-0.0,-0.0,0.0,0.0,-0.0,-0.0,0.0,0.0
2520,18.23,0.0,-0.0,-0.0,0.0,0.0,-0.0,-0.0,0.0,0.0
2521,21.62,0.0,-0.0,-0.0,0.0,0.0,-0.0,-0.0,0.0,0.0
2522,22.78,0.0,-0.0,-0.0,0.0,0.0,-0.0,-0.0,0.0,0.0
2523,10.6,0.0,-0.0,-0.0,0.0,0.0,-0.0,-0.0,0.0,0.0
2524,11.63,0.0,-0.0,-0.0,0.0,0.0,-0.0,-0.0,0.0,0.0
2525,5.34,0.0,-0.0,-0.0,0.0,0.0,-0.0,-0.0,0.0,0.0
2526,12.73,0.0,-0.0,-0.0,0.0,0.0,-0.0,-0.0,0.0,0.0
2527,16.76,0.0,-0.0,-0.0,0.0,0.0,-0.0,-0.0,0.0,0.0
2528,18.25,0.0,-0.0,-0.0,0.0,0.0,-0.0,-0.0,0.0,0.0
2529,11.47,0.0,-0.0,-0.0,0.0,0.0,-0.0,-0.0,0.0,0.0
2530,13.45,0.0,0.0,-0.0,-0.0,0.0,0.0,-0.0,0.0,0.0
2531,21.39,0.0,0.0,-0.0,-0.0,0.0,0.0,-0.0,0.0,0.0
2532,19.79,0.0,0.0,-0.0,-0.0,0.0,0.0,-0.0,0.0,0.0
2533,46.32,68.0,1.0,1.0,-0.0,3400.0,2000.0,10000.0,3149.76,-12250.24
2534,116.6,171.0,1.0,0.0,-0.0,8550.0,2000.0,0.0,19938.6,9388.599999999999
2535,134.69,171.0,1.0,-0.0,-0.0,8550.0,2000.0,-0.0,23031.989999999998,12481.989999999998
2536,37.67,68.0,1.0,-0.0,0.0,3400.0,2000.0,-0.0,2561.56,-2838.44
2537,25.2,0.0,-0.0,-0.0,1.0,0.0,-0.0,-0.0,0.0,0.0
2538,33.26,0.0,-0.0,-0.0,0.0,0.0,-0.0,-0.0,0.0,0.0
2539,23.62,0.0,-0.0,-0.0,0.0,0.0,-0.0,-0.0,0.0,0.0
2540,27.23,0.0,-0.0,-0.0,0.0,0.0,-0.0,-0.0,0.0,0.0
2541,24.63,0.0,-0.0,-0.0,0.0,0.0,-0.0,-0.0,0.0,0.0
2542,23.84,0.0,-0.0,-0.0,0.0,0.0,-0.0,-0.0,0.0,0.0
2543,26.68,0.0,-0.0,-0.0,0.0,0.0,-0.0,-0.0,0.0,0.0
2544,45.0,0.0,0.0,-0.0,-0.0,0.0,0.0,-0.0,0.0,0.0
2545,90.68,0.0,0.0,-0.0,-0.0,0.0,0.0,-0.0,0.0,0.0
2546,26.48,0.0,-0.0,-0.0,0.0,0.0,-0.0,-0.0,0.0,0.0
2547,21.69,0.0,-0.0,-0.0,0.0,0.0,-0.0,-0.0,0.0,0.0
2548,19.67,0.0,-0.0,-0.0,0.0,0.0,-0.0,-0.0,0.0,0.0
2549,14.81,0.0,-0.0,-0.0,0.0,0.0,-0.0,-0.0,0.0,0.0
2550,15.79,0.0,-0.0,-0.0,0.0,0.0,-0.0,-0.0,0.0,0.0
2551,17.67,0.0,-0.0,-0.0,0.0,0.0,-0.0,-0.0,0.0,0.0
2552,11.7,0.0,-0.0,-0.0,0.0,0.0,-0.0,-0.0,0.0,0.0
2553,16.7,0.0,-0.0,-0.0,0.0,0.0,-0.0,-0.0,0.0,0.0
2554,16.45,0.0,-0.0,-0.0,0.0,0.0,-0.0,-0.0,0.0,0.0
2555,20.53,0.0,-0.0,-0.0,0.0,0.0,-0.0,-0.0,0.0,0.0
2556,25.03,0.0,-0.0,-0.0,0.0,0.0,-0.0,-0.0,0.0,0.0
2557,31.18,0.0,-0.0,-0.0,0.0,0.0,-0.0,-0.0,0.0,0.0
2558,30.12,0.0,-0.0,-0.0,0.0,0.0,-0.0,-0.0,0.0,0.0
2559,36.38,0.0,-0.0,-0.0,0.0,0.0,-0.0,-0.0,0.0,0.0
2560,27.05,0.0,-0.0,-0.0,0.0,0.0,-0.0,-0.0,0.0,0.0
2561,21.24,0.0,-0.0,-0.0,0.0,0.0,-0.0,-0.0,0.0,0.0
2562,20.98,0.0,-0.0,-0.0,0.0,0.0,-0.0,-0.0,0.0,0.0
2563,19.85,0.0,-0.0,-0.0,0.0,0.0,-0.0,-0.0,0.0,0.0
2564,15.95,0.0,-0.0,-0.0,0.0,0.0,-0.0,-0.0,0.0,0.0
2565,14.01,0.0,-0.0,-0.0,0.0,0.0,-0.0,-0.0,0.0,0.0
2566,14.65,0.0,-0.0,-0.0,0.0,0.0,-0.0,-0.0,0.0,0.0
2567,13.01,0.0,-0.0,-0.0,0.0,0.0,-0.0,-0.0,0.0,0.0
2568,16.53,0.0,-0.0,-0.0,0.0,0.0,-0.0,-0.0,0.0,0.0
2569,17.03,0.0,-0.0,-0.0,0.0,0.0,-0.0,-0.0,0.0,0.0
2570,14.46,0.0,-0.0,-0.0,0.0,0.0,-0.0,-0.0,0.0,0.0
2571,13.41,0.0,-0.0,-0.0,0.0,0.0,-0.0,-0.0,0.0,0.0
2572,6.47,0.0,-0.0,-0.0,0.0,0.0,-0.0,-0.0,0.0,0.0
2573,9.78,0.0,-0.0,-0.0,0.0,0.0,-0.0,-0.0,0.0,0.0
2574,17.68,0.0,-0.0,-0.0,0.0,0.0,-0.0,-0.0,0.0,0.0
2575,14.54,0.0,-0.0,-0.0,0.0,0.0,-0.0,-0.0,0.0,0.0
2576,21.56,0.0,-0.0,-0.0,0.0,0.0,-0.0,-0.0,0.0,0.0
2577,23.59,0.0,-0.0,-0.0,0.0,0.0,-0.0,-0.0,0.0,0.0
2578,56.84,0.0,-0.0,-0.0,0.0,0.0,-0.0,-0.0,0.0,0.0
2579,50.01,0.0,-0.0,-0.0,0.0,0.0,-0.0,-0.0,0.0,0.0
2580,38.22,0.0,-0.0,-0.0,0.0,0.0,-0.0,-0.0,0.0,0.0
2581,36.1,0.0,-0.0,-0.0,0.0,0.0,-0.0,-0.0,0.0,0.0
2582,25.45,0.0,-0.0,-0.0,0.0,0.0,-0.0,-0.0,0.0,0.0
2583,22.69,0.0,-0.0,-0.0,0.0,0.0,-0.0,-0.0,0.0,0.0
2584,20.84,0.0,-0.0,-0.0,0.0,0.0,-0.0,-0.0,0.0,0.0
2585,16.81,0.0,-0.0,-0.0,0.0,0.0,-0.0,-0.0,0.0,0.0
2586,20.09,0.0,-0.0,-0.0,0.0,0.0,-0.0,-0.0,0.0,0.0
2587,14.41,0.0,-0.0,-0.0,0.0,0.0,-0.0,-0.0,0.0,0.0
2588,15.81,0.0,-0.0,-0.0,0.0,0.0,-0.0,-0.0,0.0,0.0
2589,15.46,0.0,-0.0,-0.0,0.0,0.0,-0.0,-0.0,0.0,0.0
2590,14.27,0.0,-0.0,-0.0,0.0,0.0,-0.0,-0.0,0.0,0.0
2591,11.43,0.0,-0.0,-0.0,0.0,0.0,-0.0,-0.0,0.0,0.0
2592,14.52,0.0,-0.0,-0.0,0.0,0.0,-0.0,-0.0,0.0,0.0
2593,13.21,0.0,-0.0,-0.0,0.0,0.0,-0.0,-0.0,0.0,0.0
2594,12.42,0.0,-0.0,-0.0,0.0,0.0,-0.0,-0.0,0.0,0.0
2595,12.45,0.0,-0.0,-0.0,0.0,0.0,-0.0,-0.0,0.0,0.0
2596,13.82,0.0,-0.0,-0.0,0.0,0.0,-0.0,-0.0,0.0,0.0
2597,17.32,0.0,-0.0,-0.0,0.0,0.0,-0.0,-0.0,0.0,0.0
2598,15.5,0.0,-0.0,-0.0,0.0,0.0,-0.0,-0.0,0.0,0.0
2599,12.94,0.0,-0.0,-0.0,0.0,0.0,-0.0,-0.0,0.0,0.0
2600,14.12,0.0,-0.0,-0.0,0.0,0.0,-0.0,-0.0,0.0,0.0
2601,17.48,0.0,-0.0,-0.0,0.0,0.0,-0.0,-0.0,0.0,0.0
2602,14.83,0.0,-0.0,-0.0,0.0,0.0,-0.0,-0.0,0.0,0.0
2603,15.69,0.0,-0.0,-0.0,0.0,0.0,-0.0,-0.0,0.0,0.0
2604,19.88,0.0,-0.0,-0.0,0.0,0.0,-0.0,-0.0,0.0,0.0
2605,21.56,0.0,-0.0,-0.0,0.0,0.0,-0.0,-0.0,0.0,0.0
2606,27.96,0.0,-0.0,-0.0,0.0,0.0,-0.0,-0.0,0.0,0.0
2607,25.46,0.0,-0.0,-0.0,0.0,0.0,-0.0,-0.0,0.0,0.0
2608,22.33,0.0,-0.0,-0.0,0.0,0.0,-0.0,-0.0,0.0,0.0
2609,21.59,0.0,-0.0,-0.0,0.0,0.0,-0.0,-0.0,0.0,0.0
2610,16.16,0.0,-0.0,-0.0,0.0,0.0,-0.0,-0.0,0.0,0.0
2611,15.72,0.0,-0.0,-0.0,0.0,0.0,-0.0,-0.0,0.0,0.0
2612,18.88,0.0,-0.0,-0.0,0.0,0.0,-0.0,-0.0,0.0,0.0
2613,28.52,0.0,-0.0,-0.0,0.0,0.0,-0.0,-0.0,0.0,0.0
2614,35.25,0.0,-0.0,-0.0,0.0,0.0,-0.0,-0.0,0.0,0.0
2615,29.1,0.0,-0.0,-0.0,0.0,0.0,-0.0,-0.0,0.0,0.0
2616,20.49,0.0,-0.0,-0.0,0.0,0.0,-0.0,-0.0,0.0,0.0
2617,20.89,0.0,-0.0,-0.0,0.0,0.0,-0.0,-0.0,0.0,0.0
2618,13.53,0.0,-0.0,-0.0,0.0,0.0,-0.0,-0.0,0.0,0.0
2619,9.27,0.0,-0.0,-0.0,0.0,0.0,-0.0,-0.0,0.0,0.0
2620,5.77,0.0,-0.0,-0.0,0.0,0.0,-0.0,-0.0,0.0,0.0
2621,0.58,0.0,-0.0,-0.0,0.0,0.0,-0.0,-0.0,0.0,0.0
2622,3.17,0.0,-0.0,-0.0,0.0,0.0,-0.0,-0.0,0.0,0.0
2623,2.02,0.0,-0.0,-0.0,0.0,0.0,-0.0,-0.0,0.0,0.0
2624,0.05,0.0,-0.0,-0.0,0.0,0.0,-0.0,-0.0,0.0,0.0
2625,4.12,0.0,-0.0,-0.0,0.0,0.0,-0.0,-0.0,0.0,0.0
2626,6.85,0.0,-0.0,-0.0,0.0,0.0,-0.0,-0.0,0.0,0.0
2627,9.14,0.0,0.0,-0.0,-0.0,0.0,0.0,-0.0,0.0,0.0
2628,13.14,0.0,0.0,-0.0,-0.0,0.0,0.0,-0.0,0.0,0.0
2629,64.74,171.0,1.0,1.0,-0.0,8550.0,2000.0,10000.0,11070.539999999999,-9479.460000000001
2630,133.78,171.0,1.0,-0.0,-0.0,8550.0,2000.0,-0.0,22876.38,12326.380000000001
2631,176.77,171.0,1.0,-0.0,0.0,8550.0,2000.0,-0.0,30227.670000000002,19677.670000000002
2632,253.88,171.0,1.0,-0.0,0.0,8550.0,2000.0,-0.0,43413.479999999996,32863.479999999996
2633,38.33,0.0,-0.0,-0.0,1.0,0.0,-0.0,-0.0,0.0,0.0
2634,27.01,0.0,-0.0,-0.0,0.0,0.0,-0.0,-0.0,0.0,0.0
2635,21.62,0.0,-0.0,-0.0,0.0,0.0,-0.0,-0.0,0.0,0.0
2636,18.85,0.0,-0.0,-0.0,0.0,0.0,-0.0,-0.0,0.0,0.0
2637,17.64,0.0,-0.0,-0.0,0.0,0.0,-0.0,-0.0,0.0,0.0
2638,17.27,0.0,-0.0,-0.0,0.0,0.0,-0.0,-0.0,0.0,0.0
2639,19.58,0.0,-0.0,-0.0,0.0,0.0,-0.0,-0.0,0.0,0.0
2640,23.88,0.0,-0.0,-0.0,0.0,0.0,-0.0,-0.0,0.0,0.0
2641,26.12,0.0,-0.0,-0.0,0.0,0.0,-0.0,-0.0,0.0,0.0
2642,14.18,0.0,-0.0,-0.0,0.0,0.0,-0.0,-0.0,0.0,0.0
2643,7.81,0.0,-0.0,-0.0,0.0,0.0,-0.0,-0.0,0.0,0.0
2644,8.02,0.0,-0.0,-0.0,0.0,0.0,-0.0,-0.0,0.0,0.0
2645,5.43,0.0,-0.0,-0.0,0.0,0.0,-0.0,-0.0,0.0,0.0
2646,4.12,0.0,-0.0,-0.0,0.0,0.0,-0.0,-0.0,0.0,0.0
2647,11.27,0.0,-0.0,-0.0,0.0,0.0,-0.0,-0.0,0.0,0.0
2648,11.77,0.0,-0.0,-0.0,0.0,0.0,-0.0,-0.0,0.0,0.0
2649,13.39,0.0,-0.0,-0.0,0.0,0.0,-0.0,-0.0,0.0,0.0
2650,11.74,0.0,-0.0,-0.0,0.0,0.0,-0.0,-0.0,0.0,0.0
2651,8.81,0.0,-0.0,-0.0,0.0,0.0,-0.0,-0.0,0.0,0.0
2652,9.67,0.0,-0.0,-0.0,0.0,0.0,-0.0,-0.0,0.0,0.0
2653,45.57,0.0,0.0,-0.0,-0.0,0.0,0.0,-0.0,0.0,0.0
2654,92.92,0.0,0.0,-0.0,-0.0,0.0,0.0,-0.0,0.0,0.0
2655,35.2,0.0,-0.0,-0.0,0.0,0.0,-0.0,-0.0,0.0,0.0
2656,20.44,0.0,-0.0,-0.0,0.0,0.0,-0.0,-0.0,0.0,0.0
2657,16.57,0.0,-0.0,-0.0,0.0,0.0,-0.0,-0.0,0.0,0.0
2658,16.17,0.0,-0.0,-0.0,0.0,0.0,-0.0,-0.0,0.0,0.0
2659,16.42,0.0,-0.0,-0.0,0.0,0.0,-0.0,-0.0,0.0,0.0
2660,15.73,0.0,-0.0,-0.0,0.0,0.0,-0.0,-0.0,0.0,0.0
2661,15.22,0.0,-0.0,-0.0,0.0,0.0,-0.0,-0.0,0.0,0.0
2662,14.06,0.0,-0.0,-0.0,0.0,0.0,-0.0,-0.0,0.0,0.0
2663,14.84,0.0,-0.0,-0.0,0.0,0.0,-0.0,-0.0,0.0,0.0
2664,20.35,0.0,-0.0,-0.0,0.0,0.0,-0.0,-0.0,0.0,0.0
2665,21.17,0.0,-0.0,-0.0,0.0,0.0,-0.0,-0.0,0.0,0.0
2666,13.95,0.0,-0.0,-0.0,0.0,0.0,-0.0,-0.0,0.0,0.0
2667,10.71,0.0,-0.0,-0.0,0.0,0.0,-0.0,-0.0,0.0,0.0
2668,13.35,0.0,-0.0,-0.0,0.0,0.0,-0.0,-0.0,0.0,0.0
2669,13.17,0.0,-0.0,-0.0,0.0,0.0,-0.0,-0.0,0.0,0.0
2670,19.59,0.0,-0.0,-0.0,0.0,0.0,-0.0,-0.0,0.0,0.0
2671,29.91,0.0,-0.0,-0.0,0.0,0.0,-0.0,-0.0,0.0,0.0
2672,29.96,0.0,-0.0,-0.0,0.0,0.0,-0.0,-0.0,0.0,0.0
2673,20.31,0.0,-0.0,-0.0,0.0,0.0,-0.0,-0.0,0.0,0.0
2674,17.08,0.0,-0.0,-0.0,0.0,0.0,-0.0,-0.0,0.0,0.0
2675,14.12,0.0,-0.0,-0.0,0.0,0.0,-0.0,-0.0,0.0,0.0
2676,16.01,0.0,0.0,-0.0,-0.0,0.0,0.0,-0.0,0.0,0.0
2677,51.84,0.0,0.0,-0.0,-0.0,0.0,0.0,-0.0,0.0,0.0
2678,94.4,0.0,0.0,-0.0,-0.0,0.0,0.0,-0.0,0.0,0.0
2679,71.28,0.0,0.0,-0.0,-0.0,0.0,0.0,-0.0,0.0,0.0
2680,49.1,0.0,-0.0,-0.0,0.0,0.0,-0.0,-0.0,0.0,0.0
2681,26.51,0.0,-0.0,-0.0,0.0,0.0,-0.0,-0.0,0.0,0.0
2682,26.36,0.0,-0.0,-0.0,0.0,0.0,-0.0,-0.0,0.0,0.0
2683,22.84,0.0,-0.0,-0.0,0.0,0.0,-0.0,-0.0,0.0,0.0
2684,25.07,0.0,-0.0,-0.0,0.0,0.0,-0.0,-0.0,0.0,0.0
2685,25.63,0.0,-0.0,-0.0,0.0,0.0,-0.0,-0.0,0.0,0.0
2686,28.63,0.0,-0.0,-0.0,0.0,0.0,-0.0,-0.0,0.0,0.0
2687,23.0,0.0,-0.0,-0.0,0.0,0.0,-0.0,-0.0,0.0,0.0
2688,35.73,0.0,-0.0,-0.0,0.0,0.0,-0.0,-0.0,0.0,0.0
2689,45.21,0.0,-0.0,-0.0,0.0,0.0,-0.0,-0.0,0.0,0.0
2690,50.25,0.0,-0.0,-0.0,0.0,0.0,-0.0,-0.0,0.0,0.0
2691,23.2,0.0,-0.0,-0.0,0.0,0.0,-0.0,-0.0,0.0,0.0
2692,21.92,0.0,-0.0,-0.0,0.0,0.0,-0.0,-0.0,0.0,0.0
2693,16.61,0.0,-0.0,-0.0,0.0,0.0,-0.0,-0.0,0.0,0.0
2694,16.06,0.0,-0.0,-0.0,0.0,0.0,-0.0,-0.0,0.0,0.0
2695,18.9,0.0,-0.0,-0.0,0.0,0.0,-0.0,-0.0,0.0,0.0
2696,19.89,0.0,-0.0,-0.0,0.0,0.0,-0.0,-0.0,0.0,0.0
2697,18.07,0.0,-0.0,-0.0,0.0,0.0,-0.0,-0.0,0.0,0.0
2698,29.79,0.0,-0.0,-0.0,0.0,0.0,-0.0,-0.0,0.0,0.0
2699,34.4,0.0,-0.0,-0.0,0.0,0.0,-0.0,-0.0,0.0,0.0
2700,28.14,0.0,-0.0,-0.0,0.0,0.0,-0.0,-0.0,0.0,0.0
2701,37.44,0.0,-0.0,-0.0,0.0,0.0,-0.0,-0.0,0.0,0.0
2702,34.6,0.0,-0.0,-0.0,0.0,0.0,-0.0,-0.0,0.0,0.0
2703,33.5,0.0,-0.0,-0.0,0.0,0.0,-0.0,-0.0,0.0,0.0
2704,26.98,0.0,-0.0,-0.0,0.0,0.0,-0.0,-0.0,0.0,0.0
2705,26.76,0.0,-0.0,-0.0,0.0,0.0,-0.0,-0.0,0.0,0.0
2706,22.12,0.0,-0.0,-0.0,0.0,0.0,-0.0,-0.0,0.0,0.0
2707,21.16,0.0,-0.0,-0.0,0.0,0.0,-0.0,-0.0,0.0,0.0
2708,20.92,0.0,-0.0,-0.0,0.0,0.0,-0.0,-0.0,0.0,0.0
2709,20.86,0.0,0.0,-0.0,-0.0,0.0,0.0,-0.0,0.0,0.0
2710,22.71,0.0,0.0,-0.0,-0.0,0.0,0.0,-0.0,0.0,0.0
2711,36.96,0.0,0.0,-0.0,-0.0,0.0,0.0,-0.0,0.0,0.0
2712,59.72,171.0,1.0,1.0,-0.0,8550.0,2000.0,10000.0,10212.119999999999,-10337.880000000001
2713,70.04,171.0,1.0,0.0,-0.0,8550.0,2000.0,0.0,11976.840000000002,1426.840000000002
2714,143.5,171.0,1.0,-0.0,-0.0,8550.0,2000.0,-0.0,24538.5,13988.5
2715,48.43,68.0,1.0,-0.0,0.0,3400.0,2000.0,-0.0,3293.24,-2106.76
2716,34.41,0.0,-0.0,-0.0,1.0,0.0,-0.0,-0.0,0.0,0.0
2717,25.1,0.0,-0.0,-0.0,0.0,0.0,-0.0,-0.0,0.0,0.0
2718,21.89,0.0,-0.0,-0.0,0.0,0.0,-0.0,-0.0,0.0,0.0
2719,19.52,0.0,-0.0,-0.0,0.0,0.0,-0.0,-0.0,0.0,0.0
2720,27.64,0.0,-0.0,-0.0,0.0,0.0,-0.0,-0.0,0.0,0.0
2721,38.37,0.0,-0.0,-0.0,0.0,0.0,-0.0,-0.0,0.0,0.0
2722,24.71,0.0,-0.0,-0.0,0.0,0.0,-0.0,-0.0,0.0,0.0
2723,22.74,0.0,-0.0,-0.0,0.0,0.0,-0.0,-0.0,0.0,0.0
2724,18.17,0.0,-0.0,-0.0,0.0,0.0,-0.0,-0.0,0.0,0.0
2725,17.85,0.0,-0.0,-0.0,0.0,0.0,-0.0,-0.0,0.0,0.0
2726,22.83,0.0,-0.0,-0.0,0.0,0.0,-0.0,-0.0,0.0,0.0
2727,26.17,0.0,-0.0,-0.0,0.0,0.0,-0.0,-0.0,0.0,0.0
2728,19.17,0.0,-0.0,-0.0,0.0,0.0,-0.0,-0.0,0.0,0.0
2729,16.35,0.0,-0.0,-0.0,0.0,0.0,-0.0,-0.0,0.0,0.0
2730,13.27,0.0,-0.0,-0.0,0.0,0.0,-0.0,-0.0,0.0,0.0
2731,13.46,0.0,-0.0,-0.0,0.0,0.0,-0.0,-0.0,0.0,0.0
2732,12.57,0.0,-0.0,-0.0,0.0,0.0,-0.0,-0.0,0.0,0.0
2733,13.24,0.0,-0.0,-0.0,0.0,0.0,-0.0,-0.0,0.0,0.0
2734,16.23,0.0,-0.0,-0.0,0.0,0.0,-0.0,-0.0,0.0,0.0
2735,20.91,0.0,-0.0,-0.0,0.0,0.0,-0.0,-0.0,0.0,0.0
2736,25.94,0.0,-0.0,-0.0,0.0,0.0,-0.0,-0.0,0.0,0.0
2737,38.64,0.0,-0.0,-0.0,0.0,0.0,-0.0,-0.0,0.0,0.0
2738,53.04,0.0,-0.0,-0.0,0.0,0.0,-0.0,-0.0,0.0,0.0
2739,32.62,0.0,-0.0,-0.0,0.0,0.0,-0.0,-0.0,0.0,0.0
2740,32.07,0.0,-0.0,-0.0,0.0,0.0,-0.0,-0.0,0.0,0.0
2741,28.49,0.0,-0.0,-0.0,0.0,0.0,-0.0,-0.0,0.0,0.0
2742,23.76,0.0,-0.0,-0.0,0.0,0.0,-0.0,-0.0,0.0,0.0
2743,24.55,0.0,-0.0,-0.0,0.0,0.0,-0.0,-0.0,0.0,0.0
2744,22.2,0.0,-0.0,-0.0,0.0,0.0,-0.0,-0.0,0.0,0.0
2745,21.4,0.0,-0.0,-0.0,0.0,0.0,-0.0,-0.0,0.0,0.0
2746,14.19,0.0,-0.0,-0.0,0.0,0.0,-0.0,-0.0,0.0,0.0
2747,12.5,0.0,-0.0,-0.0,0.0,0.0,-0.0,-0.0,0.0,0.0
2748,16.0,0.0,-0.0,-0.0,0.0,0.0,-0.0,-0.0,0.0,0.0
2749,31.39,0.0,-0.0,-0.0,0.0,0.0,-0.0,-0.0,0.0,0.0
2750,74.41,0.0,0.0,-0.0,-0.0,0.0,0.0,-0.0,0.0,0.0
2751,62.57,0.0,0.0,-0.0,-0.0,0.0,0.0,-0.0,0.0,0.0
2752,29.99,0.0,-0.0,-0.0,0.0,0.0,-0.0,-0.0,0.0,0.0
2753,25.14,0.0,-0.0,-0.0,0.0,0.0,-0.0,-0.0,0.0,0.0
2754,24.08,0.0,-0.0,-0.0,0.0,0.0,-0.0,-0.0,0.0,0.0
2755,23.19,0.0,-0.0,-0.0,0.0,0.0,-0.0,-0.0,0.0,0.0
2756,21.19,0.0,-0.0,-0.0,0.0,0.0,-0.0,-0.0,0.0,0.0
2757,18.68,0.0,-0.0,-0.0,0.0,0.0,-0.0,-0.0,0.0,0.0
2758,17.5,0.0,-0.0,-0.0,0.0,0.0,-0.0,-0.0,0.0,0.0
2759,17.53,0.0,-0.0,-0.0,0.0,0.0,-0.0,-0.0,0.0,0.0
2760,16.96,0.0,-0.0,-0.0,0.0,0.0,-0.0,-0.0,0.0,0.0
2761,18.26,0.0,-0.0,-0.0,0.0,0.0,-0.0,-0.0,0.0,0.0
2762,13.82,0.0,-0.0,-0.0,0.0,0.0,-0.0,-0.0,0.0,0.0
2763,10.32,0.0,-0.0,-0.0,0.0,0.0,-0.0,-0.0,0.0,0.0
2764,10.4,0.0,-0.0,-0.0,0.0,0.0,-0.0,-0.0,0.0,0.0
2765,10.77,0.0,-0.0,-0.0,0.0,0.0,-0.0,-0.0,0.0,0.0
2766,12.08,0.0,-0.0,-0.0,0.0,0.0,-0.0,-0.0,0.0,0.0
2767,12.37,0.0,-0.0,-0.0,0.0,0.0,-0.0,-0.0,0.0,0.0
2768,12.13,0.0,-0.0,-0.0,0.0,0.0,-0.0,-0.0,0.0,0.0
2769,17.59,0.0,-0.0,-0.0,0.0,0.0,-0.0,-0.0,0.0,0.0
2770,15.95,0.0,0.0,-0.0,-0.0,0.0,0.0,-0.0,0.0,0.0
2771,24.79,0.0,0.0,-0.0,-0.0,0.0,0.0,-0.0,0.0,0.0
2772,44.77,68.0,1.0,1.0,-0.0,3400.0,2000.0,10000.0,3044.36,-12355.64
2773,67.51,171.0,1.0,0.0,-0.0,8550.0,2000.0,0.0,11544.210000000001,994.210000000001
2774,75.76,171.0,1.0,0.0,-0.0,8550.0,2000.0,0.0,12954.960000000001,2404.960000000001
2775,196.46,171.0,1.0,-0.0,-0.0,8550.0,2000.0,-0.0,33594.66,23044.660000000003
2776,40.43,0.0,-0.0,-0.0,1.0,0.0,-0.0,-0.0,0.0,0.0
2777,31.59,0.0,-0.0,-0.0,0.0,0.0,-0.0,-0.0,0.0,0.0
2778,24.61,0.0,-0.0,-0.0,0.0,0.0,-0.0,-0.0,0.0,0.0
2779,67.14,0.0,0.0,-0.0,-0.0,0.0,0.0,-0.0,0.0,0.0
2780,35.42,0.0,-0.0,-0.0,0.0,0.0,-0.0,-0.0,0.0,0.0
2781,24.54,0.0,-0.0,-0.0,0.0,0.0,-0.0,-0.0,0.0,0.0
2782,24.36,0.0,-0.0,-0.0,0.0,0.0,-0.0,-0.0,0.0,0.0
2783,25.47,0.0,-0.0,-0.0,0.0,0.0,-0.0,-0.0,0.0,0.0
2784,32.78,0.0,-0.0,-0.0,0.0,0.0,-0.0,-0.0,0.0,0.0
2785,29.42,0.0,-0.0,-0.0,0.0,0.0,-0.0,-0.0,0.0,0.0
2786,22.32,0.0,-0.0,-0.0,0.0,0.0,-0.0,-0.0,0.0,0.0
2787,18.09,0.0,-0.0,-0.0,0.0,0.0,-0.0,-0.0,0.0,0.0
2788,21.56,0.0,-0.0,-0.0,0.0,0.0,-0.0,-0.0,0.0,0.0
2789,22.13,0.0,-0.0,-0.0,0.0,0.0,-0.0,-0.0,0.0,0.0
2790,22.67,0.0,-0.0,-0.0,0.0,0.0,-0.0,-0.0,0.0,0.0
2791,20.08,0.0,-0.0,-0.0,0.0,0.0,-0.0,-0.0,0.0,0.0
2792,19.37,0.0,-0.0,-0.0,0.0,0.0,-0.0,-0.0,0.0,0.0
2793,26.4,0.0,-0.0,-0.0,0.0,0.0,-0.0,-0.0,0.0,0.0
2794,24.61,0.0,-0.0,-0.0,0.0,0.0,-0.0,-0.0,0.0,0.0
2795,17.43,0.0,-0.0,-0.0,0.0,0.0,-0.0,-0.0,0.0,0.0
2796,13.68,0.0,-0.0,-0.0,0.0,0.0,-0.0,-0.0,0.0,0.0
2797,21.58,0.0,-0.0,-0.0,0.0,0.0,-0.0,-0.0,0.0,0.0
2798,22.32,0.0,-0.0,-0.0,0.0,0.0,-0.0,-0.0,0.0,0.0
2799,25.93,0.0,-0.0,-0.0,0.0,0.0,-0.0,-0.0,0.0,0.0
2800,18.05,0.0,-0.0,-0.0,0.0,0.0,-0.0,-0.0,0.0,0.0
2801,12.35,0.0,-0.0,-0.0,0.0,0.0,-0.0,-0.0,0.0,0.0
2802,13.31,0.0,-0.0,-0.0,0.0,0.0,-0.0,-0.0,0.0,0.0
2803,11.72,0.0,-0.0,-0.0,0.0,0.0,-0.0,-0.0,0.0,0.0
2804,12.82,0.0,-0.0,-0.0,0.0,0.0,-0.0,-0.0,0.0,0.0
2805,9.46,0.0,-0.0,-0.0,0.0,0.0,-0.0,-0.0,0.0,0.0
2806,10.27,0.0,-0.0,-0.0,0.0,0.0,-0.0,-0.0,0.0,0.0
2807,14.75,0.0,-0.0,-0.0,0.0,0.0,-0.0,-0.0,0.0,0.0
2808,22.34,0.0,-0.0,-0.0,0.0,0.0,-0.0,-0.0,0.0,0.0
2809,23.58,0.0,-0.0,-0.0,0.0,0.0,-0.0,-0.0,0.0,0.0
2810,21.61,0.0,-0.0,-0.0,0.0,0.0,-0.0,-0.0,0.0,0.0
2811,22.74,0.0,-0.0,-0.0,0.0,0.0,-0.0,-0.0,0.0,0.0
2812,23.09,0.0,-0.0,-0.0,0.0,0.0,-0.0,-0.0,0.0,0.0
2813,24.52,0.0,-0.0,-0.0,0.0,0.0,-0.0,-0.0,0.0,0.0
2814,29.38,0.0,-0.0,-0.0,0.0,0.0,-0.0,-0.0,0.0,0.0
2815,20.52,0.0,-0.0,-0.0,0.0,0.0,-0.0,-0.0,0.0,0.0
2816,22.34,0.0,-0.0,-0.0,0.0,0.0,-0.0,-0.0,0.0,0.0
2817,22.23,0.0,-0.0,-0.0,0.0,0.0,-0.0,-0.0,0.0,0.0
2818,24.2,0.0,-0.0,-0.0,0.0,0.0,-0.0,-0.0,0.0,0.0
2819,24.52,0.0,-0.0,-0.0,0.0,0.0,-0.0,-0.0,0.0,0.0
2820,40.72,0.0,-0.0,-0.0,0.0,0.0,-0.0,-0.0,0.0,0.0
2821,39.83,0.0,-0.0,-0.0,0.0,0.0,-0.0,-0.0,0.0,0.0
2822,46.34,0.0,-0.0,-0.0,0.0,0.0,-0.0,-0.0,0.0,0.0
2823,36.46,0.0,-0.0,-0.0,0.0,0.0,-0.0,-0.0,0.0,0.0
2824,23.67,0.0,-0.0,-0.0,0.0,0.0,-0.0,-0.0,0.0,0.0
2825,21.6,0.0,-0.0,-0.0,0.0,0.0,-0.0,-0.0,0.0,0.0
2826,22.88,0.0,-0.0,-0.0,0.0,0.0,-0.0,-0.0,0.0,0.0
2827,17.31,0.0,-0.0,-0.0,0.0,0.0,-0.0,-0.0,0.0,0.0
2828,17.11,0.0,-0.0,-0.0,0.0,0.0,-0.0,-0.0,0.0,0.0
2829,19.47,0.0,-0.0,-0.0,0.0,0.0,-0.0,-0.0,0.0,0.0
2830,21.67,0.0,-0.0,-0.0,0.0,0.0,-0.0,-0.0,0.0,0.0
2831,30.98,0.0,-0.0,-0.0,0.0,0.0,-0.0,-0.0,0.0,0.0
2832,24.61,0.0,-0.0,-0.0,0.0,0.0,-0.0,-0.0,0.0,0.0
2833,27.89,0.0,-0.0,-0.0,0.0,0.0,-0.0,-0.0,0.0,0.0
2834,27.15,0.0,-0.0,-0.0,0.0,0.0,-0.0,-0.0,0.0,0.0
2835,25.03,0.0,-0.0,-0.0,0.0,0.0,-0.0,-0.0,0.0,0.0
2836,34.07,0.0,-0.0,-0.0,0.0,0.0,-0.0,-0.0,0.0,0.0
2837,23.42,0.0,-0.0,-0.0,0.0,0.0,-0.0,-0.0,0.0,0.0
2838,12.51,0.0,-0.0,-0.0,0.0,0.0,-0.0,-0.0,0.0,0.0
2839,12.45,0.0,-0.0,-0.0,0.0,0.0,-0.0,-0.0,0.0,0.0
2840,20.62,0.0,-0.0,-0.0,0.0,0.0,-0.0,-0.0,0.0,0.0
2841,24.04,0.0,-0.0,-0.0,0.0,0.0,-0.0,-0.0,0.0,0.0
2842,21.07,0.0,-0.0,-0.0,0.0,0.0,-0.0,-0.0,0.0,0.0
2843,21.49,0.0,-0.0,-0.0,0.0,0.0,-0.0,-0.0,0.0,0.0
2844,22.99,0.0,0.0,-0.0,-0.0,0.0,0.0,-0.0,0.0,0.0
2845,34.32,0.0,0.0,-0.0,-0.0,0.0,0.0,-0.0,0.0,0.0
2846,72.34,0.0,0.0,-0.0,-0.0,0.0,0.0,-0.0,0.0,0.0
2847,96.45,0.0,0.0,-0.0,-0.0,0.0,0.0,-0.0,0.0,0.0
2848,55.49,0.0,-0.0,-0.0,0.0,0.0,-0.0,-0.0,0.0,0.0
2849,40.45,0.0,-0.0,-0.0,0.0,0.0,-0.0,-0.0,0.0,0.0
2850,29.35,0.0,-0.0,-0.0,0.0,0.0,-0.0,-0.0,0.0,0.0
2851,34.04,0.0,-0.0,-0.0,0.0,0.0,-0.0,-0.0,0.0,0.0
2852,27.46,0.0,-0.0,-0.0,0.0,0.0,-0.0,-0.0,0.0,0.0
2853,25.38,0.0,-0.0,-0.0,0.0,0.0,-0.0,-0.0,0.0,0.0
2854,24.04,0.0,-0.0,-0.0,0.0,0.0,-0.0,-0.0,0.0,0.0
2855,24.64,0.0,-0.0,-0.0,0.0,0.0,-0.0,-0.0,0.0,0.0
2856,31.48,0.0,-0.0,-0.0,0.0,0.0,-0.0,-0.0,0.0,0.0
2857,48.63,0.0,-0.0,-0.0,0.0,0.0,-0.0,-0.0,0.0,0.0
2858,28.16,0.0,-0.0,-0.0,0.0,0.0,-0.0,-0.0,0.0,0.0
2859,29.3,0.0,-0.0,-0.0,0.0,0.0,-0.0,-0.0,0.0,0.0
2860,28.8,0.0,-0.0,-0.0,0.0,0.0,-0.0,-0.0,0.0,0.0
2861,31.3,0.0,-0.0,-0.0,0.0,0.0,-0.0,-0.0,0.0,0.0
2862,35.21,0.0,-0.0,-0.0,0.0,0.0,-0.0,-0.0,0.0,0.0
2863,43.39,0.0,-0.0,-0.0,0.0,0.0,-0.0,-0.0,0.0,0.0
2864,39.9,0.0,-0.0,-0.0,0.0,0.0,-0.0,-0.0,0.0,0.0
2865,37.87,0.0,-0.0,-0.0,0.0,0.0,-0.0,-0.0,0.0,0.0
2866,31.1,0.0,-0.0,-0.0,0.0,0.0,-0.0,-0.0,0.0,0.0
2867,27.23,0.0,0.0,-0.0,-0.0,0.0,0.0,-0.0,0.0,0.0
2868,26.89,0.0,0.0,-0.0,-0.0,0.0,0.0,-0.0,0.0,0.0
2869,37.65,0.0,0.0,-0.0,-0.0,0.0,0.0,-0.0,0.0,0.0
2870,87.89,171.0,1.0,1.0,-0.0,8550.0,2000.0,10000.0,15029.19,-5520.8099999999995
2871,99.65,171.0,1.0,-0.0,-0.0,8550.0,2000.0,-0.0,17040.15,6490.1500000000015
2872,214.28,171.0,1.0,-0.0,0.0,8550.0,2000.0,-0.0,36641.88,26091.879999999997
2873,105.95,171.0,1.0,-0.0,0.0,8550.0,2000.0,-0.0,18117.45,7567.450000000001
2874,54.2,0.0,-0.0,-0.0,1.0,0.0,-0.0,-0.0,0.0,0.0
2875,41.5,0.0,-0.0,-0.0,0.0,0.0,-0.0,-0.0,0.0,0.0
2876,32.56,0.0,-0.0,-0.0,0.0,0.0,-0.0,-0.0,0.0,0.0
2877,30.53,0.0,-0.0,-0.0,0.0,0.0,-0.0,-0.0,0.0,0.0
2878,43.91,0.0,0.0,-0.0,-0.0,0.0,0.0,-0.0,0.0,0.0
2879,54.49,0.0,0.0,-0.0,-0.0,0.0,0.0,-0.0,0.0,0.0
2880,75.47,0.0,0.0,-0.0,-0.0,0.0,0.0,-0.0,0.0,0.0
2881,75.79,0.0,0.0,-0.0,-0.0,0.0,0.0,-0.0,0.0,0.0
2882,28.84,0.0,-0.0,-0.0,0.0,0.0,-0.0,-0.0,0.0,0.0
2883,24.41,0.0,-0.0,-0.0,0.0,0.0,-0.0,-0.0,0.0,0.0
2884,31.67,0.0,-0.0,-0.0,0.0,0.0,-0.0,-0.0,0.0,0.0
2885,30.49,0.0,-0.0,-0.0,0.0,0.0,-0.0,-0.0,0.0,0.0
2886,30.54,0.0,-0.0,-0.0,0.0,0.0,-0.0,-0.0,0.0,0.0
2887,29.59,0.0,0.0,-0.0,-0.0,0.0,0.0,-0.0,0.0,0.0
2888,27.14,0.0,0.0,-0.0,-0.0,0.0,0.0,-0.0,0.0,0.0
2889,29.39,0.0,0.0,0.0,-0.0,0.0,0.0,0.0,0.0,0.0
2890,106.86,171.0,1.0,1.0,-0.0,8550.0,2000.0,10000.0,18273.06,-2276.9399999999987
2891,132.62,171.0,1.0,-0.0,-0.0,8550.0,2000.0,-0.0,22678.02,12128.02
2892,61.15,171.0,1.0,-0.0,0.0,8550.0,2000.0,-0.0,10456.65,-93.35000000000036
2893,44.69,68.0,1.0,-0.0,0.0,3400.0,2000.0,-0.0,3038.92,-2361.08
2894,66.68,171.0,1.0,-0.0,-0.0,8550.0,2000.0,-0.0,11402.28,852.2800000000007
2895,34.98,0.0,-0.0,-0.0,1.0,0.0,-0.0,-0.0,0.0,0.0
2896,22.04,0.0,-0.0,-0.0,0.0,0.0,-0.0,-0.0,0.0,0.0
2897,21.66,0.0,-0.0,-0.0,0.0,0.0,-0.0,-0.0,0.0,0.0
2898,21.05,0.0,-0.0,-0.0,0.0,0.0,-0.0,-0.0,0.0,0.0
2899,20.27,0.0,-0.0,-0.0,0.0,0.0,-0.0,-0.0,0.0,0.0
2900,19.68,0.0,-0.0,-0.0,0.0,0.0,-0.0,-0.0,0.0,0.0
2901,20.38,0.0,-0.0,-0.0,0.0,0.0,-0.0,-0.0,0.0,0.0
2902,17.17,0.0,-0.0,-0.0,0.0,0.0,-0.0,-0.0,0.0,0.0
2903,20.95,0.0,-0.0,-0.0,0.0,0.0,-0.0,-0.0,0.0,0.0
2904,24.67,0.0,-0.0,-0.0,0.0,0.0,-0.0,-0.0,0.0,0.0
2905,22.5,0.0,-0.0,-0.0,0.0,0.0,-0.0,-0.0,0.0,0.0
2906,19.05,0.0,-0.0,-0.0,0.0,0.0,-0.0,-0.0,0.0,0.0
2907,17.36,0.0,-0.0,-0.0,0.0,0.0,-0.0,-0.0,0.0,0.0
2908,19.73,0.0,-0.0,-0.0,0.0,0.0,-0.0,-0.0,0.0,0.0
2909,20.43,0.0,-0.0,-0.0,0.0,0.0,-0.0,-0.0,0.0,0.0
2910,21.26,0.0,-0.0,-0.0,0.0,0.0,-0.0,-0.0,0.0,0.0
2911,20.04,0.0,-0.0,-0.0,0.0,0.0,-0.0,-0.0,0.0,0.0
2912,15.14,0.0,-0.0,-0.0,0.0,0.0,-0.0,-0.0,0.0,0.0
2913,16.13,0.0,-0.0,-0.0,0.0,0.0,-0.0,-0.0,0.0,0.0
2914,15.27,0.0,-0.0,-0.0,0.0,0.0,-0.0,-0.0,0.0,0.0
2915,8.02,0.0,-0.0,-0.0,0.0,0.0,-0.0,-0.0,0.0,0.0
2916,7.43,0.0,-0.0,-0.0,0.0,0.0,-0.0,-0.0,0.0,0.0
2917,18.72,0.0,-0.0,-0.0,0.0,0.0,-0.0,-0.0,0.0,0.0
2918,37.86,0.0,-0.0,-0.0,0.0,0.0,-0.0,-0.0,0.0,0.0
2919,47.3,0.0,-0.0,-0.0,0.0,0.0,-0.0,-0.0,0.0,0.0
2920,40.0,0.0,-0.0,-0.0,0.0,0.0,-0.0,-0.0,0.0,0.0
2921,33.43,0.0,-0.0,-0.0,0.0,0.0,-0.0,-0.0,0.0,0.0
2922,28.23,0.0,-0.0,-0.0,0.0,0.0,-0.0,-0.0,0.0,0.0
2923,31.07,0.0,-0.0,-0.0,0.0,0.0,-0.0,-0.0,0.0,0.0
2924,26.11,0.0,-0.0,-0.0,0.0,0.0,-0.0,-0.0,0.0,0.0
2925,28.93,0.0,-0.0,-0.0,0.0,0.0,-0.0,-0.0,0.0,0.0
2926,31.34,0.0,-0.0,-0.0,0.0,0.0,-0.0,-0.0,0.0,0.0
2927,30.36,0.0,-0.0,-0.0,0.0,0.0,-0.0,-0.0,0.0,0.0
2928,27.7,0.0,-0.0,-0.0,0.0,0.0,-0.0,-0.0,0.0,0.0
2929,27.46,0.0,-0.0,-0.0,0.0,0.0,-0.0,-0.0,0.0,0.0
2930,14.56,0.0,-0.0,-0.0,0.0,0.0,-0.0,-0.0,0.0,0.0
2931,7.77,0.0,-0.0,-0.0,0.0,0.0,-0.0,-0.0,0.0,0.0
2932,9.39,0.0,-0.0,-0.0,0.0,0.0,-0.0,-0.0,0.0,0.0
2933,14.54,0.0,-0.0,-0.0,0.0,0.0,-0.0,-0.0,0.0,0.0
2934,13.19,0.0,-0.0,-0.0,0.0,0.0,-0.0,-0.0,0.0,0.0
2935,14.38,0.0,-0.0,-0.0,0.0,0.0,-0.0,-0.0,0.0,0.0
2936,13.93,0.0,-0.0,-0.0,0.0,0.0,-0.0,-0.0,0.0,0.0
2937,16.87,0.0,-0.0,-0.0,0.0,0.0,-0.0,-0.0,0.0,0.0
2938,16.51,0.0,-0.0,-0.0,0.0,0.0,-0.0,-0.0,0.0,0.0
2939,13.41,0.0,-0.0,-0.0,0.0,0.0,-0.0,-0.0,0.0,0.0
2940,14.11,0.0,-0.0,-0.0,0.0,0.0,-0.0,-0.0,0.0,0.0
2941,32.59,0.0,0.0,-0.0,-0.0,0.0,0.0,-0.0,0.0,0.0
2942,75.65,0.0,0.0,-0.0,-0.0,0.0,0.0,-0.0,0.0,0.0
2943,68.93,0.0,0.0,-0.0,-0.0,0.0,0.0,-0.0,0.0,0.0
2944,31.71,0.0,-0.0,-0.0,0.0,0.0,-0.0,-0.0,0.0,0.0
2945,23.66,0.0,-0.0,-0.0,0.0,0.0,-0.0,-0.0,0.0,0.0
2946,23.37,0.0,-0.0,-0.0,0.0,0.0,-0.0,-0.0,0.0,0.0
2947,23.54,0.0,-0.0,-0.0,0.0,0.0,-0.0,-0.0,0.0,0.0
2948,22.48,0.0,-0.0,-0.0,0.0,0.0,-0.0,-0.0,0.0,0.0
2949,21.96,0.0,-0.0,-0.0,0.0,0.0,-0.0,-0.0,0.0,0.0
2950,21.94,0.0,-0.0,-0.0,0.0,0.0,-0.0,-0.0,0.0,0.0
2951,20.68,0.0,-0.0,-0.0,0.0,0.0,-0.0,-0.0,0.0,0.0
2952,17.07,0.0,-0.0,-0.0,0.0,0.0,-0.0,-0.0,0.0,0.0
2953,18.71,0.0,-0.0,-0.0,0.0,0.0,-0.0,-0.0,0.0,0.0
2954,2.63,0.0,-0.0,-0.0,0.0,0.0,-0.0,-0.0,0.0,0.0
2955,0.11,0.0,-0.0,-0.0,0.0,0.0,-0.0,-0.0,0.0,0.0
2956,0.21,0.0,-0.0,-0.0,0.0,0.0,-0.0,-0.0,0.0,0.0
2957,2.48,0.0,-0.0,-0.0,0.0,0.0,-0.0,-0.0,0.0,0.0
2958,2.34,0.0,-0.0,-0.0,0.0,0.0,-0.0,-0.0,0.0,0.0
2959,1.47,0.0,-0.0,-0.0,0.0,0.0,-0.0,-0.0,0.0,0.0
2960,2.18,0.0,-0.0,-0.0,0.0,0.0,-0.0,-0.0,0.0,0.0
2961,8.74,0.0,-0.0,-0.0,0.0,0.0,-0.0,-0.0,0.0,0.0
2962,10.71,0.0,-0.0,-0.0,0.0,0.0,-0.0,-0.0,0.0,0.0
2963,11.81,0.0,-0.0,-0.0,0.0,0.0,-0.0,-0.0,0.0,0.0
2964,2.92,0.0,-0.0,-0.0,0.0,0.0,-0.0,-0.0,0.0,0.0
2965,24.85,0.0,-0.0,-0.0,0.0,0.0,-0.0,-0.0,0.0,0.0
2966,27.03,0.0,-0.0,-0.0,0.0,0.0,-0.0,-0.0,0.0,0.0
2967,26.48,0.0,-0.0,-0.0,0.0,0.0,-0.0,-0.0,0.0,0.0
2968,27.17,0.0,-0.0,-0.0,0.0,0.0,-0.0,-0.0,0.0,0.0
2969,21.91,0.0,-0.0,-0.0,0.0,0.0,-0.0,-0.0,0.0,0.0
2970,22.08,0.0,-0.0,-0.0,0.0,0.0,-0.0,-0.0,0.0,0.0
2971,21.22,0.0,-0.0,-0.0,0.0,0.0,-0.0,-0.0,0.0,0.0
2972,19.61,0.0,-0.0,-0.0,0.0,0.0,-0.0,-0.0,0.0,0.0
2973,17.36,0.0,-0.0,-0.0,0.0,0.0,-0.0,-0.0,0.0,0.0
2974,17.66,0.0,-0.0,-0.0,0.0,0.0,-0.0,-0.0,0.0,0.0
2975,20.19,0.0,-0.0,-0.0,0.0,0.0,-0.0,-0.0,0.0,0.0
2976,17.31,0.0,-0.0,-0.0,0.0,0.0,-0.0,-0.0,0.0,0.0
2977,19.17,0.0,-0.0,-0.0,0.0,0.0,-0.0,-0.0,0.0,0.0
2978,10.59,0.0,-0.0,-0.0,0.0,0.0,-0.0,-0.0,0.0,0.0
2979,11.06,0.0,-0.0,-0.0,0.0,0.0,-0.0,-0.0,0.0,0.0
2980,12.83,0.0,-0.0,-0.0,0.0,0.0,-0.0,-0.0,0.0,0.0
2981,21.34,0.0,-0.0,-0.0,0.0,0.0,-0.0,-0.0,0.0,0.0
2982,16.64,0.0,-0.0,-0.0,0.0,0.0,-0.0,-0.0,0.0,0.0
2983,22.56,0.0,-0.0,-0.0,0.0,0.0,-0.0,-0.0,0.0,0.0
2984,21.93,0.0,-0.0,-0.0,0.0,0.0,-0.0,-0.0,0.0,0.0
2985,22.58,0.0,-0.0,-0.0,0.0,0.0,-0.0,-0.0,0.0,0.0
2986,21.78,0.0,-0.0,-0.0,0.0,0.0,-0.0,-0.0,0.0,0.0
2987,18.22,0.0,-0.0,-0.0,0.0,0.0,-0.0,-0.0,0.0,0.0
2988,14.0,0.0,-0.0,-0.0,0.0,0.0,-0.0,-0.0,0.0,0.0
2989,17.85,0.0,-0.0,-0.0,0.0,0.0,-0.0,-0.0,0.0,0.0
2990,20.99,0.0,-0.0,-0.0,0.0,0.0,-0.0,-0.0,0.0,0.0
2991,21.6,0.0,-0.0,-0.0,0.0,0.0,-0.0,-0.0,0.0,0.0
2992,19.82,0.0,-0.0,-0.0,0.0,0.0,-0.0,-0.0,0.0,0.0
2993,15.99,0.0,-0.0,-0.0,0.0,0.0,-0.0,-0.0,0.0,0.0
2994,16.0,0.0,-0.0,-0.0,0.0,0.0,-0.0,-0.0,0.0,0.0
2995,16.12,0.0,-0.0,-0.0,0.0,0.0,-0.0,-0.0,0.0,0.0
2996,17.04,0.0,-0.0,-0.0,0.0,0.0,-0.0,-0.0,0.0,0.0
2997,16.98,0.0,-0.0,-0.0,0.0,0.0,-0.0,-0.0,0.0,0.0
2998,19.32,0.0,-0.0,-0.0,0.0,0.0,-0.0,-0.0,0.0,0.0
2999,17.59,0.0,-0.0,-0.0,0.0,0.0,-0.0,-0.0,0.0,0.0
3000,24.51,0.0,-0.0,-0.0,0.0,0.0,-0.0,-0.0,0.0,0.0
3001,38.11,0.0,-0.0,-0.0,0.0,0.0,-0.0,-0.0,0.0,0.0
3002,-14.93,0.0,-0.0,-0.0,0.0,0.0,-0.0,-0.0,-0.0,0.0
3003,28.17,0.0,-0.0,-0.0,0.0,0.0,-0.0,-0.0,0.0,0.0
3004,25.3,0.0,-0.0,-0.0,0.0,0.0,-0.0,-0.0,0.0,0.0
3005,30.43,0.0,-0.0,-0.0,0.0,0.0,-0.0,-0.0,0.0,0.0
3006,23.08,0.0,-0.0,-0.0,0.0,0.0,-0.0,-0.0,0.0,0.0
3007,23.5,0.0,-0.0,-0.0,0.0,0.0,-0.0,-0.0,0.0,0.0
3008,20.57,0.0,-0.0,-0.0,0.0,0.0,-0.0,-0.0,0.0,0.0
3009,19.25,0.0,-0.0,-0.0,0.0,0.0,-0.0,-0.0,0.0,0.0
3010,19.82,0.0,-0.0,-0.0,0.0,0.0,-0.0,-0.0,0.0,0.0
3011,20.46,0.0,0.0,-0.0,-0.0,0.0,0.0,-0.0,0.0,0.0
3012,25.53,0.0,0.0,-0.0,-0.0,0.0,0.0,-0.0,0.0,0.0
3013,81.72,171.0,1.0,1.0,-0.0,8550.0,2000.0,10000.0,13974.119999999999,-6575.880000000001
3014,112.66,171.0,1.0,-0.0,-0.0,8550.0,2000.0,-0.0,19264.86,8714.86
3015,110.09,171.0,1.0,-0.0,0.0,8550.0,2000.0,-0.0,18825.39,8275.39
3016,104.84,171.0,1.0,-0.0,0.0,8550.0,2000.0,-0.0,17927.64,7377.639999999999
3017,37.46,0.0,-0.0,-0.0,1.0,0.0,-0.0,-0.0,0.0,0.0
3018,35.11,0.0,-0.0,-0.0,0.0,0.0,-0.0,-0.0,0.0,0.0
3019,34.97,0.0,-0.0,-0.0,0.0,0.0,-0.0,-0.0,0.0,0.0
3020,30.11,0.0,-0.0,-0.0,0.0,0.0,-0.0,-0.0,0.0,0.0
3021,28.29,0.0,-0.0,-0.0,0.0,0.0,-0.0,-0.0,0.0,0.0
3022,24.57,0.0,-0.0,-0.0,0.0,0.0,-0.0,-0.0,0.0,0.0
3023,23.55,0.0,-0.0,-0.0,0.0,0.0,-0.0,-0.0,0.0,0.0
3024,24.86,0.0,-0.0,-0.0,0.0,0.0,-0.0,-0.0,0.0,0.0
3025,26.84,0.0,-0.0,-0.0,0.0,0.0,-0.0,-0.0,0.0,0.0
3026,20.64,0.0,-0.0,-0.0,0.0,0.0,-0.0,-0.0,0.0,0.0
3027,16.09,0.0,-0.0,-0.0,0.0,0.0,-0.0,-0.0,0.0,0.0
3028,16.63,0.0,-0.0,-0.0,0.0,0.0,-0.0,-0.0,0.0,0.0
3029,14.74,0.0,-0.0,-0.0,0.0,0.0,-0.0,-0.0,0.0,0.0
3030,13.76,0.0,-0.0,-0.0,0.0,0.0,-0.0,-0.0,0.0,0.0
3031,9.92,0.0,-0.0,-0.0,0.0,0.0,-0.0,-0.0,0.0,0.0
3032,13.59,0.0,-0.0,-0.0,0.0,0.0,-0.0,-0.0,0.0,0.0
3033,12.72,0.0,-0.0,-0.0,0.0,0.0,-0.0,-0.0,0.0,0.0
3034,13.45,0.0,-0.0,-0.0,0.0,0.0,-0.0,-0.0,0.0,0.0
3035,16.12,0.0,-0.0,-0.0,0.0,0.0,-0.0,-0.0,0.0,0.0
3036,18.74,0.0,0.0,-0.0,-0.0,0.0,0.0,-0.0,0.0,0.0
3037,42.86,0.0,0.0,-0.0,-0.0,0.0,0.0,-0.0,0.0,0.0
3038,97.26,0.0,0.0,-0.0,-0.0,0.0,0.0,-0.0,0.0,0.0
3039,78.25,0.0,0.0,-0.0,-0.0,0.0,0.0,-0.0,0.0,0.0
3040,42.09,0.0,-0.0,-0.0,0.0,0.0,-0.0,-0.0,0.0,0.0
3041,31.68,0.0,-0.0,-0.0,0.0,0.0,-0.0,-0.0,0.0,0.0
3042,23.75,0.0,-0.0,-0.0,0.0,0.0,-0.0,-0.0,0.0,0.0
3043,23.0,0.0,-0.0,-0.0,0.0,0.0,-0.0,-0.0,0.0,0.0
3044,24.54,0.0,-0.0,-0.0,0.0,0.0,-0.0,-0.0,0.0,0.0
3045,23.93,0.0,-0.0,-0.0,0.0,0.0,-0.0,-0.0,0.0,0.0
3046,24.12,0.0,-0.0,-0.0,0.0,0.0,-0.0,-0.0,0.0,0.0
3047,25.5,0.0,-0.0,-0.0,0.0,0.0,-0.0,-0.0,0.0,0.0
3048,30.75,0.0,-0.0,-0.0,0.0,0.0,-0.0,-0.0,0.0,0.0
3049,27.4,0.0,-0.0,-0.0,0.0,0.0,-0.0,-0.0,0.0,0.0
3050,20.98,0.0,-0.0,-0.0,0.0,0.0,-0.0,-0.0,0.0,0.0
3051,19.87,0.0,-0.0,-0.0,0.0,0.0,-0.0,-0.0,0.0,0.0
3052,21.91,0.0,-0.0,-0.0,0.0,0.0,-0.0,-0.0,0.0,0.0
3053,24.25,0.0,-0.0,-0.0,0.0,0.0,-0.0,-0.0,0.0,0.0
3054,34.62,0.0,-0.0,-0.0,0.0,0.0,-0.0,-0.0,0.0,0.0
3055,34.05,0.0,-0.0,-0.0,0.0,0.0,-0.0,-0.0,0.0,0.0
3056,29.68,0.0,0.0,-0.0,-0.0,0.0,0.0,-0.0,0.0,0.0
3057,39.48,0.0,0.0,-0.0,-0.0,0.0,0.0,-0.0,0.0,0.0
3058,35.84,0.0,0.0,-0.0,-0.0,0.0,0.0,-0.0,0.0,0.0
3059,72.75,171.0,1.0,1.0,-0.0,8550.0,2000.0,10000.0,12440.25,-8109.75
3060,68.85,171.0,1.0,-0.0,-0.0,8550.0,2000.0,-0.0,11773.349999999999,1223.3499999999985
3061,126.98,171.0,1.0,-0.0,-0.0,8550.0,2000.0,-0.0,21713.58,11163.580000000002
3062,116.91,171.0,1.0,-0.0,0.0,8550.0,2000.0,-0.0,19991.61,9441.61
3063,1109.53,171.0,1.0,-0.0,0.0,8550.0,2000.0,-0.0,189729.63,179179.63
3064,135.11,171.0,1.0,-0.0,0.0,8550.0,2000.0,-0.0,23103.81,12553.810000000001
3065,87.17,171.0,1.0,-0.0,0.0,8550.0,2000.0,-0.0,14906.07,4356.07
3066,72.98,171.0,1.0,-0.0,0.0,8550.0,2000.0,-0.0,12479.58,1929.58
3067,50.79,0.0,-0.0,-0.0,1.0,0.0,-0.0,-0.0,0.0,0.0
3068,36.68,0.0,-0.0,-0.0,0.0,0.0,-0.0,-0.0,0.0,0.0
3069,32.45,0.0,-0.0,-0.0,0.0,0.0,-0.0,-0.0,0.0,0.0
3070,31.47,0.0,-0.0,-0.0,0.0,0.0,-0.0,-0.0,0.0,0.0
3071,27.87,0.0,-0.0,-0.0,0.0,0.0,-0.0,-0.0,0.0,0.0
3072,31.71,0.0,-0.0,-0.0,0.0,0.0,-0.0,-0.0,0.0,0.0
3073,29.37,0.0,-0.0,-0.0,0.0,0.0,-0.0,-0.0,0.0,0.0
3074,21.15,0.0,-0.0,-0.0,0.0,0.0,-0.0,-0.0,0.0,0.0
3075,19.23,0.0,-0.0,-0.0,0.0,0.0,-0.0,-0.0,0.0,0.0
3076,19.51,0.0,-0.0,-0.0,0.0,0.0,-0.0,-0.0,0.0,0.0
3077,16.19,0.0,-0.0,-0.0,0.0,0.0,-0.0,-0.0,0.0,0.0
3078,17.05,0.0,-0.0,-0.0,0.0,0.0,-0.0,-0.0,0.0,0.0
3079,17.53,0.0,-0.0,-0.0,0.0,0.0,-0.0,-0.0,0.0,0.0
3080,21.52,0.0,-0.0,-0.0,0.0,0.0,-0.0,-0.0,0.0,0.0
3081,18.6,0.0,-0.0,-0.0,0.0,0.0,-0.0,-0.0,0.0,0.0
3082,21.46,0.0,-0.0,-0.0,0.0,0.0,-0.0,-0.0,0.0,0.0
3083,17.65,0.0,-0.0,-0.0,0.0,0.0,-0.0,-0.0,0.0,0.0
3084,15.82,0.0,0.0,-0.0,-0.0,0.0,0.0,-0.0,0.0,0.0
3085,30.26,0.0,0.0,-0.0,-0.0,0.0,0.0,-0.0,0.0,0.0
3086,67.37,0.0,0.0,0.0,-0.0,0.0,0.0,0.0,0.0,0.0
3087,75.3,0.0,0.0,-0.0,-0.0,0.0,0.0,-0.0,0.0,0.0
3088,102.54,0.0,0.0,-0.0,-0.0,0.0,0.0,-0.0,0.0,0.0
3089,56.37,0.0,-0.0,-0.0,0.0,0.0,-0.0,-0.0,0.0,0.0
3090,37.98,0.0,-0.0,-0.0,0.0,0.0,-0.0,-0.0,0.0,0.0
3091,33.89,0.0,-0.0,-0.0,0.0,0.0,-0.0,-0.0,0.0,0.0
3092,29.94,0.0,-0.0,-0.0,0.0,0.0,-0.0,-0.0,0.0,0.0
3093,28.75,0.0,-0.0,-0.0,0.0,0.0,-0.0,-0.0,0.0,0.0
3094,25.83,0.0,-0.0,-0.0,0.0,0.0,-0.0,-0.0,0.0,0.0
3095,26.34,0.0,-0.0,-0.0,0.0,0.0,-0.0,-0.0,0.0,0.0
3096,29.21,0.0,-0.0,-0.0,0.0,0.0,-0.0,-0.0,0.0,0.0
3097,28.7,0.0,-0.0,-0.0,0.0,0.0,-0.0,-0.0,0.0,0.0
3098,20.03,0.0,-0.0,-0.0,0.0,0.0,-0.0,-0.0,0.0,0.0
3099,21.33,0.0,-0.0,-0.0,0.0,0.0,-0.0,-0.0,0.0,0.0
3100,19.98,0.0,-0.0,-0.0,0.0,0.0,-0.0,-0.0,0.0,0.0
3101,17.05,0.0,-0.0,-0.0,0.0,0.0,-0.0,-0.0,0.0,0.0
3102,14.38,0.0,-0.0,-0.0,0.0,0.0,-0.0,-0.0,0.0,0.0
3103,17.66,0.0,-0.0,-0.0,0.0,0.0,-0.0,-0.0,0.0,0.0
3104,20.58,0.0,-0.0,-0.0,0.0,0.0,-0.0,-0.0,0.0,0.0
3105,21.82,0.0,-0.0,-0.0,0.0,0.0,-0.0,-0.0,0.0,0.0
3106,26.3,0.0,-0.0,-0.0,0.0,0.0,-0.0,-0.0,0.0,0.0
3107,17.68,0.0,-0.0,-0.0,0.0,0.0,-0.0,-0.0,0.0,0.0
3108,12.22,0.0,-0.0,-0.0,0.0,0.0,-0.0,-0.0,0.0,0.0
3109,23.85,0.0,-0.0,-0.0,0.0,0.0,-0.0,-0.0,0.0,0.0
3110,45.78,0.0,-0.0,-0.0,0.0,0.0,-0.0,-0.0,0.0,0.0
3111,66.33,0.0,0.0,-0.0,-0.0,0.0,0.0,-0.0,0.0,0.0
3112,36.38,0.0,-0.0,-0.0,0.0,0.0,-0.0,-0.0,0.0,0.0
3113,40.54,0.0,-0.0,-0.0,0.0,0.0,-0.0,-0.0,0.0,0.0
3114,35.53,0.0,-0.0,-0.0,0.0,0.0,-0.0,-0.0,0.0,0.0
3115,29.99,0.0,-0.0,-0.0,0.0,0.0,-0.0,-0.0,0.0,0.0
3116,32.75,0.0,-0.0,-0.0,0.0,0.0,-0.0,-0.0,0.0,0.0
3117,29.91,0.0,-0.0,-0.0,0.0,0.0,-0.0,-0.0,0.0,0.0
3118,30.4,0.0,-0.0,-0.0,0.0,0.0,-0.0,-0.0,0.0,0.0
3119,30.85,0.0,-0.0,-0.0,0.0,0.0,-0.0,-0.0,0.0,0.0
3120,34.56,0.0,-0.0,-0.0,0.0,0.0,-0.0,-0.0,0.0,0.0
3121,29.16,0.0,-0.0,-0.0,0.0,0.0,-0.0,-0.0,0.0,0.0
3122,18.29,0.0,-0.0,-0.0,0.0,0.0,-0.0,-0.0,0.0,0.0
3123,17.69,0.0,-0.0,-0.0,0.0,0.0,-0.0,-0.0,0.0,0.0
3124,17.58,0.0,-0.0,-0.0,0.0,0.0,-0.0,-0.0,0.0,0.0
3125,18.87,0.0,-0.0,-0.0,0.0,0.0,-0.0,-0.0,0.0,0.0
3126,18.27,0.0,-0.0,-0.0,0.0,0.0,-0.0,-0.0,0.0,0.0
3127,15.06,0.0,-0.0,-0.0,0.0,0.0,-0.0,-0.0,0.0,0.0
3128,19.44,0.0,-0.0,-0.0,0.0,0.0,-0.0,-0.0,0.0,0.0
3129,21.19,0.0,-0.0,-0.0,0.0,0.0,-0.0,-0.0,0.0,0.0
3130,21.64,0.0,-0.0,-0.0,0.0,0.0,-0.0,-0.0,0.0,0.0
3131,16.8,0.0,0.0,-0.0,-0.0,0.0,0.0,-0.0,0.0,0.0
3132,20.04,0.0,0.0,-0.0,-0.0,0.0,0.0,-0.0,0.0,0.0
3133,53.23,171.0,1.0,1.0,-0.0,8550.0,2000.0,10000.0,9102.33,-11447.67
3134,130.17,171.0,1.0,0.0,-0.0,8550.0,2000.0,0.0,22259.069999999996,11709.069999999996
3135,139.95,171.0,1.0,-0.0,0.0,8550.0,2000.0,-0.0,23931.449999999997,13381.449999999997
3136,102.67,171.0,1.0,-0.0,0.0,8550.0,2000.0,-0.0,17556.57,7006.57
3137,38.87,0.0,-0.0,-0.0,1.0,0.0,-0.0,-0.0,0.0,0.0
3138,27.02,0.0,-0.0,-0.0,0.0,0.0,-0.0,-0.0,0.0,0.0
3139,28.51,0.0,-0.0,-0.0,0.0,0.0,-0.0,-0.0,0.0,0.0
3140,23.64,0.0,-0.0,-0.0,0.0,0.0,-0.0,-0.0,0.0,0.0
3141,22.86,0.0,-0.0,-0.0,0.0,0.0,-0.0,-0.0,0.0,0.0
3142,23.56,0.0,-0.0,-0.0,0.0,0.0,-0.0,-0.0,0.0,0.0
3143,26.47,0.0,-0.0,-0.0,0.0,0.0,-0.0,-0.0,0.0,0.0
3144,31.92,0.0,-0.0,-0.0,0.0,0.0,-0.0,-0.0,0.0,0.0
3145,28.13,0.0,-0.0,-0.0,0.0,0.0,-0.0,-0.0,0.0,0.0
3146,16.32,0.0,-0.0,-0.0,0.0,0.0,-0.0,-0.0,0.0,0.0
3147,16.24,0.0,-0.0,-0.0,0.0,0.0,-0.0,-0.0,0.0,0.0
3148,15.37,0.0,-0.0,-0.0,0.0,0.0,-0.0,-0.0,0.0,0.0
3149,16.83,0.0,-0.0,-0.0,0.0,0.0,-0.0,-0.0,0.0,0.0
3150,21.12,0.0,-0.0,-0.0,0.0,0.0,-0.0,-0.0,0.0,0.0
3151,25.71,0.0,-0.0,-0.0,0.0,0.0,-0.0,-0.0,0.0,0.0
3152,22.54,0.0,-0.0,-0.0,0.0,0.0,-0.0,-0.0,0.0,0.0
3153,28.33,0.0,-0.0,-0.0,0.0,0.0,-0.0,-0.0,0.0,0.0
3154,25.77,0.0,-0.0,-0.0,0.0,0.0,-0.0,-0.0,0.0,0.0
3155,19.06,0.0,-0.0,-0.0,0.0,0.0,-0.0,-0.0,0.0,0.0
3156,25.36,0.0,-0.0,-0.0,0.0,0.0,-0.0,-0.0,0.0,0.0
3157,66.27,0.0,0.0,-0.0,-0.0,0.0,0.0,-0.0,0.0,0.0
3158,74.07,0.0,0.0,-0.0,-0.0,0.0,0.0,-0.0,0.0,0.0
3159,28.21,0.0,-0.0,-0.0,0.0,0.0,-0.0,-0.0,0.0,0.0
3160,18.7,0.0,-0.0,-0.0,0.0,0.0,-0.0,-0.0,0.0,0.0
3161,13.52,0.0,-0.0,-0.0,0.0,0.0,-0.0,-0.0,0.0,0.0
3162,14.21,0.0,-0.0,-0.0,0.0,0.0,-0.0,-0.0,0.0,0.0
3163,11.12,0.0,-0.0,-0.0,0.0,0.0,-0.0,-0.0,0.0,0.0
3164,1.58,0.0,-0.0,-0.0,0.0,0.0,-0.0,-0.0,0.0,0.0
3165,-3.83,0.0,-0.0,-0.0,0.0,0.0,-0.0,-0.0,-0.0,0.0
3166,-3.88,0.0,-0.0,-0.0,0.0,0.0,-0.0,-0.0,-0.0,0.0
3167,0.17,0.0,-0.0,-0.0,0.0,0.0,-0.0,-0.0,0.0,0.0
3168,14.88,0.0,-0.0,-0.0,0.0,0.0,-0.0,-0.0,0.0,0.0
3169,16.41,0.0,-0.0,-0.0,0.0,0.0,-0.0,-0.0,0.0,0.0
3170,-0.07,0.0,-0.0,-0.0,0.0,0.0,-0.0,-0.0,-0.0,0.0
3171,3.28,0.0,-0.0,-0.0,0.0,0.0,-0.0,-0.0,0.0,0.0
3172,10.08,0.0,-0.0,-0.0,0.0,0.0,-0.0,-0.0,0.0,0.0
3173,11.02,0.0,-0.0,-0.0,0.0,0.0,-0.0,-0.0,0.0,0.0
3174,14.38,0.0,-0.0,-0.0,0.0,0.0,-0.0,-0.0,0.0,0.0
3175,11.17,0.0,-0.0,-0.0,0.0,0.0,-0.0,-0.0,0.0,0.0
3176,11.01,0.0,-0.0,-0.0,0.0,0.0,-0.0,-0.0,0.0,0.0
3177,14.96,0.0,-0.0,-0.0,0.0,0.0,-0.0,-0.0,0.0,0.0
3178,14.21,0.0,-0.0,-0.0,0.0,0.0,-0.0,-0.0,0.0,0.0
3179,9.15,0.0,-0.0,-0.0,0.0,0.0,-0.0,-0.0,0.0,0.0
3180,9.9,0.0,-0.0,-0.0,0.0,0.0,-0.0,-0.0,0.0,0.0
3181,26.33,0.0,-0.0,-0.0,0.0,0.0,-0.0,-0.0,0.0,0.0
3182,31.82,0.0,-0.0,-0.0,0.0,0.0,-0.0,-0.0,0.0,0.0
3183,31.85,0.0,-0.0,-0.0,0.0,0.0,-0.0,-0.0,0.0,0.0
3184,23.69,0.0,-0.0,-0.0,0.0,0.0,-0.0,-0.0,0.0,0.0
3185,17.4,0.0,-0.0,-0.0,0.0,0.0,-0.0,-0.0,0.0,0.0
3186,17.57,0.0,-0.0,-0.0,0.0,0.0,-0.0,-0.0,0.0,0.0
3187,16.41,0.0,-0.0,-0.0,0.0,0.0,-0.0,-0.0,0.0,0.0
3188,15.65,0.0,-0.0,-0.0,0.0,0.0,-0.0,-0.0,0.0,0.0
3189,15.11,0.0,-0.0,-0.0,0.0,0.0,-0.0,-0.0,0.0,0.0
3190,16.47,0.0,-0.0,-0.0,0.0,0.0,-0.0,-0.0,0.0,0.0
3191,17.07,0.0,-0.0,-0.0,0.0,0.0,-0.0,-0.0,0.0,0.0
3192,21.58,0.0,-0.0,-0.0,0.0,0.0,-0.0,-0.0,0.0,0.0
3193,22.39,0.0,-0.0,-0.0,0.0,0.0,-0.0,-0.0,0.0,0.0
3194,16.01,0.0,-0.0,-0.0,0.0,0.0,-0.0,-0.0,0.0,0.0
3195,11.36,0.0,-0.0,-0.0,0.0,0.0,-0.0,-0.0,0.0,0.0
3196,16.29,0.0,-0.0,-0.0,0.0,0.0,-0.0,-0.0,0.0,0.0
3197,21.65,0.0,-0.0,-0.0,0.0,0.0,-0.0,-0.0,0.0,0.0
3198,17.62,0.0,-0.0,-0.0,0.0,0.0,-0.0,-0.0,0.0,0.0
3199,19.07,0.0,-0.0,-0.0,0.0,0.0,-0.0,-0.0,0.0,0.0
3200,22.09,0.0,-0.0,-0.0,0.0,0.0,-0.0,-0.0,0.0,0.0
3201,19.55,0.0,-0.0,-0.0,0.0,0.0,-0.0,-0.0,0.0,0.0
3202,18.29,0.0,-0.0,-0.0,0.0,0.0,-0.0,-0.0,0.0,0.0
3203,16.71,0.0,-0.0,-0.0,0.0,0.0,-0.0,-0.0,0.0,0.0
3204,20.41,0.0,-0.0,-0.0,0.0,0.0,-0.0,-0.0,0.0,0.0
3205,34.34,0.0,-0.0,-0.0,0.0,0.0,-0.0,-0.0,0.0,0.0
3206,31.32,0.0,-0.0,-0.0,0.0,0.0,-0.0,-0.0,0.0,0.0
3207,32.23,0.0,-0.0,-0.0,0.0,0.0,-0.0,-0.0,0.0,0.0
3208,29.76,0.0,-0.0,-0.0,0.0,0.0,-0.0,-0.0,0.0,0.0
3209,26.58,0.0,-0.0,-0.0,0.0,0.0,-0.0,-0.0,0.0,0.0
3210,22.68,0.0,-0.0,-0.0,0.0,0.0,-0.0,-0.0,0.0,0.0
3211,18.97,0.0,-0.0,-0.0,0.0,0.0,-0.0,-0.0,0.0,0.0
3212,17.22,0.0,-0.0,-0.0,0.0,0.0,-0.0,-0.0,0.0,0.0
3213,16.22,0.0,-0.0,-0.0,0.0,0.0,-0.0,-0.0,0.0,0.0
3214,16.23,0.0,-0.0,-0.0,0.0,0.0,-0.0,-0.0,0.0,0.0
3215,15.55,0.0,-0.0,-0.0,0.0,0.0,-0.0,-0.0,0.0,0.0
3216,16.5,0.0,-0.0,-0.0,0.0,0.0,-0.0,-0.0,0.0,0.0
3217,19.79,0.0,-0.0,-0.0,0.0,0.0,-0.0,-0.0,0.0,0.0
3218,17.15,0.0,-0.0,-0.0,0.0,0.0,-0.0,-0.0,0.0,0.0
3219,19.4,0.0,-0.0,-0.0,0.0,0.0,-0.0,-0.0,0.0,0.0
3220,17.36,0.0,-0.0,-0.0,0.0,0.0,-0.0,-0.0,0.0,0.0
3221,23.22,0.0,-0.0,-0.0,0.0,0.0,-0.0,-0.0,0.0,0.0
3222,28.91,0.0,-0.0,-0.0,0.0,0.0,-0.0,-0.0,0.0,0.0
3223,36.2,0.0,0.0,-0.0,-0.0,0.0,0.0,-0.0,0.0,0.0
3224,32.52,0.0,0.0,-0.0,-0.0,0.0,0.0,-0.0,0.0,0.0
3225,30.7,0.0,0.0,-0.0,-0.0,0.0,0.0,-0.0,0.0,0.0
3226,68.58,171.0,1.0,1.0,-0.0,8550.0,2000.0,10000.0,11727.18,-8822.82
3227,108.9,171.0,1.0,-0.0,-0.0,8550.0,2000.0,-0.0,18621.9,8071.9000000000015
3228,59.6,171.0,1.0,-0.0,-0.0,8550.0,2000.0,-0.0,10191.6,-358.39999999999964
3229,64.11,171.0,1.0,-0.0,-0.0,8550.0,2000.0,-0.0,10962.81,412.8099999999995
3230,85.36,171.0,1.0,-0.0,-0.0,8550.0,2000.0,-0.0,14596.56,4046.5599999999995
3231,68.55,171.0,1.0,-0.0,0.0,8550.0,2000.0,-0.0,11722.05,1172.0499999999993
3232,29.29,0.0,-0.0,-0.0,1.0,0.0,-0.0,-0.0,0.0,0.0
3233,23.38,0.0,-0.0,-0.0,0.0,0.0,-0.0,-0.0,0.0,0.0
3234,20.55,0.0,-0.0,-0.0,0.0,0.0,-0.0,-0.0,0.0,0.0
3235,16.71,0.0,-0.0,-0.0,0.0,0.0,-0.0,-0.0,0.0,0.0
3236,15.26,0.0,-0.0,-0.0,0.0,0.0,-0.0,-0.0,0.0,0.0
3237,16.34,0.0,-0.0,-0.0,0.0,0.0,-0.0,-0.0,0.0,0.0
3238,17.99,0.0,-0.0,-0.0,0.0,0.0,-0.0,-0.0,0.0,0.0
3239,18.75,0.0,-0.0,-0.0,0.0,0.0,-0.0,-0.0,0.0,0.0
3240,23.99,0.0,-0.0,-0.0,0.0,0.0,-0.0,-0.0,0.0,0.0
3241,24.33,0.0,-0.0,-0.0,0.0,0.0,-0.0,-0.0,0.0,0.0
3242,22.41,0.0,-0.0,-0.0,0.0,0.0,-0.0,-0.0,0.0,0.0
3243,24.09,0.0,-0.0,-0.0,0.0,0.0,-0.0,-0.0,0.0,0.0
3244,25.59,0.0,-0.0,-0.0,0.0,0.0,-0.0,-0.0,0.0,0.0
3245,24.2,0.0,-0.0,-0.0,0.0,0.0,-0.0,-0.0,0.0,0.0
3246,30.68,0.0,-0.0,-0.0,0.0,0.0,-0.0,-0.0,0.0,0.0
3247,32.07,0.0,0.0,-0.0,-0.0,0.0,0.0,-0.0,0.0,0.0
3248,37.87,0.0,0.0,-0.0,-0.0,0.0,0.0,-0.0,0.0,0.0
3249,32.49,0.0,0.0,-0.0,-0.0,0.0,0.0,-0.0,0.0,0.0
3250,100.63,171.0,1.0,1.0,-0.0,8550.0,2000.0,10000.0,17207.73,-3342.2700000000004
3251,121.7,171.0,1.0,-0.0,-0.0,8550.0,2000.0,-0.0,20810.7,10260.7
3252,231.98,171.0,1.0,-0.0,0.0,8550.0,2000.0,-0.0,39668.58,29118.58
3253,778.33,171.0,1.0,-0.0,0.0,8550.0,2000.0,-0.0,133094.43,122544.43
3254,595.47,171.0,1.0,-0.0,0.0,8550.0,2000.0,-0.0,101825.37000000001,91275.37000000001
3255,152.48,171.0,1.0,-0.0,0.0,8550.0,2000.0,-0.0,26074.079999999998,15524.079999999998
3256,76.39,171.0,1.0,-0.0,0.0,8550.0,2000.0,-0.0,13062.69,2512.6900000000005
3257,33.16,0.0,-0.0,-0.0,1.0,0.0,-0.0,-0.0,0.0,0.0
3258,23.84,0.0,-0.0,-0.0,0.0,0.0,-0.0,-0.0,0.0,0.0
3259,21.8,0.0,-0.0,-0.0,0.0,0.0,-0.0,-0.0,0.0,0.0
3260,18.44,0.0,-0.0,-0.0,0.0,0.0,-0.0,-0.0,0.0,0.0
3261,17.06,0.0,-0.0,-0.0,0.0,0.0,-0.0,-0.0,0.0,0.0
3262,17.78,0.0,-0.0,-0.0,0.0,0.0,-0.0,-0.0,0.0,0.0
3263,19.68,0.0,-0.0,-0.0,0.0,0.0,-0.0,-0.0,0.0,0.0
3264,20.21,0.0,-0.0,-0.0,0.0,0.0,-0.0,-0.0,0.0,0.0
3265,22.28,0.0,-0.0,-0.0,0.0,0.0,-0.0,-0.0,0.0,0.0
3266,22.91,0.0,-0.0,-0.0,0.0,0.0,-0.0,-0.0,0.0,0.0
3267,22.93,0.0,-0.0,-0.0,0.0,0.0,-0.0,-0.0,0.0,0.0
3268,30.08,0.0,-0.0,-0.0,0.0,0.0,-0.0,-0.0,0.0,0.0
3269,31.14,0.0,-0.0,-0.0,0.0,0.0,-0.0,-0.0,0.0,0.0
3270,27.39,0.0,-0.0,-0.0,0.0,0.0,-0.0,-0.0,0.0,0.0
3271,28.1,0.0,-0.0,-0.0,0.0,0.0,-0.0,-0.0,0.0,0.0
3272,20.23,0.0,-0.0,-0.0,0.0,0.0,-0.0,-0.0,0.0,0.0
3273,24.55,0.0,0.0,-0.0,-0.0,0.0,0.0,-0.0,0.0,0.0
3274,31.82,0.0,0.0,-0.0,-0.0,0.0,0.0,-0.0,0.0,0.0
3275,39.62,0.0,0.0,-0.0,-0.0,0.0,0.0,-0.0,0.0,0.0
3276,64.38,171.0,1.0,1.0,-0.0,8550.0,2000.0,10000.0,11008.98,-9541.02
3277,64.96,171.0,1.0,-0.0,-0.0,8550.0,2000.0,-0.0,11108.159999999998,558.159999999998
3278,104.05,171.0,1.0,-0.0,-0.0,8550.0,2000.0,-0.0,17792.55,7242.549999999999
3279,74.07,171.0,1.0,-0.0,-0.0,8550.0,2000.0,-0.0,12665.97,2115.9699999999993
3280,34.97,0.0,-0.0,-0.0,1.0,0.0,-0.0,-0.0,0.0,0.0
3281,24.36,0.0,-0.0,-0.0,0.0,0.0,-0.0,-0.0,0.0,0.0
3282,23.28,0.0,-0.0,-0.0,0.0,0.0,-0.0,-0.0,0.0,0.0
3283,27.82,0.0,-0.0,-0.0,0.0,0.0,-0.0,-0.0,0.0,0.0
3284,29.61,0.0,-0.0,-0.0,0.0,0.0,-0.0,-0.0,0.0,0.0
3285,35.68,0.0,-0.0,-0.0,0.0,0.0,-0.0,-0.0,0.0,0.0
3286,25.71,0.0,-0.0,-0.0,0.0,0.0,-0.0,-0.0,0.0,0.0
3287,24.23,0.0,-0.0,-0.0,0.0,0.0,-0.0,-0.0,0.0,0.0
3288,23.7,0.0,-0.0,-0.0,0.0,0.0,-0.0,-0.0,0.0,0.0
3289,23.47,0.0,-0.0,-0.0,0.0,0.0,-0.0,-0.0,0.0,0.0
3290,28.01,0.0,-0.0,-0.0,0.0,0.0,-0.0,-0.0,0.0,0.0
3291,21.11,0.0,-0.0,-0.0,0.0,0.0,-0.0,-0.0,0.0,0.0
3292,19.38,0.0,-0.0,-0.0,0.0,0.0,-0.0,-0.0,0.0,0.0
3293,21.66,0.0,-0.0,-0.0,0.0,0.0,-0.0,-0.0,0.0,0.0
3294,27.2,0.0,-0.0,-0.0,0.0,0.0,-0.0,-0.0,0.0,0.0
3295,28.64,0.0,-0.0,-0.0,0.0,0.0,-0.0,-0.0,0.0,0.0
3296,21.82,0.0,-0.0,-0.0,0.0,0.0,-0.0,-0.0,0.0,0.0
3297,25.41,0.0,-0.0,-0.0,0.0,0.0,-0.0,-0.0,0.0,0.0
3298,26.2,0.0,-0.0,-0.0,0.0,0.0,-0.0,-0.0,0.0,0.0
3299,17.78,0.0,-0.0,-0.0,0.0,0.0,-0.0,-0.0,0.0,0.0
3300,20.74,0.0,-0.0,-0.0,0.0,0.0,-0.0,-0.0,0.0,0.0
3301,22.25,0.0,-0.0,-0.0,0.0,0.0,-0.0,-0.0,0.0,0.0
3302,24.86,0.0,-0.0,-0.0,0.0,0.0,-0.0,-0.0,0.0,0.0
3303,22.88,0.0,-0.0,-0.0,0.0,0.0,-0.0,-0.0,0.0,0.0
3304,21.72,0.0,-0.0,-0.0,0.0,0.0,-0.0,-0.0,0.0,0.0
3305,20.59,0.0,-0.0,-0.0,0.0,0.0,-0.0,-0.0,0.0,0.0
3306,20.24,0.0,-0.0,-0.0,0.0,0.0,-0.0,-0.0,0.0,0.0
3307,19.28,0.0,-0.0,-0.0,0.0,0.0,-0.0,-0.0,0.0,0.0
3308,17.07,0.0,-0.0,-0.0,0.0,0.0,-0.0,-0.0,0.0,0.0
3309,20.69,0.0,-0.0,-0.0,0.0,0.0,-0.0,-0.0,0.0,0.0
3310,24.88,0.0,-0.0,-0.0,0.0,0.0,-0.0,-0.0,0.0,0.0
3311,26.93,0.0,-0.0,-0.0,0.0,0.0,-0.0,-0.0,0.0,0.0
3312,50.24,0.0,-0.0,-0.0,0.0,0.0,-0.0,-0.0,0.0,0.0
3313,26.45,0.0,-0.0,-0.0,0.0,0.0,-0.0,-0.0,0.0,0.0
3314,20.57,0.0,-0.0,-0.0,0.0,0.0,-0.0,-0.0,0.0,0.0
3315,26.34,0.0,-0.0,-0.0,0.0,0.0,-0.0,-0.0,0.0,0.0
3316,28.08,0.0,-0.0,-0.0,0.0,0.0,-0.0,-0.0,0.0,0.0
3317,40.08,0.0,-0.0,-0.0,0.0,0.0,-0.0,-0.0,0.0,0.0
3318,29.7,0.0,-0.0,-0.0,0.0,0.0,-0.0,-0.0,0.0,0.0
3319,27.59,0.0,-0.0,-0.0,0.0,0.0,-0.0,-0.0,0.0,0.0
3320,27.77,0.0,-0.0,-0.0,0.0,0.0,-0.0,-0.0,0.0,0.0
3321,36.53,0.0,-0.0,-0.0,0.0,0.0,-0.0,-0.0,0.0,0.0
3322,24.91,0.0,-0.0,-0.0,0.0,0.0,-0.0,-0.0,0.0,0.0
3323,23.25,0.0,-0.0,-0.0,0.0,0.0,-0.0,-0.0,0.0,0.0
3324,22.61,0.0,-0.0,-0.0,0.0,0.0,-0.0,-0.0,0.0,0.0
3325,22.74,0.0,-0.0,-0.0,0.0,0.0,-0.0,-0.0,0.0,0.0
3326,25.6,0.0,-0.0,-0.0,0.0,0.0,-0.0,-0.0,0.0,0.0
3327,33.13,0.0,-0.0,-0.0,0.0,0.0,-0.0,-0.0,0.0,0.0
3328,42.2,0.0,-0.0,-0.0,0.0,0.0,-0.0,-0.0,0.0,0.0
3329,33.04,0.0,-0.0,-0.0,0.0,0.0,-0.0,-0.0,0.0,0.0
3330,22.74,0.0,-0.0,-0.0,0.0,0.0,-0.0,-0.0,0.0,0.0
3331,20.51,0.0,-0.0,-0.0,0.0,0.0,-0.0,-0.0,0.0,0.0
3332,21.93,0.0,-0.0,-0.0,0.0,0.0,-0.0,-0.0,0.0,0.0
3333,19.15,0.0,-0.0,-0.0,0.0,0.0,-0.0,-0.0,0.0,0.0
3334,16.34,0.0,-0.0,-0.0,0.0,0.0,-0.0,-0.0,0.0,0.0
3335,18.24,0.0,-0.0,-0.0,0.0,0.0,-0.0,-0.0,0.0,0.0
3336,23.01,0.0,-0.0,-0.0,0.0,0.0,-0.0,-0.0,0.0,0.0
3337,28.7,0.0,-0.0,-0.0,0.0,0.0,-0.0,-0.0,0.0,0.0
3338,20.42,0.0,-0.0,-0.0,0.0,0.0,-0.0,-0.0,0.0,0.0
3339,12.22,0.0,-0.0,-0.0,0.0,0.0,-0.0,-0.0,0.0,0.0
3340,-0.56,0.0,-0.0,-0.0,0.0,0.0,-0.0,-0.0,-0.0,0.0
3341,10.32,0.0,-0.0,-0.0,0.0,0.0,-0.0,-0.0,0.0,0.0
3342,12.81,0.0,-0.0,-0.0,0.0,0.0,-0.0,-0.0,0.0,0.0
3343,12.9,0.0,-0.0,-0.0,0.0,0.0,-0.0,-0.0,0.0,0.0
3344,10.28,0.0,-0.0,-0.0,0.0,0.0,-0.0,-0.0,0.0,0.0
3345,12.69,0.0,-0.0,-0.0,0.0,0.0,-0.0,-0.0,0.0,0.0
3346,16.14,0.0,0.0,-0.0,-0.0,0.0,0.0,-0.0,0.0,0.0
3347,20.34,0.0,0.0,-0.0,-0.0,0.0,0.0,-0.0,0.0,0.0
3348,20.54,0.0,0.0,-0.0,-0.0,0.0,0.0,-0.0,0.0,0.0
3349,52.0,171.0,1.0,1.0,-0.0,8550.0,2000.0,10000.0,8892.0,-11658.0
3350,196.89,171.0,1.0,0.0,-0.0,8550.0,2000.0,0.0,33668.189999999995,23118.189999999995
3351,76.38,171.0,1.0,-0.0,0.0,8550.0,2000.0,-0.0,13060.98,2510.9799999999996
3352,29.58,68.0,1.0,-0.0,0.0,3400.0,2000.0,-0.0,2011.4399999999998,-3388.5600000000004
3353,24.46,0.0,-0.0,-0.0,1.0,0.0,-0.0,-0.0,0.0,0.0
3354,22.26,0.0,-0.0,-0.0,0.0,0.0,-0.0,-0.0,0.0,0.0
3355,20.27,0.0,-0.0,-0.0,0.0,0.0,-0.0,-0.0,0.0,0.0
3356,20.35,0.0,-0.0,-0.0,0.0,0.0,-0.0,-0.0,0.0,0.0
3357,18.9,0.0,-0.0,-0.0,0.0,0.0,-0.0,-0.0,0.0,0.0
3358,20.59,0.0,-0.0,-0.0,0.0,0.0,-0.0,-0.0,0.0,0.0
3359,21.79,0.0,-0.0,-0.0,0.0,0.0,-0.0,-0.0,0.0,0.0
3360,23.35,0.0,-0.0,-0.0,0.0,0.0,-0.0,-0.0,0.0,0.0
3361,20.43,0.0,-0.0,-0.0,0.0,0.0,-0.0,-0.0,0.0,0.0
3362,10.83,0.0,-0.0,-0.0,0.0,0.0,-0.0,-0.0,0.0,0.0
3363,6.19,0.0,-0.0,-0.0,0.0,0.0,-0.0,-0.0,0.0,0.0
3364,3.15,0.0,-0.0,-0.0,0.0,0.0,-0.0,-0.0,0.0,0.0
3365,3.15,0.0,-0.0,-0.0,0.0,0.0,-0.0,-0.0,0.0,0.0
3366,7.41,0.0,-0.0,-0.0,0.0,0.0,-0.0,-0.0,0.0,0.0
3367,7.14,0.0,-0.0,-0.0,0.0,0.0,-0.0,-0.0,0.0,0.0
3368,8.27,0.0,-0.0,-0.0,0.0,0.0,-0.0,-0.0,0.0,0.0
3369,13.43,0.0,-0.0,-0.0,0.0,0.0,-0.0,-0.0,0.0,0.0
3370,16.07,0.0,-0.0,-0.0,0.0,0.0,-0.0,-0.0,0.0,0.0
3371,18.18,0.0,0.0,-0.0,-0.0,0.0,0.0,-0.0,0.0,0.0
3372,24.48,0.0,0.0,-0.0,-0.0,0.0,0.0,-0.0,0.0,0.0
3373,73.38,0.0,0.0,-0.0,-0.0,0.0,0.0,-0.0,0.0,0.0
3374,100.56,0.0,0.0,-0.0,-0.0,0.0,0.0,-0.0,0.0,0.0
3375,38.85,0.0,-0.0,-0.0,0.0,0.0,-0.0,-0.0,0.0,0.0
3376,22.52,0.0,-0.0,-0.0,0.0,0.0,-0.0,-0.0,0.0,0.0
3377,20.69,0.0,-0.0,-0.0,0.0,0.0,-0.0,-0.0,0.0,0.0
3378,22.3,0.0,-0.0,-0.0,0.0,0.0,-0.0,-0.0,0.0,0.0
3379,17.78,0.0,-0.0,-0.0,0.0,0.0,-0.0,-0.0,0.0,0.0
3380,17.4,0.0,-0.0,-0.0,0.0,0.0,-0.0,-0.0,0.0,0.0
3381,16.45,0.0,-0.0,-0.0,0.0,0.0,-0.0,-0.0,0.0,0.0
3382,18.27,0.0,-0.0,-0.0,0.0,0.0,-0.0,-0.0,0.0,0.0
3383,23.83,0.0,-0.0,-0.0,0.0,0.0,-0.0,-0.0,0.0,0.0
3384,25.42,0.0,-0.0,-0.0,0.0,0.0,-0.0,-0.0,0.0,0.0
3385,34.99,0.0,-0.0,-0.0,0.0,0.0,-0.0,-0.0,0.0,0.0
3386,22.82,0.0,-0.0,-0.0,0.0,0.0,-0.0,-0.0,0.0,0.0
3387,22.92,0.0,-0.0,-0.0,0.0,0.0,-0.0,-0.0,0.0,0.0
3388,18.9,0.0,-0.0,-0.0,0.0,0.0,-0.0,-0.0,0.0,0.0
3389,21.24,0.0,-0.0,-0.0,0.0,0.0,-0.0,-0.0,0.0,0.0
3390,38.18,0.0,-0.0,-0.0,0.0,0.0,-0.0,-0.0,0.0,0.0
3391,35.17,0.0,-0.0,-0.0,0.0,0.0,-0.0,-0.0,0.0,0.0
3392,59.94,0.0,-0.0,-0.0,0.0,0.0,-0.0,-0.0,0.0,0.0
3393,29.99,0.0,-0.0,-0.0,0.0,0.0,-0.0,-0.0,0.0,0.0
3394,41.64,0.0,-0.0,-0.0,0.0,0.0,-0.0,-0.0,0.0,0.0
3395,19.76,0.0,-0.0,-0.0,0.0,0.0,-0.0,-0.0,0.0,0.0
3396,19.41,0.0,-0.0,-0.0,0.0,0.0,-0.0,-0.0,0.0,0.0
3397,23.19,0.0,-0.0,-0.0,0.0,0.0,-0.0,-0.0,0.0,0.0
3398,34.7,0.0,-0.0,-0.0,0.0,0.0,-0.0,-0.0,0.0,0.0
3399,28.42,0.0,-0.0,-0.0,0.0,0.0,-0.0,-0.0,0.0,0.0
3400,48.48,0.0,-0.0,-0.0,0.0,0.0,-0.0,-0.0,0.0,0.0
3401,23.96,0.0,-0.0,-0.0,0.0,0.0,-0.0,-0.0,0.0,0.0
3402,24.72,0.0,-0.0,-0.0,0.0,0.0,-0.0,-0.0,0.0,0.0
3403,22.62,0.0,-0.0,-0.0,0.0,0.0,-0.0,-0.0,0.0,0.0
3404,23.93,0.0,-0.0,-0.0,0.0,0.0,-0.0,-0.0,0.0,0.0
3405,20.45,0.0,-0.0,-0.0,0.0,0.0,-0.0,-0.0,0.0,0.0
3406,24.46,0.0,-0.0,-0.0,0.0,0.0,-0.0,-0.0,0.0,0.0
3407,22.79,0.0,-0.0,-0.0,0.0,0.0,-0.0,-0.0,0.0,0.0
3408,24.79,0.0,-0.0,-0.0,0.0,0.0,-0.0,-0.0,0.0,0.0
3409,22.46,0.0,-0.0,-0.0,0.0,0.0,-0.0,-0.0,0.0,0.0
3410,18.29,0.0,-0.0,-0.0,0.0,0.0,-0.0,-0.0,0.0,0.0
3411,15.3,0.0,-0.0,-0.0,0.0,0.0,-0.0,-0.0,0.0,0.0
3412,17.59,0.0,-0.0,-0.0,0.0,0.0,-0.0,-0.0,0.0,0.0
3413,19.32,0.0,-0.0,-0.0,0.0,0.0,-0.0,-0.0,0.0,0.0
3414,26.82,0.0,-0.0,-0.0,0.0,0.0,-0.0,-0.0,0.0,0.0
3415,28.94,0.0,-0.0,-0.0,0.0,0.0,-0.0,-0.0,0.0,0.0
3416,47.71,0.0,-0.0,-0.0,0.0,0.0,-0.0,-0.0,0.0,0.0
3417,61.95,0.0,0.0,-0.0,-0.0,0.0,0.0,-0.0,0.0,0.0
3418,29.33,0.0,-0.0,-0.0,0.0,0.0,-0.0,-0.0,0.0,0.0
3419,23.57,0.0,-0.0,-0.0,0.0,0.0,-0.0,-0.0,0.0,0.0
3420,22.21,0.0,-0.0,-0.0,0.0,0.0,-0.0,-0.0,0.0,0.0
3421,33.17,0.0,-0.0,-0.0,0.0,0.0,-0.0,-0.0,0.0,0.0
3422,36.96,0.0,-0.0,-0.0,0.0,0.0,-0.0,-0.0,0.0,0.0
3423,30.48,0.0,-0.0,-0.0,0.0,0.0,-0.0,-0.0,0.0,0.0
3424,29.32,0.0,-0.0,-0.0,0.0,0.0,-0.0,-0.0,0.0,0.0
3425,26.43,0.0,-0.0,-0.0,0.0,0.0,-0.0,-0.0,0.0,0.0
3426,23.91,0.0,-0.0,-0.0,0.0,0.0,-0.0,-0.0,0.0,0.0
3427,23.64,0.0,-0.0,-0.0,0.0,0.0,-0.0,-0.0,0.0,0.0
3428,23.82,0.0,-0.0,-0.0,0.0,0.0,-0.0,-0.0,0.0,0.0
3429,23.01,0.0,-0.0,-0.0,0.0,0.0,-0.0,-0.0,0.0,0.0
3430,22.3,0.0,-0.0,-0.0,0.0,0.0,-0.0,-0.0,0.0,0.0
3431,21.51,0.0,-0.0,-0.0,0.0,0.0,-0.0,-0.0,0.0,0.0
3432,23.36,0.0,-0.0,-0.0,0.0,0.0,-0.0,-0.0,0.0,0.0
3433,21.46,0.0,-0.0,-0.0,0.0,0.0,-0.0,-0.0,0.0,0.0
3434,18.4,0.0,-0.0,-0.0,0.0,0.0,-0.0,-0.0,0.0,0.0
3435,17.04,0.0,-0.0,-0.0,0.0,0.0,-0.0,-0.0,0.0,0.0
3436,18.21,0.0,-0.0,-0.0,0.0,0.0,-0.0,-0.0,0.0,0.0
3437,20.06,0.0,-0.0,-0.0,0.0,0.0,-0.0,-0.0,0.0,0.0
3438,20.79,0.0,-0.0,-0.0,0.0,0.0,-0.0,-0.0,0.0,0.0
3439,13.43,0.0,-0.0,-0.0,0.0,0.0,-0.0,-0.0,0.0,0.0
3440,16.01,0.0,-0.0,-0.0,0.0,0.0,-0.0,-0.0,0.0,0.0
3441,20.94,0.0,-0.0,-0.0,0.0,0.0,-0.0,-0.0,0.0,0.0
3442,19.77,0.0,-0.0,-0.0,0.0,0.0,-0.0,-0.0,0.0,0.0
3443,19.83,0.0,-0.0,-0.0,0.0,0.0,-0.0,-0.0,0.0,0.0
3444,20.89,0.0,-0.0,-0.0,0.0,0.0,-0.0,-0.0,0.0,0.0
3445,25.5,0.0,-0.0,-0.0,0.0,0.0,-0.0,-0.0,0.0,0.0
3446,30.83,0.0,-0.0,-0.0,0.0,0.0,-0.0,-0.0,0.0,0.0
3447,36.07,0.0,-0.0,-0.0,0.0,0.0,-0.0,-0.0,0.0,0.0
3448,28.75,0.0,-0.0,-0.0,0.0,0.0,-0.0,-0.0,0.0,0.0
3449,27.47,0.0,-0.0,-0.0,0.0,0.0,-0.0,-0.0,0.0,0.0
3450,32.87,0.0,-0.0,-0.0,0.0,0.0,-0.0,-0.0,0.0,0.0
3451,31.16,0.0,-0.0,-0.0,0.0,0.0,-0.0,-0.0,0.0,0.0
3452,30.47,0.0,-0.0,-0.0,0.0,0.0,-0.0,-0.0,0.0,0.0
3453,29.85,0.0,-0.0,-0.0,0.0,0.0,-0.0,-0.0,0.0,0.0
3454,27.68,0.0,-0.0,-0.0,0.0,0.0,-0.0,-0.0,0.0,0.0
3455,26.9,0.0,-0.0,-0.0,0.0,0.0,-0.0,-0.0,0.0,0.0
3456,21.97,0.0,-0.0,-0.0,0.0,0.0,-0.0,-0.0,0.0,0.0
3457,21.05,0.0,-0.0,-0.0,0.0,0.0,-0.0,-0.0,0.0,0.0
3458,8.77,0.0,-0.0,-0.0,0.0,0.0,-0.0,-0.0,0.0,0.0
3459,7.97,0.0,-0.0,-0.0,0.0,0.0,-0.0,-0.0,0.0,0.0
3460,15.83,0.0,-0.0,-0.0,0.0,0.0,-0.0,-0.0,0.0,0.0
3461,15.8,0.0,-0.0,-0.0,0.0,0.0,-0.0,-0.0,0.0,0.0
3462,18.55,0.0,-0.0,-0.0,0.0,0.0,-0.0,-0.0,0.0,0.0
3463,16.78,0.0,-0.0,-0.0,0.0,0.0,-0.0,-0.0,0.0,0.0
3464,22.6,0.0,-0.0,-0.0,0.0,0.0,-0.0,-0.0,0.0,0.0
3465,24.88,0.0,-0.0,-0.0,0.0,0.0,-0.0,-0.0,0.0,0.0
3466,24.67,0.0,-0.0,-0.0,0.0,0.0,-0.0,-0.0,0.0,0.0
3467,21.24,0.0,-0.0,-0.0,0.0,0.0,-0.0,-0.0,0.0,0.0
3468,27.51,0.0,-0.0,-0.0,0.0,0.0,-0.0,-0.0,0.0,0.0
3469,48.34,0.0,-0.0,-0.0,0.0,0.0,-0.0,-0.0,0.0,0.0
3470,63.35,0.0,0.0,-0.0,-0.0,0.0,0.0,-0.0,0.0,0.0
3471,34.47,0.0,-0.0,-0.0,0.0,0.0,-0.0,-0.0,0.0,0.0
3472,42.46,0.0,-0.0,-0.0,0.0,0.0,-0.0,-0.0,0.0,0.0
3473,33.33,0.0,-0.0,-0.0,0.0,0.0,-0.0,-0.0,0.0,0.0
3474,36.71,0.0,-0.0,-0.0,0.0,0.0,-0.0,-0.0,0.0,0.0
3475,27.28,0.0,-0.0,-0.0,0.0,0.0,-0.0,-0.0,0.0,0.0
3476,25.71,0.0,-0.0,-0.0,0.0,0.0,-0.0,-0.0,0.0,0.0
3477,27.93,0.0,-0.0,-0.0,0.0,0.0,-0.0,-0.0,0.0,0.0
3478,32.48,0.0,-0.0,-0.0,0.0,0.0,-0.0,-0.0,0.0,0.0
3479,27.91,0.0,-0.0,-0.0,0.0,0.0,-0.0,-0.0,0.0,0.0
3480,27.11,0.0,-0.0,-0.0,0.0,0.0,-0.0,-0.0,0.0,0.0
3481,28.33,0.0,-0.0,-0.0,0.0,0.0,-0.0,-0.0,0.0,0.0
3482,28.16,0.0,-0.0,-0.0,0.0,0.0,-0.0,-0.0,0.0,0.0
3483,28.54,0.0,-0.0,-0.0,0.0,0.0,-0.0,-0.0,0.0,0.0
3484,27.59,0.0,-0.0,-0.0,0.0,0.0,-0.0,-0.0,0.0,0.0
3485,30.46,0.0,-0.0,-0.0,0.0,0.0,-0.0,-0.0,0.0,0.0
3486,25.4,0.0,-0.0,-0.0,0.0,0.0,-0.0,-0.0,0.0,0.0
3487,21.84,0.0,-0.0,-0.0,0.0,0.0,-0.0,-0.0,0.0,0.0
3488,24.54,0.0,-0.0,-0.0,0.0,0.0,-0.0,-0.0,0.0,0.0
3489,22.73,0.0,-0.0,-0.0,0.0,0.0,-0.0,-0.0,0.0,0.0
3490,23.54,0.0,-0.0,-0.0,0.0,0.0,-0.0,-0.0,0.0,0.0
3491,23.28,0.0,-0.0,-0.0,0.0,0.0,-0.0,-0.0,0.0,0.0
3492,29.57,0.0,0.0,-0.0,-0.0,0.0,0.0,-0.0,0.0,0.0
3493,30.82,0.0,0.0,-0.0,-0.0,0.0,0.0,-0.0,0.0,0.0
3494,52.06,0.0,0.0,-0.0,-0.0,0.0,0.0,-0.0,0.0,0.0
3495,108.38,0.0,0.0,-0.0,-0.0,0.0,0.0,-0.0,0.0,0.0
3496,68.94,0.0,0.0,-0.0,-0.0,0.0,0.0,-0.0,0.0,0.0
3497,37.04,0.0,-0.0,-0.0,0.0,0.0,-0.0,-0.0,0.0,0.0
3498,28.26,0.0,-0.0,-0.0,0.0,0.0,-0.0,-0.0,0.0,0.0
3499,25.05,0.0,-0.0,-0.0,0.0,0.0,-0.0,-0.0,0.0,0.0
3500,24.8,0.0,-0.0,-0.0,0.0,0.0,-0.0,-0.0,0.0,0.0
3501,24.96,0.0,-0.0,-0.0,0.0,0.0,-0.0,-0.0,0.0,0.0
3502,27.44,0.0,-0.0,-0.0,0.0,0.0,-0.0,-0.0,0.0,0.0
3503,29.18,0.0,-0.0,-0.0,0.0,0.0,-0.0,-0.0,0.0,0.0
3504,45.0,0.0,-0.0,-0.0,0.0,0.0,-0.0,-0.0,0.0,0.0
3505,42.33,0.0,-0.0,-0.0,0.0,0.0,-0.0,-0.0,0.0,0.0
3506,28.39,0.0,-0.0,-0.0,0.0,0.0,-0.0,-0.0,0.0,0.0
3507,23.31,0.0,-0.0,-0.0,0.0,0.0,-0.0,-0.0,0.0,0.0
3508,22.69,0.0,-0.0,-0.0,0.0,0.0,-0.0,-0.0,0.0,0.0
3509,21.85,0.0,-0.0,-0.0,0.0,0.0,-0.0,-0.0,0.0,0.0
3510,23.8,0.0,-0.0,-0.0,0.0,0.0,-0.0,-0.0,0.0,0.0
3511,24.41,0.0,-0.0,-0.0,0.0,0.0,-0.0,-0.0,0.0,0.0
3512,35.47,0.0,-0.0,-0.0,0.0,0.0,-0.0,-0.0,0.0,0.0
3513,43.1,0.0,0.0,-0.0,-0.0,0.0,0.0,-0.0,0.0,0.0
3514,53.16,0.0,0.0,-0.0,-0.0,0.0,0.0,-0.0,0.0,0.0
3515,54.47,0.0,0.0,-0.0,-0.0,0.0,0.0,-0.0,0.0,0.0
3516,41.38,0.0,0.0,-0.0,-0.0,0.0,0.0,-0.0,0.0,0.0
3517,103.96,171.0,1.0,1.0,-0.0,8550.0,2000.0,10000.0,17777.16,-2772.84
3518,116.41,171.0,1.0,-0.0,-0.0,8550.0,2000.0,-0.0,19906.11,9356.11
3519,144.4,171.0,1.0,-0.0,0.0,8550.0,2000.0,-0.0,24692.4,14142.400000000001
3520,63.79,171.0,1.0,-0.0,0.0,8550.0,2000.0,-0.0,10908.09,358.09000000000015
3521,39.63,0.0,-0.0,-0.0,1.0,0.0,-0.0,-0.0,0.0,0.0
3522,38.51,0.0,-0.0,-0.0,0.0,0.0,-0.0,-0.0,0.0,0.0
3523,34.81,0.0,-0.0,-0.0,0.0,0.0,-0.0,-0.0,0.0,0.0
3524,34.33,0.0,-0.0,-0.0,0.0,0.0,-0.0,-0.0,0.0,0.0
3525,35.52,0.0,-0.0,-0.0,0.0,0.0,-0.0,-0.0,0.0,0.0
3526,32.85,0.0,-0.0,-0.0,0.0,0.0,-0.0,-0.0,0.0,0.0
3527,47.86,0.0,-0.0,-0.0,0.0,0.0,-0.0,-0.0,0.0,0.0
3528,38.76,0.0,-0.0,-0.0,0.0,0.0,-0.0,-0.0,0.0,0.0
3529,37.81,0.0,-0.0,-0.0,0.0,0.0,-0.0,-0.0,0.0,0.0
3530,27.23,0.0,-0.0,-0.0,0.0,0.0,-0.0,-0.0,0.0,0.0
3531,24.59,0.0,-0.0,-0.0,0.0,0.0,-0.0,-0.0,0.0,0.0
3532,23.44,0.0,-0.0,-0.0,0.0,0.0,-0.0,-0.0,0.0,0.0
3533,22.9,0.0,-0.0,-0.0,0.0,0.0,-0.0,-0.0,0.0,0.0
3534,21.21,0.0,-0.0,-0.0,0.0,0.0,-0.0,-0.0,0.0,0.0
3535,22.32,0.0,-0.0,-0.0,0.0,0.0,-0.0,-0.0,0.0,0.0
3536,20.78,0.0,-0.0,-0.0,0.0,0.0,-0.0,-0.0,0.0,0.0
3537,21.82,0.0,-0.0,-0.0,0.0,0.0,-0.0,-0.0,0.0,0.0
3538,22.32,0.0,-0.0,-0.0,0.0,0.0,-0.0,-0.0,0.0,0.0
3539,24.15,0.0,-0.0,-0.0,0.0,0.0,-0.0,-0.0,0.0,0.0
3540,22.25,0.0,-0.0,-0.0,0.0,0.0,-0.0,-0.0,0.0,0.0
3541,26.9,0.0,-0.0,-0.0,0.0,0.0,-0.0,-0.0,0.0,0.0
3542,35.2,0.0,-0.0,-0.0,0.0,0.0,-0.0,-0.0,0.0,0.0
3543,37.12,0.0,-0.0,-0.0,0.0,0.0,-0.0,-0.0,0.0,0.0
3544,26.65,0.0,-0.0,-0.0,0.0,0.0,-0.0,-0.0,0.0,0.0
3545,22.43,0.0,-0.0,-0.0,0.0,0.0,-0.0,-0.0,0.0,0.0
3546,22.39,0.0,-0.0,-0.0,0.0,0.0,-0.0,-0.0,0.0,0.0
3547,21.98,0.0,-0.0,-0.0,0.0,0.0,-0.0,-0.0,0.0,0.0
3548,19.91,0.0,-0.0,-0.0,0.0,0.0,-0.0,-0.0,0.0,0.0
3549,20.06,0.0,-0.0,-0.0,0.0,0.0,-0.0,-0.0,0.0,0.0
3550,21.63,0.0,-0.0,-0.0,0.0,0.0,-0.0,-0.0,0.0,0.0
3551,23.52,0.0,-0.0,-0.0,0.0,0.0,-0.0,-0.0,0.0,0.0
3552,33.36,0.0,-0.0,-0.0,0.0,0.0,-0.0,-0.0,0.0,0.0
3553,34.49,0.0,-0.0,-0.0,0.0,0.0,-0.0,-0.0,0.0,0.0
3554,24.43,0.0,-0.0,-0.0,0.0,0.0,-0.0,-0.0,0.0,0.0
3555,22.37,0.0,-0.0,-0.0,0.0,0.0,-0.0,-0.0,0.0,0.0
3556,19.85,0.0,-0.0,-0.0,0.0,0.0,-0.0,-0.0,0.0,0.0
3557,24.6,0.0,-0.0,-0.0,0.0,0.0,-0.0,-0.0,0.0,0.0
3558,22.71,0.0,-0.0,-0.0,0.0,0.0,-0.0,-0.0,0.0,0.0
3559,23.89,0.0,-0.0,-0.0,0.0,0.0,-0.0,-0.0,0.0,0.0
3560,25.73,0.0,-0.0,-0.0,0.0,0.0,-0.0,-0.0,0.0,0.0
3561,29.11,0.0,-0.0,-0.0,0.0,0.0,-0.0,-0.0,0.0,0.0
3562,48.31,0.0,-0.0,-0.0,0.0,0.0,-0.0,-0.0,0.0,0.0
3563,28.59,0.0,-0.0,-0.0,0.0,0.0,-0.0,-0.0,0.0,0.0
3564,24.82,0.0,-0.0,-0.0,0.0,0.0,-0.0,-0.0,0.0,0.0
3565,42.26,0.0,-0.0,-0.0,0.0,0.0,-0.0,-0.0,0.0,0.0
3566,50.86,0.0,-0.0,-0.0,0.0,0.0,-0.0,-0.0,0.0,0.0
3567,55.37,0.0,-0.0,-0.0,0.0,0.0,-0.0,-0.0,0.0,0.0
3568,49.52,0.0,-0.0,-0.0,0.0,0.0,-0.0,-0.0,0.0,0.0
3569,34.8,0.0,-0.0,-0.0,0.0,0.0,-0.0,-0.0,0.0,0.0
3570,41.32,0.0,-0.0,-0.0,0.0,0.0,-0.0,-0.0,0.0,0.0
3571,44.8,0.0,-0.0,-0.0,0.0,0.0,-0.0,-0.0,0.0,0.0
3572,50.36,0.0,-0.0,-0.0,0.0,0.0,-0.0,-0.0,0.0,0.0
3573,35.93,0.0,-0.0,-0.0,0.0,0.0,-0.0,-0.0,0.0,0.0
3574,32.69,0.0,-0.0,-0.0,0.0,0.0,-0.0,-0.0,0.0,0.0
3575,29.14,0.0,-0.0,-0.0,0.0,0.0,-0.0,-0.0,0.0,0.0
3576,30.91,0.0,-0.0,-0.0,0.0,0.0,-0.0,-0.0,0.0,0.0
3577,31.75,0.0,-0.0,-0.0,0.0,0.0,-0.0,-0.0,0.0,0.0
3578,40.54,0.0,-0.0,-0.0,0.0,0.0,-0.0,-0.0,0.0,0.0
3579,34.74,0.0,-0.0,-0.0,0.0,0.0,-0.0,-0.0,0.0,0.0
3580,30.88,0.0,-0.0,-0.0,0.0,0.0,-0.0,-0.0,0.0,0.0
3581,27.65,0.0,-0.0,-0.0,0.0,0.0,-0.0,-0.0,0.0,0.0
3582,23.36,0.0,-0.0,-0.0,0.0,0.0,-0.0,-0.0,0.0,0.0
3583,20.06,0.0,-0.0,-0.0,0.0,0.0,-0.0,-0.0,0.0,0.0
3584,24.31,0.0,-0.0,-0.0,0.0,0.0,-0.0,-0.0,0.0,0.0
3585,29.74,0.0,-0.0,-0.0,0.0,0.0,-0.0,-0.0,0.0,0.0
3586,28.77,0.0,0.0,-0.0,-0.0,0.0,0.0,-0.0,0.0,0.0
3587,37.3,0.0,0.0,-0.0,-0.0,0.0,0.0,-0.0,0.0,0.0
3588,41.68,0.0,0.0,-0.0,-0.0,0.0,0.0,-0.0,0.0,0.0
3589,80.36,171.0,1.0,1.0,-0.0,8550.0,2000.0,10000.0,13741.56,-6808.4400000000005
3590,147.37,171.0,1.0,-0.0,-0.0,8550.0,2000.0,-0.0,25200.27,14650.27
3591,389.05,171.0,1.0,-0.0,0.0,8550.0,2000.0,-0.0,66527.55,55977.55
3592,86.12,171.0,1.0,-0.0,0.0,8550.0,2000.0,-0.0,14726.52,4176.52
3593,81.35,171.0,1.0,-0.0,0.0,8550.0,2000.0,-0.0,13910.849999999999,3360.8499999999985
3594,61.77,171.0,1.0,-0.0,0.0,8550.0,2000.0,-0.0,10562.67,12.670000000000073
3595,30.59,0.0,-0.0,-0.0,1.0,0.0,-0.0,-0.0,0.0,0.0
3596,33.65,0.0,-0.0,-0.0,0.0,0.0,-0.0,-0.0,0.0,0.0
3597,32.73,0.0,-0.0,-0.0,0.0,0.0,-0.0,-0.0,0.0,0.0
3598,31.3,0.0,-0.0,-0.0,0.0,0.0,-0.0,-0.0,0.0,0.0
3599,29.71,0.0,-0.0,-0.0,0.0,0.0,-0.0,-0.0,0.0,0.0
3600,30.24,0.0,-0.0,-0.0,0.0,0.0,-0.0,-0.0,0.0,0.0
3601,25.24,0.0,-0.0,-0.0,0.0,0.0,-0.0,-0.0,0.0,0.0
3602,19.96,0.0,-0.0,-0.0,0.0,0.0,-0.0,-0.0,0.0,0.0
3603,18.75,0.0,-0.0,-0.0,0.0,0.0,-0.0,-0.0,0.0,0.0
3604,16.25,0.0,-0.0,-0.0,0.0,0.0,-0.0,-0.0,0.0,0.0
3605,15.48,0.0,-0.0,-0.0,0.0,0.0,-0.0,-0.0,0.0,0.0
3606,19.23,0.0,-0.0,-0.0,0.0,0.0,-0.0,-0.0,0.0,0.0
3607,20.82,0.0,-0.0,-0.0,0.0,0.0,-0.0,-0.0,0.0,0.0
3608,22.3,0.0,-0.0,-0.0,0.0,0.0,-0.0,-0.0,0.0,0.0
3609,23.17,0.0,-0.0,-0.0,0.0,0.0,-0.0,-0.0,0.0,0.0
3610,27.05,0.0,-0.0,-0.0,0.0,0.0,-0.0,-0.0,0.0,0.0
3611,34.67,0.0,0.0,-0.0,-0.0,0.0,0.0,-0.0,0.0,0.0
3612,41.3,0.0,0.0,-0.0,-0.0,0.0,0.0,-0.0,0.0,0.0
3613,77.22,0.0,0.0,-0.0,-0.0,0.0,0.0,-0.0,0.0,0.0
3614,82.75,0.0,0.0,-0.0,-0.0,0.0,0.0,-0.0,0.0,0.0
3615,67.55,0.0,0.0,-0.0,-0.0,0.0,0.0,-0.0,0.0,0.0
3616,38.3,0.0,-0.0,-0.0,0.0,0.0,-0.0,-0.0,0.0,0.0
3617,33.63,0.0,-0.0,-0.0,0.0,0.0,-0.0,-0.0,0.0,0.0
3618,24.69,0.0,-0.0,-0.0,0.0,0.0,-0.0,-0.0,0.0,0.0
3619,25.26,0.0,-0.0,-0.0,0.0,0.0,-0.0,-0.0,0.0,0.0
3620,22.99,0.0,-0.0,-0.0,0.0,0.0,-0.0,-0.0,0.0,0.0
3621,22.07,0.0,-0.0,-0.0,0.0,0.0,-0.0,-0.0,0.0,0.0
3622,20.98,0.0,-0.0,-0.0,0.0,0.0,-0.0,-0.0,0.0,0.0
3623,19.54,0.0,-0.0,-0.0,0.0,0.0,-0.0,-0.0,0.0,0.0
3624,21.38,0.0,-0.0,-0.0,0.0,0.0,-0.0,-0.0,0.0,0.0
3625,19.68,0.0,-0.0,-0.0,0.0,0.0,-0.0,-0.0,0.0,0.0
3626,15.35,0.0,-0.0,-0.0,0.0,0.0,-0.0,-0.0,0.0,0.0
3627,15.99,0.0,-0.0,-0.0,0.0,0.0,-0.0,-0.0,0.0,0.0
3628,16.21,0.0,-0.0,-0.0,0.0,0.0,-0.0,-0.0,0.0,0.0
3629,17.23,0.0,-0.0,-0.0,0.0,0.0,-0.0,-0.0,0.0,0.0
3630,20.1,0.0,-0.0,-0.0,0.0,0.0,-0.0,-0.0,0.0,0.0
3631,20.4,0.0,-0.0,-0.0,0.0,0.0,-0.0,-0.0,0.0,0.0
3632,23.61,0.0,-0.0,-0.0,0.0,0.0,-0.0,-0.0,0.0,0.0
3633,26.3,0.0,-0.0,-0.0,0.0,0.0,-0.0,-0.0,0.0,0.0
3634,28.4,0.0,-0.0,-0.0,0.0,0.0,-0.0,-0.0,0.0,0.0
3635,26.12,0.0,-0.0,-0.0,0.0,0.0,-0.0,-0.0,0.0,0.0
3636,35.4,0.0,-0.0,-0.0,0.0,0.0,-0.0,-0.0,0.0,0.0
3637,42.36,0.0,-0.0,-0.0,0.0,0.0,-0.0,-0.0,0.0,0.0
3638,74.76,0.0,0.0,-0.0,-0.0,0.0,0.0,-0.0,0.0,0.0
3639,44.71,0.0,-0.0,-0.0,0.0,0.0,-0.0,-0.0,0.0,0.0
3640,28.15,0.0,-0.0,-0.0,0.0,0.0,-0.0,-0.0,0.0,0.0
3641,23.61,0.0,-0.0,-0.0,0.0,0.0,-0.0,-0.0,0.0,0.0
3642,24.34,0.0,-0.0,-0.0,0.0,0.0,-0.0,-0.0,0.0,0.0
3643,23.26,0.0,-0.0,-0.0,0.0,0.0,-0.0,-0.0,0.0,0.0
3644,22.89,0.0,-0.0,-0.0,0.0,0.0,-0.0,-0.0,0.0,0.0
3645,21.69,0.0,-0.0,-0.0,0.0,0.0,-0.0,-0.0,0.0,0.0
3646,23.33,0.0,-0.0,-0.0,0.0,0.0,-0.0,-0.0,0.0,0.0
3647,23.46,0.0,-0.0,-0.0,0.0,0.0,-0.0,-0.0,0.0,0.0
3648,27.24,0.0,-0.0,-0.0,0.0,0.0,-0.0,-0.0,0.0,0.0
3649,25.81,0.0,-0.0,-0.0,0.0,0.0,-0.0,-0.0,0.0,0.0
3650,21.05,0.0,-0.0,-0.0,0.0,0.0,-0.0,-0.0,0.0,0.0
3651,19.39,0.0,-0.0,-0.0,0.0,0.0,-0.0,-0.0,0.0,0.0
3652,17.74,0.0,-0.0,-0.0,0.0,0.0,-0.0,-0.0,0.0,0.0
3653,17.62,0.0,-0.0,-0.0,0.0,0.0,-0.0,-0.0,0.0,0.0
3654,20.07,0.0,-0.0,-0.0,0.0,0.0,-0.0,-0.0,0.0,0.0
3655,15.84,0.0,-0.0,-0.0,0.0,0.0,-0.0,-0.0,0.0,0.0
3656,15.75,0.0,-0.0,-0.0,0.0,0.0,-0.0,-0.0,0.0,0.0
3657,14.42,0.0,-0.0,-0.0,0.0,0.0,-0.0,-0.0,0.0,0.0
3658,14.64,0.0,-0.0,-0.0,0.0,0.0,-0.0,-0.0,0.0,0.0
3659,18.78,0.0,-0.0,-0.0,0.0,0.0,-0.0,-0.0,0.0,0.0
3660,17.53,0.0,-0.0,-0.0,0.0,0.0,-0.0,-0.0,0.0,0.0
3661,25.1,0.0,-0.0,-0.0,0.0,0.0,-0.0,-0.0,0.0,0.0
3662,46.67,0.0,-0.0,-0.0,0.0,0.0,-0.0,-0.0,0.0,0.0
3663,39.01,0.0,-0.0,-0.0,0.0,0.0,-0.0,-0.0,0.0,0.0
3664,28.7,0.0,-0.0,-0.0,0.0,0.0,-0.0,-0.0,0.0,0.0
3665,22.19,0.0,-0.0,-0.0,0.0,0.0,-0.0,-0.0,0.0,0.0
3666,23.71,0.0,-0.0,-0.0,0.0,0.0,-0.0,-0.0,0.0,0.0
3667,20.65,0.0,-0.0,-0.0,0.0,0.0,-0.0,-0.0,0.0,0.0
3668,19.89,0.0,-0.0,-0.0,0.0,0.0,-0.0,-0.0,0.0,0.0
3669,22.68,0.0,-0.0,-0.0,0.0,0.0,-0.0,-0.0,0.0,0.0
3670,23.37,0.0,-0.0,-0.0,0.0,0.0,-0.0,-0.0,0.0,0.0
3671,24.01,0.0,-0.0,-0.0,0.0,0.0,-0.0,-0.0,0.0,0.0
3672,24.54,0.0,-0.0,-0.0,0.0,0.0,-0.0,-0.0,0.0,0.0
3673,20.12,0.0,-0.0,-0.0,0.0,0.0,-0.0,-0.0,0.0,0.0
3674,13.72,0.0,-0.0,-0.0,0.0,0.0,-0.0,-0.0,0.0,0.0
3675,14.7,0.0,-0.0,-0.0,0.0,0.0,-0.0,-0.0,0.0,0.0
3676,2.85,0.0,-0.0,-0.0,0.0,0.0,-0.0,-0.0,0.0,0.0
3677,-0.67,0.0,-0.0,-0.0,0.0,0.0,-0.0,-0.0,-0.0,0.0
3678,1.75,0.0,-0.0,-0.0,0.0,0.0,-0.0,-0.0,0.0,0.0
3679,13.67,0.0,-0.0,-0.0,0.0,0.0,-0.0,-0.0,0.0,0.0
3680,18.23,0.0,-0.0,-0.0,0.0,0.0,-0.0,-0.0,0.0,0.0
3681,17.35,0.0,-0.0,-0.0,0.0,0.0,-0.0,-0.0,0.0,0.0
3682,19.39,0.0,-0.0,-0.0,0.0,0.0,-0.0,-0.0,0.0,0.0
3683,17.17,0.0,-0.0,-0.0,0.0,0.0,-0.0,-0.0,0.0,0.0
3684,21.69,0.0,-0.0,-0.0,0.0,0.0,-0.0,-0.0,0.0,0.0
3685,31.92,0.0,-0.0,-0.0,0.0,0.0,-0.0,-0.0,0.0,0.0
3686,66.94,0.0,0.0,-0.0,-0.0,0.0,0.0,-0.0,0.0,0.0
3687,33.33,0.0,-0.0,-0.0,0.0,0.0,-0.0,-0.0,0.0,0.0
3688,23.0,0.0,-0.0,-0.0,0.0,0.0,-0.0,-0.0,0.0,0.0
3689,18.32,0.0,-0.0,-0.0,0.0,0.0,-0.0,-0.0,0.0,0.0
3690,18.59,0.0,-0.0,-0.0,0.0,0.0,-0.0,-0.0,0.0,0.0
3691,19.46,0.0,-0.0,-0.0,0.0,0.0,-0.0,-0.0,0.0,0.0
3692,20.86,0.0,-0.0,-0.0,0.0,0.0,-0.0,-0.0,0.0,0.0
3693,19.71,0.0,-0.0,-0.0,0.0,0.0,-0.0,-0.0,0.0,0.0
3694,21.4,0.0,-0.0,-0.0,0.0,0.0,-0.0,-0.0,0.0,0.0
3695,25.17,0.0,-0.0,-0.0,0.0,0.0,-0.0,-0.0,0.0,0.0
3696,28.65,0.0,-0.0,-0.0,0.0,0.0,-0.0,-0.0,0.0,0.0
3697,33.81,0.0,-0.0,-0.0,0.0,0.0,-0.0,-0.0,0.0,0.0
3698,26.47,0.0,-0.0,-0.0,0.0,0.0,-0.0,-0.0,0.0,0.0
3699,22.0,0.0,-0.0,-0.0,0.0,0.0,-0.0,-0.0,0.0,0.0
3700,23.98,0.0,-0.0,-0.0,0.0,0.0,-0.0,-0.0,0.0,0.0
3701,23.75,0.0,-0.0,-0.0,0.0,0.0,-0.0,-0.0,0.0,0.0
3702,24.44,0.0,-0.0,-0.0,0.0,0.0,-0.0,-0.0,0.0,0.0
3703,17.42,0.0,-0.0,-0.0,0.0,0.0,-0.0,-0.0,0.0,0.0
3704,19.89,0.0,-0.0,-0.0,0.0,0.0,-0.0,-0.0,0.0,0.0
3705,24.56,0.0,-0.0,-0.0,0.0,0.0,-0.0,-0.0,0.0,0.0
3706,22.96,0.0,-0.0,-0.0,0.0,0.0,-0.0,-0.0,0.0,0.0
3707,21.18,0.0,-0.0,-0.0,0.0,0.0,-0.0,-0.0,0.0,0.0
3708,24.32,0.0,-0.0,-0.0,0.0,0.0,-0.0,-0.0,0.0,0.0
3709,42.16,0.0,-0.0,-0.0,0.0,0.0,-0.0,-0.0,0.0,0.0
3710,45.65,0.0,-0.0,-0.0,0.0,0.0,-0.0,-0.0,0.0,0.0
3711,49.5,0.0,-0.0,-0.0,0.0,0.0,-0.0,-0.0,0.0,0.0
3712,46.24,0.0,-0.0,-0.0,0.0,0.0,-0.0,-0.0,0.0,0.0
3713,31.0,0.0,-0.0,-0.0,0.0,0.0,-0.0,-0.0,0.0,0.0
3714,28.39,0.0,-0.0,-0.0,0.0,0.0,-0.0,-0.0,0.0,0.0
3715,25.78,0.0,-0.0,-0.0,0.0,0.0,-0.0,-0.0,0.0,0.0
3716,23.18,0.0,-0.0,-0.0,0.0,0.0,-0.0,-0.0,0.0,0.0
3717,24.8,0.0,-0.0,-0.0,0.0,0.0,-0.0,-0.0,0.0,0.0
3718,25.89,0.0,-0.0,-0.0,0.0,0.0,-0.0,-0.0,0.0,0.0
3719,28.35,0.0,-0.0,-0.0,0.0,0.0,-0.0,-0.0,0.0,0.0
3720,43.02,0.0,-0.0,-0.0,0.0,0.0,-0.0,-0.0,0.0,0.0
3721,33.71,0.0,-0.0,-0.0,0.0,0.0,-0.0,-0.0,0.0,0.0
3722,23.2,0.0,-0.0,-0.0,0.0,0.0,-0.0,-0.0,0.0,0.0
3723,20.1,0.0,-0.0,-0.0,0.0,0.0,-0.0,-0.0,0.0,0.0
3724,21.24,0.0,-0.0,-0.0,0.0,0.0,-0.0,-0.0,0.0,0.0
3725,23.89,0.0,-0.0,-0.0,0.0,0.0,-0.0,-0.0,0.0,0.0
3726,15.5,0.0,-0.0,-0.0,0.0,0.0,-0.0,-0.0,0.0,0.0
3727,-7.16,0.0,-0.0,-0.0,0.0,0.0,-0.0,-0.0,-0.0,0.0
3728,12.92,0.0,-0.0,-0.0,0.0,0.0,-0.0,-0.0,0.0,0.0
3729,12.96,0.0,-0.0,-0.0,0.0,0.0,-0.0,-0.0,0.0,0.0
3730,18.0,0.0,-0.0,-0.0,0.0,0.0,-0.0,-0.0,0.0,0.0
3731,21.37,0.0,0.0,-0.0,-0.0,0.0,0.0,-0.0,0.0,0.0
3732,23.6,0.0,0.0,-0.0,-0.0,0.0,0.0,-0.0,0.0,0.0
3733,74.4,171.0,1.0,1.0,-0.0,8550.0,2000.0,10000.0,12722.400000000001,-7827.5999999999985
3734,97.69,171.0,1.0,-0.0,-0.0,8550.0,2000.0,-0.0,16704.989999999998,6154.989999999998
3735,149.8,171.0,1.0,-0.0,-0.0,8550.0,2000.0,-0.0,25615.800000000003,15065.800000000003
3736,117.44,171.0,1.0,-0.0,0.0,8550.0,2000.0,-0.0,20082.239999999998,9532.239999999998
3737,37.96,0.0,-0.0,-0.0,1.0,0.0,-0.0,-0.0,0.0,0.0
3738,34.6,0.0,-0.0,-0.0,0.0,0.0,-0.0,-0.0,0.0,0.0
3739,23.98,0.0,-0.0,-0.0,0.0,0.0,-0.0,-0.0,0.0,0.0
3740,24.83,0.0,-0.0,-0.0,0.0,0.0,-0.0,-0.0,0.0,0.0
3741,23.44,0.0,-0.0,-0.0,0.0,0.0,-0.0,-0.0,0.0,0.0
3742,39.32,0.0,0.0,-0.0,-0.0,0.0,0.0,-0.0,0.0,0.0
3743,60.95,0.0,0.0,-0.0,-0.0,0.0,0.0,-0.0,0.0,0.0
3744,69.55,0.0,0.0,-0.0,-0.0,0.0,0.0,-0.0,0.0,0.0
3745,80.93,0.0,0.0,-0.0,-0.0,0.0,0.0,-0.0,0.0,0.0
3746,30.9,0.0,-0.0,-0.0,0.0,0.0,-0.0,-0.0,0.0,0.0
3747,25.02,0.0,-0.0,-0.0,0.0,0.0,-0.0,-0.0,0.0,0.0
3748,25.19,0.0,-0.0,-0.0,0.0,0.0,-0.0,-0.0,0.0,0.0
3749,27.37,0.0,-0.0,-0.0,0.0,0.0,-0.0,-0.0,0.0,0.0
3750,31.43,0.0,-0.0,-0.0,0.0,0.0,-0.0,-0.0,0.0,0.0
3751,38.14,0.0,-0.0,-0.0,0.0,0.0,-0.0,-0.0,0.0,0.0
3752,41.19,0.0,-0.0,-0.0,0.0,0.0,-0.0,-0.0,0.0,0.0
3753,25.28,0.0,-0.0,-0.0,0.0,0.0,-0.0,-0.0,0.0,0.0
3754,21.6,0.0,-0.0,-0.0,0.0,0.0,-0.0,-0.0,0.0,0.0
3755,20.14,0.0,-0.0,-0.0,0.0,0.0,-0.0,-0.0,0.0,0.0
3756,18.51,0.0,-0.0,-0.0,0.0,0.0,-0.0,-0.0,0.0,0.0
3757,29.75,0.0,-0.0,-0.0,0.0,0.0,-0.0,-0.0,0.0,0.0
3758,35.53,0.0,-0.0,-0.0,0.0,0.0,-0.0,-0.0,0.0,0.0
3759,46.8,0.0,-0.0,-0.0,0.0,0.0,-0.0,-0.0,0.0,0.0
3760,48.71,0.0,-0.0,-0.0,0.0,0.0,-0.0,-0.0,0.0,0.0
3761,29.97,0.0,-0.0,-0.0,0.0,0.0,-0.0,-0.0,0.0,0.0
3762,23.56,0.0,-0.0,-0.0,0.0,0.0,-0.0,-0.0,0.0,0.0
3763,23.34,0.0,-0.0,-0.0,0.0,0.0,-0.0,-0.0,0.0,0.0
3764,22.32,0.0,-0.0,-0.0,0.0,0.0,-0.0,-0.0,0.0,0.0
3765,21.76,0.0,-0.0,-0.0,0.0,0.0,-0.0,-0.0,0.0,0.0
3766,22.36,0.0,-0.0,-0.0,0.0,0.0,-0.0,-0.0,0.0,0.0
3767,28.79,0.0,-0.0,-0.0,0.0,0.0,-0.0,-0.0,0.0,0.0
3768,50.44,0.0,-0.0,-0.0,0.0,0.0,-0.0,-0.0,0.0,0.0
3769,29.05,0.0,-0.0,-0.0,0.0,0.0,-0.0,-0.0,0.0,0.0
3770,17.2,0.0,-0.0,-0.0,0.0,0.0,-0.0,-0.0,0.0,0.0
3771,17.06,0.0,-0.0,-0.0,0.0,0.0,-0.0,-0.0,0.0,0.0
3772,22.38,0.0,-0.0,-0.0,0.0,0.0,-0.0,-0.0,0.0,0.0
3773,21.77,0.0,-0.0,-0.0,0.0,0.0,-0.0,-0.0,0.0,0.0
3774,22.14,0.0,-0.0,-0.0,0.0,0.0,-0.0,-0.0,0.0,0.0
3775,24.1,0.0,-0.0,-0.0,0.0,0.0,-0.0,-0.0,0.0,0.0
3776,25.2,0.0,-0.0,-0.0,0.0,0.0,-0.0,-0.0,0.0,0.0
3777,27.37,0.0,-0.0,-0.0,0.0,0.0,-0.0,-0.0,0.0,0.0
3778,29.77,0.0,-0.0,-0.0,0.0,0.0,-0.0,-0.0,0.0,0.0
3779,25.21,0.0,-0.0,-0.0,0.0,0.0,-0.0,-0.0,0.0,0.0
3780,25.42,0.0,0.0,-0.0,-0.0,0.0,0.0,-0.0,0.0,0.0
3781,48.23,0.0,0.0,-0.0,-0.0,0.0,0.0,-0.0,0.0,0.0
3782,89.27,0.0,0.0,-0.0,-0.0,0.0,0.0,-0.0,0.0,0.0
3783,78.67,0.0,0.0,-0.0,-0.0,0.0,0.0,-0.0,0.0,0.0
3784,43.6,0.0,-0.0,-0.0,0.0,0.0,-0.0,-0.0,0.0,0.0
3785,29.07,0.0,-0.0,-0.0,0.0,0.0,-0.0,-0.0,0.0,0.0
3786,46.8,0.0,-0.0,-0.0,0.0,0.0,-0.0,-0.0,0.0,0.0
3787,29.42,0.0,-0.0,-0.0,0.0,0.0,-0.0,-0.0,0.0,0.0
3788,28.33,0.0,-0.0,-0.0,0.0,0.0,-0.0,-0.0,0.0,0.0
3789,24.41,0.0,-0.0,-0.0,0.0,0.0,-0.0,-0.0,0.0,0.0
3790,23.05,0.0,-0.0,-0.0,0.0,0.0,-0.0,-0.0,0.0,0.0
3791,22.91,0.0,-0.0,-0.0,0.0,0.0,-0.0,-0.0,0.0,0.0
3792,25.36,0.0,-0.0,-0.0,0.0,0.0,-0.0,-0.0,0.0,0.0
3793,19.75,0.0,-0.0,-0.0,0.0,0.0,-0.0,-0.0,0.0,0.0
3794,15.35,0.0,-0.0,-0.0,0.0,0.0,-0.0,-0.0,0.0,0.0
3795,10.27,0.0,-0.0,-0.0,0.0,0.0,-0.0,-0.0,0.0,0.0
3796,13.9,0.0,-0.0,-0.0,0.0,0.0,-0.0,-0.0,0.0,0.0
3797,16.26,0.0,-0.0,-0.0,0.0,0.0,-0.0,-0.0,0.0,0.0
3798,17.63,0.0,-0.0,-0.0,0.0,0.0,-0.0,-0.0,0.0,0.0
3799,17.39,0.0,-0.0,-0.0,0.0,0.0,-0.0,-0.0,0.0,0.0
3800,18.86,0.0,-0.0,-0.0,0.0,0.0,-0.0,-0.0,0.0,0.0
3801,19.13,0.0,-0.0,-0.0,0.0,0.0,-0.0,-0.0,0.0,0.0
3802,19.04,0.0,-0.0,-0.0,0.0,0.0,-0.0,-0.0,0.0,0.0
3803,15.96,0.0,-0.0,-0.0,0.0,0.0,-0.0,-0.0,0.0,0.0
3804,22.36,0.0,-0.0,-0.0,0.0,0.0,-0.0,-0.0,0.0,0.0
3805,24.69,0.0,-0.0,-0.0,0.0,0.0,-0.0,-0.0,0.0,0.0
3806,22.54,0.0,-0.0,-0.0,0.0,0.0,-0.0,-0.0,0.0,0.0
3807,22.13,0.0,-0.0,-0.0,0.0,0.0,-0.0,-0.0,0.0,0.0
3808,21.81,0.0,-0.0,-0.0,0.0,0.0,-0.0,-0.0,0.0,0.0
3809,21.45,0.0,-0.0,-0.0,0.0,0.0,-0.0,-0.0,0.0,0.0
3810,16.07,0.0,-0.0,-0.0,0.0,0.0,-0.0,-0.0,0.0,0.0
3811,14.08,0.0,-0.0,-0.0,0.0,0.0,-0.0,-0.0,0.0,0.0
3812,17.99,0.0,-0.0,-0.0,0.0,0.0,-0.0,-0.0,0.0,0.0
3813,21.26,0.0,-0.0,-0.0,0.0,0.0,-0.0,-0.0,0.0,0.0
3814,21.06,0.0,-0.0,-0.0,0.0,0.0,-0.0,-0.0,0.0,0.0
3815,23.12,0.0,-0.0,-0.0,0.0,0.0,-0.0,-0.0,0.0,0.0
3816,22.74,0.0,-0.0,-0.0,0.0,0.0,-0.0,-0.0,0.0,0.0
3817,21.82,0.0,-0.0,-0.0,0.0,0.0,-0.0,-0.0,0.0,0.0
3818,16.5,0.0,-0.0,-0.0,0.0,0.0,-0.0,-0.0,0.0,0.0
3819,12.73,0.0,-0.0,-0.0,0.0,0.0,-0.0,-0.0,0.0,0.0
3820,13.39,0.0,-0.0,-0.0,0.0,0.0,-0.0,-0.0,0.0,0.0
3821,18.1,0.0,-0.0,-0.0,0.0,0.0,-0.0,-0.0,0.0,0.0
3822,20.1,0.0,-0.0,-0.0,0.0,0.0,-0.0,-0.0,0.0,0.0
3823,21.14,0.0,-0.0,-0.0,0.0,0.0,-0.0,-0.0,0.0,0.0
3824,23.03,0.0,-0.0,-0.0,0.0,0.0,-0.0,-0.0,0.0,0.0
3825,21.73,0.0,-0.0,-0.0,0.0,0.0,-0.0,-0.0,0.0,0.0
3826,23.4,0.0,-0.0,-0.0,0.0,0.0,-0.0,-0.0,0.0,0.0
3827,22.49,0.0,0.0,-0.0,-0.0,0.0,0.0,-0.0,0.0,0.0
3828,26.14,0.0,0.0,-0.0,-0.0,0.0,0.0,-0.0,0.0,0.0
3829,40.1,68.0,1.0,1.0,-0.0,3400.0,2000.0,10000.0,2726.8,-12673.2
3830,104.65,171.0,1.0,0.0,-0.0,8550.0,2000.0,0.0,17895.15,7345.1500000000015
3831,134.74,171.0,1.0,-0.0,-0.0,8550.0,2000.0,-0.0,23040.54,12490.54
3832,70.47,171.0,1.0,-0.0,0.0,8550.0,2000.0,-0.0,12050.369999999999,1500.369999999999
3833,37.78,0.0,-0.0,-0.0,1.0,0.0,-0.0,-0.0,0.0,0.0
3834,33.87,0.0,-0.0,-0.0,0.0,0.0,-0.0,-0.0,0.0,0.0
3835,30.32,0.0,-0.0,-0.0,0.0,0.0,-0.0,-0.0,0.0,0.0
3836,34.43,0.0,-0.0,-0.0,0.0,0.0,-0.0,-0.0,0.0,0.0
3837,28.11,0.0,-0.0,-0.0,0.0,0.0,-0.0,-0.0,0.0,0.0
3838,23.01,0.0,-0.0,-0.0,0.0,0.0,-0.0,-0.0,0.0,0.0
3839,21.91,0.0,-0.0,-0.0,0.0,0.0,-0.0,-0.0,0.0,0.0
3840,28.06,0.0,-0.0,-0.0,0.0,0.0,-0.0,-0.0,0.0,0.0
3841,25.53,0.0,-0.0,-0.0,0.0,0.0,-0.0,-0.0,0.0,0.0
3842,23.55,0.0,-0.0,-0.0,0.0,0.0,-0.0,-0.0,0.0,0.0
3843,26.97,0.0,-0.0,-0.0,0.0,0.0,-0.0,-0.0,0.0,0.0
3844,41.79,0.0,-0.0,-0.0,0.0,0.0,-0.0,-0.0,0.0,0.0
3845,33.46,0.0,-0.0,-0.0,0.0,0.0,-0.0,-0.0,0.0,0.0
3846,29.15,0.0,-0.0,-0.0,0.0,0.0,-0.0,-0.0,0.0,0.0
3847,24.98,0.0,-0.0,-0.0,0.0,0.0,-0.0,-0.0,0.0,0.0
3848,27.99,0.0,-0.0,-0.0,0.0,0.0,-0.0,-0.0,0.0,0.0
3849,37.16,0.0,-0.0,-0.0,0.0,0.0,-0.0,-0.0,0.0,0.0
3850,64.89,0.0,0.0,-0.0,-0.0,0.0,0.0,-0.0,0.0,0.0
3851,30.53,0.0,-0.0,-0.0,0.0,0.0,-0.0,-0.0,0.0,0.0
3852,31.7,0.0,-0.0,-0.0,0.0,0.0,-0.0,-0.0,0.0,0.0
3853,59.85,0.0,-0.0,-0.0,0.0,0.0,-0.0,-0.0,0.0,0.0
3854,42.24,0.0,-0.0,-0.0,0.0,0.0,-0.0,-0.0,0.0,0.0
3855,43.44,0.0,-0.0,-0.0,0.0,0.0,-0.0,-0.0,0.0,0.0
3856,52.18,0.0,-0.0,-0.0,0.0,0.0,-0.0,-0.0,0.0,0.0
3857,38.29,0.0,-0.0,-0.0,0.0,0.0,-0.0,-0.0,0.0,0.0
3858,34.07,0.0,-0.0,-0.0,0.0,0.0,-0.0,-0.0,0.0,0.0
3859,29.07,0.0,-0.0,-0.0,0.0,0.0,-0.0,-0.0,0.0,0.0
3860,34.96,0.0,-0.0,-0.0,0.0,0.0,-0.0,-0.0,0.0,0.0
3861,29.38,0.0,-0.0,-0.0,0.0,0.0,-0.0,-0.0,0.0,0.0
3862,31.46,0.0,-0.0,-0.0,0.0,0.0,-0.0,-0.0,0.0,0.0
3863,45.73,0.0,-0.0,-0.0,0.0,0.0,-0.0,-0.0,0.0,0.0
3864,45.77,0.0,0.0,-0.0,-0.0,0.0,0.0,-0.0,0.0,0.0
3865,72.75,0.0,0.0,-0.0,-0.0,0.0,0.0,-0.0,0.0,0.0
3866,67.95,0.0,0.0,-0.0,-0.0,0.0,0.0,-0.0,0.0,0.0
3867,40.25,0.0,-0.0,-0.0,0.0,0.0,-0.0,-0.0,0.0,0.0
3868,38.55,0.0,-0.0,-0.0,0.0,0.0,-0.0,-0.0,0.0,0.0
3869,34.93,0.0,-0.0,-0.0,0.0,0.0,-0.0,-0.0,0.0,0.0
3870,28.18,0.0,-0.0,-0.0,0.0,0.0,-0.0,-0.0,0.0,0.0
3871,30.32,0.0,-0.0,-0.0,0.0,0.0,-0.0,-0.0,0.0,0.0
3872,28.33,0.0,-0.0,-0.0,0.0,0.0,-0.0,-0.0,0.0,0.0
3873,27.81,0.0,-0.0,-0.0,0.0,0.0,-0.0,-0.0,0.0,0.0
3874,38.03,0.0,0.0,-0.0,-0.0,0.0,0.0,-0.0,0.0,0.0
3875,44.17,0.0,0.0,-0.0,-0.0,0.0,0.0,-0.0,0.0,0.0
3876,26.56,0.0,0.0,-0.0,-0.0,0.0,0.0,-0.0,0.0,0.0
3877,38.64,0.0,0.0,0.0,-0.0,0.0,0.0,0.0,0.0,0.0
3878,82.2,171.0,1.0,1.0,-0.0,8550.0,2000.0,10000.0,14056.2,-6493.799999999999
3879,114.88,171.0,1.0,-0.0,-0.0,8550.0,2000.0,-0.0,19644.48,9094.48
3880,96.27,171.0,1.0,-0.0,0.0,8550.0,2000.0,-0.0,16462.17,5912.169999999998
3881,44.39,68.0,1.0,-0.0,0.0,3400.0,2000.0,-0.0,3018.52,-2381.48
3882,33.03,0.0,-0.0,-0.0,1.0,0.0,-0.0,-0.0,0.0,0.0
3883,33.73,0.0,-0.0,-0.0,0.0,0.0,-0.0,-0.0,0.0,0.0
3884,31.56,0.0,-0.0,-0.0,0.0,0.0,-0.0,-0.0,0.0,0.0
3885,26.63,0.0,-0.0,-0.0,0.0,0.0,-0.0,-0.0,0.0,0.0
3886,26.14,0.0,-0.0,-0.0,0.0,0.0,-0.0,-0.0,0.0,0.0
3887,27.41,0.0,-0.0,-0.0,0.0,0.0,-0.0,-0.0,0.0,0.0
3888,45.34,0.0,-0.0,-0.0,0.0,0.0,-0.0,-0.0,0.0,0.0
3889,44.53,0.0,-0.0,-0.0,0.0,0.0,-0.0,-0.0,0.0,0.0
3890,27.76,0.0,-0.0,-0.0,0.0,0.0,-0.0,-0.0,0.0,0.0
3891,26.78,0.0,-0.0,-0.0,0.0,0.0,-0.0,-0.0,0.0,0.0
3892,27.05,0.0,-0.0,-0.0,0.0,0.0,-0.0,-0.0,0.0,0.0
3893,25.77,0.0,-0.0,-0.0,0.0,0.0,-0.0,-0.0,0.0,0.0
3894,24.46,0.0,-0.0,-0.0,0.0,0.0,-0.0,-0.0,0.0,0.0
3895,24.16,0.0,-0.0,-0.0,0.0,0.0,-0.0,-0.0,0.0,0.0
3896,26.03,0.0,-0.0,-0.0,0.0,0.0,-0.0,-0.0,0.0,0.0
3897,26.06,0.0,-0.0,-0.0,0.0,0.0,-0.0,-0.0,0.0,0.0
3898,24.81,0.0,-0.0,-0.0,0.0,0.0,-0.0,-0.0,0.0,0.0
3899,29.49,0.0,-0.0,-0.0,0.0,0.0,-0.0,-0.0,0.0,0.0
3900,27.55,0.0,-0.0,-0.0,0.0,0.0,-0.0,-0.0,0.0,0.0
3901,31.53,0.0,-0.0,-0.0,0.0,0.0,-0.0,-0.0,0.0,0.0
3902,53.46,0.0,-0.0,-0.0,0.0,0.0,-0.0,-0.0,0.0,0.0
3903,34.6,0.0,-0.0,-0.0,0.0,0.0,-0.0,-0.0,0.0,0.0
3904,27.91,0.0,-0.0,-0.0,0.0,0.0,-0.0,-0.0,0.0,0.0
3905,20.7,0.0,-0.0,-0.0,0.0,0.0,-0.0,-0.0,0.0,0.0
3906,18.45,0.0,-0.0,-0.0,0.0,0.0,-0.0,-0.0,0.0,0.0
3907,17.86,0.0,-0.0,-0.0,0.0,0.0,-0.0,-0.0,0.0,0.0
3908,16.84,0.0,-0.0,-0.0,0.0,0.0,-0.0,-0.0,0.0,0.0
3909,17.28,0.0,-0.0,-0.0,0.0,0.0,-0.0,-0.0,0.0,0.0
3910,16.69,0.0,-0.0,-0.0,0.0,0.0,-0.0,-0.0,0.0,0.0
3911,17.23,0.0,-0.0,-0.0,0.0,0.0,-0.0,-0.0,0.0,0.0
3912,19.37,0.0,-0.0,-0.0,0.0,0.0,-0.0,-0.0,0.0,0.0
3913,18.28,0.0,-0.0,-0.0,0.0,0.0,-0.0,-0.0,0.0,0.0
3914,17.03,0.0,-0.0,-0.0,0.0,0.0,-0.0,-0.0,0.0,0.0
3915,9.97,0.0,-0.0,-0.0,0.0,0.0,-0.0,-0.0,0.0,0.0
3916,-0.03,0.0,-0.0,-0.0,0.0,0.0,-0.0,-0.0,-0.0,0.0
3917,14.38,0.0,-0.0,-0.0,0.0,0.0,-0.0,-0.0,0.0,0.0
3918,17.42,0.0,-0.0,-0.0,0.0,0.0,-0.0,-0.0,0.0,0.0
3919,18.3,0.0,-0.0,-0.0,0.0,0.0,-0.0,-0.0,0.0,0.0
3920,19.74,0.0,-0.0,-0.0,0.0,0.0,-0.0,-0.0,0.0,0.0
3921,20.36,0.0,-0.0,-0.0,0.0,0.0,-0.0,-0.0,0.0,0.0
3922,20.82,0.0,-0.0,-0.0,0.0,0.0,-0.0,-0.0,0.0,0.0
3923,20.21,0.0,-0.0,-0.0,0.0,0.0,-0.0,-0.0,0.0,0.0
3924,20.63,0.0,-0.0,-0.0,0.0,0.0,-0.0,-0.0,0.0,0.0
3925,37.28,0.0,-0.0,-0.0,0.0,0.0,-0.0,-0.0,0.0,0.0
3926,64.02,0.0,0.0,-0.0,-0.0,0.0,0.0,-0.0,0.0,0.0
3927,66.02,0.0,0.0,-0.0,-0.0,0.0,0.0,-0.0,0.0,0.0
3928,31.31,0.0,-0.0,-0.0,0.0,0.0,-0.0,-0.0,0.0,0.0
3929,26.36,0.0,-0.0,-0.0,0.0,0.0,-0.0,-0.0,0.0,0.0
3930,25.56,0.0,-0.0,-0.0,0.0,0.0,-0.0,-0.0,0.0,0.0
3931,22.43,0.0,-0.0,-0.0,0.0,0.0,-0.0,-0.0,0.0,0.0
3932,32.03,0.0,-0.0,-0.0,0.0,0.0,-0.0,-0.0,0.0,0.0
3933,21.82,0.0,-0.0,-0.0,0.0,0.0,-0.0,-0.0,0.0,0.0
3934,17.85,0.0,-0.0,-0.0,0.0,0.0,-0.0,-0.0,0.0,0.0
3935,19.43,0.0,-0.0,-0.0,0.0,0.0,-0.0,-0.0,0.0,0.0
3936,18.8,0.0,-0.0,-0.0,0.0,0.0,-0.0,-0.0,0.0,0.0
3937,18.68,0.0,-0.0,-0.0,0.0,0.0,-0.0,-0.0,0.0,0.0
3938,16.8,0.0,-0.0,-0.0,0.0,0.0,-0.0,-0.0,0.0,0.0
3939,11.92,0.0,-0.0,-0.0,0.0,0.0,-0.0,-0.0,0.0,0.0
3940,10.04,0.0,-0.0,-0.0,0.0,0.0,-0.0,-0.0,0.0,0.0
3941,15.94,0.0,-0.0,-0.0,0.0,0.0,-0.0,-0.0,0.0,0.0
3942,19.31,0.0,-0.0,-0.0,0.0,0.0,-0.0,-0.0,0.0,0.0
3943,22.81,0.0,-0.0,-0.0,0.0,0.0,-0.0,-0.0,0.0,0.0
3944,25.57,0.0,-0.0,-0.0,0.0,0.0,-0.0,-0.0,0.0,0.0
3945,26.78,0.0,-0.0,-0.0,0.0,0.0,-0.0,-0.0,0.0,0.0
3946,19.25,0.0,-0.0,-0.0,0.0,0.0,-0.0,-0.0,0.0,0.0
3947,19.81,0.0,-0.0,-0.0,0.0,0.0,-0.0,-0.0,0.0,0.0
3948,18.78,0.0,-0.0,-0.0,0.0,0.0,-0.0,-0.0,0.0,0.0
3949,20.57,0.0,-0.0,-0.0,0.0,0.0,-0.0,-0.0,0.0,0.0
3950,34.4,0.0,-0.0,-0.0,0.0,0.0,-0.0,-0.0,0.0,0.0
3951,42.05,0.0,-0.0,-0.0,0.0,0.0,-0.0,-0.0,0.0,0.0
3952,28.71,0.0,-0.0,-0.0,0.0,0.0,-0.0,-0.0,0.0,0.0
3953,23.84,0.0,-0.0,-0.0,0.0,0.0,-0.0,-0.0,0.0,0.0
3954,19.41,0.0,-0.0,-0.0,0.0,0.0,-0.0,-0.0,0.0,0.0
3955,17.1,0.0,-0.0,-0.0,0.0,0.0,-0.0,-0.0,0.0,0.0
3956,16.9,0.0,-0.0,-0.0,0.0,0.0,-0.0,-0.0,0.0,0.0
3957,16.03,0.0,-0.0,-0.0,0.0,0.0,-0.0,-0.0,0.0,0.0
3958,12.96,0.0,-0.0,-0.0,0.0,0.0,-0.0,-0.0,0.0,0.0
3959,14.47,0.0,-0.0,-0.0,0.0,0.0,-0.0,-0.0,0.0,0.0
3960,17.88,0.0,-0.0,-0.0,0.0,0.0,-0.0,-0.0,0.0,0.0
3961,17.01,0.0,-0.0,-0.0,0.0,0.0,-0.0,-0.0,0.0,0.0
3962,14.27,0.0,-0.0,-0.0,0.0,0.0,-0.0,-0.0,0.0,0.0
3963,0.35,0.0,-0.0,-0.0,0.0,0.0,-0.0,-0.0,0.0,0.0
3964,2.29,0.0,-0.0,-0.0,0.0,0.0,-0.0,-0.0,0.0,0.0
3965,12.44,0.0,-0.0,-0.0,0.0,0.0,-0.0,-0.0,0.0,0.0
3966,7.93,0.0,-0.0,-0.0,0.0,0.0,-0.0,-0.0,0.0,0.0
3967,6.7,0.0,-0.0,-0.0,0.0,0.0,-0.0,-0.0,0.0,0.0
3968,13.0,0.0,-0.0,-0.0,0.0,0.0,-0.0,-0.0,0.0,0.0
3969,7.56,0.0,-0.0,-0.0,0.0,0.0,-0.0,-0.0,0.0,0.0
3970,12.62,0.0,-0.0,-0.0,0.0,0.0,-0.0,-0.0,0.0,0.0
3971,15.29,0.0,-0.0,-0.0,0.0,0.0,-0.0,-0.0,0.0,0.0
3972,20.64,0.0,-0.0,-0.0,0.0,0.0,-0.0,-0.0,0.0,0.0
3973,32.0,0.0,-0.0,-0.0,0.0,0.0,-0.0,-0.0,0.0,0.0
3974,41.4,0.0,-0.0,-0.0,0.0,0.0,-0.0,-0.0,0.0,0.0
3975,45.83,0.0,-0.0,-0.0,0.0,0.0,-0.0,-0.0,0.0,0.0
3976,37.23,0.0,-0.0,-0.0,0.0,0.0,-0.0,-0.0,0.0,0.0
3977,25.0,0.0,-0.0,-0.0,0.0,0.0,-0.0,-0.0,0.0,0.0
3978,22.85,0.0,-0.0,-0.0,0.0,0.0,-0.0,-0.0,0.0,0.0
3979,22.06,0.0,-0.0,-0.0,0.0,0.0,-0.0,-0.0,0.0,0.0
3980,21.74,0.0,-0.0,-0.0,0.0,0.0,-0.0,-0.0,0.0,0.0
3981,21.59,0.0,-0.0,-0.0,0.0,0.0,-0.0,-0.0,0.0,0.0
3982,21.67,0.0,-0.0,-0.0,0.0,0.0,-0.0,-0.0,0.0,0.0
3983,24.59,0.0,-0.0,-0.0,0.0,0.0,-0.0,-0.0,0.0,0.0
3984,36.45,0.0,-0.0,-0.0,0.0,0.0,-0.0,-0.0,0.0,0.0
3985,28.34,0.0,-0.0,-0.0,0.0,0.0,-0.0,-0.0,0.0,0.0
3986,21.23,0.0,-0.0,-0.0,0.0,0.0,-0.0,-0.0,0.0,0.0
3987,18.74,0.0,-0.0,-0.0,0.0,0.0,-0.0,-0.0,0.0,0.0
3988,17.46,0.0,-0.0,-0.0,0.0,0.0,-0.0,-0.0,0.0,0.0
3989,19.63,0.0,-0.0,-0.0,0.0,0.0,-0.0,-0.0,0.0,0.0
3990,22.88,0.0,-0.0,-0.0,0.0,0.0,-0.0,-0.0,0.0,0.0
3991,24.11,0.0,-0.0,-0.0,0.0,0.0,-0.0,-0.0,0.0,0.0
3992,24.69,0.0,-0.0,-0.0,0.0,0.0,-0.0,-0.0,0.0,0.0
3993,23.2,0.0,-0.0,-0.0,0.0,0.0,-0.0,-0.0,0.0,0.0
3994,24.33,0.0,0.0,-0.0,-0.0,0.0,0.0,-0.0,0.0,0.0
3995,21.86,0.0,0.0,-0.0,-0.0,0.0,0.0,-0.0,0.0,0.0
3996,22.21,0.0,0.0,-0.0,-0.0,0.0,0.0,-0.0,0.0,0.0
3997,44.36,68.0,1.0,1.0,-0.0,3400.0,2000.0,10000.0,3016.48,-12383.52
3998,124.99,171.0,1.0,0.0,-0.0,8550.0,2000.0,0.0,21373.29,10823.29
3999,92.54,171.0,1.0,-0.0,-0.0,8550.0,2000.0,-0.0,15824.340000000002,5274.340000000002
4000,25.23,68.0,1.0,-0.0,0.0,3400.0,2000.0,-0.0,1715.64,-3684.3599999999997
4001,20.02,0.0,-0.0,-0.0,1.0,0.0,-0.0,-0.0,0.0,0.0
4002,19.63,0.0,-0.0,-0.0,0.0,0.0,-0.0,-0.0,0.0,0.0
4003,19.7,0.0,-0.0,-0.0,0.0,0.0,-0.0,-0.0,0.0,0.0
4004,18.32,0.0,-0.0,-0.0,0.0,0.0,-0.0,-0.0,0.0,0.0
4005,16.94,0.0,-0.0,-0.0,0.0,0.0,-0.0,-0.0,0.0,0.0
4006,14.96,0.0,-0.0,-0.0,0.0,0.0,-0.0,-0.0,0.0,0.0
4007,17.68,0.0,-0.0,-0.0,0.0,0.0,-0.0,-0.0,0.0,0.0
4008,18.32,0.0,-0.0,-0.0,0.0,0.0,-0.0,-0.0,0.0,0.0
4009,15.63,0.0,-0.0,-0.0,0.0,0.0,-0.0,-0.0,0.0,0.0
4010,9.05,0.0,-0.0,-0.0,0.0,0.0,-0.0,-0.0,0.0,0.0
4011,2.18,0.0,-0.0,-0.0,0.0,0.0,-0.0,-0.0,0.0,0.0
4012,10.34,0.0,-0.0,-0.0,0.0,0.0,-0.0,-0.0,0.0,0.0
4013,17.58,0.0,-0.0,-0.0,0.0,0.0,-0.0,-0.0,0.0,0.0
4014,23.85,0.0,-0.0,-0.0,0.0,0.0,-0.0,-0.0,0.0,0.0
4015,23.24,0.0,-0.0,-0.0,0.0,0.0,-0.0,-0.0,0.0,0.0
4016,22.44,0.0,-0.0,-0.0,0.0,0.0,-0.0,-0.0,0.0,0.0
4017,17.97,0.0,-0.0,-0.0,0.0,0.0,-0.0,-0.0,0.0,0.0
4018,17.24,0.0,-0.0,-0.0,0.0,0.0,-0.0,-0.0,0.0,0.0
4019,15.3,0.0,-0.0,-0.0,0.0,0.0,-0.0,-0.0,0.0,0.0
4020,17.98,0.0,-0.0,-0.0,0.0,0.0,-0.0,-0.0,0.0,0.0
4021,27.56,0.0,-0.0,-0.0,0.0,0.0,-0.0,-0.0,0.0,0.0
4022,52.1,0.0,-0.0,-0.0,0.0,0.0,-0.0,-0.0,0.0,0.0
4023,29.35,0.0,-0.0,-0.0,0.0,0.0,-0.0,-0.0,0.0,0.0
4024,26.34,0.0,-0.0,-0.0,0.0,0.0,-0.0,-0.0,0.0,0.0
4025,25.32,0.0,-0.0,-0.0,0.0,0.0,-0.0,-0.0,0.0,0.0
4026,23.12,0.0,-0.0,-0.0,0.0,0.0,-0.0,-0.0,0.0,0.0
4027,21.23,0.0,-0.0,-0.0,0.0,0.0,-0.0,-0.0,0.0,0.0
4028,23.19,0.0,-0.0,-0.0,0.0,0.0,-0.0,-0.0,0.0,0.0
4029,22.11,0.0,-0.0,-0.0,0.0,0.0,-0.0,-0.0,0.0,0.0
4030,21.52,0.0,-0.0,-0.0,0.0,0.0,-0.0,-0.0,0.0,0.0
4031,22.83,0.0,-0.0,-0.0,0.0,0.0,-0.0,-0.0,0.0,0.0
4032,27.95,0.0,-0.0,-0.0,0.0,0.0,-0.0,-0.0,0.0,0.0
4033,29.62,0.0,-0.0,-0.0,0.0,0.0,-0.0,-0.0,0.0,0.0
4034,19.71,0.0,-0.0,-0.0,0.0,0.0,-0.0,-0.0,0.0,0.0
4035,21.98,0.0,-0.0,-0.0,0.0,0.0,-0.0,-0.0,0.0,0.0
4036,21.02,0.0,-0.0,-0.0,0.0,0.0,-0.0,-0.0,0.0,0.0
4037,22.48,0.0,-0.0,-0.0,0.0,0.0,-0.0,-0.0,0.0,0.0
4038,27.15,0.0,-0.0,-0.0,0.0,0.0,-0.0,-0.0,0.0,0.0
4039,23.31,0.0,-0.0,-0.0,0.0,0.0,-0.0,-0.0,0.0,0.0
4040,20.98,0.0,-0.0,-0.0,0.0,0.0,-0.0,-0.0,0.0,0.0
4041,21.33,0.0,-0.0,-0.0,0.0,0.0,-0.0,-0.0,0.0,0.0
4042,19.72,0.0,-0.0,-0.0,0.0,0.0,-0.0,-0.0,0.0,0.0
4043,19.64,0.0,-0.0,-0.0,0.0,0.0,-0.0,-0.0,0.0,0.0
4044,19.94,0.0,-0.0,-0.0,0.0,0.0,-0.0,-0.0,0.0,0.0
4045,29.37,0.0,-0.0,-0.0,0.0,0.0,-0.0,-0.0,0.0,0.0
4046,53.84,0.0,0.0,-0.0,-0.0,0.0,0.0,-0.0,0.0,0.0
4047,75.42,0.0,0.0,-0.0,-0.0,0.0,0.0,-0.0,0.0,0.0
4048,39.42,0.0,-0.0,-0.0,0.0,0.0,-0.0,-0.0,0.0,0.0
4049,30.52,0.0,-0.0,-0.0,0.0,0.0,-0.0,-0.0,0.0,0.0
4050,27.02,0.0,-0.0,-0.0,0.0,0.0,-0.0,-0.0,0.0,0.0
4051,27.11,0.0,-0.0,-0.0,0.0,0.0,-0.0,-0.0,0.0,0.0
4052,25.47,0.0,-0.0,-0.0,0.0,0.0,-0.0,-0.0,0.0,0.0
4053,23.43,0.0,-0.0,-0.0,0.0,0.0,-0.0,-0.0,0.0,0.0
4054,22.95,0.0,-0.0,-0.0,0.0,0.0,-0.0,-0.0,0.0,0.0
4055,22.97,0.0,-0.0,-0.0,0.0,0.0,-0.0,-0.0,0.0,0.0
4056,23.76,0.0,-0.0,-0.0,0.0,0.0,-0.0,-0.0,0.0,0.0
4057,23.32,0.0,-0.0,-0.0,0.0,0.0,-0.0,-0.0,0.0,0.0
4058,19.89,0.0,-0.0,-0.0,0.0,0.0,-0.0,-0.0,0.0,0.0
4059,17.7,0.0,-0.0,-0.0,0.0,0.0,-0.0,-0.0,0.0,0.0
4060,18.61,0.0,-0.0,-0.0,0.0,0.0,-0.0,-0.0,0.0,0.0
4061,22.28,0.0,-0.0,-0.0,0.0,0.0,-0.0,-0.0,0.0,0.0
4062,32.14,0.0,-0.0,-0.0,0.0,0.0,-0.0,-0.0,0.0,0.0
4063,47.46,0.0,-0.0,-0.0,0.0,0.0,-0.0,-0.0,0.0,0.0
4064,34.42,0.0,-0.0,-0.0,0.0,0.0,-0.0,-0.0,0.0,0.0
4065,29.25,0.0,-0.0,-0.0,0.0,0.0,-0.0,-0.0,0.0,0.0
4066,26.64,0.0,-0.0,-0.0,0.0,0.0,-0.0,-0.0,0.0,0.0
4067,21.9,0.0,0.0,-0.0,-0.0,0.0,0.0,-0.0,0.0,0.0
4068,24.56,0.0,0.0,-0.0,-0.0,0.0,0.0,-0.0,0.0,0.0
4069,42.59,0.0,0.0,-0.0,-0.0,0.0,0.0,-0.0,0.0,0.0
4070,80.07,0.0,0.0,0.0,-0.0,0.0,0.0,0.0,0.0,0.0
4071,104.24,0.0,0.0,-0.0,-0.0,0.0,0.0,-0.0,0.0,0.0
4072,47.37,0.0,-0.0,-0.0,0.0,0.0,-0.0,-0.0,0.0,0.0
4073,35.47,0.0,-0.0,-0.0,0.0,0.0,-0.0,-0.0,0.0,0.0
4074,24.05,0.0,-0.0,-0.0,0.0,0.0,-0.0,-0.0,0.0,0.0
4075,23.65,0.0,-0.0,-0.0,0.0,0.0,-0.0,-0.0,0.0,0.0
4076,24.64,0.0,-0.0,-0.0,0.0,0.0,-0.0,-0.0,0.0,0.0
4077,24.19,0.0,-0.0,-0.0,0.0,0.0,-0.0,-0.0,0.0,0.0
4078,23.15,0.0,-0.0,-0.0,0.0,0.0,-0.0,-0.0,0.0,0.0
4079,24.25,0.0,-0.0,-0.0,0.0,0.0,-0.0,-0.0,0.0,0.0
4080,37.5,0.0,-0.0,-0.0,0.0,0.0,-0.0,-0.0,0.0,0.0
4081,31.35,0.0,-0.0,-0.0,0.0,0.0,-0.0,-0.0,0.0,0.0
4082,20.29,0.0,-0.0,-0.0,0.0,0.0,-0.0,-0.0,0.0,0.0
4083,22.13,0.0,-0.0,-0.0,0.0,0.0,-0.0,-0.0,0.0,0.0
4084,22.51,0.0,-0.0,-0.0,0.0,0.0,-0.0,-0.0,0.0,0.0
4085,27.12,0.0,-0.0,-0.0,0.0,0.0,-0.0,-0.0,0.0,0.0
4086,50.94,0.0,-0.0,-0.0,0.0,0.0,-0.0,-0.0,0.0,0.0
4087,53.42,0.0,-0.0,-0.0,0.0,0.0,-0.0,-0.0,0.0,0.0
4088,25.31,0.0,-0.0,-0.0,0.0,0.0,-0.0,-0.0,0.0,0.0
4089,28.03,0.0,-0.0,-0.0,0.0,0.0,-0.0,-0.0,0.0,0.0
4090,32.97,0.0,0.0,-0.0,-0.0,0.0,0.0,-0.0,0.0,0.0
4091,29.48,0.0,0.0,-0.0,-0.0,0.0,0.0,-0.0,0.0,0.0
4092,24.39,0.0,0.0,-0.0,-0.0,0.0,0.0,-0.0,0.0,0.0
4093,63.65,171.0,1.0,1.0,-0.0,8550.0,2000.0,10000.0,10884.15,-9665.85
4094,244.12,171.0,1.0,0.0,-0.0,8550.0,2000.0,0.0,41744.520000000004,31194.520000000004
4095,63.45,171.0,1.0,-0.0,0.0,8550.0,2000.0,-0.0,10849.95,299.9500000000007
4096,38.04,68.0,1.0,-0.0,0.0,3400.0,2000.0,-0.0,2586.72,-2813.28
4097,42.61,0.0,-0.0,-0.0,1.0,0.0,-0.0,-0.0,0.0,0.0
4098,25.11,0.0,-0.0,-0.0,0.0,0.0,-0.0,-0.0,0.0,0.0
4099,23.38,0.0,-0.0,-0.0,0.0,0.0,-0.0,-0.0,0.0,0.0
4100,21.71,0.0,-0.0,-0.0,0.0,0.0,-0.0,-0.0,0.0,0.0
4101,21.3,0.0,-0.0,-0.0,0.0,0.0,-0.0,-0.0,0.0,0.0
4102,20.64,0.0,-0.0,-0.0,0.0,0.0,-0.0,-0.0,0.0,0.0
4103,19.81,0.0,-0.0,-0.0,0.0,0.0,-0.0,-0.0,0.0,0.0
4104,20.82,0.0,-0.0,-0.0,0.0,0.0,-0.0,-0.0,0.0,0.0
4105,20.95,0.0,-0.0,-0.0,0.0,0.0,-0.0,-0.0,0.0,0.0
4106,16.7,0.0,-0.0,-0.0,0.0,0.0,-0.0,-0.0,0.0,0.0
4107,17.45,0.0,-0.0,-0.0,0.0,0.0,-0.0,-0.0,0.0,0.0
4108,19.46,0.0,-0.0,-0.0,0.0,0.0,-0.0,-0.0,0.0,0.0
4109,21.05,0.0,-0.0,-0.0,0.0,0.0,-0.0,-0.0,0.0,0.0
4110,22.91,0.0,-0.0,-0.0,0.0,0.0,-0.0,-0.0,0.0,0.0
4111,22.17,0.0,-0.0,-0.0,0.0,0.0,-0.0,-0.0,0.0,0.0
4112,20.13,0.0,-0.0,-0.0,0.0,0.0,-0.0,-0.0,0.0,0.0
4113,21.84,0.0,-0.0,-0.0,0.0,0.0,-0.0,-0.0,0.0,0.0
4114,24.49,0.0,-0.0,-0.0,0.0,0.0,-0.0,-0.0,0.0,0.0
4115,21.5,0.0,-0.0,-0.0,0.0,0.0,-0.0,-0.0,0.0,0.0
4116,22.44,0.0,-0.0,-0.0,0.0,0.0,-0.0,-0.0,0.0,0.0
4117,38.85,0.0,-0.0,-0.0,0.0,0.0,-0.0,-0.0,0.0,0.0
4118,50.8,0.0,-0.0,-0.0,0.0,0.0,-0.0,-0.0,0.0,0.0
4119,37.84,0.0,-0.0,-0.0,0.0,0.0,-0.0,-0.0,0.0,0.0
4120,25.83,0.0,-0.0,-0.0,0.0,0.0,-0.0,-0.0,0.0,0.0
4121,22.26,0.0,-0.0,-0.0,0.0,0.0,-0.0,-0.0,0.0,0.0
4122,22.21,0.0,-0.0,-0.0,0.0,0.0,-0.0,-0.0,0.0,0.0
4123,21.53,0.0,-0.0,-0.0,0.0,0.0,-0.0,-0.0,0.0,0.0
4124,21.0,0.0,-0.0,-0.0,0.0,0.0,-0.0,-0.0,0.0,0.0
4125,19.19,0.0,-0.0,-0.0,0.0,0.0,-0.0,-0.0,0.0,0.0
4126,18.6,0.0,-0.0,-0.0,0.0,0.0,-0.0,-0.0,0.0,0.0
4127,18.38,0.0,-0.0,-0.0,0.0,0.0,-0.0,-0.0,0.0,0.0
4128,18.56,0.0,-0.0,-0.0,0.0,0.0,-0.0,-0.0,0.0,0.0
4129,15.68,0.0,-0.0,-0.0,0.0,0.0,-0.0,-0.0,0.0,0.0
4130,0.76,0.0,-0.0,-0.0,0.0,0.0,-0.0,-0.0,0.0,0.0
4131,-0.84,0.0,-0.0,-0.0,0.0,0.0,-0.0,-0.0,-0.0,0.0
4132,-0.17,0.0,-0.0,-0.0,0.0,0.0,-0.0,-0.0,-0.0,0.0
4133,11.96,0.0,-0.0,-0.0,0.0,0.0,-0.0,-0.0,0.0,0.0
4134,17.68,0.0,-0.0,-0.0,0.0,0.0,-0.0,-0.0,0.0,0.0
4135,18.41,0.0,-0.0,-0.0,0.0,0.0,-0.0,-0.0,0.0,0.0
4136,21.78,0.0,-0.0,-0.0,0.0,0.0,-0.0,-0.0,0.0,0.0
4137,20.87,0.0,-0.0,-0.0,0.0,0.0,-0.0,-0.0,0.0,0.0
4138,20.16,0.0,-0.0,-0.0,0.0,0.0,-0.0,-0.0,0.0,0.0
4139,17.19,0.0,-0.0,-0.0,0.0,0.0,-0.0,-0.0,0.0,0.0
4140,18.84,0.0,-0.0,-0.0,0.0,0.0,-0.0,-0.0,0.0,0.0
4141,29.26,0.0,-0.0,-0.0,0.0,0.0,-0.0,-0.0,0.0,0.0
4142,32.4,0.0,-0.0,-0.0,0.0,0.0,-0.0,-0.0,0.0,0.0
4143,37.51,0.0,-0.0,-0.0,0.0,0.0,-0.0,-0.0,0.0,0.0
4144,28.54,0.0,-0.0,-0.0,0.0,0.0,-0.0,-0.0,0.0,0.0
4145,23.95,0.0,-0.0,-0.0,0.0,0.0,-0.0,-0.0,0.0,0.0
4146,23.58,0.0,-0.0,-0.0,0.0,0.0,-0.0,-0.0,0.0,0.0
4147,25.34,0.0,-0.0,-0.0,0.0,0.0,-0.0,-0.0,0.0,0.0
4148,25.72,0.0,-0.0,-0.0,0.0,0.0,-0.0,-0.0,0.0,0.0
4149,22.76,0.0,-0.0,-0.0,0.0,0.0,-0.0,-0.0,0.0,0.0
4150,22.18,0.0,-0.0,-0.0,0.0,0.0,-0.0,-0.0,0.0,0.0
4151,22.68,0.0,-0.0,-0.0,0.0,0.0,-0.0,-0.0,0.0,0.0
4152,24.23,0.0,-0.0,-0.0,0.0,0.0,-0.0,-0.0,0.0,0.0
4153,22.61,0.0,-0.0,-0.0,0.0,0.0,-0.0,-0.0,0.0,0.0
4154,16.5,0.0,-0.0,-0.0,0.0,0.0,-0.0,-0.0,0.0,0.0
4155,16.25,0.0,-0.0,-0.0,0.0,0.0,-0.0,-0.0,0.0,0.0
4156,17.9,0.0,-0.0,-0.0,0.0,0.0,-0.0,-0.0,0.0,0.0
4157,19.85,0.0,-0.0,-0.0,0.0,0.0,-0.0,-0.0,0.0,0.0
4158,20.91,0.0,-0.0,-0.0,0.0,0.0,-0.0,-0.0,0.0,0.0
4159,24.47,0.0,-0.0,-0.0,0.0,0.0,-0.0,-0.0,0.0,0.0
4160,25.77,0.0,-0.0,-0.0,0.0,0.0,-0.0,-0.0,0.0,0.0
4161,21.39,0.0,-0.0,-0.0,0.0,0.0,-0.0,-0.0,0.0,0.0
4162,23.4,0.0,-0.0,-0.0,0.0,0.0,-0.0,-0.0,0.0,0.0
4163,23.46,0.0,-0.0,-0.0,0.0,0.0,-0.0,-0.0,0.0,0.0
4164,21.86,0.0,-0.0,-0.0,0.0,0.0,-0.0,-0.0,0.0,0.0
4165,42.76,0.0,-0.0,-0.0,0.0,0.0,-0.0,-0.0,0.0,0.0
4166,51.14,0.0,-0.0,-0.0,0.0,0.0,-0.0,-0.0,0.0,0.0
4167,50.11,0.0,-0.0,-0.0,0.0,0.0,-0.0,-0.0,0.0,0.0
4168,38.05,0.0,-0.0,-0.0,0.0,0.0,-0.0,-0.0,0.0,0.0
4169,29.12,0.0,-0.0,-0.0,0.0,0.0,-0.0,-0.0,0.0,0.0
4170,24.17,0.0,-0.0,-0.0,0.0,0.0,-0.0,-0.0,0.0,0.0
4171,23.57,0.0,-0.0,-0.0,0.0,0.0,-0.0,-0.0,0.0,0.0
4172,21.92,0.0,-0.0,-0.0,0.0,0.0,-0.0,-0.0,0.0,0.0
4173,22.27,0.0,-0.0,-0.0,0.0,0.0,-0.0,-0.0,0.0,0.0
4174,22.61,0.0,-0.0,-0.0,0.0,0.0,-0.0,-0.0,0.0,0.0
4175,23.16,0.0,-0.0,-0.0,0.0,0.0,-0.0,-0.0,0.0,0.0
4176,25.03,0.0,-0.0,-0.0,0.0,0.0,-0.0,-0.0,0.0,0.0
4177,25.02,0.0,-0.0,-0.0,0.0,0.0,-0.0,-0.0,0.0,0.0
4178,17.15,0.0,-0.0,-0.0,0.0,0.0,-0.0,-0.0,0.0,0.0
4179,10.95,0.0,-0.0,-0.0,0.0,0.0,-0.0,-0.0,0.0,0.0
4180,14.32,0.0,-0.0,-0.0,0.0,0.0,-0.0,-0.0,0.0,0.0
4181,18.34,0.0,-0.0,-0.0,0.0,0.0,-0.0,-0.0,0.0,0.0
4182,24.72,0.0,-0.0,-0.0,0.0,0.0,-0.0,-0.0,0.0,0.0
4183,25.97,0.0,-0.0,-0.0,0.0,0.0,-0.0,-0.0,0.0,0.0
4184,23.76,0.0,-0.0,-0.0,0.0,0.0,-0.0,-0.0,0.0,0.0
4185,21.45,0.0,-0.0,-0.0,0.0,0.0,-0.0,-0.0,0.0,0.0
4186,22.98,0.0,-0.0,-0.0,0.0,0.0,-0.0,-0.0,0.0,0.0
4187,22.87,0.0,-0.0,-0.0,0.0,0.0,-0.0,-0.0,0.0,0.0
4188,21.57,0.0,-0.0,-0.0,0.0,0.0,-0.0,-0.0,0.0,0.0
4189,31.34,0.0,-0.0,-0.0,0.0,0.0,-0.0,-0.0,0.0,0.0
4190,42.21,0.0,-0.0,-0.0,0.0,0.0,-0.0,-0.0,0.0,0.0
4191,41.6,0.0,-0.0,-0.0,0.0,0.0,-0.0,-0.0,0.0,0.0
4192,35.07,0.0,-0.0,-0.0,0.0,0.0,-0.0,-0.0,0.0,0.0
4193,29.41,0.0,-0.0,-0.0,0.0,0.0,-0.0,-0.0,0.0,0.0
4194,22.13,0.0,-0.0,-0.0,0.0,0.0,-0.0,-0.0,0.0,0.0
4195,20.06,0.0,-0.0,-0.0,0.0,0.0,-0.0,-0.0,0.0,0.0
4196,20.01,0.0,-0.0,-0.0,0.0,0.0,-0.0,-0.0,0.0,0.0
4197,19.61,0.0,-0.0,-0.0,0.0,0.0,-0.0,-0.0,0.0,0.0
4198,20.39,0.0,-0.0,-0.0,0.0,0.0,-0.0,-0.0,0.0,0.0
4199,21.91,0.0,-0.0,-0.0,0.0,0.0,-0.0,-0.0,0.0,0.0
4200,25.55,0.0,-0.0,-0.0,0.0,0.0,-0.0,-0.0,0.0,0.0
4201,25.44,0.0,-0.0,-0.0,0.0,0.0,-0.0,-0.0,0.0,0.0
4202,20.0,0.0,-0.0,-0.0,0.0,0.0,-0.0,-0.0,0.0,0.0
4203,15.29,0.0,-0.0,-0.0,0.0,0.0,-0.0,-0.0,0.0,0.0
4204,16.79,0.0,-0.0,-0.0,0.0,0.0,-0.0,-0.0,0.0,0.0
4205,18.63,0.0,-0.0,-0.0,0.0,0.0,-0.0,-0.0,0.0,0.0
4206,17.43,0.0,-0.0,-0.0,0.0,0.0,-0.0,-0.0,0.0,0.0
4207,21.82,0.0,-0.0,-0.0,0.0,0.0,-0.0,-0.0,0.0,0.0
4208,22.0,0.0,-0.0,-0.0,0.0,0.0,-0.0,-0.0,0.0,0.0
4209,27.99,0.0,-0.0,-0.0,0.0,0.0,-0.0,-0.0,0.0,0.0
4210,29.6,0.0,-0.0,-0.0,0.0,0.0,-0.0,-0.0,0.0,0.0
4211,28.91,0.0,-0.0,-0.0,0.0,0.0,-0.0,-0.0,0.0,0.0
4212,29.68,0.0,-0.0,-0.0,0.0,0.0,-0.0,-0.0,0.0,0.0
4213,33.71,0.0,-0.0,-0.0,0.0,0.0,-0.0,-0.0,0.0,0.0
4214,31.28,0.0,-0.0,-0.0,0.0,0.0,-0.0,-0.0,0.0,0.0
4215,29.05,0.0,-0.0,-0.0,0.0,0.0,-0.0,-0.0,0.0,0.0
4216,24.16,0.0,-0.0,-0.0,0.0,0.0,-0.0,-0.0,0.0,0.0
4217,21.53,0.0,-0.0,-0.0,0.0,0.0,-0.0,-0.0,0.0,0.0
4218,21.29,0.0,-0.0,-0.0,0.0,0.0,-0.0,-0.0,0.0,0.0
4219,21.11,0.0,-0.0,-0.0,0.0,0.0,-0.0,-0.0,0.0,0.0
4220,20.84,0.0,-0.0,-0.0,0.0,0.0,-0.0,-0.0,0.0,0.0
4221,21.35,0.0,-0.0,-0.0,0.0,0.0,-0.0,-0.0,0.0,0.0
4222,21.27,0.0,-0.0,-0.0,0.0,0.0,-0.0,-0.0,0.0,0.0
4223,21.99,0.0,-0.0,-0.0,0.0,0.0,-0.0,-0.0,0.0,0.0
4224,25.3,0.0,-0.0,-0.0,0.0,0.0,-0.0,-0.0,0.0,0.0
4225,23.34,0.0,-0.0,-0.0,0.0,0.0,-0.0,-0.0,0.0,0.0
4226,20.06,0.0,-0.0,-0.0,0.0,0.0,-0.0,-0.0,0.0,0.0
4227,18.48,0.0,-0.0,-0.0,0.0,0.0,-0.0,-0.0,0.0,0.0
4228,21.58,0.0,-0.0,-0.0,0.0,0.0,-0.0,-0.0,0.0,0.0
4229,22.5,0.0,-0.0,-0.0,0.0,0.0,-0.0,-0.0,0.0,0.0
4230,37.51,0.0,-0.0,-0.0,0.0,0.0,-0.0,-0.0,0.0,0.0
4231,42.02,0.0,-0.0,-0.0,0.0,0.0,-0.0,-0.0,0.0,0.0
4232,37.32,0.0,-0.0,-0.0,0.0,0.0,-0.0,-0.0,0.0,0.0
4233,33.2,0.0,-0.0,-0.0,0.0,0.0,-0.0,-0.0,0.0,0.0
4234,32.92,0.0,-0.0,-0.0,0.0,0.0,-0.0,-0.0,0.0,0.0
4235,37.95,0.0,-0.0,-0.0,0.0,0.0,-0.0,-0.0,0.0,0.0
4236,27.54,0.0,-0.0,-0.0,0.0,0.0,-0.0,-0.0,0.0,0.0
4237,27.99,0.0,-0.0,-0.0,0.0,0.0,-0.0,-0.0,0.0,0.0
4238,40.96,0.0,-0.0,-0.0,0.0,0.0,-0.0,-0.0,0.0,0.0
4239,34.8,0.0,-0.0,-0.0,0.0,0.0,-0.0,-0.0,0.0,0.0
4240,35.89,0.0,-0.0,-0.0,0.0,0.0,-0.0,-0.0,0.0,0.0
4241,30.57,0.0,-0.0,-0.0,0.0,0.0,-0.0,-0.0,0.0,0.0
4242,29.14,0.0,-0.0,-0.0,0.0,0.0,-0.0,-0.0,0.0,0.0
4243,24.07,0.0,-0.0,-0.0,0.0,0.0,-0.0,-0.0,0.0,0.0
4244,25.38,0.0,-0.0,-0.0,0.0,0.0,-0.0,-0.0,0.0,0.0
4245,25.01,0.0,-0.0,-0.0,0.0,0.0,-0.0,-0.0,0.0,0.0
4246,22.77,0.0,-0.0,-0.0,0.0,0.0,-0.0,-0.0,0.0,0.0
4247,23.92,0.0,-0.0,-0.0,0.0,0.0,-0.0,-0.0,0.0,0.0
4248,35.57,0.0,-0.0,-0.0,0.0,0.0,-0.0,-0.0,0.0,0.0
4249,30.39,0.0,-0.0,-0.0,0.0,0.0,-0.0,-0.0,0.0,0.0
4250,20.06,0.0,-0.0,-0.0,0.0,0.0,-0.0,-0.0,0.0,0.0
4251,18.5,0.0,-0.0,-0.0,0.0,0.0,-0.0,-0.0,0.0,0.0
4252,19.17,0.0,-0.0,-0.0,0.0,0.0,-0.0,-0.0,0.0,0.0
4253,20.9,0.0,-0.0,-0.0,0.0,0.0,-0.0,-0.0,0.0,0.0
4254,26.91,0.0,-0.0,-0.0,0.0,0.0,-0.0,-0.0,0.0,0.0
4255,28.47,0.0,-0.0,-0.0,0.0,0.0,-0.0,-0.0,0.0,0.0
4256,23.83,0.0,-0.0,-0.0,0.0,0.0,-0.0,-0.0,0.0,0.0
4257,24.41,0.0,0.0,-0.0,-0.0,0.0,0.0,-0.0,0.0,0.0
4258,26.36,0.0,0.0,-0.0,-0.0,0.0,0.0,-0.0,0.0,0.0
4259,62.1,0.0,0.0,-0.0,-0.0,0.0,0.0,-0.0,0.0,0.0
4260,31.13,0.0,0.0,-0.0,-0.0,0.0,0.0,-0.0,0.0,0.0
4261,93.64,171.0,1.0,1.0,-0.0,8550.0,2000.0,10000.0,16012.44,-4537.5599999999995
4262,147.7,171.0,1.0,-0.0,-0.0,8550.0,2000.0,-0.0,25256.699999999997,14706.699999999997
4263,113.68,171.0,1.0,-0.0,0.0,8550.0,2000.0,-0.0,19439.280000000002,8889.280000000002
4264,56.07,171.0,1.0,-0.0,0.0,8550.0,2000.0,-0.0,9587.97,-962.0300000000007
4265,36.2,0.0,-0.0,-0.0,1.0,0.0,-0.0,-0.0,0.0,0.0
4266,27.24,0.0,-0.0,-0.0,0.0,0.0,-0.0,-0.0,0.0,0.0
4267,25.24,0.0,-0.0,-0.0,0.0,0.0,-0.0,-0.0,0.0,0.0
4268,22.89,0.0,-0.0,-0.0,0.0,0.0,-0.0,-0.0,0.0,0.0
4269,21.21,0.0,-0.0,-0.0,0.0,0.0,-0.0,-0.0,0.0,0.0
4270,21.48,0.0,-0.0,-0.0,0.0,0.0,-0.0,-0.0,0.0,0.0
4271,22.35,0.0,-0.0,-0.0,0.0,0.0,-0.0,-0.0,0.0,0.0
4272,23.26,0.0,-0.0,-0.0,0.0,0.0,-0.0,-0.0,0.0,0.0
4273,21.84,0.0,-0.0,-0.0,0.0,0.0,-0.0,-0.0,0.0,0.0
4274,16.31,0.0,-0.0,-0.0,0.0,0.0,-0.0,-0.0,0.0,0.0
4275,13.48,0.0,-0.0,-0.0,0.0,0.0,-0.0,-0.0,0.0,0.0
4276,6.53,0.0,-0.0,-0.0,0.0,0.0,-0.0,-0.0,0.0,0.0
4277,17.59,0.0,-0.0,-0.0,0.0,0.0,-0.0,-0.0,0.0,0.0
4278,21.45,0.0,-0.0,-0.0,0.0,0.0,-0.0,-0.0,0.0,0.0
4279,22.83,0.0,-0.0,-0.0,0.0,0.0,-0.0,-0.0,0.0,0.0
4280,35.15,0.0,-0.0,-0.0,0.0,0.0,-0.0,-0.0,0.0,0.0
4281,29.29,0.0,-0.0,-0.0,0.0,0.0,-0.0,-0.0,0.0,0.0
4282,36.71,0.0,-0.0,-0.0,0.0,0.0,-0.0,-0.0,0.0,0.0
4283,37.13,0.0,-0.0,-0.0,0.0,0.0,-0.0,-0.0,0.0,0.0
4284,43.46,0.0,-0.0,-0.0,0.0,0.0,-0.0,-0.0,0.0,0.0
4285,34.49,0.0,0.0,-0.0,-0.0,0.0,0.0,-0.0,0.0,0.0
4286,71.5,0.0,0.0,-0.0,-0.0,0.0,0.0,-0.0,0.0,0.0
4287,73.62,0.0,0.0,-0.0,-0.0,0.0,0.0,-0.0,0.0,0.0
4288,31.33,0.0,-0.0,-0.0,0.0,0.0,-0.0,-0.0,0.0,0.0
4289,26.36,0.0,-0.0,-0.0,0.0,0.0,-0.0,-0.0,0.0,0.0
4290,22.87,0.0,-0.0,-0.0,0.0,0.0,-0.0,-0.0,0.0,0.0
4291,23.19,0.0,-0.0,-0.0,0.0,0.0,-0.0,-0.0,0.0,0.0
4292,23.4,0.0,-0.0,-0.0,0.0,0.0,-0.0,-0.0,0.0,0.0
4293,22.91,0.0,-0.0,-0.0,0.0,0.0,-0.0,-0.0,0.0,0.0
4294,21.56,0.0,-0.0,-0.0,0.0,0.0,-0.0,-0.0,0.0,0.0
4295,21.59,0.0,-0.0,-0.0,0.0,0.0,-0.0,-0.0,0.0,0.0
4296,21.67,0.0,-0.0,-0.0,0.0,0.0,-0.0,-0.0,0.0,0.0
4297,20.53,0.0,-0.0,-0.0,0.0,0.0,-0.0,-0.0,0.0,0.0
4298,15.59,0.0,-0.0,-0.0,0.0,0.0,-0.0,-0.0,0.0,0.0
4299,16.72,0.0,-0.0,-0.0,0.0,0.0,-0.0,-0.0,0.0,0.0
4300,16.77,0.0,-0.0,-0.0,0.0,0.0,-0.0,-0.0,0.0,0.0
4301,19.49,0.0,-0.0,-0.0,0.0,0.0,-0.0,-0.0,0.0,0.0
4302,29.3,0.0,-0.0,-0.0,0.0,0.0,-0.0,-0.0,0.0,0.0
4303,21.77,0.0,-0.0,-0.0,0.0,0.0,-0.0,-0.0,0.0,0.0
4304,22.71,0.0,-0.0,-0.0,0.0,0.0,-0.0,-0.0,0.0,0.0
4305,23.57,0.0,-0.0,-0.0,0.0,0.0,-0.0,-0.0,0.0,0.0
4306,40.28,0.0,-0.0,-0.0,0.0,0.0,-0.0,-0.0,0.0,0.0
4307,38.83,0.0,-0.0,-0.0,0.0,0.0,-0.0,-0.0,0.0,0.0
4308,24.79,0.0,-0.0,-0.0,0.0,0.0,-0.0,-0.0,0.0,0.0
4309,24.42,0.0,-0.0,-0.0,0.0,0.0,-0.0,-0.0,0.0,0.0
4310,29.6,0.0,-0.0,-0.0,0.0,0.0,-0.0,-0.0,0.0,0.0
4311,29.96,0.0,-0.0,-0.0,0.0,0.0,-0.0,-0.0,0.0,0.0
4312,30.01,0.0,-0.0,-0.0,0.0,0.0,-0.0,-0.0,0.0,0.0
4313,23.48,0.0,-0.0,-0.0,0.0,0.0,-0.0,-0.0,0.0,0.0
4314,22.37,0.0,-0.0,-0.0,0.0,0.0,-0.0,-0.0,0.0,0.0
4315,22.9,0.0,-0.0,-0.0,0.0,0.0,-0.0,-0.0,0.0,0.0
4316,21.93,0.0,-0.0,-0.0,0.0,0.0,-0.0,-0.0,0.0,0.0
4317,22.53,0.0,-0.0,-0.0,0.0,0.0,-0.0,-0.0,0.0,0.0
4318,21.87,0.0,-0.0,-0.0,0.0,0.0,-0.0,-0.0,0.0,0.0
4319,24.52,0.0,-0.0,-0.0,0.0,0.0,-0.0,-0.0,0.0,0.0
4320,26.0,0.0,-0.0,-0.0,0.0,0.0,-0.0,-0.0,0.0,0.0
4321,24.51,0.0,-0.0,-0.0,0.0,0.0,-0.0,-0.0,0.0,0.0
4322,21.41,0.0,-0.0,-0.0,0.0,0.0,-0.0,-0.0,0.0,0.0
4323,19.58,0.0,-0.0,-0.0,0.0,0.0,-0.0,-0.0,0.0,0.0
4324,21.99,0.0,-0.0,-0.0,0.0,0.0,-0.0,-0.0,0.0,0.0
4325,25.05,0.0,-0.0,-0.0,0.0,0.0,-0.0,-0.0,0.0,0.0
4326,36.0,0.0,-0.0,-0.0,0.0,0.0,-0.0,-0.0,0.0,0.0
4327,36.66,0.0,-0.0,-0.0,0.0,0.0,-0.0,-0.0,0.0,0.0
4328,57.81,0.0,-0.0,-0.0,0.0,0.0,-0.0,-0.0,0.0,0.0
4329,56.5,0.0,-0.0,-0.0,0.0,0.0,-0.0,-0.0,0.0,0.0
4330,26.37,0.0,-0.0,-0.0,0.0,0.0,-0.0,-0.0,0.0,0.0
4331,33.61,0.0,-0.0,-0.0,0.0,0.0,-0.0,-0.0,0.0,0.0
4332,26.08,0.0,-0.0,-0.0,0.0,0.0,-0.0,-0.0,0.0,0.0
4333,39.04,0.0,-0.0,-0.0,0.0,0.0,-0.0,-0.0,0.0,0.0
4334,26.54,0.0,-0.0,-0.0,0.0,0.0,-0.0,-0.0,0.0,0.0
4335,34.83,0.0,-0.0,-0.0,0.0,0.0,-0.0,-0.0,0.0,0.0
4336,42.7,0.0,-0.0,-0.0,0.0,0.0,-0.0,-0.0,0.0,0.0
4337,34.13,0.0,-0.0,-0.0,0.0,0.0,-0.0,-0.0,0.0,0.0
4338,51.47,0.0,-0.0,-0.0,0.0,0.0,-0.0,-0.0,0.0,0.0
4339,43.25,0.0,-0.0,-0.0,0.0,0.0,-0.0,-0.0,0.0,0.0
4340,29.37,0.0,-0.0,-0.0,0.0,0.0,-0.0,-0.0,0.0,0.0
4341,26.54,0.0,-0.0,-0.0,0.0,0.0,-0.0,-0.0,0.0,0.0
4342,26.41,0.0,-0.0,-0.0,0.0,0.0,-0.0,-0.0,0.0,0.0
4343,26.06,0.0,-0.0,-0.0,0.0,0.0,-0.0,-0.0,0.0,0.0
4344,31.2,0.0,-0.0,-0.0,0.0,0.0,-0.0,-0.0,0.0,0.0
4345,29.56,0.0,-0.0,-0.0,0.0,0.0,-0.0,-0.0,0.0,0.0
4346,28.01,0.0,-0.0,-0.0,0.0,0.0,-0.0,-0.0,0.0,0.0
4347,29.99,0.0,-0.0,-0.0,0.0,0.0,-0.0,-0.0,0.0,0.0
4348,34.46,0.0,-0.0,-0.0,0.0,0.0,-0.0,-0.0,0.0,0.0
4349,34.14,0.0,-0.0,-0.0,0.0,0.0,-0.0,-0.0,0.0,0.0
4350,41.28,0.0,0.0,-0.0,-0.0,0.0,0.0,-0.0,0.0,0.0
4351,37.46,0.0,0.0,-0.0,-0.0,0.0,0.0,-0.0,0.0,0.0
4352,53.54,0.0,0.0,-0.0,-0.0,0.0,0.0,-0.0,0.0,0.0
4353,51.37,0.0,0.0,-0.0,-0.0,0.0,0.0,-0.0,0.0,0.0
4354,53.58,0.0,0.0,-0.0,-0.0,0.0,0.0,-0.0,0.0,0.0
4355,101.3,171.0,1.0,1.0,-0.0,8550.0,2000.0,10000.0,17322.3,-3227.7000000000007
4356,101.57,171.0,1.0,-0.0,-0.0,8550.0,2000.0,-0.0,17368.469999999998,6818.4699999999975
4357,101.52,171.0,1.0,-0.0,0.0,8550.0,2000.0,-0.0,17359.92,6809.919999999998
4358,195.96,171.0,1.0,-0.0,0.0,8550.0,2000.0,-0.0,33509.16,22959.160000000003
4359,340.22,171.0,1.0,-0.0,0.0,8550.0,2000.0,-0.0,58177.62,47627.62
4360,109.55,171.0,1.0,-0.0,0.0,8550.0,2000.0,-0.0,18733.05,8183.049999999999
4361,95.74,171.0,1.0,-0.0,0.0,8550.0,2000.0,-0.0,16371.539999999999,5821.539999999999
4362,81.54,171.0,1.0,-0.0,0.0,8550.0,2000.0,-0.0,13943.340000000002,3393.340000000002
4363,48.72,0.0,-0.0,-0.0,1.0,0.0,-0.0,-0.0,0.0,0.0
4364,44.77,0.0,-0.0,-0.0,0.0,0.0,-0.0,-0.0,0.0,0.0
4365,40.16,0.0,-0.0,-0.0,0.0,0.0,-0.0,-0.0,0.0,0.0
4366,37.57,0.0,-0.0,-0.0,0.0,0.0,-0.0,-0.0,0.0,0.0
4367,41.75,0.0,-0.0,-0.0,0.0,0.0,-0.0,-0.0,0.0,0.0
4368,61.89,0.0,0.0,-0.0,-0.0,0.0,0.0,-0.0,0.0,0.0
4369,52.68,0.0,-0.0,-0.0,0.0,0.0,-0.0,-0.0,0.0,0.0
4370,29.7,0.0,-0.0,-0.0,0.0,0.0,-0.0,-0.0,0.0,0.0
4371,27.61,0.0,-0.0,-0.0,0.0,0.0,-0.0,-0.0,0.0,0.0
4372,25.23,0.0,-0.0,-0.0,0.0,0.0,-0.0,-0.0,0.0,0.0
4373,27.75,0.0,-0.0,-0.0,0.0,0.0,-0.0,-0.0,0.0,0.0
4374,43.15,0.0,-0.0,-0.0,0.0,0.0,-0.0,-0.0,0.0,0.0
4375,36.89,0.0,-0.0,-0.0,0.0,0.0,-0.0,-0.0,0.0,0.0
4376,35.54,0.0,-0.0,-0.0,0.0,0.0,-0.0,-0.0,0.0,0.0
4377,29.53,0.0,-0.0,-0.0,0.0,0.0,-0.0,-0.0,0.0,0.0
4378,31.22,0.0,-0.0,-0.0,0.0,0.0,-0.0,-0.0,0.0,0.0
4379,32.81,0.0,-0.0,-0.0,0.0,0.0,-0.0,-0.0,0.0,0.0
4380,34.72,0.0,-0.0,-0.0,0.0,0.0,-0.0,-0.0,0.0,0.0
4381,36.54,0.0,-0.0,-0.0,0.0,0.0,-0.0,-0.0,0.0,0.0
4382,35.34,0.0,-0.0,-0.0,0.0,0.0,-0.0,-0.0,0.0,0.0
4383,34.62,0.0,-0.0,-0.0,0.0,0.0,-0.0,-0.0,0.0,0.0
4384,37.82,0.0,-0.0,-0.0,0.0,0.0,-0.0,-0.0,0.0,0.0
4385,37.89,0.0,-0.0,-0.0,0.0,0.0,-0.0,-0.0,0.0,0.0
4386,32.75,0.0,-0.0,-0.0,0.0,0.0,-0.0,-0.0,0.0,0.0
4387,34.63,0.0,-0.0,-0.0,0.0,0.0,-0.0,-0.0,0.0,0.0
4388,31.74,0.0,-0.0,-0.0,0.0,0.0,-0.0,-0.0,0.0,0.0
4389,30.95,0.0,-0.0,-0.0,0.0,0.0,-0.0,-0.0,0.0,0.0
4390,29.51,0.0,-0.0,-0.0,0.0,0.0,-0.0,-0.0,0.0,0.0
4391,29.66,0.0,-0.0,-0.0,0.0,0.0,-0.0,-0.0,0.0,0.0
4392,28.65,0.0,-0.0,-0.0,0.0,0.0,-0.0,-0.0,0.0,0.0
4393,29.12,0.0,-0.0,-0.0,0.0,0.0,-0.0,-0.0,0.0,0.0
4394,29.52,0.0,-0.0,-0.0,0.0,0.0,-0.0,-0.0,0.0,0.0
4395,24.08,0.0,-0.0,-0.0,0.0,0.0,-0.0,-0.0,0.0,0.0
4396,24.32,0.0,-0.0,-0.0,0.0,0.0,-0.0,-0.0,0.0,0.0
4397,23.19,0.0,-0.0,-0.0,0.0,0.0,-0.0,-0.0,0.0,0.0
4398,31.91,0.0,-0.0,-0.0,0.0,0.0,-0.0,-0.0,0.0,0.0
4399,26.06,0.0,-0.0,-0.0,0.0,0.0,-0.0,-0.0,0.0,0.0
4400,26.56,0.0,-0.0,-0.0,0.0,0.0,-0.0,-0.0,0.0,0.0
4401,34.09,0.0,-0.0,-0.0,0.0,0.0,-0.0,-0.0,0.0,0.0
4402,37.33,0.0,-0.0,-0.0,0.0,0.0,-0.0,-0.0,0.0,0.0
4403,31.78,0.0,-0.0,-0.0,0.0,0.0,-0.0,-0.0,0.0,0.0
4404,37.88,0.0,-0.0,-0.0,0.0,0.0,-0.0,-0.0,0.0,0.0
4405,30.99,0.0,-0.0,-0.0,0.0,0.0,-0.0,-0.0,0.0,0.0
4406,29.96,0.0,-0.0,-0.0,0.0,0.0,-0.0,-0.0,0.0,0.0
4407,33.4,0.0,-0.0,-0.0,0.0,0.0,-0.0,-0.0,0.0,0.0
4408,35.16,0.0,-0.0,-0.0,0.0,0.0,-0.0,-0.0,0.0,0.0
4409,28.02,0.0,-0.0,-0.0,0.0,0.0,-0.0,-0.0,0.0,0.0
4410,31.52,0.0,-0.0,-0.0,0.0,0.0,-0.0,-0.0,0.0,0.0
4411,28.12,0.0,-0.0,-0.0,0.0,0.0,-0.0,-0.0,0.0,0.0
4412,24.68,0.0,-0.0,-0.0,0.0,0.0,-0.0,-0.0,0.0,0.0
4413,24.37,0.0,-0.0,-0.0,0.0,0.0,-0.0,-0.0,0.0,0.0
4414,24.0,0.0,-0.0,-0.0,0.0,0.0,-0.0,-0.0,0.0,0.0
4415,24.04,0.0,-0.0,-0.0,0.0,0.0,-0.0,-0.0,0.0,0.0
4416,25.65,0.0,-0.0,-0.0,0.0,0.0,-0.0,-0.0,0.0,0.0
4417,25.12,0.0,-0.0,-0.0,0.0,0.0,-0.0,-0.0,0.0,0.0
4418,27.28,0.0,-0.0,-0.0,0.0,0.0,-0.0,-0.0,0.0,0.0
4419,26.76,0.0,-0.0,-0.0,0.0,0.0,-0.0,-0.0,0.0,0.0
4420,23.0,0.0,-0.0,-0.0,0.0,0.0,-0.0,-0.0,0.0,0.0
4421,22.75,0.0,-0.0,-0.0,0.0,0.0,-0.0,-0.0,0.0,0.0
4422,22.69,0.0,-0.0,-0.0,0.0,0.0,-0.0,-0.0,0.0,0.0
4423,23.06,0.0,-0.0,-0.0,0.0,0.0,-0.0,-0.0,0.0,0.0
4424,26.36,0.0,-0.0,-0.0,0.0,0.0,-0.0,-0.0,0.0,0.0
4425,25.71,0.0,-0.0,-0.0,0.0,0.0,-0.0,-0.0,0.0,0.0
4426,30.58,0.0,-0.0,-0.0,0.0,0.0,-0.0,-0.0,0.0,0.0
4427,30.08,0.0,-0.0,-0.0,0.0,0.0,-0.0,-0.0,0.0,0.0
4428,24.01,0.0,-0.0,-0.0,0.0,0.0,-0.0,-0.0,0.0,0.0
4429,24.87,0.0,-0.0,-0.0,0.0,0.0,-0.0,-0.0,0.0,0.0
4430,25.89,0.0,-0.0,-0.0,0.0,0.0,-0.0,-0.0,0.0,0.0
4431,23.27,0.0,-0.0,-0.0,0.0,0.0,-0.0,-0.0,0.0,0.0
4432,21.66,0.0,-0.0,-0.0,0.0,0.0,-0.0,-0.0,0.0,0.0
4433,19.13,0.0,-0.0,-0.0,0.0,0.0,-0.0,-0.0,0.0,0.0
4434,21.11,0.0,-0.0,-0.0,0.0,0.0,-0.0,-0.0,0.0,0.0
4435,23.67,0.0,-0.0,-0.0,0.0,0.0,-0.0,-0.0,0.0,0.0
4436,22.67,0.0,-0.0,-0.0,0.0,0.0,-0.0,-0.0,0.0,0.0
4437,23.24,0.0,-0.0,-0.0,0.0,0.0,-0.0,-0.0,0.0,0.0
4438,25.39,0.0,-0.0,-0.0,0.0,0.0,-0.0,-0.0,0.0,0.0
4439,30.61,0.0,-0.0,-0.0,0.0,0.0,-0.0,-0.0,0.0,0.0
4440,31.66,0.0,-0.0,-0.0,0.0,0.0,-0.0,-0.0,0.0,0.0
4441,33.8,0.0,-0.0,-0.0,0.0,0.0,-0.0,-0.0,0.0,0.0
4442,25.37,0.0,-0.0,-0.0,0.0,0.0,-0.0,-0.0,0.0,0.0
4443,25.31,0.0,-0.0,-0.0,0.0,0.0,-0.0,-0.0,0.0,0.0
4444,26.94,0.0,-0.0,-0.0,0.0,0.0,-0.0,-0.0,0.0,0.0
4445,26.92,0.0,-0.0,-0.0,0.0,0.0,-0.0,-0.0,0.0,0.0
4446,25.49,0.0,-0.0,-0.0,0.0,0.0,-0.0,-0.0,0.0,0.0
4447,23.93,0.0,-0.0,-0.0,0.0,0.0,-0.0,-0.0,0.0,0.0
4448,25.63,0.0,-0.0,-0.0,0.0,0.0,-0.0,-0.0,0.0,0.0
4449,24.36,0.0,-0.0,-0.0,0.0,0.0,-0.0,-0.0,0.0,0.0
4450,22.77,0.0,-0.0,-0.0,0.0,0.0,-0.0,-0.0,0.0,0.0
4451,23.27,0.0,-0.0,-0.0,0.0,0.0,-0.0,-0.0,0.0,0.0
4452,26.65,0.0,-0.0,-0.0,0.0,0.0,-0.0,-0.0,0.0,0.0
4453,25.54,0.0,-0.0,-0.0,0.0,0.0,-0.0,-0.0,0.0,0.0
4454,34.81,0.0,-0.0,-0.0,0.0,0.0,-0.0,-0.0,0.0,0.0
4455,44.06,0.0,-0.0,-0.0,0.0,0.0,-0.0,-0.0,0.0,0.0
4456,45.02,0.0,-0.0,-0.0,0.0,0.0,-0.0,-0.0,0.0,0.0
4457,37.7,0.0,-0.0,-0.0,0.0,0.0,-0.0,-0.0,0.0,0.0
4458,32.2,0.0,-0.0,-0.0,0.0,0.0,-0.0,-0.0,0.0,0.0
4459,27.33,0.0,-0.0,-0.0,0.0,0.0,-0.0,-0.0,0.0,0.0
4460,28.52,0.0,-0.0,-0.0,0.0,0.0,-0.0,-0.0,0.0,0.0
4461,28.05,0.0,-0.0,-0.0,0.0,0.0,-0.0,-0.0,0.0,0.0
4462,27.64,0.0,-0.0,-0.0,0.0,0.0,-0.0,-0.0,0.0,0.0
4463,28.71,0.0,-0.0,-0.0,0.0,0.0,-0.0,-0.0,0.0,0.0
4464,26.0,0.0,-0.0,-0.0,0.0,0.0,-0.0,-0.0,0.0,0.0
4465,24.31,0.0,-0.0,-0.0,0.0,0.0,-0.0,-0.0,0.0,0.0
4466,23.34,0.0,-0.0,-0.0,0.0,0.0,-0.0,-0.0,0.0,0.0
4467,23.15,0.0,-0.0,-0.0,0.0,0.0,-0.0,-0.0,0.0,0.0
4468,22.74,0.0,-0.0,-0.0,0.0,0.0,-0.0,-0.0,0.0,0.0
4469,22.88,0.0,-0.0,-0.0,0.0,0.0,-0.0,-0.0,0.0,0.0
4470,21.59,0.0,-0.0,-0.0,0.0,0.0,-0.0,-0.0,0.0,0.0
4471,23.34,0.0,-0.0,-0.0,0.0,0.0,-0.0,-0.0,0.0,0.0
4472,21.21,0.0,-0.0,-0.0,0.0,0.0,-0.0,-0.0,0.0,0.0
4473,22.68,0.0,-0.0,-0.0,0.0,0.0,-0.0,-0.0,0.0,0.0
4474,21.49,0.0,-0.0,-0.0,0.0,0.0,-0.0,-0.0,0.0,0.0
4475,24.94,0.0,-0.0,-0.0,0.0,0.0,-0.0,-0.0,0.0,0.0
4476,22.92,0.0,-0.0,-0.0,0.0,0.0,-0.0,-0.0,0.0,0.0
4477,31.08,0.0,0.0,-0.0,-0.0,0.0,0.0,-0.0,0.0,0.0
4478,53.27,0.0,0.0,-0.0,-0.0,0.0,0.0,-0.0,0.0,0.0
4479,83.25,0.0,0.0,-0.0,-0.0,0.0,0.0,-0.0,0.0,0.0
4480,75.03,0.0,0.0,-0.0,-0.0,0.0,0.0,-0.0,0.0,0.0
4481,34.18,0.0,-0.0,-0.0,0.0,0.0,-0.0,-0.0,0.0,0.0
4482,28.06,0.0,-0.0,-0.0,0.0,0.0,-0.0,-0.0,0.0,0.0
4483,25.54,0.0,-0.0,-0.0,0.0,0.0,-0.0,-0.0,0.0,0.0
4484,25.68,0.0,-0.0,-0.0,0.0,0.0,-0.0,-0.0,0.0,0.0
4485,26.25,0.0,-0.0,-0.0,0.0,0.0,-0.0,-0.0,0.0,0.0
4486,27.05,0.0,-0.0,-0.0,0.0,0.0,-0.0,-0.0,0.0,0.0
4487,30.44,0.0,-0.0,-0.0,0.0,0.0,-0.0,-0.0,0.0,0.0
4488,38.1,0.0,-0.0,-0.0,0.0,0.0,-0.0,-0.0,0.0,0.0
4489,26.37,0.0,-0.0,-0.0,0.0,0.0,-0.0,-0.0,0.0,0.0
4490,23.65,0.0,-0.0,-0.0,0.0,0.0,-0.0,-0.0,0.0,0.0
4491,22.75,0.0,-0.0,-0.0,0.0,0.0,-0.0,-0.0,0.0,0.0
4492,22.49,0.0,-0.0,-0.0,0.0,0.0,-0.0,-0.0,0.0,0.0
4493,23.59,0.0,-0.0,-0.0,0.0,0.0,-0.0,-0.0,0.0,0.0
4494,23.42,0.0,-0.0,-0.0,0.0,0.0,-0.0,-0.0,0.0,0.0
4495,25.62,0.0,-0.0,-0.0,0.0,0.0,-0.0,-0.0,0.0,0.0
4496,36.7,0.0,-0.0,-0.0,0.0,0.0,-0.0,-0.0,0.0,0.0
4497,25.26,0.0,-0.0,-0.0,0.0,0.0,-0.0,-0.0,0.0,0.0
4498,36.65,0.0,-0.0,-0.0,0.0,0.0,-0.0,-0.0,0.0,0.0
4499,24.89,0.0,-0.0,-0.0,0.0,0.0,-0.0,-0.0,0.0,0.0
4500,29.39,0.0,-0.0,-0.0,0.0,0.0,-0.0,-0.0,0.0,0.0
4501,47.03,0.0,0.0,-0.0,-0.0,0.0,0.0,-0.0,0.0,0.0
4502,74.77,0.0,0.0,-0.0,-0.0,0.0,0.0,-0.0,0.0,0.0
4503,55.56,0.0,-0.0,-0.0,0.0,0.0,-0.0,-0.0,0.0,0.0
4504,35.28,0.0,-0.0,-0.0,0.0,0.0,-0.0,-0.0,0.0,0.0
4505,27.44,0.0,-0.0,-0.0,0.0,0.0,-0.0,-0.0,0.0,0.0
4506,25.94,0.0,-0.0,-0.0,0.0,0.0,-0.0,-0.0,0.0,0.0
4507,27.86,0.0,-0.0,-0.0,0.0,0.0,-0.0,-0.0,0.0,0.0
4508,24.65,0.0,-0.0,-0.0,0.0,0.0,-0.0,-0.0,0.0,0.0
4509,23.1,0.0,-0.0,-0.0,0.0,0.0,-0.0,-0.0,0.0,0.0
4510,24.05,0.0,-0.0,-0.0,0.0,0.0,-0.0,-0.0,0.0,0.0
4511,23.0,0.0,-0.0,-0.0,0.0,0.0,-0.0,-0.0,0.0,0.0
4512,24.57,0.0,-0.0,-0.0,0.0,0.0,-0.0,-0.0,0.0,0.0
4513,25.06,0.0,-0.0,-0.0,0.0,0.0,-0.0,-0.0,0.0,0.0
4514,27.16,0.0,-0.0,-0.0,0.0,0.0,-0.0,-0.0,0.0,0.0
4515,22.91,0.0,-0.0,-0.0,0.0,0.0,-0.0,-0.0,0.0,0.0
4516,20.78,0.0,-0.0,-0.0,0.0,0.0,-0.0,-0.0,0.0,0.0
4517,23.48,0.0,-0.0,-0.0,0.0,0.0,-0.0,-0.0,0.0,0.0
4518,31.29,0.0,-0.0,-0.0,0.0,0.0,-0.0,-0.0,0.0,0.0
4519,39.44,0.0,0.0,-0.0,-0.0,0.0,0.0,-0.0,0.0,0.0
4520,36.36,0.0,0.0,-0.0,-0.0,0.0,0.0,-0.0,0.0,0.0
4521,52.17,0.0,0.0,-0.0,-0.0,0.0,0.0,-0.0,0.0,0.0
4522,70.87,171.0,1.0,1.0,-0.0,8550.0,2000.0,10000.0,12118.77,-8431.23
4523,144.37,171.0,1.0,-0.0,-0.0,8550.0,2000.0,-0.0,24687.27,14137.27
4524,77.83,171.0,1.0,-0.0,0.0,8550.0,2000.0,-0.0,13308.93,2758.9300000000003
4525,83.62,171.0,1.0,-0.0,0.0,8550.0,2000.0,-0.0,14299.02,3749.0200000000004
4526,66.77,171.0,1.0,-0.0,0.0,8550.0,2000.0,-0.0,11417.67,867.6700000000001
4527,58.01,0.0,-0.0,-0.0,1.0,0.0,-0.0,-0.0,0.0,0.0
4528,33.45,0.0,-0.0,-0.0,0.0,0.0,-0.0,-0.0,0.0,0.0
4529,24.53,0.0,-0.0,-0.0,0.0,0.0,-0.0,-0.0,0.0,0.0
4530,23.27,0.0,-0.0,-0.0,0.0,0.0,-0.0,-0.0,0.0,0.0
4531,20.47,0.0,-0.0,-0.0,0.0,0.0,-0.0,-0.0,0.0,0.0
4532,16.38,0.0,-0.0,-0.0,0.0,0.0,-0.0,-0.0,0.0,0.0
4533,15.78,0.0,-0.0,-0.0,0.0,0.0,-0.0,-0.0,0.0,0.0
4534,19.1,0.0,-0.0,-0.0,0.0,0.0,-0.0,-0.0,0.0,0.0
4535,21.99,0.0,-0.0,-0.0,0.0,0.0,-0.0,-0.0,0.0,0.0
4536,23.02,0.0,-0.0,-0.0,0.0,0.0,-0.0,-0.0,0.0,0.0
4537,22.19,0.0,-0.0,-0.0,0.0,0.0,-0.0,-0.0,0.0,0.0
4538,22.23,0.0,-0.0,-0.0,0.0,0.0,-0.0,-0.0,0.0,0.0
4539,25.12,0.0,-0.0,-0.0,0.0,0.0,-0.0,-0.0,0.0,0.0
4540,29.97,0.0,-0.0,-0.0,0.0,0.0,-0.0,-0.0,0.0,0.0
4541,39.83,0.0,-0.0,-0.0,0.0,0.0,-0.0,-0.0,0.0,0.0
4542,42.73,0.0,-0.0,-0.0,0.0,0.0,-0.0,-0.0,0.0,0.0
4543,41.31,0.0,-0.0,-0.0,0.0,0.0,-0.0,-0.0,0.0,0.0
4544,36.58,0.0,-0.0,-0.0,0.0,0.0,-0.0,-0.0,0.0,0.0
4545,48.31,0.0,0.0,-0.0,-0.0,0.0,0.0,-0.0,0.0,0.0
4546,48.05,0.0,0.0,-0.0,-0.0,0.0,0.0,-0.0,0.0,0.0
4547,71.62,0.0,0.0,-0.0,-0.0,0.0,0.0,-0.0,0.0,0.0
4548,59.97,0.0,0.0,-0.0,-0.0,0.0,0.0,-0.0,0.0,0.0
4549,61.47,0.0,0.0,-0.0,-0.0,0.0,0.0,-0.0,0.0,0.0
4550,75.16,0.0,0.0,-0.0,-0.0,0.0,0.0,-0.0,0.0,0.0
4551,76.48,0.0,0.0,-0.0,-0.0,0.0,0.0,-0.0,0.0,0.0
4552,35.89,0.0,-0.0,-0.0,0.0,0.0,-0.0,-0.0,0.0,0.0
4553,26.73,0.0,-0.0,-0.0,0.0,0.0,-0.0,-0.0,0.0,0.0
4554,23.73,0.0,-0.0,-0.0,0.0,0.0,-0.0,-0.0,0.0,0.0
4555,24.21,0.0,-0.0,-0.0,0.0,0.0,-0.0,-0.0,0.0,0.0
4556,22.5,0.0,-0.0,-0.0,0.0,0.0,-0.0,-0.0,0.0,0.0
4557,21.55,0.0,-0.0,-0.0,0.0,0.0,-0.0,-0.0,0.0,0.0
4558,22.09,0.0,-0.0,-0.0,0.0,0.0,-0.0,-0.0,0.0,0.0
4559,22.3,0.0,-0.0,-0.0,0.0,0.0,-0.0,-0.0,0.0,0.0
4560,22.93,0.0,-0.0,-0.0,0.0,0.0,-0.0,-0.0,0.0,0.0
4561,22.45,0.0,-0.0,-0.0,0.0,0.0,-0.0,-0.0,0.0,0.0
4562,18.35,0.0,-0.0,-0.0,0.0,0.0,-0.0,-0.0,0.0,0.0
4563,14.39,0.0,-0.0,-0.0,0.0,0.0,-0.0,-0.0,0.0,0.0
4564,11.01,0.0,-0.0,-0.0,0.0,0.0,-0.0,-0.0,0.0,0.0
4565,18.29,0.0,-0.0,-0.0,0.0,0.0,-0.0,-0.0,0.0,0.0
4566,20.38,0.0,-0.0,-0.0,0.0,0.0,-0.0,-0.0,0.0,0.0
4567,21.33,0.0,-0.0,-0.0,0.0,0.0,-0.0,-0.0,0.0,0.0
4568,15.74,0.0,-0.0,-0.0,0.0,0.0,-0.0,-0.0,0.0,0.0
4569,22.06,0.0,-0.0,-0.0,0.0,0.0,-0.0,-0.0,0.0,0.0
4570,18.1,0.0,-0.0,-0.0,0.0,0.0,-0.0,-0.0,0.0,0.0
4571,22.74,0.0,-0.0,-0.0,0.0,0.0,-0.0,-0.0,0.0,0.0
4572,21.79,0.0,-0.0,-0.0,0.0,0.0,-0.0,-0.0,0.0,0.0
4573,36.76,0.0,-0.0,-0.0,0.0,0.0,-0.0,-0.0,0.0,0.0
4574,77.51,0.0,0.0,-0.0,-0.0,0.0,0.0,-0.0,0.0,0.0
4575,43.74,0.0,-0.0,-0.0,0.0,0.0,-0.0,-0.0,0.0,0.0
4576,24.8,0.0,-0.0,-0.0,0.0,0.0,-0.0,-0.0,0.0,0.0
4577,21.99,0.0,-0.0,-0.0,0.0,0.0,-0.0,-0.0,0.0,0.0
4578,21.58,0.0,-0.0,-0.0,0.0,0.0,-0.0,-0.0,0.0,0.0
4579,22.05,0.0,-0.0,-0.0,0.0,0.0,-0.0,-0.0,0.0,0.0
4580,21.59,0.0,-0.0,-0.0,0.0,0.0,-0.0,-0.0,0.0,0.0
4581,21.43,0.0,-0.0,-0.0,0.0,0.0,-0.0,-0.0,0.0,0.0
4582,22.5,0.0,-0.0,-0.0,0.0,0.0,-0.0,-0.0,0.0,0.0
4583,24.32,0.0,-0.0,-0.0,0.0,0.0,-0.0,-0.0,0.0,0.0
4584,27.75,0.0,-0.0,-0.0,0.0,0.0,-0.0,-0.0,0.0,0.0
4585,24.83,0.0,-0.0,-0.0,0.0,0.0,-0.0,-0.0,0.0,0.0
4586,20.8,0.0,-0.0,-0.0,0.0,0.0,-0.0,-0.0,0.0,0.0
4587,14.84,0.0,-0.0,-0.0,0.0,0.0,-0.0,-0.0,0.0,0.0
4588,15.38,0.0,-0.0,-0.0,0.0,0.0,-0.0,-0.0,0.0,0.0
4589,20.08,0.0,-0.0,-0.0,0.0,0.0,-0.0,-0.0,0.0,0.0
4590,25.44,0.0,-0.0,-0.0,0.0,0.0,-0.0,-0.0,0.0,0.0
4591,45.63,0.0,-0.0,-0.0,0.0,0.0,-0.0,-0.0,0.0,0.0
4592,25.4,0.0,-0.0,-0.0,0.0,0.0,-0.0,-0.0,0.0,0.0
4593,25.91,0.0,-0.0,-0.0,0.0,0.0,-0.0,-0.0,0.0,0.0
4594,38.19,0.0,0.0,-0.0,-0.0,0.0,0.0,-0.0,0.0,0.0
4595,33.81,0.0,0.0,-0.0,-0.0,0.0,0.0,-0.0,0.0,0.0
4596,26.66,0.0,0.0,-0.0,-0.0,0.0,0.0,-0.0,0.0,0.0
4597,45.67,68.0,1.0,1.0,-0.0,3400.0,2000.0,10000.0,3105.56,-12294.44
4598,91.38,171.0,1.0,0.0,-0.0,8550.0,2000.0,0.0,15625.98,5075.98
4599,1757.21,171.0,1.0,-0.0,-0.0,8550.0,2000.0,-0.0,300482.91000000003,289932.91000000003
4600,50.86,171.0,1.0,-0.0,0.0,8550.0,2000.0,-0.0,8697.06,-1852.9400000000005
4601,28.18,0.0,-0.0,-0.0,1.0,0.0,-0.0,-0.0,0.0,0.0
4602,25.94,0.0,-0.0,-0.0,0.0,0.0,-0.0,-0.0,0.0,0.0
4603,26.29,0.0,-0.0,-0.0,0.0,0.0,-0.0,-0.0,0.0,0.0
4604,25.24,0.0,-0.0,-0.0,0.0,0.0,-0.0,-0.0,0.0,0.0
4605,22.5,0.0,-0.0,-0.0,0.0,0.0,-0.0,-0.0,0.0,0.0
4606,27.55,0.0,-0.0,-0.0,0.0,0.0,-0.0,-0.0,0.0,0.0
4607,61.86,0.0,0.0,-0.0,-0.0,0.0,0.0,-0.0,0.0,0.0
4608,35.84,0.0,-0.0,-0.0,0.0,0.0,-0.0,-0.0,0.0,0.0
4609,30.35,0.0,-0.0,-0.0,0.0,0.0,-0.0,-0.0,0.0,0.0
4610,40.03,0.0,-0.0,-0.0,0.0,0.0,-0.0,-0.0,0.0,0.0
4611,36.57,0.0,-0.0,-0.0,0.0,0.0,-0.0,-0.0,0.0,0.0
4612,30.69,0.0,-0.0,-0.0,0.0,0.0,-0.0,-0.0,0.0,0.0
4613,35.09,0.0,0.0,-0.0,-0.0,0.0,0.0,-0.0,0.0,0.0
4614,45.19,0.0,0.0,-0.0,-0.0,0.0,0.0,-0.0,0.0,0.0
4615,42.88,0.0,0.0,-0.0,-0.0,0.0,0.0,-0.0,0.0,0.0
4616,83.23,171.0,1.0,1.0,-0.0,8550.0,2000.0,10000.0,14232.33,-6317.67
4617,106.91,171.0,1.0,-0.0,-0.0,8550.0,2000.0,-0.0,18281.61,7731.610000000001
4618,72.6,171.0,1.0,-0.0,0.0,8550.0,2000.0,-0.0,12414.599999999999,1864.5999999999985
4619,109.19,171.0,1.0,-0.0,0.0,8550.0,2000.0,-0.0,18671.489999999998,8121.489999999998
4620,119.12,171.0,1.0,-0.0,0.0,8550.0,2000.0,-0.0,20369.52,9819.52
4621,102.85,171.0,1.0,-0.0,0.0,8550.0,2000.0,-0.0,17587.35,7037.3499999999985
4622,182.86,171.0,1.0,-0.0,0.0,8550.0,2000.0,-0.0,31269.06,20719.06
4623,103.83,171.0,1.0,-0.0,0.0,8550.0,2000.0,-0.0,17754.93,7204.93
4624,228.87,171.0,1.0,-0.0,0.0,8550.0,2000.0,-0.0,39136.770000000004,28586.770000000004
4625,101.43,171.0,1.0,-0.0,0.0,8550.0,2000.0,-0.0,17344.530000000002,6794.5300000000025
4626,45.26,0.0,-0.0,-0.0,1.0,0.0,-0.0,-0.0,0.0,0.0
4627,42.9,0.0,-0.0,-0.0,0.0,0.0,-0.0,-0.0,0.0,0.0
4628,37.27,0.0,-0.0,-0.0,0.0,0.0,-0.0,-0.0,0.0,0.0
4629,34.06,0.0,-0.0,-0.0,0.0,0.0,-0.0,-0.0,0.0,0.0
4630,29.32,0.0,-0.0,-0.0,0.0,0.0,-0.0,-0.0,0.0,0.0
4631,29.94,0.0,-0.0,-0.0,0.0,0.0,-0.0,-0.0,0.0,0.0
4632,35.0,0.0,-0.0,-0.0,0.0,0.0,-0.0,-0.0,0.0,0.0
4633,29.63,0.0,-0.0,-0.0,0.0,0.0,-0.0,-0.0,0.0,0.0
4634,24.7,0.0,-0.0,-0.0,0.0,0.0,-0.0,-0.0,0.0,0.0
4635,18.06,0.0,-0.0,-0.0,0.0,0.0,-0.0,-0.0,0.0,0.0
4636,16.72,0.0,-0.0,-0.0,0.0,0.0,-0.0,-0.0,0.0,0.0
4637,19.42,0.0,-0.0,-0.0,0.0,0.0,-0.0,-0.0,0.0,0.0
4638,21.26,0.0,-0.0,-0.0,0.0,0.0,-0.0,-0.0,0.0,0.0
4639,24.69,0.0,-0.0,-0.0,0.0,0.0,-0.0,-0.0,0.0,0.0
4640,41.3,0.0,-0.0,-0.0,0.0,0.0,-0.0,-0.0,0.0,0.0
4641,41.41,0.0,-0.0,-0.0,0.0,0.0,-0.0,-0.0,0.0,0.0
4642,56.26,0.0,0.0,-0.0,-0.0,0.0,0.0,-0.0,0.0,0.0
4643,76.41,0.0,0.0,-0.0,-0.0,0.0,0.0,-0.0,0.0,0.0
4644,59.38,0.0,-0.0,-0.0,0.0,0.0,-0.0,-0.0,0.0,0.0
4645,61.64,0.0,-0.0,-0.0,0.0,0.0,-0.0,-0.0,0.0,0.0
4646,51.81,0.0,-0.0,-0.0,0.0,0.0,-0.0,-0.0,0.0,0.0
4647,44.93,0.0,-0.0,-0.0,0.0,0.0,-0.0,-0.0,0.0,0.0
4648,33.23,0.0,-0.0,-0.0,0.0,0.0,-0.0,-0.0,0.0,0.0
4649,31.36,0.0,-0.0,-0.0,0.0,0.0,-0.0,-0.0,0.0,0.0
4650,27.83,0.0,-0.0,-0.0,0.0,0.0,-0.0,-0.0,0.0,0.0
4651,26.63,0.0,-0.0,-0.0,0.0,0.0,-0.0,-0.0,0.0,0.0
4652,25.59,0.0,-0.0,-0.0,0.0,0.0,-0.0,-0.0,0.0,0.0
4653,26.1,0.0,-0.0,-0.0,0.0,0.0,-0.0,-0.0,0.0,0.0
4654,27.26,0.0,-0.0,-0.0,0.0,0.0,-0.0,-0.0,0.0,0.0
4655,33.27,0.0,-0.0,-0.0,0.0,0.0,-0.0,-0.0,0.0,0.0
4656,48.47,0.0,-0.0,-0.0,0.0,0.0,-0.0,-0.0,0.0,0.0
4657,49.76,0.0,-0.0,-0.0,0.0,0.0,-0.0,-0.0,0.0,0.0
4658,31.71,0.0,-0.0,-0.0,0.0,0.0,-0.0,-0.0,0.0,0.0
4659,25.05,0.0,-0.0,-0.0,0.0,0.0,-0.0,-0.0,0.0,0.0
4660,22.55,0.0,-0.0,-0.0,0.0,0.0,-0.0,-0.0,0.0,0.0
4661,21.65,0.0,-0.0,-0.0,0.0,0.0,-0.0,-0.0,0.0,0.0
4662,22.03,0.0,-0.0,-0.0,0.0,0.0,-0.0,-0.0,0.0,0.0
4663,22.44,0.0,-0.0,-0.0,0.0,0.0,-0.0,-0.0,0.0,0.0
4664,21.91,0.0,-0.0,-0.0,0.0,0.0,-0.0,-0.0,0.0,0.0
4665,21.14,0.0,-0.0,-0.0,0.0,0.0,-0.0,-0.0,0.0,0.0
4666,23.47,0.0,-0.0,-0.0,0.0,0.0,-0.0,-0.0,0.0,0.0
4667,26.54,0.0,-0.0,-0.0,0.0,0.0,-0.0,-0.0,0.0,0.0
4668,30.22,0.0,-0.0,-0.0,0.0,0.0,-0.0,-0.0,0.0,0.0
4669,42.81,0.0,-0.0,-0.0,0.0,0.0,-0.0,-0.0,0.0,0.0
4670,59.23,0.0,-0.0,-0.0,0.0,0.0,-0.0,-0.0,0.0,0.0
4671,50.24,0.0,-0.0,-0.0,0.0,0.0,-0.0,-0.0,0.0,0.0
4672,37.61,0.0,-0.0,-0.0,0.0,0.0,-0.0,-0.0,0.0,0.0
4673,33.32,0.0,-0.0,-0.0,0.0,0.0,-0.0,-0.0,0.0,0.0
4674,35.64,0.0,-0.0,-0.0,0.0,0.0,-0.0,-0.0,0.0,0.0
4675,23.72,0.0,-0.0,-0.0,0.0,0.0,-0.0,-0.0,0.0,0.0
4676,21.85,0.0,-0.0,-0.0,0.0,0.0,-0.0,-0.0,0.0,0.0
4677,21.95,0.0,-0.0,-0.0,0.0,0.0,-0.0,-0.0,0.0,0.0
4678,20.55,0.0,-0.0,-0.0,0.0,0.0,-0.0,-0.0,0.0,0.0
4679,22.59,0.0,-0.0,-0.0,0.0,0.0,-0.0,-0.0,0.0,0.0
4680,23.69,0.0,-0.0,-0.0,0.0,0.0,-0.0,-0.0,0.0,0.0
4681,22.48,0.0,-0.0,-0.0,0.0,0.0,-0.0,-0.0,0.0,0.0
4682,20.17,0.0,-0.0,-0.0,0.0,0.0,-0.0,-0.0,0.0,0.0
4683,16.32,0.0,-0.0,-0.0,0.0,0.0,-0.0,-0.0,0.0,0.0
4684,14.81,0.0,-0.0,-0.0,0.0,0.0,-0.0,-0.0,0.0,0.0
4685,14.94,0.0,-0.0,-0.0,0.0,0.0,-0.0,-0.0,0.0,0.0
4686,16.28,0.0,-0.0,-0.0,0.0,0.0,-0.0,-0.0,0.0,0.0
4687,16.69,0.0,-0.0,-0.0,0.0,0.0,-0.0,-0.0,0.0,0.0
4688,17.96,0.0,-0.0,-0.0,0.0,0.0,-0.0,-0.0,0.0,0.0
4689,16.01,0.0,-0.0,-0.0,0.0,0.0,-0.0,-0.0,0.0,0.0
4690,19.98,0.0,-0.0,-0.0,0.0,0.0,-0.0,-0.0,0.0,0.0
4691,19.89,0.0,-0.0,-0.0,0.0,0.0,-0.0,-0.0,0.0,0.0
4692,19.86,0.0,-0.0,-0.0,0.0,0.0,-0.0,-0.0,0.0,0.0
4693,27.1,0.0,-0.0,-0.0,0.0,0.0,-0.0,-0.0,0.0,0.0
4694,36.3,0.0,-0.0,-0.0,0.0,0.0,-0.0,-0.0,0.0,0.0
4695,30.97,0.0,-0.0,-0.0,0.0,0.0,-0.0,-0.0,0.0,0.0
4696,29.0,0.0,-0.0,-0.0,0.0,0.0,-0.0,-0.0,0.0,0.0
4697,22.35,0.0,-0.0,-0.0,0.0,0.0,-0.0,-0.0,0.0,0.0
4698,20.47,0.0,-0.0,-0.0,0.0,0.0,-0.0,-0.0,0.0,0.0
4699,19.8,0.0,-0.0,-0.0,0.0,0.0,-0.0,-0.0,0.0,0.0
4700,20.3,0.0,-0.0,-0.0,0.0,0.0,-0.0,-0.0,0.0,0.0
4701,19.72,0.0,-0.0,-0.0,0.0,0.0,-0.0,-0.0,0.0,0.0
4702,19.83,0.0,-0.0,-0.0,0.0,0.0,-0.0,-0.0,0.0,0.0
4703,20.41,0.0,-0.0,-0.0,0.0,0.0,-0.0,-0.0,0.0,0.0
4704,21.29,0.0,-0.0,-0.0,0.0,0.0,-0.0,-0.0,0.0,0.0
4705,22.73,0.0,-0.0,-0.0,0.0,0.0,-0.0,-0.0,0.0,0.0
4706,15.71,0.0,-0.0,-0.0,0.0,0.0,-0.0,-0.0,0.0,0.0
4707,10.73,0.0,-0.0,-0.0,0.0,0.0,-0.0,-0.0,0.0,0.0
4708,8.89,0.0,-0.0,-0.0,0.0,0.0,-0.0,-0.0,0.0,0.0
4709,13.75,0.0,-0.0,-0.0,0.0,0.0,-0.0,-0.0,0.0,0.0
4710,16.41,0.0,-0.0,-0.0,0.0,0.0,-0.0,-0.0,0.0,0.0
4711,26.91,0.0,-0.0,-0.0,0.0,0.0,-0.0,-0.0,0.0,0.0
4712,23.08,0.0,-0.0,-0.0,0.0,0.0,-0.0,-0.0,0.0,0.0
4713,22.8,0.0,-0.0,-0.0,0.0,0.0,-0.0,-0.0,0.0,0.0
4714,21.82,0.0,-0.0,-0.0,0.0,0.0,-0.0,-0.0,0.0,0.0
4715,21.52,0.0,-0.0,-0.0,0.0,0.0,-0.0,-0.0,0.0,0.0
4716,20.29,0.0,-0.0,-0.0,0.0,0.0,-0.0,-0.0,0.0,0.0
4717,27.21,0.0,-0.0,-0.0,0.0,0.0,-0.0,-0.0,0.0,0.0
4718,38.8,0.0,-0.0,-0.0,0.0,0.0,-0.0,-0.0,0.0,0.0
4719,40.02,0.0,-0.0,-0.0,0.0,0.0,-0.0,-0.0,0.0,0.0
4720,33.17,0.0,-0.0,-0.0,0.0,0.0,-0.0,-0.0,0.0,0.0
4721,29.03,0.0,-0.0,-0.0,0.0,0.0,-0.0,-0.0,0.0,0.0
4722,23.4,0.0,-0.0,-0.0,0.0,0.0,-0.0,-0.0,0.0,0.0
4723,23.17,0.0,-0.0,-0.0,0.0,0.0,-0.0,-0.0,0.0,0.0
4724,22.72,0.0,-0.0,-0.0,0.0,0.0,-0.0,-0.0,0.0,0.0
4725,21.58,0.0,-0.0,-0.0,0.0,0.0,-0.0,-0.0,0.0,0.0
4726,21.77,0.0,-0.0,-0.0,0.0,0.0,-0.0,-0.0,0.0,0.0
4727,21.44,0.0,-0.0,-0.0,0.0,0.0,-0.0,-0.0,0.0,0.0
4728,23.38,0.0,-0.0,-0.0,0.0,0.0,-0.0,-0.0,0.0,0.0
4729,22.26,0.0,-0.0,-0.0,0.0,0.0,-0.0,-0.0,0.0,0.0
4730,19.5,0.0,-0.0,-0.0,0.0,0.0,-0.0,-0.0,0.0,0.0
4731,17.49,0.0,-0.0,-0.0,0.0,0.0,-0.0,-0.0,0.0,0.0
4732,18.56,0.0,-0.0,-0.0,0.0,0.0,-0.0,-0.0,0.0,0.0
4733,22.42,0.0,-0.0,-0.0,0.0,0.0,-0.0,-0.0,0.0,0.0
4734,24.87,0.0,-0.0,-0.0,0.0,0.0,-0.0,-0.0,0.0,0.0
4735,27.0,0.0,-0.0,-0.0,0.0,0.0,-0.0,-0.0,0.0,0.0
4736,33.89,0.0,-0.0,-0.0,0.0,0.0,-0.0,-0.0,0.0,0.0
4737,25.21,0.0,-0.0,-0.0,0.0,0.0,-0.0,-0.0,0.0,0.0
4738,22.14,0.0,-0.0,-0.0,0.0,0.0,-0.0,-0.0,0.0,0.0
4739,21.79,0.0,-0.0,-0.0,0.0,0.0,-0.0,-0.0,0.0,0.0
4740,22.96,0.0,-0.0,-0.0,0.0,0.0,-0.0,-0.0,0.0,0.0
4741,34.6,0.0,-0.0,-0.0,0.0,0.0,-0.0,-0.0,0.0,0.0
4742,45.16,0.0,-0.0,-0.0,0.0,0.0,-0.0,-0.0,0.0,0.0
4743,53.84,0.0,-0.0,-0.0,0.0,0.0,-0.0,-0.0,0.0,0.0
4744,39.85,0.0,-0.0,-0.0,0.0,0.0,-0.0,-0.0,0.0,0.0
4745,27.62,0.0,-0.0,-0.0,0.0,0.0,-0.0,-0.0,0.0,0.0
4746,23.08,0.0,-0.0,-0.0,0.0,0.0,-0.0,-0.0,0.0,0.0
4747,22.7,0.0,-0.0,-0.0,0.0,0.0,-0.0,-0.0,0.0,0.0
4748,21.38,0.0,-0.0,-0.0,0.0,0.0,-0.0,-0.0,0.0,0.0
4749,20.88,0.0,-0.0,-0.0,0.0,0.0,-0.0,-0.0,0.0,0.0
4750,21.63,0.0,-0.0,-0.0,0.0,0.0,-0.0,-0.0,0.0,0.0
4751,22.15,0.0,-0.0,-0.0,0.0,0.0,-0.0,-0.0,0.0,0.0
4752,27.35,0.0,-0.0,-0.0,0.0,0.0,-0.0,-0.0,0.0,0.0
4753,30.28,0.0,-0.0,-0.0,0.0,0.0,-0.0,-0.0,0.0,0.0
4754,25.59,0.0,-0.0,-0.0,0.0,0.0,-0.0,-0.0,0.0,0.0
4755,24.63,0.0,-0.0,-0.0,0.0,0.0,-0.0,-0.0,0.0,0.0
4756,22.34,0.0,-0.0,-0.0,0.0,0.0,-0.0,-0.0,0.0,0.0
4757,22.37,0.0,-0.0,-0.0,0.0,0.0,-0.0,-0.0,0.0,0.0
4758,21.63,0.0,-0.0,-0.0,0.0,0.0,-0.0,-0.0,0.0,0.0
4759,29.84,0.0,-0.0,-0.0,0.0,0.0,-0.0,-0.0,0.0,0.0
4760,25.29,0.0,-0.0,-0.0,0.0,0.0,-0.0,-0.0,0.0,0.0
4761,23.81,0.0,-0.0,-0.0,0.0,0.0,-0.0,-0.0,0.0,0.0
4762,26.17,0.0,-0.0,-0.0,0.0,0.0,-0.0,-0.0,0.0,0.0
4763,35.06,0.0,-0.0,-0.0,0.0,0.0,-0.0,-0.0,0.0,0.0
4764,40.81,0.0,-0.0,-0.0,0.0,0.0,-0.0,-0.0,0.0,0.0
4765,49.05,0.0,-0.0,-0.0,0.0,0.0,-0.0,-0.0,0.0,0.0
4766,46.57,0.0,-0.0,-0.0,0.0,0.0,-0.0,-0.0,0.0,0.0
4767,34.12,0.0,-0.0,-0.0,0.0,0.0,-0.0,-0.0,0.0,0.0
4768,28.87,0.0,-0.0,-0.0,0.0,0.0,-0.0,-0.0,0.0,0.0
4769,23.13,0.0,-0.0,-0.0,0.0,0.0,-0.0,-0.0,0.0,0.0
4770,22.95,0.0,-0.0,-0.0,0.0,0.0,-0.0,-0.0,0.0,0.0
4771,20.14,0.0,-0.0,-0.0,0.0,0.0,-0.0,-0.0,0.0,0.0
4772,18.98,0.0,-0.0,-0.0,0.0,0.0,-0.0,-0.0,0.0,0.0
4773,20.3,0.0,-0.0,-0.0,0.0,0.0,-0.0,-0.0,0.0,0.0
4774,20.23,0.0,-0.0,-0.0,0.0,0.0,-0.0,-0.0,0.0,0.0
4775,20.56,0.0,-0.0,-0.0,0.0,0.0,-0.0,-0.0,0.0,0.0
4776,21.78,0.0,-0.0,-0.0,0.0,0.0,-0.0,-0.0,0.0,0.0
4777,20.73,0.0,-0.0,-0.0,0.0,0.0,-0.0,-0.0,0.0,0.0
4778,17.91,0.0,-0.0,-0.0,0.0,0.0,-0.0,-0.0,0.0,0.0
4779,7.51,0.0,-0.0,-0.0,0.0,0.0,-0.0,-0.0,0.0,0.0
4780,4.82,0.0,-0.0,-0.0,0.0,0.0,-0.0,-0.0,0.0,0.0
4781,9.36,0.0,-0.0,-0.0,0.0,0.0,-0.0,-0.0,0.0,0.0
4782,16.82,0.0,-0.0,-0.0,0.0,0.0,-0.0,-0.0,0.0,0.0
4783,21.24,0.0,-0.0,-0.0,0.0,0.0,-0.0,-0.0,0.0,0.0
4784,24.3,0.0,-0.0,-0.0,0.0,0.0,-0.0,-0.0,0.0,0.0
4785,22.31,0.0,-0.0,-0.0,0.0,0.0,-0.0,-0.0,0.0,0.0
4786,23.66,0.0,-0.0,-0.0,0.0,0.0,-0.0,-0.0,0.0,0.0
4787,21.44,0.0,-0.0,-0.0,0.0,0.0,-0.0,-0.0,0.0,0.0
4788,20.67,0.0,-0.0,-0.0,0.0,0.0,-0.0,-0.0,0.0,0.0
4789,25.64,0.0,-0.0,-0.0,0.0,0.0,-0.0,-0.0,0.0,0.0
4790,35.18,0.0,-0.0,-0.0,0.0,0.0,-0.0,-0.0,0.0,0.0
4791,31.55,0.0,-0.0,-0.0,0.0,0.0,-0.0,-0.0,0.0,0.0
4792,24.61,0.0,-0.0,-0.0,0.0,0.0,-0.0,-0.0,0.0,0.0
4793,21.34,0.0,-0.0,-0.0,0.0,0.0,-0.0,-0.0,0.0,0.0
4794,22.85,0.0,-0.0,-0.0,0.0,0.0,-0.0,-0.0,0.0,0.0
4795,21.82,0.0,-0.0,-0.0,0.0,0.0,-0.0,-0.0,0.0,0.0
4796,20.75,0.0,-0.0,-0.0,0.0,0.0,-0.0,-0.0,0.0,0.0
4797,20.24,0.0,-0.0,-0.0,0.0,0.0,-0.0,-0.0,0.0,0.0
4798,21.23,0.0,-0.0,-0.0,0.0,0.0,-0.0,-0.0,0.0,0.0
4799,19.86,0.0,-0.0,-0.0,0.0,0.0,-0.0,-0.0,0.0,0.0
4800,19.71,0.0,-0.0,-0.0,0.0,0.0,-0.0,-0.0,0.0,0.0
4801,17.1,0.0,-0.0,-0.0,0.0,0.0,-0.0,-0.0,0.0,0.0
4802,15.63,0.0,-0.0,-0.0,0.0,0.0,-0.0,-0.0,0.0,0.0
4803,7.48,0.0,-0.0,-0.0,0.0,0.0,-0.0,-0.0,0.0,0.0
4804,11.16,0.0,-0.0,-0.0,0.0,0.0,-0.0,-0.0,0.0,0.0
4805,15.33,0.0,-0.0,-0.0,0.0,0.0,-0.0,-0.0,0.0,0.0
4806,19.07,0.0,-0.0,-0.0,0.0,0.0,-0.0,-0.0,0.0,0.0
4807,22.55,0.0,-0.0,-0.0,0.0,0.0,-0.0,-0.0,0.0,0.0
4808,22.41,0.0,-0.0,-0.0,0.0,0.0,-0.0,-0.0,0.0,0.0
4809,20.58,0.0,-0.0,-0.0,0.0,0.0,-0.0,-0.0,0.0,0.0
4810,22.86,0.0,-0.0,-0.0,0.0,0.0,-0.0,-0.0,0.0,0.0
4811,20.91,0.0,-0.0,-0.0,0.0,0.0,-0.0,-0.0,0.0,0.0
4812,19.06,0.0,-0.0,-0.0,0.0,0.0,-0.0,-0.0,0.0,0.0
4813,26.99,0.0,-0.0,-0.0,0.0,0.0,-0.0,-0.0,0.0,0.0
4814,34.85,0.0,-0.0,-0.0,0.0,0.0,-0.0,-0.0,0.0,0.0
4815,29.62,0.0,-0.0,-0.0,0.0,0.0,-0.0,-0.0,0.0,0.0
4816,24.19,0.0,-0.0,-0.0,0.0,0.0,-0.0,-0.0,0.0,0.0
4817,22.88,0.0,-0.0,-0.0,0.0,0.0,-0.0,-0.0,0.0,0.0
4818,24.44,0.0,-0.0,-0.0,0.0,0.0,-0.0,-0.0,0.0,0.0
4819,21.79,0.0,-0.0,-0.0,0.0,0.0,-0.0,-0.0,0.0,0.0
4820,22.05,0.0,-0.0,-0.0,0.0,0.0,-0.0,-0.0,0.0,0.0
4821,21.49,0.0,-0.0,-0.0,0.0,0.0,-0.0,-0.0,0.0,0.0
4822,21.57,0.0,-0.0,-0.0,0.0,0.0,-0.0,-0.0,0.0,0.0
4823,23.32,0.0,-0.0,-0.0,0.0,0.0,-0.0,-0.0,0.0,0.0
4824,34.38,0.0,-0.0,-0.0,0.0,0.0,-0.0,-0.0,0.0,0.0
4825,30.77,0.0,-0.0,-0.0,0.0,0.0,-0.0,-0.0,0.0,0.0
4826,27.9,0.0,-0.0,-0.0,0.0,0.0,-0.0,-0.0,0.0,0.0
4827,17.52,0.0,-0.0,-0.0,0.0,0.0,-0.0,-0.0,0.0,0.0
4828,17.72,0.0,-0.0,-0.0,0.0,0.0,-0.0,-0.0,0.0,0.0
4829,22.89,0.0,-0.0,-0.0,0.0,0.0,-0.0,-0.0,0.0,0.0
4830,21.61,0.0,-0.0,-0.0,0.0,0.0,-0.0,-0.0,0.0,0.0
4831,25.91,0.0,-0.0,-0.0,0.0,0.0,-0.0,-0.0,0.0,0.0
4832,22.8,0.0,-0.0,-0.0,0.0,0.0,-0.0,-0.0,0.0,0.0
4833,22.85,0.0,-0.0,-0.0,0.0,0.0,-0.0,-0.0,0.0,0.0
4834,21.36,0.0,-0.0,-0.0,0.0,0.0,-0.0,-0.0,0.0,0.0
4835,21.62,0.0,-0.0,-0.0,0.0,0.0,-0.0,-0.0,0.0,0.0
4836,26.11,0.0,-0.0,-0.0,0.0,0.0,-0.0,-0.0,0.0,0.0
4837,60.31,0.0,0.0,-0.0,-0.0,0.0,0.0,-0.0,0.0,0.0
4838,64.77,0.0,0.0,-0.0,-0.0,0.0,0.0,-0.0,0.0,0.0
4839,55.16,0.0,-0.0,-0.0,0.0,0.0,-0.0,-0.0,0.0,0.0
4840,35.98,0.0,-0.0,-0.0,0.0,0.0,-0.0,-0.0,0.0,0.0
4841,26.63,0.0,-0.0,-0.0,0.0,0.0,-0.0,-0.0,0.0,0.0
4842,24.21,0.0,-0.0,-0.0,0.0,0.0,-0.0,-0.0,0.0,0.0
4843,23.75,0.0,-0.0,-0.0,0.0,0.0,-0.0,-0.0,0.0,0.0
4844,22.49,0.0,-0.0,-0.0,0.0,0.0,-0.0,-0.0,0.0,0.0
4845,21.21,0.0,-0.0,-0.0,0.0,0.0,-0.0,-0.0,0.0,0.0
4846,21.82,0.0,-0.0,-0.0,0.0,0.0,-0.0,-0.0,0.0,0.0
4847,21.69,0.0,-0.0,-0.0,0.0,0.0,-0.0,-0.0,0.0,0.0
4848,22.12,0.0,-0.0,-0.0,0.0,0.0,-0.0,-0.0,0.0,0.0
4849,21.55,0.0,-0.0,-0.0,0.0,0.0,-0.0,-0.0,0.0,0.0
4850,15.8,0.0,-0.0,-0.0,0.0,0.0,-0.0,-0.0,0.0,0.0
4851,2.5,0.0,-0.0,-0.0,0.0,0.0,-0.0,-0.0,0.0,0.0
4852,0.9,0.0,-0.0,-0.0,0.0,0.0,-0.0,-0.0,0.0,0.0
4853,11.47,0.0,-0.0,-0.0,0.0,0.0,-0.0,-0.0,0.0,0.0
4854,13.85,0.0,-0.0,-0.0,0.0,0.0,-0.0,-0.0,0.0,0.0
4855,19.95,0.0,-0.0,-0.0,0.0,0.0,-0.0,-0.0,0.0,0.0
4856,19.27,0.0,-0.0,-0.0,0.0,0.0,-0.0,-0.0,0.0,0.0
4857,16.66,0.0,-0.0,-0.0,0.0,0.0,-0.0,-0.0,0.0,0.0
4858,16.18,0.0,-0.0,-0.0,0.0,0.0,-0.0,-0.0,0.0,0.0
4859,18.05,0.0,-0.0,-0.0,0.0,0.0,-0.0,-0.0,0.0,0.0
4860,20.95,0.0,-0.0,-0.0,0.0,0.0,-0.0,-0.0,0.0,0.0
4861,27.55,0.0,-0.0,-0.0,0.0,0.0,-0.0,-0.0,0.0,0.0
4862,40.82,0.0,-0.0,-0.0,0.0,0.0,-0.0,-0.0,0.0,0.0
4863,36.66,0.0,-0.0,-0.0,0.0,0.0,-0.0,-0.0,0.0,0.0
4864,47.94,0.0,-0.0,-0.0,0.0,0.0,-0.0,-0.0,0.0,0.0
4865,35.36,0.0,-0.0,-0.0,0.0,0.0,-0.0,-0.0,0.0,0.0
4866,24.27,0.0,-0.0,-0.0,0.0,0.0,-0.0,-0.0,0.0,0.0
4867,22.63,0.0,-0.0,-0.0,0.0,0.0,-0.0,-0.0,0.0,0.0
4868,22.16,0.0,-0.0,-0.0,0.0,0.0,-0.0,-0.0,0.0,0.0
4869,22.51,0.0,-0.0,-0.0,0.0,0.0,-0.0,-0.0,0.0,0.0
4870,24.07,0.0,-0.0,-0.0,0.0,0.0,-0.0,-0.0,0.0,0.0
4871,24.2,0.0,-0.0,-0.0,0.0,0.0,-0.0,-0.0,0.0,0.0
4872,31.12,0.0,-0.0,-0.0,0.0,0.0,-0.0,-0.0,0.0,0.0
4873,25.17,0.0,-0.0,-0.0,0.0,0.0,-0.0,-0.0,0.0,0.0
4874,20.28,0.0,-0.0,-0.0,0.0,0.0,-0.0,-0.0,0.0,0.0
4875,15.64,0.0,-0.0,-0.0,0.0,0.0,-0.0,-0.0,0.0,0.0
4876,8.2,0.0,-0.0,-0.0,0.0,0.0,-0.0,-0.0,0.0,0.0
4877,13.4,0.0,-0.0,-0.0,0.0,0.0,-0.0,-0.0,0.0,0.0
4878,12.93,0.0,-0.0,-0.0,0.0,0.0,-0.0,-0.0,0.0,0.0
4879,14.65,0.0,-0.0,-0.0,0.0,0.0,-0.0,-0.0,0.0,0.0
4880,19.29,0.0,-0.0,-0.0,0.0,0.0,-0.0,-0.0,0.0,0.0
4881,17.75,0.0,-0.0,-0.0,0.0,0.0,-0.0,-0.0,0.0,0.0
4882,13.83,0.0,-0.0,-0.0,0.0,0.0,-0.0,-0.0,0.0,0.0
4883,11.74,0.0,-0.0,-0.0,0.0,0.0,-0.0,-0.0,0.0,0.0
4884,14.15,0.0,-0.0,-0.0,0.0,0.0,-0.0,-0.0,0.0,0.0
4885,26.82,0.0,-0.0,-0.0,0.0,0.0,-0.0,-0.0,0.0,0.0
4886,37.74,0.0,-0.0,-0.0,0.0,0.0,-0.0,-0.0,0.0,0.0
4887,30.27,0.0,-0.0,-0.0,0.0,0.0,-0.0,-0.0,0.0,0.0
4888,23.64,0.0,-0.0,-0.0,0.0,0.0,-0.0,-0.0,0.0,0.0
4889,21.99,0.0,-0.0,-0.0,0.0,0.0,-0.0,-0.0,0.0,0.0
4890,21.26,0.0,-0.0,-0.0,0.0,0.0,-0.0,-0.0,0.0,0.0
4891,19.29,0.0,-0.0,-0.0,0.0,0.0,-0.0,-0.0,0.0,0.0
4892,19.06,0.0,-0.0,-0.0,0.0,0.0,-0.0,-0.0,0.0,0.0
4893,20.08,0.0,-0.0,-0.0,0.0,0.0,-0.0,-0.0,0.0,0.0
4894,20.03,0.0,-0.0,-0.0,0.0,0.0,-0.0,-0.0,0.0,0.0
4895,20.62,0.0,-0.0,-0.0,0.0,0.0,-0.0,-0.0,0.0,0.0
4896,21.8,0.0,-0.0,-0.0,0.0,0.0,-0.0,-0.0,0.0,0.0
4897,21.91,0.0,-0.0,-0.0,0.0,0.0,-0.0,-0.0,0.0,0.0
4898,16.39,0.0,-0.0,-0.0,0.0,0.0,-0.0,-0.0,0.0,0.0
4899,8.24,0.0,-0.0,-0.0,0.0,0.0,-0.0,-0.0,0.0,0.0
4900,8.25,0.0,-0.0,-0.0,0.0,0.0,-0.0,-0.0,0.0,0.0
4901,15.89,0.0,-0.0,-0.0,0.0,0.0,-0.0,-0.0,0.0,0.0
4902,20.81,0.0,-0.0,-0.0,0.0,0.0,-0.0,-0.0,0.0,0.0
4903,26.61,0.0,-0.0,-0.0,0.0,0.0,-0.0,-0.0,0.0,0.0
4904,21.46,0.0,-0.0,-0.0,0.0,0.0,-0.0,-0.0,0.0,0.0
4905,24.64,0.0,-0.0,-0.0,0.0,0.0,-0.0,-0.0,0.0,0.0
4906,21.0,0.0,-0.0,-0.0,0.0,0.0,-0.0,-0.0,0.0,0.0
4907,21.34,0.0,-0.0,-0.0,0.0,0.0,-0.0,-0.0,0.0,0.0
4908,19.11,0.0,-0.0,-0.0,0.0,0.0,-0.0,-0.0,0.0,0.0
4909,29.31,0.0,-0.0,-0.0,0.0,0.0,-0.0,-0.0,0.0,0.0
4910,41.64,0.0,-0.0,-0.0,0.0,0.0,-0.0,-0.0,0.0,0.0
4911,28.29,0.0,-0.0,-0.0,0.0,0.0,-0.0,-0.0,0.0,0.0
4912,27.01,0.0,-0.0,-0.0,0.0,0.0,-0.0,-0.0,0.0,0.0
4913,23.03,0.0,-0.0,-0.0,0.0,0.0,-0.0,-0.0,0.0,0.0
4914,23.75,0.0,-0.0,-0.0,0.0,0.0,-0.0,-0.0,0.0,0.0
4915,23.02,0.0,-0.0,-0.0,0.0,0.0,-0.0,-0.0,0.0,0.0
4916,27.0,0.0,-0.0,-0.0,0.0,0.0,-0.0,-0.0,0.0,0.0
4917,30.32,0.0,-0.0,-0.0,0.0,0.0,-0.0,-0.0,0.0,0.0
4918,26.89,0.0,-0.0,-0.0,0.0,0.0,-0.0,-0.0,0.0,0.0
4919,30.5,0.0,-0.0,-0.0,0.0,0.0,-0.0,-0.0,0.0,0.0
4920,32.28,0.0,-0.0,-0.0,0.0,0.0,-0.0,-0.0,0.0,0.0
4921,30.3,0.0,-0.0,-0.0,0.0,0.0,-0.0,-0.0,0.0,0.0
4922,24.1,0.0,-0.0,-0.0,0.0,0.0,-0.0,-0.0,0.0,0.0
4923,23.68,0.0,-0.0,-0.0,0.0,0.0,-0.0,-0.0,0.0,0.0
4924,23.48,0.0,-0.0,-0.0,0.0,0.0,-0.0,-0.0,0.0,0.0
4925,25.85,0.0,-0.0,-0.0,0.0,0.0,-0.0,-0.0,0.0,0.0
4926,30.16,0.0,-0.0,-0.0,0.0,0.0,-0.0,-0.0,0.0,0.0
4927,47.68,0.0,-0.0,-0.0,0.0,0.0,-0.0,-0.0,0.0,0.0
4928,40.0,0.0,-0.0,-0.0,0.0,0.0,-0.0,-0.0,0.0,0.0
4929,74.91,0.0,0.0,-0.0,-0.0,0.0,0.0,-0.0,0.0,0.0
4930,43.47,0.0,-0.0,-0.0,0.0,0.0,-0.0,-0.0,0.0,0.0
4931,45.23,0.0,-0.0,-0.0,0.0,0.0,-0.0,-0.0,0.0,0.0
4932,61.77,0.0,0.0,-0.0,-0.0,0.0,0.0,-0.0,0.0,0.0
4933,45.63,0.0,-0.0,-0.0,0.0,0.0,-0.0,-0.0,0.0,0.0
4934,47.7,0.0,-0.0,-0.0,0.0,0.0,-0.0,-0.0,0.0,0.0
4935,41.97,0.0,-0.0,-0.0,0.0,0.0,-0.0,-0.0,0.0,0.0
4936,40.19,0.0,-0.0,-0.0,0.0,0.0,-0.0,-0.0,0.0,0.0
4937,31.27,0.0,-0.0,-0.0,0.0,0.0,-0.0,-0.0,0.0,0.0
4938,30.85,0.0,-0.0,-0.0,0.0,0.0,-0.0,-0.0,0.0,0.0
4939,27.19,0.0,-0.0,-0.0,0.0,0.0,-0.0,-0.0,0.0,0.0
4940,24.19,0.0,-0.0,-0.0,0.0,0.0,-0.0,-0.0,0.0,0.0
4941,24.41,0.0,-0.0,-0.0,0.0,0.0,-0.0,-0.0,0.0,0.0
4942,23.19,0.0,-0.0,-0.0,0.0,0.0,-0.0,-0.0,0.0,0.0
4943,26.14,0.0,-0.0,-0.0,0.0,0.0,-0.0,-0.0,0.0,0.0
4944,27.79,0.0,-0.0,-0.0,0.0,0.0,-0.0,-0.0,0.0,0.0
4945,25.92,0.0,-0.0,-0.0,0.0,0.0,-0.0,-0.0,0.0,0.0
4946,22.57,0.0,-0.0,-0.0,0.0,0.0,-0.0,-0.0,0.0,0.0
4947,21.12,0.0,-0.0,-0.0,0.0,0.0,-0.0,-0.0,0.0,0.0
4948,13.13,0.0,-0.0,-0.0,0.0,0.0,-0.0,-0.0,0.0,0.0
4949,20.84,0.0,-0.0,-0.0,0.0,0.0,-0.0,-0.0,0.0,0.0
4950,26.56,0.0,-0.0,-0.0,0.0,0.0,-0.0,-0.0,0.0,0.0
4951,45.46,0.0,-0.0,-0.0,0.0,0.0,-0.0,-0.0,0.0,0.0
4952,60.55,0.0,-0.0,-0.0,0.0,0.0,-0.0,-0.0,0.0,0.0
4953,46.5,0.0,-0.0,-0.0,0.0,0.0,-0.0,-0.0,0.0,0.0
4954,41.61,0.0,-0.0,-0.0,0.0,0.0,-0.0,-0.0,0.0,0.0
4955,60.09,0.0,-0.0,-0.0,0.0,0.0,-0.0,-0.0,0.0,0.0
4956,28.14,0.0,-0.0,-0.0,0.0,0.0,-0.0,-0.0,0.0,0.0
4957,26.43,0.0,-0.0,-0.0,0.0,0.0,-0.0,-0.0,0.0,0.0
4958,29.26,0.0,-0.0,-0.0,0.0,0.0,-0.0,-0.0,0.0,0.0
4959,33.74,0.0,-0.0,-0.0,0.0,0.0,-0.0,-0.0,0.0,0.0
4960,33.25,0.0,-0.0,-0.0,0.0,0.0,-0.0,-0.0,0.0,0.0
4961,23.51,0.0,-0.0,-0.0,0.0,0.0,-0.0,-0.0,0.0,0.0
4962,22.99,0.0,-0.0,-0.0,0.0,0.0,-0.0,-0.0,0.0,0.0
4963,21.54,0.0,-0.0,-0.0,0.0,0.0,-0.0,-0.0,0.0,0.0
4964,18.92,0.0,-0.0,-0.0,0.0,0.0,-0.0,-0.0,0.0,0.0
4965,17.23,0.0,-0.0,-0.0,0.0,0.0,-0.0,-0.0,0.0,0.0
4966,17.56,0.0,-0.0,-0.0,0.0,0.0,-0.0,-0.0,0.0,0.0
4967,20.76,0.0,-0.0,-0.0,0.0,0.0,-0.0,-0.0,0.0,0.0
4968,22.27,0.0,-0.0,-0.0,0.0,0.0,-0.0,-0.0,0.0,0.0
4969,22.11,0.0,-0.0,-0.0,0.0,0.0,-0.0,-0.0,0.0,0.0
4970,16.22,0.0,-0.0,-0.0,0.0,0.0,-0.0,-0.0,0.0,0.0
4971,10.94,0.0,-0.0,-0.0,0.0,0.0,-0.0,-0.0,0.0,0.0
4972,0.73,0.0,-0.0,-0.0,0.0,0.0,-0.0,-0.0,0.0,0.0
4973,8.65,0.0,-0.0,-0.0,0.0,0.0,-0.0,-0.0,0.0,0.0
4974,12.29,0.0,-0.0,-0.0,0.0,0.0,-0.0,-0.0,0.0,0.0
4975,14.7,0.0,-0.0,-0.0,0.0,0.0,-0.0,-0.0,0.0,0.0
4976,15.32,0.0,-0.0,-0.0,0.0,0.0,-0.0,-0.0,0.0,0.0
4977,19.72,0.0,-0.0,-0.0,0.0,0.0,-0.0,-0.0,0.0,0.0
4978,19.69,0.0,-0.0,-0.0,0.0,0.0,-0.0,-0.0,0.0,0.0
4979,20.51,0.0,-0.0,-0.0,0.0,0.0,-0.0,-0.0,0.0,0.0
4980,17.68,0.0,-0.0,-0.0,0.0,0.0,-0.0,-0.0,0.0,0.0
4981,22.93,0.0,-0.0,-0.0,0.0,0.0,-0.0,-0.0,0.0,0.0
4982,32.88,0.0,-0.0,-0.0,0.0,0.0,-0.0,-0.0,0.0,0.0
4983,44.71,0.0,-0.0,-0.0,0.0,0.0,-0.0,-0.0,0.0,0.0
4984,35.25,0.0,-0.0,-0.0,0.0,0.0,-0.0,-0.0,0.0,0.0
4985,28.13,0.0,-0.0,-0.0,0.0,0.0,-0.0,-0.0,0.0,0.0
4986,23.4,0.0,-0.0,-0.0,0.0,0.0,-0.0,-0.0,0.0,0.0
4987,22.18,0.0,-0.0,-0.0,0.0,0.0,-0.0,-0.0,0.0,0.0
4988,23.67,0.0,-0.0,-0.0,0.0,0.0,-0.0,-0.0,0.0,0.0
4989,20.11,0.0,-0.0,-0.0,0.0,0.0,-0.0,-0.0,0.0,0.0
4990,18.6,0.0,-0.0,-0.0,0.0,0.0,-0.0,-0.0,0.0,0.0
4991,20.78,0.0,-0.0,-0.0,0.0,0.0,-0.0,-0.0,0.0,0.0
4992,25.13,0.0,-0.0,-0.0,0.0,0.0,-0.0,-0.0,0.0,0.0
4993,24.67,0.0,-0.0,-0.0,0.0,0.0,-0.0,-0.0,0.0,0.0
4994,17.34,0.0,-0.0,-0.0,0.0,0.0,-0.0,-0.0,0.0,0.0
4995,13.17,0.0,-0.0,-0.0,0.0,0.0,-0.0,-0.0,0.0,0.0
4996,13.08,0.0,-0.0,-0.0,0.0,0.0,-0.0,-0.0,0.0,0.0
4997,13.37,0.0,-0.0,-0.0,0.0,0.0,-0.0,-0.0,0.0,0.0
4998,19.24,0.0,-0.0,-0.0,0.0,0.0,-0.0,-0.0,0.0,0.0
4999,21.25,0.0,-0.0,-0.0,0.0,0.0,-0.0,-0.0,0.0,0.0
5000,19.2,0.0,-0.0,-0.0,0.0,0.0,-0.0,-0.0,0.0,0.0
5001,21.26,0.0,-0.0,-0.0,0.0,0.0,-0.0,-0.0,0.0,0.0
5002,19.09,0.0,-0.0,-0.0,0.0,0.0,-0.0,-0.0,0.0,0.0
5003,21.8,0.0,-0.0,-0.0,0.0,0.0,-0.0,-0.0,0.0,0.0
5004,21.16,0.0,0.0,-0.0,-0.0,0.0,0.0,-0.0,0.0,0.0
5005,41.46,0.0,0.0,-0.0,-0.0,0.0,0.0,-0.0,0.0,0.0
5006,79.72,0.0,0.0,-0.0,-0.0,0.0,0.0,-0.0,0.0,0.0
5007,87.66,0.0,0.0,-0.0,-0.0,0.0,0.0,-0.0,0.0,0.0
5008,46.18,0.0,-0.0,-0.0,0.0,0.0,-0.0,-0.0,0.0,0.0
5009,35.09,0.0,-0.0,-0.0,0.0,0.0,-0.0,-0.0,0.0,0.0
5010,26.34,0.0,-0.0,-0.0,0.0,0.0,-0.0,-0.0,0.0,0.0
5011,21.22,0.0,-0.0,-0.0,0.0,0.0,-0.0,-0.0,0.0,0.0
5012,20.95,0.0,-0.0,-0.0,0.0,0.0,-0.0,-0.0,0.0,0.0
5013,21.9,0.0,-0.0,-0.0,0.0,0.0,-0.0,-0.0,0.0,0.0
5014,24.38,0.0,-0.0,-0.0,0.0,0.0,-0.0,-0.0,0.0,0.0
5015,24.47,0.0,-0.0,-0.0,0.0,0.0,-0.0,-0.0,0.0,0.0
5016,25.35,0.0,-0.0,-0.0,0.0,0.0,-0.0,-0.0,0.0,0.0
5017,25.83,0.0,-0.0,-0.0,0.0,0.0,-0.0,-0.0,0.0,0.0
5018,19.75,0.0,-0.0,-0.0,0.0,0.0,-0.0,-0.0,0.0,0.0
5019,17.08,0.0,-0.0,-0.0,0.0,0.0,-0.0,-0.0,0.0,0.0
5020,18.15,0.0,-0.0,-0.0,0.0,0.0,-0.0,-0.0,0.0,0.0
5021,18.67,0.0,-0.0,-0.0,0.0,0.0,-0.0,-0.0,0.0,0.0
5022,22.94,0.0,-0.0,-0.0,0.0,0.0,-0.0,-0.0,0.0,0.0
5023,30.07,0.0,-0.0,-0.0,0.0,0.0,-0.0,-0.0,0.0,0.0
5024,28.31,0.0,-0.0,-0.0,0.0,0.0,-0.0,-0.0,0.0,0.0
5025,20.81,0.0,-0.0,-0.0,0.0,0.0,-0.0,-0.0,0.0,0.0
5026,22.26,0.0,0.0,-0.0,-0.0,0.0,0.0,-0.0,0.0,0.0
5027,22.68,0.0,0.0,-0.0,-0.0,0.0,0.0,-0.0,0.0,0.0
5028,24.23,0.0,0.0,0.0,-0.0,0.0,0.0,0.0,0.0,0.0
5029,85.97,171.0,1.0,1.0,-0.0,8550.0,2000.0,10000.0,14700.869999999999,-5849.130000000001
5030,112.48,171.0,1.0,-0.0,-0.0,8550.0,2000.0,-0.0,19234.08,8684.080000000002
5031,84.98,171.0,1.0,-0.0,-0.0,8550.0,2000.0,-0.0,14531.58,3981.58
5032,48.73,68.0,1.0,-0.0,0.0,3400.0,2000.0,-0.0,3313.64,-2086.36
5033,33.44,0.0,-0.0,-0.0,1.0,0.0,-0.0,-0.0,0.0,0.0
5034,29.53,0.0,-0.0,-0.0,0.0,0.0,-0.0,-0.0,0.0,0.0
5035,22.32,0.0,-0.0,-0.0,0.0,0.0,-0.0,-0.0,0.0,0.0
5036,21.47,0.0,-0.0,-0.0,0.0,0.0,-0.0,-0.0,0.0,0.0
5037,20.95,0.0,-0.0,-0.0,0.0,0.0,-0.0,-0.0,0.0,0.0
5038,19.91,0.0,-0.0,-0.0,0.0,0.0,-0.0,-0.0,0.0,0.0
5039,21.32,0.0,-0.0,-0.0,0.0,0.0,-0.0,-0.0,0.0,0.0
5040,22.74,0.0,-0.0,-0.0,0.0,0.0,-0.0,-0.0,0.0,0.0
5041,24.68,0.0,-0.0,-0.0,0.0,0.0,-0.0,-0.0,0.0,0.0
5042,20.15,0.0,-0.0,-0.0,0.0,0.0,-0.0,-0.0,0.0,0.0
5043,18.75,0.0,-0.0,-0.0,0.0,0.0,-0.0,-0.0,0.0,0.0
5044,18.03,0.0,-0.0,-0.0,0.0,0.0,-0.0,-0.0,0.0,0.0
5045,19.26,0.0,-0.0,-0.0,0.0,0.0,-0.0,-0.0,0.0,0.0
5046,24.62,0.0,-0.0,-0.0,0.0,0.0,-0.0,-0.0,0.0,0.0
5047,35.09,0.0,-0.0,-0.0,0.0,0.0,-0.0,-0.0,0.0,0.0
5048,32.6,0.0,-0.0,-0.0,0.0,0.0,-0.0,-0.0,0.0,0.0
5049,32.13,0.0,-0.0,-0.0,0.0,0.0,-0.0,-0.0,0.0,0.0
5050,28.22,0.0,0.0,-0.0,-0.0,0.0,0.0,-0.0,0.0,0.0
5051,35.73,0.0,0.0,-0.0,-0.0,0.0,0.0,-0.0,0.0,0.0
5052,34.02,0.0,0.0,-0.0,-0.0,0.0,0.0,-0.0,0.0,0.0
5053,187.05,171.0,1.0,1.0,-0.0,8550.0,2000.0,10000.0,31985.550000000003,11435.550000000003
5054,314.79,171.0,1.0,-0.0,0.0,8550.0,2000.0,-0.0,53829.090000000004,43279.090000000004
5055,135.7,171.0,1.0,-0.0,0.0,8550.0,2000.0,-0.0,23204.699999999997,12654.699999999997
5056,89.1,171.0,1.0,-0.0,0.0,8550.0,2000.0,-0.0,15236.099999999999,4686.0999999999985
5057,46.07,0.0,-0.0,-0.0,1.0,0.0,-0.0,-0.0,0.0,0.0
5058,33.72,0.0,-0.0,-0.0,0.0,0.0,-0.0,-0.0,0.0,0.0
5059,28.64,0.0,-0.0,-0.0,0.0,0.0,-0.0,-0.0,0.0,0.0
5060,24.18,0.0,-0.0,-0.0,0.0,0.0,-0.0,-0.0,0.0,0.0
5061,24.23,0.0,-0.0,-0.0,0.0,0.0,-0.0,-0.0,0.0,0.0
5062,26.92,0.0,-0.0,-0.0,0.0,0.0,-0.0,-0.0,0.0,0.0
5063,32.28,0.0,-0.0,-0.0,0.0,0.0,-0.0,-0.0,0.0,0.0
5064,37.6,0.0,-0.0,-0.0,0.0,0.0,-0.0,-0.0,0.0,0.0
5065,35.92,0.0,-0.0,-0.0,0.0,0.0,-0.0,-0.0,0.0,0.0
5066,24.65,0.0,-0.0,-0.0,0.0,0.0,-0.0,-0.0,0.0,0.0
5067,23.12,0.0,-0.0,-0.0,0.0,0.0,-0.0,-0.0,0.0,0.0
5068,23.72,0.0,-0.0,-0.0,0.0,0.0,-0.0,-0.0,0.0,0.0
5069,27.92,0.0,-0.0,-0.0,0.0,0.0,-0.0,-0.0,0.0,0.0
5070,39.95,0.0,-0.0,-0.0,0.0,0.0,-0.0,-0.0,0.0,0.0
5071,34.04,0.0,-0.0,-0.0,0.0,0.0,-0.0,-0.0,0.0,0.0
5072,27.18,0.0,-0.0,-0.0,0.0,0.0,-0.0,-0.0,0.0,0.0
5073,26.2,0.0,-0.0,-0.0,0.0,0.0,-0.0,-0.0,0.0,0.0
5074,30.37,0.0,-0.0,-0.0,0.0,0.0,-0.0,-0.0,0.0,0.0
5075,28.55,0.0,0.0,-0.0,-0.0,0.0,0.0,-0.0,0.0,0.0
5076,29.05,0.0,0.0,-0.0,-0.0,0.0,0.0,-0.0,0.0,0.0
5077,85.87,171.0,1.0,1.0,-0.0,8550.0,2000.0,10000.0,14683.77,-5866.23
5078,102.54,171.0,1.0,-0.0,-0.0,8550.0,2000.0,-0.0,17534.34,6984.34
5079,152.63,171.0,1.0,-0.0,0.0,8550.0,2000.0,-0.0,26099.73,15549.73
5080,129.22,171.0,1.0,-0.0,0.0,8550.0,2000.0,-0.0,22096.62,11546.619999999999
5081,49.22,0.0,-0.0,-0.0,1.0,0.0,-0.0,-0.0,0.0,0.0
5082,38.74,0.0,-0.0,-0.0,0.0,0.0,-0.0,-0.0,0.0,0.0
5083,46.94,0.0,-0.0,-0.0,0.0,0.0,-0.0,-0.0,0.0,0.0
5084,45.43,0.0,-0.0,-0.0,0.0,0.0,-0.0,-0.0,0.0,0.0
5085,47.7,0.0,-0.0,-0.0,0.0,0.0,-0.0,-0.0,0.0,0.0
5086,46.1,0.0,-0.0,-0.0,0.0,0.0,-0.0,-0.0,0.0,0.0
5087,47.76,0.0,-0.0,-0.0,0.0,0.0,-0.0,-0.0,0.0,0.0
5088,44.83,0.0,-0.0,-0.0,0.0,0.0,-0.0,-0.0,0.0,0.0
5089,51.58,0.0,-0.0,-0.0,0.0,0.0,-0.0,-0.0,0.0,0.0
5090,41.35,0.0,-0.0,-0.0,0.0,0.0,-0.0,-0.0,0.0,0.0
5091,31.32,0.0,-0.0,-0.0,0.0,0.0,-0.0,-0.0,0.0,0.0
5092,29.07,0.0,-0.0,-0.0,0.0,0.0,-0.0,-0.0,0.0,0.0
5093,26.64,0.0,-0.0,-0.0,0.0,0.0,-0.0,-0.0,0.0,0.0
5094,28.75,0.0,-0.0,-0.0,0.0,0.0,-0.0,-0.0,0.0,0.0
5095,24.04,0.0,-0.0,-0.0,0.0,0.0,-0.0,-0.0,0.0,0.0
5096,25.44,0.0,0.0,-0.0,-0.0,0.0,0.0,-0.0,0.0,0.0
5097,28.67,0.0,0.0,-0.0,-0.0,0.0,0.0,-0.0,0.0,0.0
5098,38.23,0.0,0.0,-0.0,-0.0,0.0,0.0,-0.0,0.0,0.0
5099,79.13,171.0,1.0,1.0,-0.0,8550.0,2000.0,10000.0,13531.23,-7018.77
5100,44.4,68.0,1.0,-0.0,-0.0,3400.0,2000.0,-0.0,3019.2,-2380.8
5101,141.24,171.0,1.0,-0.0,-0.0,8550.0,2000.0,-0.0,24152.04,13602.04
5102,110.84,171.0,1.0,-0.0,0.0,8550.0,2000.0,-0.0,18953.64,8403.64
5103,103.36,171.0,1.0,-0.0,0.0,8550.0,2000.0,-0.0,17674.56,7124.560000000001
5104,80.32,171.0,1.0,-0.0,0.0,8550.0,2000.0,-0.0,13734.72,3184.7199999999993
5105,42.34,0.0,-0.0,-0.0,1.0,0.0,-0.0,-0.0,0.0,0.0
5106,36.1,0.0,-0.0,-0.0,0.0,0.0,-0.0,-0.0,0.0,0.0
5107,37.35,0.0,-0.0,-0.0,0.0,0.0,-0.0,-0.0,0.0,0.0
5108,34.66,0.0,-0.0,-0.0,0.0,0.0,-0.0,-0.0,0.0,0.0
5109,31.42,0.0,-0.0,-0.0,0.0,0.0,-0.0,-0.0,0.0,0.0
5110,30.04,0.0,-0.0,-0.0,0.0,0.0,-0.0,-0.0,0.0,0.0
5111,32.15,0.0,-0.0,-0.0,0.0,0.0,-0.0,-0.0,0.0,0.0
5112,36.3,0.0,-0.0,-0.0,0.0,0.0,-0.0,-0.0,0.0,0.0
5113,51.42,0.0,-0.0,-0.0,0.0,0.0,-0.0,-0.0,0.0,0.0
5114,29.73,0.0,-0.0,-0.0,0.0,0.0,-0.0,-0.0,0.0,0.0
5115,28.13,0.0,-0.0,-0.0,0.0,0.0,-0.0,-0.0,0.0,0.0
5116,26.26,0.0,-0.0,-0.0,0.0,0.0,-0.0,-0.0,0.0,0.0
5117,26.57,0.0,-0.0,-0.0,0.0,0.0,-0.0,-0.0,0.0,0.0
5118,27.31,0.0,-0.0,-0.0,0.0,0.0,-0.0,-0.0,0.0,0.0
5119,26.83,0.0,-0.0,-0.0,0.0,0.0,-0.0,-0.0,0.0,0.0
5120,25.17,0.0,-0.0,-0.0,0.0,0.0,-0.0,-0.0,0.0,0.0
5121,27.11,0.0,-0.0,-0.0,0.0,0.0,-0.0,-0.0,0.0,0.0
5122,45.32,0.0,-0.0,-0.0,0.0,0.0,-0.0,-0.0,0.0,0.0
5123,38.57,0.0,-0.0,-0.0,0.0,0.0,-0.0,-0.0,0.0,0.0
5124,37.46,0.0,-0.0,-0.0,0.0,0.0,-0.0,-0.0,0.0,0.0
5125,39.0,0.0,-0.0,-0.0,0.0,0.0,-0.0,-0.0,0.0,0.0
5126,38.25,0.0,-0.0,-0.0,0.0,0.0,-0.0,-0.0,0.0,0.0
5127,35.41,0.0,-0.0,-0.0,0.0,0.0,-0.0,-0.0,0.0,0.0
5128,31.42,0.0,-0.0,-0.0,0.0,0.0,-0.0,-0.0,0.0,0.0
5129,28.68,0.0,-0.0,-0.0,0.0,0.0,-0.0,-0.0,0.0,0.0
5130,24.96,0.0,-0.0,-0.0,0.0,0.0,-0.0,-0.0,0.0,0.0
5131,24.3,0.0,-0.0,-0.0,0.0,0.0,-0.0,-0.0,0.0,0.0
5132,24.15,0.0,-0.0,-0.0,0.0,0.0,-0.0,-0.0,0.0,0.0
5133,23.95,0.0,-0.0,-0.0,0.0,0.0,-0.0,-0.0,0.0,0.0
5134,24.04,0.0,-0.0,-0.0,0.0,0.0,-0.0,-0.0,0.0,0.0
5135,21.86,0.0,-0.0,-0.0,0.0,0.0,-0.0,-0.0,0.0,0.0
5136,24.98,0.0,-0.0,-0.0,0.0,0.0,-0.0,-0.0,0.0,0.0
5137,21.15,0.0,-0.0,-0.0,0.0,0.0,-0.0,-0.0,0.0,0.0
5138,15.98,0.0,-0.0,-0.0,0.0,0.0,-0.0,-0.0,0.0,0.0
5139,14.24,0.0,-0.0,-0.0,0.0,0.0,-0.0,-0.0,0.0,0.0
5140,14.6,0.0,-0.0,-0.0,0.0,0.0,-0.0,-0.0,0.0,0.0
5141,11.94,0.0,-0.0,-0.0,0.0,0.0,-0.0,-0.0,0.0,0.0
5142,10.38,0.0,-0.0,-0.0,0.0,0.0,-0.0,-0.0,0.0,0.0
5143,12.69,0.0,-0.0,-0.0,0.0,0.0,-0.0,-0.0,0.0,0.0
5144,13.89,0.0,-0.0,-0.0,0.0,0.0,-0.0,-0.0,0.0,0.0
5145,21.95,0.0,-0.0,-0.0,0.0,0.0,-0.0,-0.0,0.0,0.0
5146,22.06,0.0,-0.0,-0.0,0.0,0.0,-0.0,-0.0,0.0,0.0
5147,20.06,0.0,0.0,-0.0,-0.0,0.0,0.0,-0.0,0.0,0.0
5148,27.58,0.0,0.0,-0.0,-0.0,0.0,0.0,-0.0,0.0,0.0
5149,53.55,0.0,0.0,-0.0,-0.0,0.0,0.0,-0.0,0.0,0.0
5150,94.17,0.0,0.0,-0.0,-0.0,0.0,0.0,-0.0,0.0,0.0
5151,85.26,0.0,0.0,-0.0,-0.0,0.0,0.0,-0.0,0.0,0.0
5152,34.8,0.0,-0.0,-0.0,0.0,0.0,-0.0,-0.0,0.0,0.0
5153,27.13,0.0,-0.0,-0.0,0.0,0.0,-0.0,-0.0,0.0,0.0
5154,25.09,0.0,-0.0,-0.0,0.0,0.0,-0.0,-0.0,0.0,0.0
5155,23.45,0.0,-0.0,-0.0,0.0,0.0,-0.0,-0.0,0.0,0.0
5156,23.49,0.0,-0.0,-0.0,0.0,0.0,-0.0,-0.0,0.0,0.0
5157,24.57,0.0,-0.0,-0.0,0.0,0.0,-0.0,-0.0,0.0,0.0
5158,24.98,0.0,-0.0,-0.0,0.0,0.0,-0.0,-0.0,0.0,0.0
5159,24.86,0.0,-0.0,-0.0,0.0,0.0,-0.0,-0.0,0.0,0.0
5160,26.73,0.0,-0.0,-0.0,0.0,0.0,-0.0,-0.0,0.0,0.0
5161,26.67,0.0,-0.0,-0.0,0.0,0.0,-0.0,-0.0,0.0,0.0
5162,24.61,0.0,-0.0,-0.0,0.0,0.0,-0.0,-0.0,0.0,0.0
5163,22.14,0.0,-0.0,-0.0,0.0,0.0,-0.0,-0.0,0.0,0.0
5164,23.23,0.0,-0.0,-0.0,0.0,0.0,-0.0,-0.0,0.0,0.0
5165,23.09,0.0,-0.0,-0.0,0.0,0.0,-0.0,-0.0,0.0,0.0
5166,20.83,0.0,-0.0,-0.0,0.0,0.0,-0.0,-0.0,0.0,0.0
5167,19.96,0.0,-0.0,-0.0,0.0,0.0,-0.0,-0.0,0.0,0.0
5168,17.81,0.0,-0.0,-0.0,0.0,0.0,-0.0,-0.0,0.0,0.0
5169,22.21,0.0,-0.0,-0.0,0.0,0.0,-0.0,-0.0,0.0,0.0
5170,22.12,0.0,-0.0,-0.0,0.0,0.0,-0.0,-0.0,0.0,0.0
5171,23.61,0.0,-0.0,-0.0,0.0,0.0,-0.0,-0.0,0.0,0.0
5172,28.36,0.0,-0.0,-0.0,0.0,0.0,-0.0,-0.0,0.0,0.0
5173,35.96,0.0,-0.0,-0.0,0.0,0.0,-0.0,-0.0,0.0,0.0
5174,33.44,0.0,-0.0,-0.0,0.0,0.0,-0.0,-0.0,0.0,0.0
5175,30.68,0.0,-0.0,-0.0,0.0,0.0,-0.0,-0.0,0.0,0.0
5176,23.8,0.0,-0.0,-0.0,0.0,0.0,-0.0,-0.0,0.0,0.0
5177,22.68,0.0,-0.0,-0.0,0.0,0.0,-0.0,-0.0,0.0,0.0
5178,21.74,0.0,-0.0,-0.0,0.0,0.0,-0.0,-0.0,0.0,0.0
5179,21.81,0.0,-0.0,-0.0,0.0,0.0,-0.0,-0.0,0.0,0.0
5180,20.64,0.0,-0.0,-0.0,0.0,0.0,-0.0,-0.0,0.0,0.0
5181,20.29,0.0,-0.0,-0.0,0.0,0.0,-0.0,-0.0,0.0,0.0
5182,19.83,0.0,-0.0,-0.0,0.0,0.0,-0.0,-0.0,0.0,0.0
5183,20.62,0.0,-0.0,-0.0,0.0,0.0,-0.0,-0.0,0.0,0.0
5184,21.99,0.0,-0.0,-0.0,0.0,0.0,-0.0,-0.0,0.0,0.0
5185,22.07,0.0,-0.0,-0.0,0.0,0.0,-0.0,-0.0,0.0,0.0
5186,16.94,0.0,-0.0,-0.0,0.0,0.0,-0.0,-0.0,0.0,0.0
5187,16.06,0.0,-0.0,-0.0,0.0,0.0,-0.0,-0.0,0.0,0.0
5188,14.61,0.0,-0.0,-0.0,0.0,0.0,-0.0,-0.0,0.0,0.0
5189,14.06,0.0,-0.0,-0.0,0.0,0.0,-0.0,-0.0,0.0,0.0
5190,18.82,0.0,-0.0,-0.0,0.0,0.0,-0.0,-0.0,0.0,0.0
5191,20.49,0.0,-0.0,-0.0,0.0,0.0,-0.0,-0.0,0.0,0.0
5192,20.33,0.0,-0.0,-0.0,0.0,0.0,-0.0,-0.0,0.0,0.0
5193,19.92,0.0,-0.0,-0.0,0.0,0.0,-0.0,-0.0,0.0,0.0
5194,18.6,0.0,-0.0,-0.0,0.0,0.0,-0.0,-0.0,0.0,0.0
5195,17.27,0.0,-0.0,-0.0,0.0,0.0,-0.0,-0.0,0.0,0.0
5196,19.36,0.0,-0.0,-0.0,0.0,0.0,-0.0,-0.0,0.0,0.0
5197,30.27,0.0,-0.0,-0.0,0.0,0.0,-0.0,-0.0,0.0,0.0
5198,39.19,0.0,-0.0,-0.0,0.0,0.0,-0.0,-0.0,0.0,0.0
5199,31.27,0.0,-0.0,-0.0,0.0,0.0,-0.0,-0.0,0.0,0.0
5200,22.66,0.0,-0.0,-0.0,0.0,0.0,-0.0,-0.0,0.0,0.0
5201,20.54,0.0,-0.0,-0.0,0.0,0.0,-0.0,-0.0,0.0,0.0
5202,19.88,0.0,-0.0,-0.0,0.0,0.0,-0.0,-0.0,0.0,0.0
5203,19.02,0.0,-0.0,-0.0,0.0,0.0,-0.0,-0.0,0.0,0.0
5204,18.56,0.0,-0.0,-0.0,0.0,0.0,-0.0,-0.0,0.0,0.0
5205,16.78,0.0,-0.0,-0.0,0.0,0.0,-0.0,-0.0,0.0,0.0
5206,17.14,0.0,-0.0,-0.0,0.0,0.0,-0.0,-0.0,0.0,0.0
5207,19.86,0.0,-0.0,-0.0,0.0,0.0,-0.0,-0.0,0.0,0.0
5208,22.98,0.0,-0.0,-0.0,0.0,0.0,-0.0,-0.0,0.0,0.0
5209,23.96,0.0,-0.0,-0.0,0.0,0.0,-0.0,-0.0,0.0,0.0
5210,17.18,0.0,-0.0,-0.0,0.0,0.0,-0.0,-0.0,0.0,0.0
5211,15.89,0.0,-0.0,-0.0,0.0,0.0,-0.0,-0.0,0.0,0.0
5212,13.47,0.0,-0.0,-0.0,0.0,0.0,-0.0,-0.0,0.0,0.0
5213,17.56,0.0,-0.0,-0.0,0.0,0.0,-0.0,-0.0,0.0,0.0
5214,21.28,0.0,-0.0,-0.0,0.0,0.0,-0.0,-0.0,0.0,0.0
5215,20.18,0.0,-0.0,-0.0,0.0,0.0,-0.0,-0.0,0.0,0.0
5216,21.06,0.0,-0.0,-0.0,0.0,0.0,-0.0,-0.0,0.0,0.0
5217,22.2,0.0,-0.0,-0.0,0.0,0.0,-0.0,-0.0,0.0,0.0
5218,21.89,0.0,0.0,-0.0,-0.0,0.0,0.0,-0.0,0.0,0.0
5219,19.24,0.0,0.0,-0.0,-0.0,0.0,0.0,-0.0,0.0,0.0
5220,21.28,0.0,0.0,-0.0,-0.0,0.0,0.0,-0.0,0.0,0.0
5221,40.07,0.0,0.0,0.0,-0.0,0.0,0.0,0.0,0.0,0.0
5222,86.51,0.0,0.0,0.0,-0.0,0.0,0.0,0.0,0.0,0.0
5223,118.76,0.0,0.0,0.0,-0.0,0.0,0.0,0.0,0.0,0.0
5224,33.75,0.0,0.0,-0.0,0.0,0.0,0.0,-0.0,0.0,0.0
5225,27.99,0.0,-0.0,-0.0,0.0,0.0,-0.0,-0.0,0.0,0.0
5226,26.6,0.0,-0.0,-0.0,0.0,0.0,-0.0,-0.0,0.0,0.0
5227,22.27,0.0,-0.0,-0.0,0.0,0.0,-0.0,-0.0,0.0,0.0
5228,21.36,0.0,-0.0,-0.0,0.0,0.0,-0.0,-0.0,0.0,0.0
5229,19.94,0.0,-0.0,-0.0,0.0,0.0,-0.0,-0.0,0.0,0.0
5230,20.95,0.0,-0.0,-0.0,0.0,0.0,-0.0,-0.0,0.0,0.0
5231,22.66,0.0,-0.0,-0.0,0.0,0.0,-0.0,-0.0,0.0,0.0
5232,25.53,0.0,-0.0,-0.0,0.0,0.0,-0.0,-0.0,0.0,0.0
5233,28.25,0.0,-0.0,-0.0,0.0,0.0,-0.0,-0.0,0.0,0.0
5234,21.11,0.0,-0.0,-0.0,0.0,0.0,-0.0,-0.0,0.0,0.0
5235,20.27,0.0,-0.0,-0.0,0.0,0.0,-0.0,-0.0,0.0,0.0
5236,20.89,0.0,-0.0,-0.0,0.0,0.0,-0.0,-0.0,0.0,0.0
5237,24.51,0.0,-0.0,-0.0,0.0,0.0,-0.0,-0.0,0.0,0.0
5238,28.02,0.0,-0.0,-0.0,0.0,0.0,-0.0,-0.0,0.0,0.0
5239,21.56,0.0,-0.0,-0.0,0.0,0.0,-0.0,-0.0,0.0,0.0
5240,19.39,0.0,-0.0,-0.0,0.0,0.0,-0.0,-0.0,0.0,0.0
5241,19.45,0.0,-0.0,-0.0,0.0,0.0,-0.0,-0.0,0.0,0.0
5242,19.57,0.0,-0.0,-0.0,0.0,0.0,-0.0,-0.0,0.0,0.0
5243,18.61,0.0,-0.0,-0.0,0.0,0.0,-0.0,-0.0,0.0,0.0
5244,21.16,0.0,0.0,-0.0,-0.0,0.0,0.0,-0.0,0.0,0.0
5245,38.68,0.0,0.0,-0.0,-0.0,0.0,0.0,-0.0,0.0,0.0
5246,104.81,0.0,0.0,-0.0,-0.0,0.0,0.0,-0.0,0.0,0.0
5247,59.0,0.0,-0.0,-0.0,0.0,0.0,-0.0,-0.0,0.0,0.0
5248,32.97,0.0,-0.0,-0.0,0.0,0.0,-0.0,-0.0,0.0,0.0
5249,28.84,0.0,-0.0,-0.0,0.0,0.0,-0.0,-0.0,0.0,0.0
5250,21.85,0.0,-0.0,-0.0,0.0,0.0,-0.0,-0.0,0.0,0.0
5251,20.16,0.0,-0.0,-0.0,0.0,0.0,-0.0,-0.0,0.0,0.0
5252,18.63,0.0,-0.0,-0.0,0.0,0.0,-0.0,-0.0,0.0,0.0
5253,17.92,0.0,-0.0,-0.0,0.0,0.0,-0.0,-0.0,0.0,0.0
5254,18.21,0.0,-0.0,-0.0,0.0,0.0,-0.0,-0.0,0.0,0.0
5255,20.2,0.0,-0.0,-0.0,0.0,0.0,-0.0,-0.0,0.0,0.0
5256,23.24,0.0,-0.0,-0.0,0.0,0.0,-0.0,-0.0,0.0,0.0
5257,23.91,0.0,-0.0,-0.0,0.0,0.0,-0.0,-0.0,0.0,0.0
5258,17.47,0.0,-0.0,-0.0,0.0,0.0,-0.0,-0.0,0.0,0.0
5259,15.09,0.0,-0.0,-0.0,0.0,0.0,-0.0,-0.0,0.0,0.0
5260,16.74,0.0,-0.0,-0.0,0.0,0.0,-0.0,-0.0,0.0,0.0
5261,17.45,0.0,-0.0,-0.0,0.0,0.0,-0.0,-0.0,0.0,0.0
5262,16.55,0.0,-0.0,-0.0,0.0,0.0,-0.0,-0.0,0.0,0.0
5263,18.15,0.0,-0.0,-0.0,0.0,0.0,-0.0,-0.0,0.0,0.0
5264,17.71,0.0,-0.0,-0.0,0.0,0.0,-0.0,-0.0,0.0,0.0
5265,17.31,0.0,-0.0,-0.0,0.0,0.0,-0.0,-0.0,0.0,0.0
5266,17.14,0.0,-0.0,-0.0,0.0,0.0,-0.0,-0.0,0.0,0.0
5267,16.83,0.0,-0.0,-0.0,0.0,0.0,-0.0,-0.0,0.0,0.0
5268,19.92,0.0,-0.0,-0.0,0.0,0.0,-0.0,-0.0,0.0,0.0
5269,29.34,0.0,-0.0,-0.0,0.0,0.0,-0.0,-0.0,0.0,0.0
5270,56.11,0.0,-0.0,-0.0,0.0,0.0,-0.0,-0.0,0.0,0.0
5271,31.85,0.0,-0.0,-0.0,0.0,0.0,-0.0,-0.0,0.0,0.0
5272,25.32,0.0,-0.0,-0.0,0.0,0.0,-0.0,-0.0,0.0,0.0
5273,21.67,0.0,-0.0,-0.0,0.0,0.0,-0.0,-0.0,0.0,0.0
5274,19.61,0.0,-0.0,-0.0,0.0,0.0,-0.0,-0.0,0.0,0.0
5275,20.44,0.0,-0.0,-0.0,0.0,0.0,-0.0,-0.0,0.0,0.0
5276,20.28,0.0,-0.0,-0.0,0.0,0.0,-0.0,-0.0,0.0,0.0
5277,19.08,0.0,-0.0,-0.0,0.0,0.0,-0.0,-0.0,0.0,0.0
5278,16.89,0.0,-0.0,-0.0,0.0,0.0,-0.0,-0.0,0.0,0.0
5279,17.87,0.0,-0.0,-0.0,0.0,0.0,-0.0,-0.0,0.0,0.0
5280,21.04,0.0,-0.0,-0.0,0.0,0.0,-0.0,-0.0,0.0,0.0
5281,23.49,0.0,-0.0,-0.0,0.0,0.0,-0.0,-0.0,0.0,0.0
5282,16.92,0.0,-0.0,-0.0,0.0,0.0,-0.0,-0.0,0.0,0.0
5283,13.92,0.0,-0.0,-0.0,0.0,0.0,-0.0,-0.0,0.0,0.0
5284,5.77,0.0,-0.0,-0.0,0.0,0.0,-0.0,-0.0,0.0,0.0
5285,11.08,0.0,-0.0,-0.0,0.0,0.0,-0.0,-0.0,0.0,0.0
5286,13.1,0.0,-0.0,-0.0,0.0,0.0,-0.0,-0.0,0.0,0.0
5287,13.89,0.0,-0.0,-0.0,0.0,0.0,-0.0,-0.0,0.0,0.0
5288,15.58,0.0,-0.0,-0.0,0.0,0.0,-0.0,-0.0,0.0,0.0
5289,12.99,0.0,-0.0,-0.0,0.0,0.0,-0.0,-0.0,0.0,0.0
5290,14.07,0.0,-0.0,-0.0,0.0,0.0,-0.0,-0.0,0.0,0.0
5291,13.55,0.0,-0.0,-0.0,0.0,0.0,-0.0,-0.0,0.0,0.0
5292,17.87,0.0,-0.0,-0.0,0.0,0.0,-0.0,-0.0,0.0,0.0
5293,29.94,0.0,-0.0,-0.0,0.0,0.0,-0.0,-0.0,0.0,0.0
5294,28.23,0.0,-0.0,-0.0,0.0,0.0,-0.0,-0.0,0.0,0.0
5295,25.63,0.0,-0.0,-0.0,0.0,0.0,-0.0,-0.0,0.0,0.0
5296,20.53,0.0,-0.0,-0.0,0.0,0.0,-0.0,-0.0,0.0,0.0
5297,19.43,0.0,-0.0,-0.0,0.0,0.0,-0.0,-0.0,0.0,0.0
5298,19.37,0.0,-0.0,-0.0,0.0,0.0,-0.0,-0.0,0.0,0.0
5299,18.73,0.0,-0.0,-0.0,0.0,0.0,-0.0,-0.0,0.0,0.0
5300,18.47,0.0,-0.0,-0.0,0.0,0.0,-0.0,-0.0,0.0,0.0
5301,18.23,0.0,-0.0,-0.0,0.0,0.0,-0.0,-0.0,0.0,0.0
5302,19.6,0.0,-0.0,-0.0,0.0,0.0,-0.0,-0.0,0.0,0.0
5303,20.85,0.0,-0.0,-0.0,0.0,0.0,-0.0,-0.0,0.0,0.0
5304,23.26,0.0,-0.0,-0.0,0.0,0.0,-0.0,-0.0,0.0,0.0
5305,24.24,0.0,-0.0,-0.0,0.0,0.0,-0.0,-0.0,0.0,0.0
5306,16.93,0.0,-0.0,-0.0,0.0,0.0,-0.0,-0.0,0.0,0.0
5307,14.99,0.0,-0.0,-0.0,0.0,0.0,-0.0,-0.0,0.0,0.0
5308,16.44,0.0,-0.0,-0.0,0.0,0.0,-0.0,-0.0,0.0,0.0
5309,25.28,0.0,-0.0,-0.0,0.0,0.0,-0.0,-0.0,0.0,0.0
5310,24.48,0.0,-0.0,-0.0,0.0,0.0,-0.0,-0.0,0.0,0.0
5311,21.76,0.0,-0.0,-0.0,0.0,0.0,-0.0,-0.0,0.0,0.0
5312,26.6,0.0,-0.0,-0.0,0.0,0.0,-0.0,-0.0,0.0,0.0
5313,38.52,0.0,-0.0,-0.0,0.0,0.0,-0.0,-0.0,0.0,0.0
5314,45.78,0.0,-0.0,-0.0,0.0,0.0,-0.0,-0.0,0.0,0.0
5315,21.48,0.0,-0.0,-0.0,0.0,0.0,-0.0,-0.0,0.0,0.0
5316,22.43,0.0,-0.0,-0.0,0.0,0.0,-0.0,-0.0,0.0,0.0
5317,31.92,0.0,-0.0,-0.0,0.0,0.0,-0.0,-0.0,0.0,0.0
5318,35.12,0.0,-0.0,-0.0,0.0,0.0,-0.0,-0.0,0.0,0.0
5319,35.77,0.0,-0.0,-0.0,0.0,0.0,-0.0,-0.0,0.0,0.0
5320,24.09,0.0,-0.0,-0.0,0.0,0.0,-0.0,-0.0,0.0,0.0
5321,28.18,0.0,-0.0,-0.0,0.0,0.0,-0.0,-0.0,0.0,0.0
5322,26.7,0.0,-0.0,-0.0,0.0,0.0,-0.0,-0.0,0.0,0.0
5323,32.04,0.0,-0.0,-0.0,0.0,0.0,-0.0,-0.0,0.0,0.0
5324,37.16,0.0,-0.0,-0.0,0.0,0.0,-0.0,-0.0,0.0,0.0
5325,27.19,0.0,-0.0,-0.0,0.0,0.0,-0.0,-0.0,0.0,0.0
5326,25.85,0.0,-0.0,-0.0,0.0,0.0,-0.0,-0.0,0.0,0.0
5327,27.7,0.0,-0.0,-0.0,0.0,0.0,-0.0,-0.0,0.0,0.0
5328,28.66,0.0,-0.0,-0.0,0.0,0.0,-0.0,-0.0,0.0,0.0
5329,30.82,0.0,-0.0,-0.0,0.0,0.0,-0.0,-0.0,0.0,0.0
5330,22.82,0.0,-0.0,-0.0,0.0,0.0,-0.0,-0.0,0.0,0.0
5331,22.26,0.0,-0.0,-0.0,0.0,0.0,-0.0,-0.0,0.0,0.0
5332,23.59,0.0,-0.0,-0.0,0.0,0.0,-0.0,-0.0,0.0,0.0
5333,27.34,0.0,-0.0,-0.0,0.0,0.0,-0.0,-0.0,0.0,0.0
5334,41.04,0.0,-0.0,-0.0,0.0,0.0,-0.0,-0.0,0.0,0.0
5335,26.04,0.0,-0.0,-0.0,0.0,0.0,-0.0,-0.0,0.0,0.0
5336,24.84,0.0,-0.0,-0.0,0.0,0.0,-0.0,-0.0,0.0,0.0
5337,22.68,0.0,-0.0,-0.0,0.0,0.0,-0.0,-0.0,0.0,0.0
5338,26.18,0.0,-0.0,-0.0,0.0,0.0,-0.0,-0.0,0.0,0.0
5339,21.94,0.0,0.0,-0.0,-0.0,0.0,0.0,-0.0,0.0,0.0
5340,21.98,0.0,0.0,-0.0,-0.0,0.0,0.0,-0.0,0.0,0.0
5341,64.56,171.0,1.0,1.0,-0.0,8550.0,2000.0,10000.0,11039.76,-9510.24
5342,78.56,171.0,1.0,-0.0,-0.0,8550.0,2000.0,-0.0,13433.76,2883.76
5343,92.31,171.0,1.0,-0.0,-0.0,8550.0,2000.0,-0.0,15785.01,5235.01
5344,94.55,171.0,1.0,-0.0,-0.0,8550.0,2000.0,-0.0,16168.05,5618.049999999999
5345,50.05,0.0,-0.0,-0.0,1.0,0.0,-0.0,-0.0,0.0,0.0
5346,29.97,0.0,-0.0,-0.0,0.0,0.0,-0.0,-0.0,0.0,0.0
5347,24.99,0.0,-0.0,-0.0,0.0,0.0,-0.0,-0.0,0.0,0.0
5348,22.82,0.0,-0.0,-0.0,0.0,0.0,-0.0,-0.0,0.0,0.0
5349,23.33,0.0,-0.0,-0.0,0.0,0.0,-0.0,-0.0,0.0,0.0
5350,23.02,0.0,-0.0,-0.0,0.0,0.0,-0.0,-0.0,0.0,0.0
5351,27.58,0.0,-0.0,-0.0,0.0,0.0,-0.0,-0.0,0.0,0.0
5352,36.86,0.0,-0.0,-0.0,0.0,0.0,-0.0,-0.0,0.0,0.0
5353,40.45,0.0,-0.0,-0.0,0.0,0.0,-0.0,-0.0,0.0,0.0
5354,23.55,0.0,-0.0,-0.0,0.0,0.0,-0.0,-0.0,0.0,0.0
5355,21.94,0.0,-0.0,-0.0,0.0,0.0,-0.0,-0.0,0.0,0.0
5356,22.26,0.0,-0.0,-0.0,0.0,0.0,-0.0,-0.0,0.0,0.0
5357,22.87,0.0,-0.0,-0.0,0.0,0.0,-0.0,-0.0,0.0,0.0
5358,21.63,0.0,-0.0,-0.0,0.0,0.0,-0.0,-0.0,0.0,0.0
5359,28.49,0.0,-0.0,-0.0,0.0,0.0,-0.0,-0.0,0.0,0.0
5360,32.58,0.0,-0.0,-0.0,0.0,0.0,-0.0,-0.0,0.0,0.0
5361,26.85,0.0,0.0,-0.0,-0.0,0.0,0.0,-0.0,0.0,0.0
5362,29.7,0.0,0.0,-0.0,-0.0,0.0,0.0,-0.0,0.0,0.0
5363,34.39,0.0,0.0,-0.0,-0.0,0.0,0.0,-0.0,0.0,0.0
5364,75.14,0.0,0.0,0.0,-0.0,0.0,0.0,0.0,0.0,0.0
5365,92.35,0.0,0.0,-0.0,-0.0,0.0,0.0,-0.0,0.0,0.0
5366,76.51,0.0,0.0,-0.0,-0.0,0.0,0.0,-0.0,0.0,0.0
5367,56.86,0.0,-0.0,-0.0,0.0,0.0,-0.0,-0.0,0.0,0.0
5368,42.37,0.0,-0.0,-0.0,0.0,0.0,-0.0,-0.0,0.0,0.0
5369,35.63,0.0,-0.0,-0.0,0.0,0.0,-0.0,-0.0,0.0,0.0
5370,34.64,0.0,-0.0,-0.0,0.0,0.0,-0.0,-0.0,0.0,0.0
5371,31.31,0.0,-0.0,-0.0,0.0,0.0,-0.0,-0.0,0.0,0.0
5372,31.42,0.0,-0.0,-0.0,0.0,0.0,-0.0,-0.0,0.0,0.0
5373,30.23,0.0,-0.0,-0.0,0.0,0.0,-0.0,-0.0,0.0,0.0
5374,33.81,0.0,-0.0,-0.0,0.0,0.0,-0.0,-0.0,0.0,0.0
5375,36.0,0.0,-0.0,-0.0,0.0,0.0,-0.0,-0.0,0.0,0.0
5376,48.53,0.0,-0.0,-0.0,0.0,0.0,-0.0,-0.0,0.0,0.0
5377,47.41,0.0,-0.0,-0.0,0.0,0.0,-0.0,-0.0,0.0,0.0
5378,28.77,0.0,-0.0,-0.0,0.0,0.0,-0.0,-0.0,0.0,0.0
5379,25.71,0.0,-0.0,-0.0,0.0,0.0,-0.0,-0.0,0.0,0.0
5380,26.98,0.0,-0.0,-0.0,0.0,0.0,-0.0,-0.0,0.0,0.0
5381,24.57,0.0,-0.0,-0.0,0.0,0.0,-0.0,-0.0,0.0,0.0
5382,34.82,0.0,-0.0,-0.0,0.0,0.0,-0.0,-0.0,0.0,0.0
5383,33.88,0.0,-0.0,-0.0,0.0,0.0,-0.0,-0.0,0.0,0.0
5384,29.52,0.0,-0.0,-0.0,0.0,0.0,-0.0,-0.0,0.0,0.0
5385,38.39,0.0,-0.0,-0.0,0.0,0.0,-0.0,-0.0,0.0,0.0
5386,51.02,0.0,-0.0,-0.0,0.0,0.0,-0.0,-0.0,0.0,0.0
5387,33.97,0.0,-0.0,-0.0,0.0,0.0,-0.0,-0.0,0.0,0.0
5388,38.94,0.0,-0.0,-0.0,0.0,0.0,-0.0,-0.0,0.0,0.0
5389,68.34,0.0,0.0,-0.0,-0.0,0.0,0.0,-0.0,0.0,0.0
5390,68.9,0.0,0.0,-0.0,-0.0,0.0,0.0,-0.0,0.0,0.0
5391,61.33,0.0,-0.0,-0.0,0.0,0.0,-0.0,-0.0,0.0,0.0
5392,33.3,0.0,-0.0,-0.0,0.0,0.0,-0.0,-0.0,0.0,0.0
5393,30.82,0.0,-0.0,-0.0,0.0,0.0,-0.0,-0.0,0.0,0.0
5394,27.92,0.0,-0.0,-0.0,0.0,0.0,-0.0,-0.0,0.0,0.0
5395,23.17,0.0,-0.0,-0.0,0.0,0.0,-0.0,-0.0,0.0,0.0
5396,23.13,0.0,-0.0,-0.0,0.0,0.0,-0.0,-0.0,0.0,0.0
5397,22.6,0.0,-0.0,-0.0,0.0,0.0,-0.0,-0.0,0.0,0.0
5398,22.67,0.0,-0.0,-0.0,0.0,0.0,-0.0,-0.0,0.0,0.0
5399,23.18,0.0,-0.0,-0.0,0.0,0.0,-0.0,-0.0,0.0,0.0
5400,30.42,0.0,-0.0,-0.0,0.0,0.0,-0.0,-0.0,0.0,0.0
5401,28.75,0.0,-0.0,-0.0,0.0,0.0,-0.0,-0.0,0.0,0.0
5402,22.27,0.0,-0.0,-0.0,0.0,0.0,-0.0,-0.0,0.0,0.0
5403,19.8,0.0,-0.0,-0.0,0.0,0.0,-0.0,-0.0,0.0,0.0
5404,19.9,0.0,-0.0,-0.0,0.0,0.0,-0.0,-0.0,0.0,0.0
5405,23.33,0.0,-0.0,-0.0,0.0,0.0,-0.0,-0.0,0.0,0.0
5406,31.43,0.0,-0.0,-0.0,0.0,0.0,-0.0,-0.0,0.0,0.0
5407,39.39,0.0,-0.0,-0.0,0.0,0.0,-0.0,-0.0,0.0,0.0
5408,34.11,0.0,-0.0,-0.0,0.0,0.0,-0.0,-0.0,0.0,0.0
5409,30.71,0.0,-0.0,-0.0,0.0,0.0,-0.0,-0.0,0.0,0.0
5410,31.95,0.0,-0.0,-0.0,0.0,0.0,-0.0,-0.0,0.0,0.0
5411,27.55,0.0,-0.0,-0.0,0.0,0.0,-0.0,-0.0,0.0,0.0
5412,29.31,0.0,0.0,-0.0,-0.0,0.0,0.0,-0.0,0.0,0.0
5413,55.24,0.0,0.0,-0.0,-0.0,0.0,0.0,-0.0,0.0,0.0
5414,82.15,0.0,0.0,-0.0,-0.0,0.0,0.0,-0.0,0.0,0.0
5415,80.31,0.0,0.0,-0.0,-0.0,0.0,0.0,-0.0,0.0,0.0
5416,29.29,0.0,-0.0,-0.0,0.0,0.0,-0.0,-0.0,0.0,0.0
5417,23.53,0.0,-0.0,-0.0,0.0,0.0,-0.0,-0.0,0.0,0.0
5418,23.47,0.0,-0.0,-0.0,0.0,0.0,-0.0,-0.0,0.0,0.0
5419,23.36,0.0,-0.0,-0.0,0.0,0.0,-0.0,-0.0,0.0,0.0
5420,22.06,0.0,-0.0,-0.0,0.0,0.0,-0.0,-0.0,0.0,0.0
5421,22.93,0.0,-0.0,-0.0,0.0,0.0,-0.0,-0.0,0.0,0.0
5422,23.41,0.0,-0.0,-0.0,0.0,0.0,-0.0,-0.0,0.0,0.0
5423,25.47,0.0,-0.0,-0.0,0.0,0.0,-0.0,-0.0,0.0,0.0
5424,36.91,0.0,-0.0,-0.0,0.0,0.0,-0.0,-0.0,0.0,0.0
5425,39.08,0.0,-0.0,-0.0,0.0,0.0,-0.0,-0.0,0.0,0.0
5426,23.35,0.0,-0.0,-0.0,0.0,0.0,-0.0,-0.0,0.0,0.0
5427,17.6,0.0,-0.0,-0.0,0.0,0.0,-0.0,-0.0,0.0,0.0
5428,16.52,0.0,-0.0,-0.0,0.0,0.0,-0.0,-0.0,0.0,0.0
5429,19.42,0.0,-0.0,-0.0,0.0,0.0,-0.0,-0.0,0.0,0.0
5430,19.26,0.0,-0.0,-0.0,0.0,0.0,-0.0,-0.0,0.0,0.0
5431,20.31,0.0,-0.0,-0.0,0.0,0.0,-0.0,-0.0,0.0,0.0
5432,23.89,0.0,-0.0,-0.0,0.0,0.0,-0.0,-0.0,0.0,0.0
5433,20.25,0.0,-0.0,-0.0,0.0,0.0,-0.0,-0.0,0.0,0.0
5434,21.42,0.0,-0.0,-0.0,0.0,0.0,-0.0,-0.0,0.0,0.0
5435,20.85,0.0,-0.0,-0.0,0.0,0.0,-0.0,-0.0,0.0,0.0
5436,27.73,0.0,-0.0,-0.0,0.0,0.0,-0.0,-0.0,0.0,0.0
5437,42.48,0.0,-0.0,-0.0,0.0,0.0,-0.0,-0.0,0.0,0.0
5438,62.77,0.0,0.0,-0.0,-0.0,0.0,0.0,-0.0,0.0,0.0
5439,68.0,0.0,0.0,-0.0,-0.0,0.0,0.0,-0.0,0.0,0.0
5440,51.35,0.0,-0.0,-0.0,0.0,0.0,-0.0,-0.0,0.0,0.0
5441,29.01,0.0,-0.0,-0.0,0.0,0.0,-0.0,-0.0,0.0,0.0
5442,21.73,0.0,-0.0,-0.0,0.0,0.0,-0.0,-0.0,0.0,0.0
5443,19.59,0.0,-0.0,-0.0,0.0,0.0,-0.0,-0.0,0.0,0.0
5444,20.95,0.0,-0.0,-0.0,0.0,0.0,-0.0,-0.0,0.0,0.0
5445,20.65,0.0,-0.0,-0.0,0.0,0.0,-0.0,-0.0,0.0,0.0
5446,21.75,0.0,-0.0,-0.0,0.0,0.0,-0.0,-0.0,0.0,0.0
5447,22.5,0.0,-0.0,-0.0,0.0,0.0,-0.0,-0.0,0.0,0.0
5448,24.56,0.0,-0.0,-0.0,0.0,0.0,-0.0,-0.0,0.0,0.0
5449,26.62,0.0,-0.0,-0.0,0.0,0.0,-0.0,-0.0,0.0,0.0
5450,21.69,0.0,-0.0,-0.0,0.0,0.0,-0.0,-0.0,0.0,0.0
5451,19.45,0.0,-0.0,-0.0,0.0,0.0,-0.0,-0.0,0.0,0.0
5452,19.06,0.0,-0.0,-0.0,0.0,0.0,-0.0,-0.0,0.0,0.0
5453,23.08,0.0,-0.0,-0.0,0.0,0.0,-0.0,-0.0,0.0,0.0
5454,24.61,0.0,-0.0,-0.0,0.0,0.0,-0.0,-0.0,0.0,0.0
5455,34.84,0.0,-0.0,-0.0,0.0,0.0,-0.0,-0.0,0.0,0.0
5456,31.62,0.0,-0.0,-0.0,0.0,0.0,-0.0,-0.0,0.0,0.0
5457,47.27,0.0,-0.0,-0.0,0.0,0.0,-0.0,-0.0,0.0,0.0
5458,41.89,0.0,-0.0,-0.0,0.0,0.0,-0.0,-0.0,0.0,0.0
5459,46.45,0.0,0.0,-0.0,-0.0,0.0,0.0,-0.0,0.0,0.0
5460,30.76,0.0,0.0,-0.0,-0.0,0.0,0.0,-0.0,0.0,0.0
5461,54.3,0.0,0.0,-0.0,-0.0,0.0,0.0,-0.0,0.0,0.0
5462,74.73,0.0,0.0,-0.0,-0.0,0.0,0.0,-0.0,0.0,0.0
5463,96.8,0.0,0.0,-0.0,-0.0,0.0,0.0,-0.0,0.0,0.0
5464,43.36,0.0,-0.0,-0.0,0.0,0.0,-0.0,-0.0,0.0,0.0
5465,31.65,0.0,-0.0,-0.0,0.0,0.0,-0.0,-0.0,0.0,0.0
5466,28.2,0.0,-0.0,-0.0,0.0,0.0,-0.0,-0.0,0.0,0.0
5467,30.27,0.0,-0.0,-0.0,0.0,0.0,-0.0,-0.0,0.0,0.0
5468,26.0,0.0,-0.0,-0.0,0.0,0.0,-0.0,-0.0,0.0,0.0
5469,23.89,0.0,-0.0,-0.0,0.0,0.0,-0.0,-0.0,0.0,0.0
5470,21.89,0.0,-0.0,-0.0,0.0,0.0,-0.0,-0.0,0.0,0.0
5471,21.86,0.0,-0.0,-0.0,0.0,0.0,-0.0,-0.0,0.0,0.0
5472,21.65,0.0,-0.0,-0.0,0.0,0.0,-0.0,-0.0,0.0,0.0
5473,22.14,0.0,-0.0,-0.0,0.0,0.0,-0.0,-0.0,0.0,0.0
5474,18.29,0.0,-0.0,-0.0,0.0,0.0,-0.0,-0.0,0.0,0.0
5475,14.69,0.0,-0.0,-0.0,0.0,0.0,-0.0,-0.0,0.0,0.0
5476,12.67,0.0,-0.0,-0.0,0.0,0.0,-0.0,-0.0,0.0,0.0
5477,7.9,0.0,-0.0,-0.0,0.0,0.0,-0.0,-0.0,0.0,0.0
5478,19.16,0.0,-0.0,-0.0,0.0,0.0,-0.0,-0.0,0.0,0.0
5479,26.62,0.0,-0.0,-0.0,0.0,0.0,-0.0,-0.0,0.0,0.0
5480,23.47,0.0,-0.0,-0.0,0.0,0.0,-0.0,-0.0,0.0,0.0
5481,20.65,0.0,-0.0,-0.0,0.0,0.0,-0.0,-0.0,0.0,0.0
5482,21.15,0.0,-0.0,-0.0,0.0,0.0,-0.0,-0.0,0.0,0.0
5483,27.85,0.0,0.0,-0.0,-0.0,0.0,0.0,-0.0,0.0,0.0
5484,29.56,0.0,0.0,-0.0,-0.0,0.0,0.0,-0.0,0.0,0.0
5485,73.45,171.0,1.0,1.0,-0.0,8550.0,2000.0,10000.0,12559.95,-7990.049999999999
5486,69.01,171.0,1.0,-0.0,-0.0,8550.0,2000.0,-0.0,11800.710000000001,1250.710000000001
5487,101.45,171.0,1.0,-0.0,-0.0,8550.0,2000.0,-0.0,17347.95,6797.950000000001
5488,67.99,171.0,1.0,-0.0,0.0,8550.0,2000.0,-0.0,11626.289999999999,1076.289999999999
5489,33.95,0.0,-0.0,-0.0,1.0,0.0,-0.0,-0.0,0.0,0.0
5490,27.85,0.0,-0.0,-0.0,0.0,0.0,-0.0,-0.0,0.0,0.0
5491,25.28,0.0,-0.0,-0.0,0.0,0.0,-0.0,-0.0,0.0,0.0
5492,23.65,0.0,-0.0,-0.0,0.0,0.0,-0.0,-0.0,0.0,0.0
5493,24.19,0.0,-0.0,-0.0,0.0,0.0,-0.0,-0.0,0.0,0.0
5494,24.0,0.0,-0.0,-0.0,0.0,0.0,-0.0,-0.0,0.0,0.0
5495,26.36,0.0,-0.0,-0.0,0.0,0.0,-0.0,-0.0,0.0,0.0
5496,31.24,0.0,-0.0,-0.0,0.0,0.0,-0.0,-0.0,0.0,0.0
5497,39.97,0.0,-0.0,-0.0,0.0,0.0,-0.0,-0.0,0.0,0.0
5498,23.89,0.0,-0.0,-0.0,0.0,0.0,-0.0,-0.0,0.0,0.0
5499,19.55,0.0,-0.0,-0.0,0.0,0.0,-0.0,-0.0,0.0,0.0
5500,17.99,0.0,-0.0,-0.0,0.0,0.0,-0.0,-0.0,0.0,0.0
5501,20.76,0.0,-0.0,-0.0,0.0,0.0,-0.0,-0.0,0.0,0.0
5502,28.88,0.0,-0.0,-0.0,0.0,0.0,-0.0,-0.0,0.0,0.0
5503,26.94,0.0,-0.0,-0.0,0.0,0.0,-0.0,-0.0,0.0,0.0
5504,18.95,0.0,-0.0,-0.0,0.0,0.0,-0.0,-0.0,0.0,0.0
5505,20.69,0.0,-0.0,-0.0,0.0,0.0,-0.0,-0.0,0.0,0.0
5506,18.56,0.0,-0.0,-0.0,0.0,0.0,-0.0,-0.0,0.0,0.0
5507,20.93,0.0,0.0,-0.0,-0.0,0.0,0.0,-0.0,0.0,0.0
5508,24.06,0.0,0.0,-0.0,-0.0,0.0,0.0,-0.0,0.0,0.0
5509,90.81,171.0,1.0,1.0,-0.0,8550.0,2000.0,10000.0,15528.51,-5021.49
5510,86.18,171.0,1.0,-0.0,-0.0,8550.0,2000.0,-0.0,14736.78,4186.780000000001
5511,111.08,171.0,1.0,-0.0,-0.0,8550.0,2000.0,-0.0,18994.68,8444.68
5512,68.03,171.0,1.0,-0.0,0.0,8550.0,2000.0,-0.0,11633.130000000001,1083.130000000001
5513,69.79,171.0,1.0,-0.0,0.0,8550.0,2000.0,-0.0,11934.090000000002,1384.090000000002
5514,42.61,0.0,-0.0,-0.0,1.0,0.0,-0.0,-0.0,0.0,0.0
5515,39.69,0.0,-0.0,-0.0,0.0,0.0,-0.0,-0.0,0.0,0.0
5516,40.92,0.0,-0.0,-0.0,0.0,0.0,-0.0,-0.0,0.0,0.0
5517,41.32,0.0,-0.0,-0.0,0.0,0.0,-0.0,-0.0,0.0,0.0
5518,38.84,0.0,-0.0,-0.0,0.0,0.0,-0.0,-0.0,0.0,0.0
5519,38.39,0.0,-0.0,-0.0,0.0,0.0,-0.0,-0.0,0.0,0.0
5520,70.74,0.0,0.0,-0.0,-0.0,0.0,0.0,-0.0,0.0,0.0
5521,66.67,0.0,0.0,-0.0,-0.0,0.0,0.0,-0.0,0.0,0.0
5522,34.72,0.0,-0.0,-0.0,0.0,0.0,-0.0,-0.0,0.0,0.0
5523,32.74,0.0,-0.0,-0.0,0.0,0.0,-0.0,-0.0,0.0,0.0
5524,40.5,0.0,0.0,-0.0,-0.0,0.0,0.0,-0.0,0.0,0.0
5525,43.48,0.0,0.0,-0.0,-0.0,0.0,0.0,-0.0,0.0,0.0
5526,49.17,0.0,0.0,-0.0,-0.0,0.0,0.0,-0.0,0.0,0.0
5527,75.58,171.0,1.0,1.0,-0.0,8550.0,2000.0,10000.0,12924.18,-7625.82
5528,50.24,171.0,1.0,-0.0,-0.0,8550.0,2000.0,-0.0,8591.04,-1958.9599999999991
5529,77.29,171.0,1.0,-0.0,-0.0,8550.0,2000.0,-0.0,13216.590000000002,2666.590000000002
5530,93.49,171.0,1.0,-0.0,-0.0,8550.0,2000.0,-0.0,15986.789999999999,5436.789999999999
5531,101.58,171.0,1.0,-0.0,-0.0,8550.0,2000.0,-0.0,17370.18,6820.18
5532,35.07,68.0,1.0,-0.0,0.0,3400.0,2000.0,-0.0,2384.76,-3015.24
5533,91.26,171.0,1.0,-0.0,-0.0,8550.0,2000.0,-0.0,15605.460000000001,5055.460000000001
5534,97.56,171.0,1.0,-0.0,0.0,8550.0,2000.0,-0.0,16682.760000000002,6132.760000000002
5535,76.58,171.0,1.0,-0.0,0.0,8550.0,2000.0,-0.0,13095.18,2545.1800000000003
5536,95.9,171.0,1.0,-0.0,0.0,8550.0,2000.0,-0.0,16398.9,5848.9000000000015
5537,58.25,0.0,-0.0,-0.0,1.0,0.0,-0.0,-0.0,0.0,0.0
5538,35.19,0.0,-0.0,-0.0,0.0,0.0,-0.0,-0.0,0.0,0.0
5539,34.53,0.0,-0.0,-0.0,0.0,0.0,-0.0,-0.0,0.0,0.0
5540,31.58,0.0,-0.0,-0.0,0.0,0.0,-0.0,-0.0,0.0,0.0
5541,29.6,0.0,-0.0,-0.0,0.0,0.0,-0.0,-0.0,0.0,0.0
5542,27.85,0.0,-0.0,-0.0,0.0,0.0,-0.0,-0.0,0.0,0.0
5543,25.62,0.0,-0.0,-0.0,0.0,0.0,-0.0,-0.0,0.0,0.0
5544,26.35,0.0,-0.0,-0.0,0.0,0.0,-0.0,-0.0,0.0,0.0
5545,26.92,0.0,-0.0,-0.0,0.0,0.0,-0.0,-0.0,0.0,0.0
5546,22.27,0.0,-0.0,-0.0,0.0,0.0,-0.0,-0.0,0.0,0.0
5547,18.03,0.0,-0.0,-0.0,0.0,0.0,-0.0,-0.0,0.0,0.0
5548,15.85,0.0,-0.0,-0.0,0.0,0.0,-0.0,-0.0,0.0,0.0
5549,10.16,0.0,-0.0,-0.0,0.0,0.0,-0.0,-0.0,0.0,0.0
5550,14.36,0.0,-0.0,-0.0,0.0,0.0,-0.0,-0.0,0.0,0.0
5551,14.46,0.0,-0.0,-0.0,0.0,0.0,-0.0,-0.0,0.0,0.0
5552,20.0,0.0,-0.0,-0.0,0.0,0.0,-0.0,-0.0,0.0,0.0
5553,26.52,0.0,-0.0,-0.0,0.0,0.0,-0.0,-0.0,0.0,0.0
5554,34.55,0.0,0.0,-0.0,-0.0,0.0,0.0,-0.0,0.0,0.0
5555,54.05,0.0,0.0,-0.0,-0.0,0.0,0.0,-0.0,0.0,0.0
5556,37.18,0.0,0.0,-0.0,-0.0,0.0,0.0,-0.0,0.0,0.0
5557,84.89,171.0,1.0,1.0,-0.0,8550.0,2000.0,10000.0,14516.19,-6033.8099999999995
5558,129.84,171.0,1.0,-0.0,-0.0,8550.0,2000.0,-0.0,22202.64,11652.64
5559,326.36,171.0,1.0,-0.0,0.0,8550.0,2000.0,-0.0,55807.560000000005,45257.560000000005
5560,104.85,171.0,1.0,-0.0,0.0,8550.0,2000.0,-0.0,17929.35,7379.3499999999985
5561,68.66,171.0,1.0,-0.0,0.0,8550.0,2000.0,-0.0,11740.859999999999,1190.8599999999988
5562,39.52,0.0,-0.0,-0.0,1.0,0.0,-0.0,-0.0,0.0,0.0
5563,38.99,0.0,-0.0,-0.0,0.0,0.0,-0.0,-0.0,0.0,0.0
5564,34.26,0.0,-0.0,-0.0,0.0,0.0,-0.0,-0.0,0.0,0.0
5565,32.45,0.0,-0.0,-0.0,0.0,0.0,-0.0,-0.0,0.0,0.0
5566,31.98,0.0,-0.0,-0.0,0.0,0.0,-0.0,-0.0,0.0,0.0
5567,35.29,0.0,-0.0,-0.0,0.0,0.0,-0.0,-0.0,0.0,0.0
5568,39.97,0.0,-0.0,-0.0,0.0,0.0,-0.0,-0.0,0.0,0.0
5569,51.94,0.0,-0.0,-0.0,0.0,0.0,-0.0,-0.0,0.0,0.0
5570,25.98,0.0,-0.0,-0.0,0.0,0.0,-0.0,-0.0,0.0,0.0
5571,22.25,0.0,-0.0,-0.0,0.0,0.0,-0.0,-0.0,0.0,0.0
5572,21.73,0.0,-0.0,-0.0,0.0,0.0,-0.0,-0.0,0.0,0.0
5573,23.75,0.0,-0.0,-0.0,0.0,0.0,-0.0,-0.0,0.0,0.0
5574,41.2,0.0,-0.0,-0.0,0.0,0.0,-0.0,-0.0,0.0,0.0
5575,44.39,0.0,-0.0,-0.0,0.0,0.0,-0.0,-0.0,0.0,0.0
5576,40.71,0.0,-0.0,-0.0,0.0,0.0,-0.0,-0.0,0.0,0.0
5577,41.78,0.0,-0.0,-0.0,0.0,0.0,-0.0,-0.0,0.0,0.0
5578,47.86,0.0,-0.0,-0.0,0.0,0.0,-0.0,-0.0,0.0,0.0
5579,35.19,0.0,-0.0,-0.0,0.0,0.0,-0.0,-0.0,0.0,0.0
5580,37.97,0.0,-0.0,-0.0,0.0,0.0,-0.0,-0.0,0.0,0.0
5581,68.49,0.0,0.0,-0.0,-0.0,0.0,0.0,-0.0,0.0,0.0
5582,65.43,0.0,0.0,-0.0,-0.0,0.0,0.0,-0.0,0.0,0.0
5583,42.95,0.0,-0.0,-0.0,0.0,0.0,-0.0,-0.0,0.0,0.0
5584,40.02,0.0,-0.0,-0.0,0.0,0.0,-0.0,-0.0,0.0,0.0
5585,33.08,0.0,-0.0,-0.0,0.0,0.0,-0.0,-0.0,0.0,0.0
5586,27.75,0.0,-0.0,-0.0,0.0,0.0,-0.0,-0.0,0.0,0.0
5587,28.74,0.0,-0.0,-0.0,0.0,0.0,-0.0,-0.0,0.0,0.0
5588,28.43,0.0,-0.0,-0.0,0.0,0.0,-0.0,-0.0,0.0,0.0
5589,27.53,0.0,-0.0,-0.0,0.0,0.0,-0.0,-0.0,0.0,0.0
5590,28.45,0.0,-0.0,-0.0,0.0,0.0,-0.0,-0.0,0.0,0.0
5591,33.22,0.0,-0.0,-0.0,0.0,0.0,-0.0,-0.0,0.0,0.0
5592,33.48,0.0,-0.0,-0.0,0.0,0.0,-0.0,-0.0,0.0,0.0
5593,47.72,0.0,-0.0,-0.0,0.0,0.0,-0.0,-0.0,0.0,0.0
5594,26.45,0.0,-0.0,-0.0,0.0,0.0,-0.0,-0.0,0.0,0.0
5595,20.6,0.0,-0.0,-0.0,0.0,0.0,-0.0,-0.0,0.0,0.0
5596,20.91,0.0,-0.0,-0.0,0.0,0.0,-0.0,-0.0,0.0,0.0
5597,23.04,0.0,-0.0,-0.0,0.0,0.0,-0.0,-0.0,0.0,0.0
5598,23.3,0.0,-0.0,-0.0,0.0,0.0,-0.0,-0.0,0.0,0.0
5599,25.95,0.0,-0.0,-0.0,0.0,0.0,-0.0,-0.0,0.0,0.0
5600,36.67,0.0,-0.0,-0.0,0.0,0.0,-0.0,-0.0,0.0,0.0
5601,25.62,0.0,-0.0,-0.0,0.0,0.0,-0.0,-0.0,0.0,0.0
5602,21.25,0.0,-0.0,-0.0,0.0,0.0,-0.0,-0.0,0.0,0.0
5603,26.06,0.0,-0.0,-0.0,0.0,0.0,-0.0,-0.0,0.0,0.0
5604,29.67,0.0,0.0,-0.0,-0.0,0.0,0.0,-0.0,0.0,0.0
5605,59.42,0.0,0.0,-0.0,-0.0,0.0,0.0,-0.0,0.0,0.0
5606,85.03,0.0,0.0,-0.0,-0.0,0.0,0.0,-0.0,0.0,0.0
5607,45.47,0.0,-0.0,-0.0,0.0,0.0,-0.0,-0.0,0.0,0.0
5608,32.86,0.0,-0.0,-0.0,0.0,0.0,-0.0,-0.0,0.0,0.0
5609,30.87,0.0,-0.0,-0.0,0.0,0.0,-0.0,-0.0,0.0,0.0
5610,28.11,0.0,-0.0,-0.0,0.0,0.0,-0.0,-0.0,0.0,0.0
5611,26.58,0.0,-0.0,-0.0,0.0,0.0,-0.0,-0.0,0.0,0.0
5612,25.54,0.0,-0.0,-0.0,0.0,0.0,-0.0,-0.0,0.0,0.0
5613,26.29,0.0,-0.0,-0.0,0.0,0.0,-0.0,-0.0,0.0,0.0
5614,27.58,0.0,-0.0,-0.0,0.0,0.0,-0.0,-0.0,0.0,0.0
5615,26.96,0.0,-0.0,-0.0,0.0,0.0,-0.0,-0.0,0.0,0.0
5616,27.18,0.0,-0.0,-0.0,0.0,0.0,-0.0,-0.0,0.0,0.0
5617,26.27,0.0,-0.0,-0.0,0.0,0.0,-0.0,-0.0,0.0,0.0
5618,23.24,0.0,-0.0,-0.0,0.0,0.0,-0.0,-0.0,0.0,0.0
5619,16.94,0.0,-0.0,-0.0,0.0,0.0,-0.0,-0.0,0.0,0.0
5620,17.41,0.0,-0.0,-0.0,0.0,0.0,-0.0,-0.0,0.0,0.0
5621,20.06,0.0,-0.0,-0.0,0.0,0.0,-0.0,-0.0,0.0,0.0
5622,22.2,0.0,-0.0,-0.0,0.0,0.0,-0.0,-0.0,0.0,0.0
5623,22.7,0.0,-0.0,-0.0,0.0,0.0,-0.0,-0.0,0.0,0.0
5624,22.19,0.0,-0.0,-0.0,0.0,0.0,-0.0,-0.0,0.0,0.0
5625,23.1,0.0,-0.0,-0.0,0.0,0.0,-0.0,-0.0,0.0,0.0
5626,25.24,0.0,-0.0,-0.0,0.0,0.0,-0.0,-0.0,0.0,0.0
5627,22.31,0.0,0.0,-0.0,-0.0,0.0,0.0,-0.0,0.0,0.0
5628,25.17,0.0,0.0,-0.0,-0.0,0.0,0.0,-0.0,0.0,0.0
5629,56.06,171.0,1.0,1.0,-0.0,8550.0,2000.0,10000.0,9586.26,-10963.74
5630,128.94,171.0,1.0,0.0,-0.0,8550.0,2000.0,0.0,22048.739999999998,11498.739999999998
5631,97.04,171.0,1.0,-0.0,-0.0,8550.0,2000.0,-0.0,16593.84,6043.84
5632,56.32,171.0,1.0,-0.0,0.0,8550.0,2000.0,-0.0,9630.72,-919.2800000000007
5633,36.98,0.0,-0.0,-0.0,1.0,0.0,-0.0,-0.0,0.0,0.0
5634,40.3,0.0,-0.0,-0.0,0.0,0.0,-0.0,-0.0,0.0,0.0
5635,29.49,0.0,-0.0,-0.0,0.0,0.0,-0.0,-0.0,0.0,0.0
5636,27.23,0.0,-0.0,-0.0,0.0,0.0,-0.0,-0.0,0.0,0.0
5637,28.73,0.0,-0.0,-0.0,0.0,0.0,-0.0,-0.0,0.0,0.0
5638,27.68,0.0,-0.0,-0.0,0.0,0.0,-0.0,-0.0,0.0,0.0
5639,26.85,0.0,-0.0,-0.0,0.0,0.0,-0.0,-0.0,0.0,0.0
5640,28.33,0.0,-0.0,-0.0,0.0,0.0,-0.0,-0.0,0.0,0.0
5641,27.54,0.0,-0.0,-0.0,0.0,0.0,-0.0,-0.0,0.0,0.0
5642,21.6,0.0,-0.0,-0.0,0.0,0.0,-0.0,-0.0,0.0,0.0
5643,17.03,0.0,-0.0,-0.0,0.0,0.0,-0.0,-0.0,0.0,0.0
5644,17.6,0.0,-0.0,-0.0,0.0,0.0,-0.0,-0.0,0.0,0.0
5645,17.12,0.0,-0.0,-0.0,0.0,0.0,-0.0,-0.0,0.0,0.0
5646,23.09,0.0,-0.0,-0.0,0.0,0.0,-0.0,-0.0,0.0,0.0
5647,28.96,0.0,-0.0,-0.0,0.0,0.0,-0.0,-0.0,0.0,0.0
5648,38.79,0.0,-0.0,-0.0,0.0,0.0,-0.0,-0.0,0.0,0.0
5649,35.19,0.0,0.0,-0.0,-0.0,0.0,0.0,-0.0,0.0,0.0
5650,40.47,0.0,0.0,-0.0,-0.0,0.0,0.0,-0.0,0.0,0.0
5651,43.15,0.0,0.0,-0.0,-0.0,0.0,0.0,-0.0,0.0,0.0
5652,44.17,0.0,0.0,0.0,-0.0,0.0,0.0,0.0,0.0,0.0
5653,153.82,171.0,1.0,1.0,-0.0,8550.0,2000.0,10000.0,26303.219999999998,5753.2199999999975
5654,106.07,171.0,1.0,-0.0,0.0,8550.0,2000.0,-0.0,18137.969999999998,7587.9699999999975
5655,180.63,171.0,1.0,-0.0,0.0,8550.0,2000.0,-0.0,30887.73,20337.73
5656,52.39,171.0,1.0,-0.0,0.0,8550.0,2000.0,-0.0,8958.69,-1591.3099999999995
5657,33.24,0.0,-0.0,-0.0,1.0,0.0,-0.0,-0.0,0.0,0.0
5658,25.71,0.0,-0.0,-0.0,0.0,0.0,-0.0,-0.0,0.0,0.0
5659,25.53,0.0,-0.0,-0.0,0.0,0.0,-0.0,-0.0,0.0,0.0
5660,23.58,0.0,-0.0,-0.0,0.0,0.0,-0.0,-0.0,0.0,0.0
5661,23.18,0.0,-0.0,-0.0,0.0,0.0,-0.0,-0.0,0.0,0.0
5662,23.47,0.0,-0.0,-0.0,0.0,0.0,-0.0,-0.0,0.0,0.0
5663,24.14,0.0,-0.0,-0.0,0.0,0.0,-0.0,-0.0,0.0,0.0
5664,24.5,0.0,-0.0,-0.0,0.0,0.0,-0.0,-0.0,0.0,0.0
5665,26.52,0.0,-0.0,-0.0,0.0,0.0,-0.0,-0.0,0.0,0.0
5666,23.02,0.0,-0.0,-0.0,0.0,0.0,-0.0,-0.0,0.0,0.0
5667,20.08,0.0,-0.0,-0.0,0.0,0.0,-0.0,-0.0,0.0,0.0
5668,19.96,0.0,-0.0,-0.0,0.0,0.0,-0.0,-0.0,0.0,0.0
5669,14.95,0.0,-0.0,-0.0,0.0,0.0,-0.0,-0.0,0.0,0.0
5670,24.61,0.0,-0.0,-0.0,0.0,0.0,-0.0,-0.0,0.0,0.0
5671,32.85,0.0,-0.0,-0.0,0.0,0.0,-0.0,-0.0,0.0,0.0
5672,32.07,0.0,-0.0,-0.0,0.0,0.0,-0.0,-0.0,0.0,0.0
5673,28.15,0.0,-0.0,-0.0,0.0,0.0,-0.0,-0.0,0.0,0.0
5674,26.04,0.0,-0.0,-0.0,0.0,0.0,-0.0,-0.0,0.0,0.0
5675,36.7,0.0,-0.0,-0.0,0.0,0.0,-0.0,-0.0,0.0,0.0
5676,37.32,0.0,-0.0,-0.0,0.0,0.0,-0.0,-0.0,0.0,0.0
5677,66.86,0.0,0.0,-0.0,-0.0,0.0,0.0,-0.0,0.0,0.0
5678,70.32,0.0,0.0,-0.0,-0.0,0.0,0.0,-0.0,0.0,0.0
5679,32.25,0.0,-0.0,-0.0,0.0,0.0,-0.0,-0.0,0.0,0.0
5680,30.46,0.0,-0.0,-0.0,0.0,0.0,-0.0,-0.0,0.0,0.0
5681,26.14,0.0,-0.0,-0.0,0.0,0.0,-0.0,-0.0,0.0,0.0
5682,24.57,0.0,-0.0,-0.0,0.0,0.0,-0.0,-0.0,0.0,0.0
5683,23.57,0.0,-0.0,-0.0,0.0,0.0,-0.0,-0.0,0.0,0.0
5684,24.72,0.0,-0.0,-0.0,0.0,0.0,-0.0,-0.0,0.0,0.0
5685,23.91,0.0,-0.0,-0.0,0.0,0.0,-0.0,-0.0,0.0,0.0
5686,24.87,0.0,-0.0,-0.0,0.0,0.0,-0.0,-0.0,0.0,0.0
5687,26.02,0.0,-0.0,-0.0,0.0,0.0,-0.0,-0.0,0.0,0.0
5688,34.49,0.0,-0.0,-0.0,0.0,0.0,-0.0,-0.0,0.0,0.0
5689,50.0,0.0,-0.0,-0.0,0.0,0.0,-0.0,-0.0,0.0,0.0
5690,31.36,0.0,-0.0,-0.0,0.0,0.0,-0.0,-0.0,0.0,0.0
5691,23.8,0.0,-0.0,-0.0,0.0,0.0,-0.0,-0.0,0.0,0.0
5692,22.38,0.0,-0.0,-0.0,0.0,0.0,-0.0,-0.0,0.0,0.0
5693,23.03,0.0,-0.0,-0.0,0.0,0.0,-0.0,-0.0,0.0,0.0
5694,29.42,0.0,-0.0,-0.0,0.0,0.0,-0.0,-0.0,0.0,0.0
5695,40.54,0.0,-0.0,-0.0,0.0,0.0,-0.0,-0.0,0.0,0.0
5696,44.25,0.0,-0.0,-0.0,0.0,0.0,-0.0,-0.0,0.0,0.0
5697,55.75,0.0,-0.0,-0.0,0.0,0.0,-0.0,-0.0,0.0,0.0
5698,62.73,0.0,0.0,-0.0,-0.0,0.0,0.0,-0.0,0.0,0.0
5699,40.18,0.0,-0.0,-0.0,0.0,0.0,-0.0,-0.0,0.0,0.0
5700,60.63,0.0,0.0,-0.0,-0.0,0.0,0.0,-0.0,0.0,0.0
5701,55.33,0.0,0.0,-0.0,-0.0,0.0,0.0,-0.0,0.0,0.0
5702,57.24,0.0,0.0,-0.0,-0.0,0.0,0.0,-0.0,0.0,0.0
5703,80.77,0.0,0.0,-0.0,-0.0,0.0,0.0,-0.0,0.0,0.0
5704,46.46,0.0,-0.0,-0.0,0.0,0.0,-0.0,-0.0,0.0,0.0
5705,34.04,0.0,-0.0,-0.0,0.0,0.0,-0.0,-0.0,0.0,0.0
5706,27.0,0.0,-0.0,-0.0,0.0,0.0,-0.0,-0.0,0.0,0.0
5707,25.57,0.0,-0.0,-0.0,0.0,0.0,-0.0,-0.0,0.0,0.0
5708,25.43,0.0,-0.0,-0.0,0.0,0.0,-0.0,-0.0,0.0,0.0
5709,26.39,0.0,-0.0,-0.0,0.0,0.0,-0.0,-0.0,0.0,0.0
5710,27.8,0.0,-0.0,-0.0,0.0,0.0,-0.0,-0.0,0.0,0.0
5711,31.15,0.0,-0.0,-0.0,0.0,0.0,-0.0,-0.0,0.0,0.0
5712,37.28,0.0,-0.0,-0.0,0.0,0.0,-0.0,-0.0,0.0,0.0
5713,72.77,0.0,0.0,-0.0,-0.0,0.0,0.0,-0.0,0.0,0.0
5714,35.62,0.0,-0.0,-0.0,0.0,0.0,-0.0,-0.0,0.0,0.0
5715,23.87,0.0,-0.0,-0.0,0.0,0.0,-0.0,-0.0,0.0,0.0
5716,22.91,0.0,-0.0,-0.0,0.0,0.0,-0.0,-0.0,0.0,0.0
5717,22.35,0.0,-0.0,-0.0,0.0,0.0,-0.0,-0.0,0.0,0.0
5718,26.8,0.0,-0.0,-0.0,0.0,0.0,-0.0,-0.0,0.0,0.0
5719,26.1,0.0,-0.0,-0.0,0.0,0.0,-0.0,-0.0,0.0,0.0
5720,35.92,0.0,-0.0,-0.0,0.0,0.0,-0.0,-0.0,0.0,0.0
5721,51.7,0.0,0.0,-0.0,-0.0,0.0,0.0,-0.0,0.0,0.0
5722,63.92,0.0,0.0,-0.0,-0.0,0.0,0.0,-0.0,0.0,0.0
5723,32.35,0.0,0.0,-0.0,-0.0,0.0,0.0,-0.0,0.0,0.0
5724,41.92,0.0,0.0,-0.0,-0.0,0.0,0.0,-0.0,0.0,0.0
5725,75.43,0.0,0.0,-0.0,-0.0,0.0,0.0,-0.0,0.0,0.0
5726,66.98,0.0,0.0,-0.0,-0.0,0.0,0.0,-0.0,0.0,0.0
5727,86.92,0.0,0.0,-0.0,-0.0,0.0,0.0,-0.0,0.0,0.0
5728,36.97,0.0,-0.0,-0.0,0.0,0.0,-0.0,-0.0,0.0,0.0
5729,25.67,0.0,-0.0,-0.0,0.0,0.0,-0.0,-0.0,0.0,0.0
5730,23.59,0.0,-0.0,-0.0,0.0,0.0,-0.0,-0.0,0.0,0.0
5731,21.26,0.0,-0.0,-0.0,0.0,0.0,-0.0,-0.0,0.0,0.0
5732,19.25,0.0,-0.0,-0.0,0.0,0.0,-0.0,-0.0,0.0,0.0
5733,18.02,0.0,-0.0,-0.0,0.0,0.0,-0.0,-0.0,0.0,0.0
5734,17.55,0.0,-0.0,-0.0,0.0,0.0,-0.0,-0.0,0.0,0.0
5735,18.39,0.0,-0.0,-0.0,0.0,0.0,-0.0,-0.0,0.0,0.0
5736,19.77,0.0,-0.0,-0.0,0.0,0.0,-0.0,-0.0,0.0,0.0
5737,21.07,0.0,-0.0,-0.0,0.0,0.0,-0.0,-0.0,0.0,0.0
5738,16.1,0.0,-0.0,-0.0,0.0,0.0,-0.0,-0.0,0.0,0.0
5739,12.51,0.0,-0.0,-0.0,0.0,0.0,-0.0,-0.0,0.0,0.0
5740,12.28,0.0,-0.0,-0.0,0.0,0.0,-0.0,-0.0,0.0,0.0
5741,13.5,0.0,-0.0,-0.0,0.0,0.0,-0.0,-0.0,0.0,0.0
5742,14.51,0.0,0.0,-0.0,-0.0,0.0,0.0,-0.0,0.0,0.0
5743,23.87,0.0,0.0,-0.0,-0.0,0.0,0.0,-0.0,0.0,0.0
5744,63.92,0.0,0.0,-0.0,-0.0,0.0,0.0,-0.0,0.0,0.0
5745,89.62,0.0,0.0,-0.0,-0.0,0.0,0.0,-0.0,0.0,0.0
5746,88.18,0.0,0.0,-0.0,-0.0,0.0,0.0,-0.0,0.0,0.0
5747,46.45,0.0,-0.0,-0.0,0.0,0.0,-0.0,-0.0,0.0,0.0
5748,31.34,0.0,-0.0,-0.0,0.0,0.0,-0.0,-0.0,0.0,0.0
5749,55.81,0.0,0.0,-0.0,-0.0,0.0,0.0,-0.0,0.0,0.0
5750,69.81,0.0,0.0,-0.0,-0.0,0.0,0.0,-0.0,0.0,0.0
5751,33.68,0.0,-0.0,-0.0,0.0,0.0,-0.0,-0.0,0.0,0.0
5752,25.53,0.0,-0.0,-0.0,0.0,0.0,-0.0,-0.0,0.0,0.0
5753,24.95,0.0,-0.0,-0.0,0.0,0.0,-0.0,-0.0,0.0,0.0
5754,26.51,0.0,-0.0,-0.0,0.0,0.0,-0.0,-0.0,0.0,0.0
5755,28.3,0.0,-0.0,-0.0,0.0,0.0,-0.0,-0.0,0.0,0.0
5756,31.45,0.0,-0.0,-0.0,0.0,0.0,-0.0,-0.0,0.0,0.0
5757,30.97,0.0,-0.0,-0.0,0.0,0.0,-0.0,-0.0,0.0,0.0
5758,31.25,0.0,-0.0,-0.0,0.0,0.0,-0.0,-0.0,0.0,0.0
5759,43.63,0.0,-0.0,-0.0,0.0,0.0,-0.0,-0.0,0.0,0.0
5760,38.55,0.0,-0.0,-0.0,0.0,0.0,-0.0,-0.0,0.0,0.0
5761,40.46,0.0,-0.0,-0.0,0.0,0.0,-0.0,-0.0,0.0,0.0
5762,29.19,0.0,-0.0,-0.0,0.0,0.0,-0.0,-0.0,0.0,0.0
5763,26.38,0.0,-0.0,-0.0,0.0,0.0,-0.0,-0.0,0.0,0.0
5764,26.58,0.0,-0.0,-0.0,0.0,0.0,-0.0,-0.0,0.0,0.0
5765,26.26,0.0,-0.0,-0.0,0.0,0.0,-0.0,-0.0,0.0,0.0
5766,33.61,0.0,-0.0,-0.0,0.0,0.0,-0.0,-0.0,0.0,0.0
5767,33.61,0.0,-0.0,-0.0,0.0,0.0,-0.0,-0.0,0.0,0.0
5768,29.87,0.0,-0.0,-0.0,0.0,0.0,-0.0,-0.0,0.0,0.0
5769,30.27,0.0,-0.0,-0.0,0.0,0.0,-0.0,-0.0,0.0,0.0
5770,25.81,0.0,-0.0,-0.0,0.0,0.0,-0.0,-0.0,0.0,0.0
5771,22.69,0.0,-0.0,-0.0,0.0,0.0,-0.0,-0.0,0.0,0.0
5772,40.81,0.0,-0.0,-0.0,0.0,0.0,-0.0,-0.0,0.0,0.0
5773,36.14,0.0,-0.0,-0.0,0.0,0.0,-0.0,-0.0,0.0,0.0
5774,35.62,0.0,-0.0,-0.0,0.0,0.0,-0.0,-0.0,0.0,0.0
5775,37.75,0.0,-0.0,-0.0,0.0,0.0,-0.0,-0.0,0.0,0.0
5776,35.2,0.0,-0.0,-0.0,0.0,0.0,-0.0,-0.0,0.0,0.0
5777,31.68,0.0,-0.0,-0.0,0.0,0.0,-0.0,-0.0,0.0,0.0
5778,32.5,0.0,-0.0,-0.0,0.0,0.0,-0.0,-0.0,0.0,0.0
5779,27.89,0.0,-0.0,-0.0,0.0,0.0,-0.0,-0.0,0.0,0.0
5780,25.88,0.0,-0.0,-0.0,0.0,0.0,-0.0,-0.0,0.0,0.0
5781,23.7,0.0,-0.0,-0.0,0.0,0.0,-0.0,-0.0,0.0,0.0
5782,24.45,0.0,-0.0,-0.0,0.0,0.0,-0.0,-0.0,0.0,0.0
5783,25.52,0.0,-0.0,-0.0,0.0,0.0,-0.0,-0.0,0.0,0.0
5784,23.22,0.0,-0.0,-0.0,0.0,0.0,-0.0,-0.0,0.0,0.0
5785,23.97,0.0,-0.0,-0.0,0.0,0.0,-0.0,-0.0,0.0,0.0
5786,22.09,0.0,-0.0,-0.0,0.0,0.0,-0.0,-0.0,0.0,0.0
5787,23.94,0.0,-0.0,-0.0,0.0,0.0,-0.0,-0.0,0.0,0.0
5788,21.38,0.0,-0.0,-0.0,0.0,0.0,-0.0,-0.0,0.0,0.0
5789,25.11,0.0,-0.0,-0.0,0.0,0.0,-0.0,-0.0,0.0,0.0
5790,25.02,0.0,-0.0,-0.0,0.0,0.0,-0.0,-0.0,0.0,0.0
5791,24.36,0.0,-0.0,-0.0,0.0,0.0,-0.0,-0.0,0.0,0.0
5792,22.98,0.0,-0.0,-0.0,0.0,0.0,-0.0,-0.0,0.0,0.0
5793,25.81,0.0,-0.0,-0.0,0.0,0.0,-0.0,-0.0,0.0,0.0
5794,25.08,0.0,-0.0,-0.0,0.0,0.0,-0.0,-0.0,0.0,0.0
5795,27.97,0.0,-0.0,-0.0,0.0,0.0,-0.0,-0.0,0.0,0.0
5796,31.98,0.0,-0.0,-0.0,0.0,0.0,-0.0,-0.0,0.0,0.0
5797,34.38,0.0,-0.0,-0.0,0.0,0.0,-0.0,-0.0,0.0,0.0
5798,31.58,0.0,-0.0,-0.0,0.0,0.0,-0.0,-0.0,0.0,0.0
5799,32.31,0.0,-0.0,-0.0,0.0,0.0,-0.0,-0.0,0.0,0.0
5800,32.51,0.0,-0.0,-0.0,0.0,0.0,-0.0,-0.0,0.0,0.0
5801,29.8,0.0,-0.0,-0.0,0.0,0.0,-0.0,-0.0,0.0,0.0
5802,32.96,0.0,-0.0,-0.0,0.0,0.0,-0.0,-0.0,0.0,0.0
5803,32.62,0.0,-0.0,-0.0,0.0,0.0,-0.0,-0.0,0.0,0.0
5804,27.38,0.0,-0.0,-0.0,0.0,0.0,-0.0,-0.0,0.0,0.0
5805,27.63,0.0,-0.0,-0.0,0.0,0.0,-0.0,-0.0,0.0,0.0
5806,26.67,0.0,-0.0,-0.0,0.0,0.0,-0.0,-0.0,0.0,0.0
5807,27.36,0.0,-0.0,-0.0,0.0,0.0,-0.0,-0.0,0.0,0.0
5808,27.61,0.0,-0.0,-0.0,0.0,0.0,-0.0,-0.0,0.0,0.0
5809,27.07,0.0,-0.0,-0.0,0.0,0.0,-0.0,-0.0,0.0,0.0
5810,25.49,0.0,-0.0,-0.0,0.0,0.0,-0.0,-0.0,0.0,0.0
5811,23.95,0.0,-0.0,-0.0,0.0,0.0,-0.0,-0.0,0.0,0.0
5812,22.67,0.0,-0.0,-0.0,0.0,0.0,-0.0,-0.0,0.0,0.0
5813,21.67,0.0,-0.0,-0.0,0.0,0.0,-0.0,-0.0,0.0,0.0
5814,21.92,0.0,-0.0,-0.0,0.0,0.0,-0.0,-0.0,0.0,0.0
5815,21.77,0.0,-0.0,-0.0,0.0,0.0,-0.0,-0.0,0.0,0.0
5816,23.99,0.0,-0.0,-0.0,0.0,0.0,-0.0,-0.0,0.0,0.0
5817,23.68,0.0,-0.0,-0.0,0.0,0.0,-0.0,-0.0,0.0,0.0
5818,23.71,0.0,-0.0,-0.0,0.0,0.0,-0.0,-0.0,0.0,0.0
5819,27.9,0.0,-0.0,-0.0,0.0,0.0,-0.0,-0.0,0.0,0.0
5820,25.23,0.0,-0.0,-0.0,0.0,0.0,-0.0,-0.0,0.0,0.0
5821,27.65,0.0,-0.0,-0.0,0.0,0.0,-0.0,-0.0,0.0,0.0
5822,33.18,0.0,-0.0,-0.0,0.0,0.0,-0.0,-0.0,0.0,0.0
5823,38.93,0.0,-0.0,-0.0,0.0,0.0,-0.0,-0.0,0.0,0.0
5824,38.94,0.0,-0.0,-0.0,0.0,0.0,-0.0,-0.0,0.0,0.0
5825,36.63,0.0,-0.0,-0.0,0.0,0.0,-0.0,-0.0,0.0,0.0
5826,36.89,0.0,0.0,-0.0,0.0,0.0,0.0,-0.0,0.0,0.0
5827,35.26,0.0,0.0,-0.0,-0.0,0.0,0.0,-0.0,0.0,0.0
5828,30.3,0.0,0.0,0.0,-0.0,0.0,0.0,0.0,0.0,0.0
5829,29.49,0.0,-0.0,0.0,-0.0,0.0,-0.0,0.0,0.0,0.0
5830,28.68,0.0,-0.0,0.0,-0.0,0.0,-0.0,0.0,0.0,0.0
