timestamp,price_hol
2025-01-03 00:00:00,-17.067904121814536
2025-01-03 01:00:00,-17.74935329195097
2025-01-03 02:00:00,-17.607575156379458
2025-01-03 03:00:00,-16.436564389752924
2025-01-03 04:00:00,-14.741851983848173
2025-01-03 05:00:00,-13.420179113474664
2025-01-03 06:00:00,-11.206129277182228
2025-01-03 07:00:00,-8.778761411980666
2025-01-03 08:00:00,-4.737980597515885
2025-01-03 09:00:00,-3.1823034399198544
2025-01-03 10:00:00,0.7672049990447118
2025-01-03 11:00:00,3.9302181391490194
2025-01-03 12:00:00,6.431822395152641
2025-01-03 13:00:00,7.884674733138994
2025-01-03 14:00:00,7.9462598331627365
2025-01-03 15:00:00,7.339929325418321
2025-01-03 16:00:00,7.0300869363251515
2025-01-03 17:00:00,7.370991285503956
2025-01-03 18:00:00,4.888448141016473
2025-01-03 19:00:00,1.3143253633249738
2025-01-03 20:00:00,-3.0093138135779194
2025-01-03 21:00:00,-6.1699177732887796
2025-01-03 22:00:00,-8.18722551202458
2025-01-03 23:00:00,-10.58320391071995
2025-01-04 00:00:00,-13.461632968624228
2025-01-04 01:00:00,-14.22553248125007
2025-01-04 02:00:00,-15.82744304902581
2025-01-04 03:00:00,-14.878072793115644
2025-01-04 04:00:00,-13.53963067601217
2025-01-04 05:00:00,-13.096596312272132
2025-01-04 06:00:00,-11.787677644845681
2025-01-04 07:00:00,-9.316459627366262
2025-01-04 08:00:00,-6.41996268732356
2025-01-04 09:00:00,-5.9983058330816155
2025-01-04 10:00:00,-1.288077929337646
2025-01-04 11:00:00,2.3273156438487947
2025-01-04 12:00:00,3.8678384166278
2025-01-04 13:00:00,3.164617535671269
2025-01-04 14:00:00,2.3163890796256705
2025-01-04 15:00:00,1.183103997460332
2025-01-04 16:00:00,1.4906385280693242
2025-01-04 17:00:00,3.215610189521731
2025-01-04 18:00:00,0.2905139786347356
2025-01-04 19:00:00,-3.883230612512767
2025-01-04 20:00:00,-7.806411191173799
2025-01-04 21:00:00,-10.895914112580762
2025-01-04 22:00:00,-12.731414651803643
2025-01-04 23:00:00,-14.6068562420834
2025-01-05 00:00:00,-14.972994670076847
2025-01-05 01:00:00,-15.47940781392793
2025-01-05 02:00:00,-16.05731485777717
2025-01-05 03:00:00,-15.149359864055302
2025-01-05 04:00:00,-14.632259823470472
2025-01-05 05:00:00,-12.85283976654882
2025-01-05 06:00:00,-11.873346784563152
2025-01-05 07:00:00,-10.6275679688667
2025-01-05 08:00:00,-7.974477973060417
2025-01-05 09:00:00,-7.151641027433094
2025-01-05 10:00:00,-4.356933425978427
2025-01-05 11:00:00,-3.0439976779147058
2025-01-05 12:00:00,-1.2344048736774276
2025-01-05 13:00:00,0.3039939554186522
2025-01-05 14:00:00,-0.16082421136218303
2025-01-05 15:00:00,0.1795361383459137
2025-01-05 16:00:00,-1.6764468872327045
2025-01-05 17:00:00,-2.6084967805790624
2025-01-05 18:00:00,-5.309173608117589
2025-01-05 19:00:00,-8.55440228606098
2025-01-05 20:00:00,-10.906109176799905
2025-01-05 21:00:00,-12.880476084107487
2025-01-05 22:00:00,-14.128443577221056
2025-01-05 23:00:00,-14.395246348646026
2025-01-06 00:00:00,-12.14496359633407
2025-01-06 01:00:00,-12.05405491226626
2025-01-06 02:00:00,-11.187239846239654
2025-01-06 03:00:00,-9.773354812504287
2025-01-06 04:00:00,-8.421413633538483
2025-01-06 05:00:00,-7.23507308234221
2025-01-06 06:00:00,-5.7006227858087195
2025-01-06 07:00:00,-6.116329989890299
2025-01-06 08:00:00,-6.748972212248281
2025-01-06 09:00:00,-7.055439947898201
2025-01-06 10:00:00,-6.611436161289519
2025-01-06 11:00:00,-7.1045196148357705
2025-01-06 12:00:00,-6.112588976796857
2025-01-06 13:00:00,-5.979760346410266
2025-01-06 14:00:00,-5.938868430818291
2025-01-06 15:00:00,-6.876720743157363
2025-01-06 16:00:00,-8.924679730836148
2025-01-06 17:00:00,-9.515109174441939
2025-01-06 18:00:00,-12.190555428359113
2025-01-06 19:00:00,-16.742400316796257
2025-01-06 20:00:00,-19.883151263016153
2025-01-06 21:00:00,-22.763443876546308
2025-01-06 22:00:00,-23.502003904840866
2025-01-06 23:00:00,-23.653820337275693
2025-01-07 00:00:00,-22.689757551629214
2025-01-07 01:00:00,-21.452994533953003
2025-01-07 02:00:00,-19.183129702933446
2025-01-07 03:00:00,-16.63626748938656
2025-01-07 04:00:00,-13.82482471602929
2025-01-07 05:00:00,-10.252314460828877
2025-01-07 06:00:00,-7.45395658414754
2025-01-07 07:00:00,-4.993630824902861
2025-01-07 08:00:00,-6.537683509844177
2025-01-07 09:00:00,-8.904990877113038
2025-01-07 10:00:00,-5.453958052266977
2025-01-07 11:00:00,-1.9374250685550196
2025-01-07 12:00:00,-0.06507463502320619
2025-01-07 13:00:00,1.506024255288425
2025-01-07 14:00:00,2.0646828185561654
2025-01-07 15:00:00,2.2692422867798085
2025-01-07 16:00:00,3.3668202119671795
2025-01-07 17:00:00,5.295194073031531
2025-01-07 18:00:00,2.0206897950231557
2025-01-07 19:00:00,-1.7299345969650242
2025-01-07 20:00:00,-5.215989167829335
2025-01-07 21:00:00,-7.756067753345994
2025-01-07 22:00:00,-9.708277380454668
2025-01-07 23:00:00,-10.817555678129995
2025-01-08 00:00:00,-10.99678638644887
2025-01-08 01:00:00,-11.295955193329375
2025-01-08 02:00:00,-11.24628628152906
2025-01-08 03:00:00,-10.281133713641346
2025-01-08 04:00:00,-9.327629467647407
2025-01-08 05:00:00,-8.655394730917376
2025-01-08 06:00:00,-8.607728807075311
2025-01-08 07:00:00,-7.435617243444387
2025-01-08 08:00:00,-6.182072430837979
2025-01-08 09:00:00,-6.726352307013745
2025-01-08 10:00:00,-2.634169115798961
2025-01-08 11:00:00,1.3397865661138033
2025-01-08 12:00:00,4.107115443536582
2025-01-08 13:00:00,5.731943492594191
2025-01-08 14:00:00,7.816029588980964
2025-01-08 15:00:00,8.417965247080224
2025-01-08 16:00:00,6.268035255039217
2025-01-08 17:00:00,4.696812678419411
2025-01-08 18:00:00,0.615836996834618
2025-01-08 19:00:00,-3.520485179013802
2025-01-08 20:00:00,-6.672214201514329
2025-01-08 21:00:00,-9.29620117491176
2025-01-08 22:00:00,-10.522245219964443
2025-01-08 23:00:00,-11.849689263326791
2025-01-09 00:00:00,-12.464805704898247
2025-01-09 01:00:00,-12.887140042636673
2025-01-09 02:00:00,-13.685761179336627
2025-01-09 03:00:00,-13.48160798958617
2025-01-09 04:00:00,-13.384347170603048
2025-01-09 05:00:00,-11.971333974754469
2025-01-09 06:00:00,-11.033916580742106
2025-01-09 07:00:00,-7.883063444059338
2025-01-09 08:00:00,-3.8684523047272434
2025-01-09 09:00:00,-3.133835193753072
2025-01-09 10:00:00,0.07946216699154303
2025-01-09 11:00:00,4.857907521374578
2025-01-09 12:00:00,7.070943644204469
2025-01-09 13:00:00,8.855145853866384
2025-01-09 14:00:00,10.396217483045026
2025-01-09 15:00:00,11.568020643508172
2025-01-09 16:00:00,10.70427093261157
2025-01-09 17:00:00,9.30466346073352
2025-01-09 18:00:00,5.603406375374205
2025-01-09 19:00:00,2.574430832160056
2025-01-09 20:00:00,-0.5112210487544764
2025-01-09 21:00:00,-2.8736498787213383
2025-01-09 22:00:00,-4.180342443732409
2025-01-09 23:00:00,-5.194335872740455
2025-01-10 00:00:00,-5.99856987863162
2025-01-10 01:00:00,-6.344751339902029
2025-01-10 02:00:00,-5.788179011756204
2025-01-10 03:00:00,-5.6703683802850575
2025-01-10 04:00:00,-5.3423916946381445
2025-01-10 05:00:00,-4.313842771040757
2025-01-10 06:00:00,-3.639789469230106
2025-01-10 07:00:00,-1.909360872598071
2025-01-10 08:00:00,0.8720510436768714
2025-01-10 09:00:00,2.407477914543396
2025-01-10 10:00:00,4.157299608309471
2025-01-10 11:00:00,7.028912324347556
2025-01-10 12:00:00,8.941216211130653
2025-01-10 13:00:00,9.490879878165783
2025-01-10 14:00:00,10.497493371475226
2025-01-10 15:00:00,9.377719965752451
2025-01-10 16:00:00,7.589334866058842
2025-01-10 17:00:00,5.221153907815152
2025-01-10 18:00:00,1.5530621308340826
2025-01-10 19:00:00,-2.132367099393536
2025-01-10 20:00:00,-6.56550493341983
2025-01-10 21:00:00,-8.184680826193004
2025-01-10 22:00:00,-10.268030298752294
2025-01-10 23:00:00,-10.904870416931377
2025-01-11 00:00:00,-13.917294847954652
2025-01-11 01:00:00,-14.184394634196796
2025-01-11 02:00:00,-13.89604545599967
2025-01-11 03:00:00,-13.64147775925031
2025-01-11 04:00:00,-12.698288430156405
2025-01-11 05:00:00,-11.753036271678562
2025-01-11 06:00:00,-11.061931851094943
2025-01-11 07:00:00,-9.779078112222212
2025-01-11 08:00:00,-9.229856460546914
2025-01-11 09:00:00,-10.34258061010703
2025-01-11 10:00:00,-9.325312005079125
2025-01-11 11:00:00,-8.239502709203308
2025-01-11 12:00:00,-7.214482244251683
2025-01-11 13:00:00,-7.039303097713573
2025-01-11 14:00:00,-8.122286072477605
2025-01-11 15:00:00,-8.940389191830262
2025-01-11 16:00:00,-8.376175950715156
2025-01-11 17:00:00,-5.056704810459804
2025-01-11 18:00:00,-6.063912745277214
2025-01-11 19:00:00,-9.039870359546248
2025-01-11 20:00:00,-11.045078719882877
2025-01-11 21:00:00,-12.86921514129542
2025-01-11 22:00:00,-14.446596655304615
2025-01-11 23:00:00,-16.313988015291887
2025-01-12 00:00:00,-18.08281520552461
2025-01-12 01:00:00,-19.58004531017804
2025-01-12 02:00:00,-19.432695305114862
2025-01-12 03:00:00,-18.16459292864568
2025-01-12 04:00:00,-16.584449241794886
2025-01-12 05:00:00,-15.809476522570792
2025-01-12 06:00:00,-15.158348835222228
2025-01-12 07:00:00,-12.66981500306318
2025-01-12 08:00:00,-12.624148645377169
2025-01-12 09:00:00,-14.363162345735681
2025-01-12 10:00:00,-11.60232671409217
2025-01-12 11:00:00,-11.105793941734627
2025-01-12 12:00:00,-10.532494646665254
2025-01-12 13:00:00,-11.059988482407263
2025-01-12 14:00:00,-12.696862359311988
2025-01-12 15:00:00,-14.815847195316504
2025-01-12 16:00:00,-15.147164382597987
2025-01-12 17:00:00,-12.161797476972453
2025-01-12 18:00:00,-14.615995233902595
2025-01-12 19:00:00,-18.099418864410104
2025-01-12 20:00:00,-21.708384477241268
2025-01-12 21:00:00,-24.139700536619927
2025-01-12 22:00:00,-25.863635414204108
2025-01-12 23:00:00,-27.820703616171567
2025-01-13 00:00:00,-27.185084802621564
2025-01-13 01:00:00,-28.776395005789013
2025-01-13 02:00:00,-30.20810561588317
2025-01-13 03:00:00,-29.422337966044143
2025-01-13 04:00:00,-29.506210644295418
2025-01-13 05:00:00,-29.444720891081072
2025-01-13 06:00:00,-28.1996966078238
2025-01-13 07:00:00,-25.849613855740625
2025-01-13 08:00:00,-21.229662900433247
2025-01-13 09:00:00,-19.352283117008234
2025-01-13 10:00:00,-14.141529637091107
2025-01-13 11:00:00,-9.468838415445376
2025-01-13 12:00:00,-6.291924277537575
2025-01-13 13:00:00,-4.358067654230845
2025-01-13 14:00:00,-4.490265939855611
2025-01-13 15:00:00,-4.433075048042484
2025-01-13 16:00:00,-4.609717774779362
2025-01-13 17:00:00,-2.4469241519565177
2025-01-13 18:00:00,-5.451298833689042
2025-01-13 19:00:00,-10.34488105297598
2025-01-13 20:00:00,-14.312107710909098
2025-01-13 21:00:00,-17.308527690825034
2025-01-13 22:00:00,-19.67693730920006
2025-01-13 23:00:00,-21.523757642940105
2025-01-14 00:00:00,-22.408358540840116
2025-01-14 01:00:00,-23.36308057363945
2025-01-14 02:00:00,-24.192418089845116
2025-01-14 03:00:00,-22.360588309686737
2025-01-14 04:00:00,-20.152608165679226
2025-01-14 05:00:00,-18.399683630280727
2025-01-14 06:00:00,-16.73515288871136
2025-01-14 07:00:00,-15.56045888305307
2025-01-14 08:00:00,-13.444745818496322
2025-01-14 09:00:00,-15.306105192559432
2025-01-14 10:00:00,-11.166746755996114
2025-01-14 11:00:00,-7.727666045795694
2025-01-14 12:00:00,-5.612246089288507
2025-01-14 13:00:00,-3.8923269274910064
2025-01-14 14:00:00,-3.7589208324481733
2025-01-14 15:00:00,-2.66155757402302
2025-01-14 16:00:00,-1.4932366445322038
2025-01-14 17:00:00,0.6025731507565826
2025-01-14 18:00:00,-1.8617656314451234
2025-01-14 19:00:00,-5.409027270662948
2025-01-14 20:00:00,-9.08423459722567
2025-01-14 21:00:00,-11.837323928733367
2025-01-14 22:00:00,-13.690519888121482
2025-01-14 23:00:00,-15.326218751926582
2025-01-15 00:00:00,-16.33376753921326
2025-01-15 01:00:00,-16.607517276278188
2025-01-15 02:00:00,-16.20422052144964
2025-01-15 03:00:00,-15.430350492695661
2025-01-15 04:00:00,-15.156689060279614
2025-01-15 05:00:00,-14.95290233122291
2025-01-15 06:00:00,-14.706212781170725
2025-01-15 07:00:00,-12.187958576379843
2025-01-15 08:00:00,-7.7281534712056725
2025-01-15 09:00:00,-7.283280885898063
2025-01-15 10:00:00,-1.935865104165575
2025-01-15 11:00:00,1.6352307973349198
2025-01-15 12:00:00,4.553552831555084
2025-01-15 13:00:00,7.328282007023607
2025-01-15 14:00:00,8.235092673536055
2025-01-15 15:00:00,8.269662982099607
2025-01-15 16:00:00,8.719376397962463
2025-01-15 17:00:00,8.391291179089553
2025-01-15 18:00:00,4.5221263998746695
2025-01-15 19:00:00,0.058199473410152844
2025-01-15 20:00:00,-3.7658195634412803
2025-01-15 21:00:00,-6.722204920763184
2025-01-15 22:00:00,-9.13615435567733
2025-01-15 23:00:00,-11.276253249052452
2025-01-16 00:00:00,-12.7126306825297
2025-01-16 01:00:00,-19.0410208030079
2025-01-16 02:00:00,-20.03327064992763
2025-01-16 03:00:00,-14.972750457836918
2025-01-16 04:00:00,-15.298491558342503
2025-01-16 05:00:00,-14.642378527265704
2025-01-16 06:00:00,-13.984010271254466
2025-01-16 07:00:00,-9.929377785651772
2025-01-16 08:00:00,-5.469724900770023
2025-01-16 09:00:00,-5.312367243156851
2025-01-16 10:00:00,0.7139898489994894
2025-01-16 11:00:00,4.307386697090325
2025-01-16 12:00:00,6.6439621395586625
2025-01-16 13:00:00,7.668355524964827
2025-01-16 14:00:00,6.497431366480988
2025-01-16 15:00:00,5.187644984215549
2025-01-16 16:00:00,5.313476295550941
2025-01-16 17:00:00,7.003992293059098
2025-01-16 18:00:00,5.009344140645783
2025-01-16 19:00:00,1.0161607189868227
2025-01-16 20:00:00,-2.252123355565059
2025-01-16 21:00:00,-4.810770775440694
2025-01-16 22:00:00,-6.800094862394463
2025-01-16 23:00:00,-8.424681422166726
2025-01-17 00:00:00,-7.972569637089888
2025-01-17 01:00:00,-1.0070094125550129
2025-01-17 02:00:00,-10.902740067301961
2025-01-17 03:00:00,-11.032446097137761
2025-01-17 04:00:00,-9.96186555977214
2025-01-17 05:00:00,-9.611690562625341
2025-01-17 06:00:00,-8.986275017223663
2025-01-17 07:00:00,-6.562694748885328
2025-01-17 08:00:00,-5.268990936671813
2025-01-17 09:00:00,-7.312174779830797
2025-01-17 10:00:00,-2.385963632647358
2025-01-17 11:00:00,1.1439949399853515
2025-01-17 12:00:00,3.353214963742229
2025-01-17 13:00:00,4.337836164230333
2025-01-17 14:00:00,5.51790040158442
2025-01-17 15:00:00,4.656170645685771
2025-01-17 16:00:00,3.2493552634258167
2025-01-17 17:00:00,5.305809860591118
2025-01-17 18:00:00,2.2930213543421787
2025-01-17 19:00:00,-3.6419768968535475
2025-01-17 20:00:00,-7.9959428586918175
2025-01-17 21:00:00,-11.870617439398094
2025-01-17 22:00:00,-14.094027440765409
2025-01-17 23:00:00,-16.399194914372977
2025-01-18 00:00:00,-19.439561512878548
2025-01-18 01:00:00,-20.792632058997484
2025-01-18 02:00:00,-21.313433075862857
2025-01-18 03:00:00,-20.898772548722754
2025-01-18 04:00:00,-20.219910747697075
2025-01-18 05:00:00,-19.55224497399523
2025-01-18 06:00:00,-19.477192562047
2025-01-18 07:00:00,-17.329108082495704
2025-01-18 08:00:00,-13.343506915351625
2025-01-18 09:00:00,-12.512193724623195
2025-01-18 10:00:00,-6.593517121104586
2025-01-18 11:00:00,-2.9069367215794024
2025-01-18 12:00:00,-1.1496554067115936
2025-01-18 13:00:00,0.6875418402621879
2025-01-18 14:00:00,1.0383096270054515
2025-01-18 15:00:00,1.4874079708120327
2025-01-18 16:00:00,0.6802537287404845
2025-01-18 17:00:00,0.2358452519649854
2025-01-18 18:00:00,-2.8238180119901135
2025-01-18 19:00:00,-7.908553836940804
2025-01-18 20:00:00,-11.505111667081595
2025-01-18 21:00:00,-14.220236048060196
2025-01-18 22:00:00,-16.717194700648147
2025-01-18 23:00:00,-19.678055706914712
2025-01-19 00:00:00,-21.105608740796633
2025-01-19 01:00:00,-22.068689806050457
2025-01-19 02:00:00,-23.094172988807173
2025-01-19 03:00:00,-22.677656889501463
2025-01-19 04:00:00,-21.63967346601735
2025-01-19 05:00:00,-20.438122652010836
2025-01-19 06:00:00,-19.575884777483985
2025-01-19 07:00:00,-17.285075962688424
2025-01-19 08:00:00,-15.891661526919977
2025-01-19 09:00:00,-17.208826250597035
2025-01-19 10:00:00,-15.329522147263098
2025-01-19 11:00:00,-11.858045267079362
2025-01-19 12:00:00,-9.804920287470956
2025-01-19 13:00:00,-9.038887766098567
2025-01-19 14:00:00,-8.316792937018914
2025-01-19 15:00:00,-8.43953235391589
2025-01-19 16:00:00,-9.27779326085019
2025-01-19 17:00:00,-9.970870006778098
2025-01-19 18:00:00,-13.513368094856537
2025-01-19 19:00:00,-17.932080023140117
2025-01-19 20:00:00,-21.082913042173548
2025-01-19 21:00:00,-23.50417848052166
2025-01-19 22:00:00,-24.845590708117932
2025-01-19 23:00:00,-26.11533272762162
2025-01-20 00:00:00,-24.989936328023177
2025-01-20 01:00:00,-25.30483502863304
2025-01-20 02:00:00,-24.47520626272742
2025-01-20 03:00:00,-22.80182475854553
2025-01-20 04:00:00,-20.20116785583849
2025-01-20 05:00:00,-17.761741183909614
2025-01-20 06:00:00,-15.724893238341878
2025-01-20 07:00:00,-12.992129544828057
2025-01-20 08:00:00,-11.8072939209473
2025-01-20 09:00:00,-14.50885263800029
2025-01-20 10:00:00,-11.383093346551817
2025-01-20 11:00:00,-7.3928154746231405
2025-01-20 12:00:00,-3.1733390924269576
2025-01-20 13:00:00,-1.1380791313575518
2025-01-20 14:00:00,0.5333784047982973
2025-01-20 15:00:00,1.0980426705348378
2025-01-20 16:00:00,1.0378790073131459
2025-01-20 17:00:00,4.4118270861422095
2025-01-20 18:00:00,2.5478883657074043
2025-01-20 19:00:00,-1.660383309695522
2025-01-20 20:00:00,-5.976464471797468
2025-01-20 21:00:00,-9.546885786654293
2025-01-20 22:00:00,-11.964144138184915
2025-01-20 23:00:00,-13.244788312075636
2025-01-21 00:00:00,-14.01478486098738
2025-01-21 01:00:00,-13.6015977958995
2025-01-21 02:00:00,-13.618650651038045
2025-01-21 03:00:00,-13.205899162407189
2025-01-21 04:00:00,-12.145644541818049
2025-01-21 05:00:00,-10.504739258523664
2025-01-21 06:00:00,-9.540789197578615
2025-01-21 07:00:00,-7.891782844787667
2025-01-21 08:00:00,-6.364890672938046
2025-01-21 09:00:00,-8.089940599655643
2025-01-21 10:00:00,-3.8073986183502964
2025-01-21 11:00:00,1.7881014972869254
2025-01-21 12:00:00,5.391527381011282
2025-01-21 13:00:00,8.187914974572228
2025-01-21 14:00:00,10.019466581827748
2025-01-21 15:00:00,10.767453341267816
2025-01-21 16:00:00,10.52896287999429
2025-01-21 17:00:00,9.577607612216495
2025-01-21 18:00:00,5.527097795533329
2025-01-21 19:00:00,0.9274620277574948
2025-01-21 20:00:00,-2.983695072263967
2025-01-21 21:00:00,-5.41671329318697
2025-01-21 22:00:00,-7.249032064936145
2025-01-21 23:00:00,-10.21536281153733
2025-01-22 00:00:00,-9.820745077226045
2025-01-22 01:00:00,-10.02089682594885
2025-01-22 02:00:00,-9.474074357563211
2025-01-22 03:00:00,-8.34431052421113
2025-01-22 04:00:00,-6.347452360620079
2025-01-22 05:00:00,-4.505521614834809
2025-01-22 06:00:00,-2.6873727487667907
2025-01-22 07:00:00,0.20149064266820563
2025-01-22 08:00:00,2.086308394754273
2025-01-22 09:00:00,0.5202139682083299
2025-01-22 10:00:00,3.2487731945886678
2025-01-22 11:00:00,5.974128474073173
2025-01-22 12:00:00,6.340018400523213
2025-01-22 13:00:00,6.3961158232184605
2025-01-22 14:00:00,4.611127840750099
2025-01-22 15:00:00,0.9668243579781802
2025-01-22 16:00:00,-0.4508372274022126
2025-01-22 17:00:00,1.298974865334427
2025-01-22 18:00:00,-0.20162895906693945
2025-01-22 19:00:00,-3.664319763762056
2025-01-22 20:00:00,-7.91060313578963
2025-01-22 21:00:00,-10.904332522787627
2025-01-22 22:00:00,-11.841815202084883
2025-01-22 23:00:00,-12.034204771954576
2025-01-23 00:00:00,-12.838252949045854
2025-01-23 01:00:00,-13.900202342686647
2025-01-23 02:00:00,-13.513345858540204
2025-01-23 03:00:00,-12.477484579830552
2025-01-23 04:00:00,-11.389622193157177
2025-01-23 05:00:00,-10.056434235329506
2025-01-23 06:00:00,-8.560233479442756
2025-01-23 07:00:00,-7.23536482611636
2025-01-23 08:00:00,-7.4268428820343235
2025-01-23 09:00:00,-8.555403272195395
2025-01-23 10:00:00,-2.9738213322695404
2025-01-23 11:00:00,0.5653551180480825
2025-01-23 12:00:00,2.6407403012595307
2025-01-23 13:00:00,3.3173472407751454
2025-01-23 14:00:00,3.3952404277852684
2025-01-23 15:00:00,2.2200636899912545
2025-01-23 16:00:00,0.2636134667256714
2025-01-23 17:00:00,0.4579615142871654
2025-01-23 18:00:00,-3.1418475295192136
2025-01-23 19:00:00,-9.469974119366999
2025-01-23 20:00:00,-15.12415017566726
2025-01-23 21:00:00,-18.629212583449267
2025-01-23 22:00:00,-21.512156269986697
2025-01-23 23:00:00,-22.577178331624705
2025-01-24 00:00:00,-23.87603162242775
2025-01-24 01:00:00,-25.26239579081646
2025-01-24 02:00:00,-26.387910039008155
2025-01-24 03:00:00,-26.13188261218098
2025-01-24 04:00:00,-25.812611966925697
2025-01-24 05:00:00,-24.755686517100084
2025-01-24 06:00:00,-23.32865870301036
2025-01-24 07:00:00,-20.520443453353167
2025-01-24 08:00:00,-16.645658530411115
2025-01-24 09:00:00,-14.10768016652154
2025-01-24 10:00:00,-9.167077944350075
2025-01-24 11:00:00,-5.455142059202165
2025-01-24 12:00:00,-2.8588706357242515
2025-01-24 13:00:00,-0.08928265784797354
2025-01-24 14:00:00,1.068816640789607
2025-01-24 15:00:00,0.44250937265101775
2025-01-24 16:00:00,-0.7449517827417607
2025-01-24 17:00:00,0.20753964870703784
2025-01-24 18:00:00,-1.4576711880291886
2025-01-24 19:00:00,-5.8015356230304045
2025-01-24 20:00:00,-8.534916330420497
2025-01-24 21:00:00,-10.88935610802335
2025-01-24 22:00:00,-12.82977160066504
2025-01-24 23:00:00,-13.591733214332882
2025-01-25 00:00:00,-17.127028993657934
2025-01-25 01:00:00,-20.083208877806275
2025-01-25 02:00:00,-21.264821604205096
2025-01-25 03:00:00,-22.571438643228234
2025-01-25 04:00:00,-23.237031794846953
2025-01-25 05:00:00,-23.625671117091937
2025-01-25 06:00:00,-23.53393137344605
2025-01-25 07:00:00,-21.421922706816137
2025-01-25 08:00:00,-19.16010141175501
2025-01-25 09:00:00,-17.328420413883087
2025-01-25 10:00:00,-12.099577102529958
2025-01-25 11:00:00,-7.6107627060979475
2025-01-25 12:00:00,-5.032452127208274
2025-01-25 13:00:00,-3.510964450003113
2025-01-25 14:00:00,-2.6604004899563263
2025-01-25 15:00:00,-3.2354970016238935
2025-01-25 16:00:00,-3.94233981656164
2025-01-25 17:00:00,-4.495230211872293
2025-01-25 18:00:00,-7.78041955373595
2025-01-25 19:00:00,-12.710707141223512
2025-01-25 20:00:00,-16.84142425476324
2025-01-25 21:00:00,-19.249812413665925
2025-01-25 22:00:00,-21.70321961224456
2025-01-25 23:00:00,-23.147049515014274
2025-01-26 00:00:00,-24.449707232920954
2025-01-26 01:00:00,-27.474918131244088
2025-01-26 02:00:00,-28.056130390364537
2025-01-26 03:00:00,-28.943915196018963
2025-01-26 04:00:00,-29.943622640991943
2025-01-26 05:00:00,-29.6044538495559
2025-01-26 06:00:00,-29.032375489168764
2025-01-26 07:00:00,-26.42800752264504
2025-01-26 08:00:00,-19.64004580626824
2025-01-26 09:00:00,-13.87804485956036
2025-01-26 10:00:00,-7.307072128989322
2025-01-26 11:00:00,-3.1789979830649866
2025-01-26 12:00:00,-0.39509824401716337
2025-01-26 13:00:00,2.12503846138021
2025-01-26 14:00:00,2.8036202320924732
2025-01-26 15:00:00,3.2088711294810515
2025-01-26 16:00:00,1.9702366854621955
2025-01-26 17:00:00,0.43911227186471213
2025-01-26 18:00:00,-3.5064793394054563
2025-01-26 19:00:00,-9.491335558453804
2025-01-26 20:00:00,-14.113021554958006
2025-01-26 21:00:00,-16.874892602859745
2025-01-26 22:00:00,-19.538045476832966
2025-01-26 23:00:00,-21.668561159460843
2025-01-27 00:00:00,-21.67359317769621
2025-01-27 01:00:00,-23.510482775749097
2025-01-27 02:00:00,-24.088075805675768
2025-01-27 03:00:00,-23.792794048204655
2025-01-27 04:00:00,-23.524187258004215
2025-01-27 05:00:00,-21.743094204729633
2025-01-27 06:00:00,-20.47320529110584
2025-01-27 07:00:00,-18.2944047277723
2025-01-27 08:00:00,-14.90701696314627
2025-01-27 09:00:00,-13.160750163200719
2025-01-27 10:00:00,-9.224376977119842
2025-01-27 11:00:00,-7.224690430255177
2025-01-27 12:00:00,-4.885653227981829
2025-01-27 13:00:00,-3.3726547124229906
2025-01-27 14:00:00,-3.887571222681904
2025-01-27 15:00:00,-3.4640301559848004
2025-01-27 16:00:00,-3.986953023003277
2025-01-27 17:00:00,-1.5600093444883905
2025-01-27 18:00:00,-3.0317544779782604
2025-01-27 19:00:00,-6.912496938924094
2025-01-27 20:00:00,-9.774887934502356
2025-01-27 21:00:00,-12.2213910621393
2025-01-27 22:00:00,-13.74184561375005
2025-01-27 23:00:00,-14.982599588502824
2025-01-28 00:00:00,-15.82674678399274
2025-01-28 01:00:00,-15.701894443351796
2025-01-28 02:00:00,-14.533856676058754
2025-01-28 03:00:00,-12.837515778194353
2025-01-28 04:00:00,-10.733598964706584
2025-01-28 05:00:00,-7.597554600657089
2025-01-28 06:00:00,-4.847844356604891
2025-01-28 07:00:00,-2.356942741790661
2025-01-28 08:00:00,-1.8808268529075796
2025-01-28 09:00:00,-4.644107273251589
2025-01-28 10:00:00,-2.8061359260073213
2025-01-28 11:00:00,-1.0968342135386504
2025-01-28 12:00:00,0.4253276851334887
2025-01-28 13:00:00,0.4921960146564991
2025-01-28 14:00:00,-0.0857661890099513
2025-01-28 15:00:00,-1.6918294498040138
2025-01-28 16:00:00,-1.8704941557896275
2025-01-28 17:00:00,1.4648303793768245
2025-01-28 18:00:00,0.5465088210391683
2025-01-28 19:00:00,-2.5135726757705936
2025-01-28 20:00:00,-4.594603320600316
2025-01-28 21:00:00,-6.903648131207118
2025-01-28 22:00:00,-8.143766726757649
2025-01-28 23:00:00,-8.641931304820885
2025-01-29 00:00:00,-9.143775731089553
2025-01-29 01:00:00,-8.945382267219875
2025-01-29 02:00:00,-8.848473079034207
2025-01-29 03:00:00,-8.108132868752852
2025-01-29 04:00:00,-7.733101300443121
2025-01-29 05:00:00,-8.00013662842313
2025-01-29 06:00:00,-7.911641096745906
2025-01-29 07:00:00,-6.22449232113502
2025-01-29 08:00:00,-4.449035404172663
2025-01-29 09:00:00,-5.11981815741609
2025-01-29 10:00:00,-1.9277067543420854
2025-01-29 11:00:00,1.1585850035166507
2025-01-29 12:00:00,3.629493995597367
2025-01-29 13:00:00,5.041110347968349
2025-01-29 14:00:00,5.621461724832359
2025-01-29 15:00:00,5.401959517240981
2025-01-29 16:00:00,4.930381006974563
2025-01-29 17:00:00,4.560203579939932
2025-01-29 18:00:00,2.4080677815427385
2025-01-29 19:00:00,-0.14197057920892084
2025-01-29 20:00:00,-3.1780315375333457
2025-01-29 21:00:00,-4.979844665614669
2025-01-29 22:00:00,-6.526407925656901
2025-01-29 23:00:00,-7.374400961395883
2025-01-30 00:00:00,-7.456673376903227
2025-01-30 01:00:00,-7.670032307197232
2025-01-30 02:00:00,-8.224385652467316
2025-01-30 03:00:00,-7.952005244503745
2025-01-30 04:00:00,-7.440297141134962
2025-01-30 05:00:00,-6.699378123347145
2025-01-30 06:00:00,-6.069249552998981
2025-01-30 07:00:00,-3.932377631462186
2025-01-30 08:00:00,-1.1938547131694324
2025-01-30 09:00:00,0.19661418672972047
2025-01-30 10:00:00,2.0146368376462584
2025-01-30 11:00:00,4.13767613520825
2025-01-30 12:00:00,5.146973163041177
2025-01-30 13:00:00,6.229691014181505
2025-01-30 14:00:00,6.813966048503341
2025-01-30 15:00:00,7.209998745579005
2025-01-30 16:00:00,5.884470862082333
2025-01-30 17:00:00,3.9067959759333784
2025-01-30 18:00:00,1.750654009910745
2025-01-30 19:00:00,-0.5927728430434561
2025-01-30 20:00:00,-2.938969055545577
2025-01-30 21:00:00,-5.15599663876448
2025-01-30 22:00:00,-6.6787972632989545
2025-01-30 23:00:00,-8.437068617682382
2025-01-31 00:00:00,-9.560736719339094
2025-01-31 01:00:00,-10.907790536867664
2025-01-31 02:00:00,-10.61209528541573
2025-01-31 03:00:00,-10.006945977252247
2025-01-31 04:00:00,-9.506637212468753
2025-01-31 05:00:00,-9.143104956882016
2025-01-31 06:00:00,-8.295274466218496
2025-01-31 07:00:00,-6.829348950941312
2025-01-31 08:00:00,-6.751342199644123
2025-01-31 09:00:00,-8.080092066441088
2025-01-31 10:00:00,-6.263245893234343
2025-01-31 11:00:00,-5.2979191296645345
2025-01-31 12:00:00,-4.832679162644136
2025-01-31 13:00:00,-4.875893622150777
2025-01-31 14:00:00,-5.647475106931485
2025-01-31 15:00:00,-5.43732617600719
2025-01-31 16:00:00,-4.6719163943538105
2025-01-31 17:00:00,-5.352613757286185
2025-01-31 18:00:00,-7.011016837165133
2025-01-31 19:00:00,-9.165473017328614
2025-01-31 20:00:00,-11.649846990243253
2025-01-31 21:00:00,-13.84403668467253
2025-01-31 22:00:00,-15.7111084610293
2025-01-31 23:00:00,-16.104093391414033
2025-02-01 00:00:00,-18.280773275087515
2025-02-01 01:00:00,-18.97721363442063
2025-02-01 02:00:00,-17.998511195080226
2025-02-01 03:00:00,-17.012287654178643
2025-02-01 04:00:00,-15.710174714328385
2025-02-01 05:00:00,-14.227334296230234
2025-02-01 06:00:00,-13.446510419717725
2025-02-01 07:00:00,-12.072498013026545
2025-02-01 08:00:00,-13.840588034947446
2025-02-01 09:00:00,-16.490918223401387
2025-02-01 10:00:00,-12.93397912547962
2025-02-01 11:00:00,-7.418033693578511
2025-02-01 12:00:00,-6.195513194963295
2025-02-01 13:00:00,-4.848338796927373
2025-02-01 14:00:00,-5.186549000492627
2025-02-01 15:00:00,-4.240571440645477
2025-02-01 16:00:00,-3.0606609687778903
2025-02-01 17:00:00,-0.6537919117795246
2025-02-01 18:00:00,0.4530365332590052
2025-02-01 19:00:00,-1.9497020726285001
2025-02-01 20:00:00,-5.304407058501786
2025-02-01 21:00:00,-8.16714995979914
2025-02-01 22:00:00,-10.966361958254392
2025-02-01 23:00:00,-12.634701871525458
2025-02-02 00:00:00,-13.6345933318815
2025-02-02 01:00:00,-14.671777830175467
2025-02-02 02:00:00,-14.475546252318967
2025-02-02 03:00:00,-14.420304391058181
2025-02-02 04:00:00,-14.167555779712762
2025-02-02 05:00:00,-13.406164158419474
2025-02-02 06:00:00,-13.212880452663669
2025-02-02 07:00:00,-11.683517286198773
2025-02-02 08:00:00,-11.974819786298895
2025-02-02 09:00:00,-13.148243319610541
2025-02-02 10:00:00,-7.705190324994746
2025-02-02 11:00:00,-2.7178582249636505
2025-02-02 12:00:00,-1.7247688446542147
2025-02-02 13:00:00,0.34204203483335405
2025-02-02 14:00:00,1.0644691290579886
2025-02-02 15:00:00,0.5779404152610382
2025-02-02 16:00:00,0.13797552187056394
2025-02-02 17:00:00,0.5690377032069103
2025-02-02 18:00:00,-0.47273906185560605
2025-02-02 19:00:00,-4.032584370916387
2025-02-02 20:00:00,-7.6584338658900695
2025-02-02 21:00:00,-10.436916295058834
2025-02-02 22:00:00,-13.927920433585172
2025-02-02 23:00:00,-15.790575908837464
2025-02-03 00:00:00,-15.126902151020557
2025-02-03 01:00:00,-16.239506278042093
2025-02-03 02:00:00,-17.552448489126505
2025-02-03 03:00:00,-17.012775105718983
2025-02-03 04:00:00,-16.962413389263578
2025-02-03 05:00:00,-15.825966838830428
2025-02-03 06:00:00,-14.169792315068824
2025-02-03 07:00:00,-10.882927538436272
2025-02-03 08:00:00,-8.97912218301031
2025-02-03 09:00:00,-7.431160832536983
2025-02-03 10:00:00,-0.8161854224446253
2025-02-03 11:00:00,3.376595437366
2025-02-03 12:00:00,5.3012868398184105
2025-02-03 13:00:00,5.849817119869559
2025-02-03 14:00:00,5.830845940659705
2025-02-03 15:00:00,4.468859538629846
2025-02-03 16:00:00,2.63841456027787
2025-02-03 17:00:00,3.7690387803570573
2025-02-03 18:00:00,2.3256923538044054
2025-02-03 19:00:00,-3.554064772314515
2025-02-03 20:00:00,-7.400981646934663
2025-02-03 21:00:00,-9.693751570374658
2025-02-03 22:00:00,-12.186532011392705
2025-02-03 23:00:00,-13.7718689012338
2025-02-04 00:00:00,-14.820367192096976
2025-02-04 01:00:00,-15.895275992302691
2025-02-04 02:00:00,-16.61484628325732
2025-02-04 03:00:00,-15.836281012274446
2025-02-04 04:00:00,-15.160885678752745
2025-02-04 05:00:00,-13.482490535702384
2025-02-04 06:00:00,-11.684353000329292
2025-02-04 07:00:00,-9.042259831389824
2025-02-04 08:00:00,-7.3826788920716755
2025-02-04 09:00:00,-7.263663570551644
2025-02-04 10:00:00,-0.777759326949784
2025-02-04 11:00:00,3.775665695350279
2025-02-04 12:00:00,6.331189981827667
2025-02-04 13:00:00,7.528722913753673
2025-02-04 14:00:00,6.707646445150111
2025-02-04 15:00:00,4.929436117116196
2025-02-04 16:00:00,2.5230192497154995
2025-02-04 17:00:00,4.821212001307567
2025-02-04 18:00:00,3.828163279209347
2025-02-04 19:00:00,-0.9406204013620606
2025-02-04 20:00:00,-4.7688091498467715
2025-02-04 21:00:00,-7.596483205951721
2025-02-04 22:00:00,-9.995352327129119
2025-02-04 23:00:00,-11.093748730094632
2025-02-05 00:00:00,-11.610185475628036
2025-02-05 01:00:00,-11.867815479936274
2025-02-05 02:00:00,-10.874828758084728
2025-02-05 03:00:00,-9.26552499004162
2025-02-05 04:00:00,-7.322539224110417
2025-02-05 05:00:00,-6.328680673673251
2025-02-05 06:00:00,-5.149998953822313
2025-02-05 07:00:00,-3.1996753330463217
2025-02-05 08:00:00,-1.886368860653822
2025-02-05 09:00:00,-2.5381873518863283
2025-02-05 10:00:00,-0.4105649785448583
2025-02-05 11:00:00,1.286121896486947
2025-02-05 12:00:00,2.830946319083046
2025-02-05 13:00:00,2.6647037595292726
2025-02-05 14:00:00,0.5424299845100362
2025-02-05 15:00:00,-1.8058988354258003
2025-02-05 16:00:00,-3.4117271011752948
2025-02-05 17:00:00,-0.7723590893541258
2025-02-05 18:00:00,-0.5822068672676748
2025-02-05 19:00:00,-4.11895301132227
2025-02-05 20:00:00,-6.364685365796428
2025-02-05 21:00:00,-7.751345924475378
2025-02-05 22:00:00,-8.54897528094104
2025-02-05 23:00:00,-8.92485097332442
2025-02-06 00:00:00,-9.190927163315562
2025-02-06 01:00:00,-9.900331242520961
2025-02-06 02:00:00,-8.445044001330325
2025-02-06 03:00:00,-6.517385386412872
2025-02-06 04:00:00,-4.700957416578987
2025-02-06 05:00:00,-3.021714805510371
2025-02-06 06:00:00,-1.5654222430291318
2025-02-06 07:00:00,0.39128797888298966
2025-02-06 08:00:00,1.6481136646535763
2025-02-06 09:00:00,0.7829192819598246
2025-02-06 10:00:00,-0.5949283152388897
2025-02-06 11:00:00,-1.530207575161047
2025-02-06 12:00:00,-1.6856988650644138
2025-02-06 13:00:00,-1.5764511763987838
2025-02-06 14:00:00,-2.301870597592827
2025-02-06 15:00:00,-3.7991934971779213
2025-02-06 16:00:00,-4.584494763641788
2025-02-06 17:00:00,-1.329167920379311
2025-02-06 18:00:00,-1.2319957047131949
2025-02-06 19:00:00,-5.310272470510636
2025-02-06 20:00:00,-7.525208435035804
2025-02-06 21:00:00,-9.58703670970727
2025-02-06 22:00:00,-10.928693307019081
2025-02-06 23:00:00,-10.867903996413585
2025-02-07 00:00:00,-11.208435800327814
2025-02-07 01:00:00,-10.816816054964532
2025-02-07 02:00:00,-10.371445810978871
2025-02-07 03:00:00,-9.473183973780518
2025-02-07 04:00:00,-9.009252235071187
2025-02-07 05:00:00,-7.729091572412362
2025-02-07 06:00:00,-5.482297483504683
2025-02-07 07:00:00,-3.476033481184094
2025-02-07 08:00:00,-2.924830192356341
2025-02-07 09:00:00,-3.1218561884568667
2025-02-07 10:00:00,-0.9231788068345276
2025-02-07 11:00:00,-0.6841699541523037
2025-02-07 12:00:00,-0.5531163588907351
2025-02-07 13:00:00,-0.08816074109531234
2025-02-07 14:00:00,-0.14870273490136732
2025-02-07 15:00:00,-1.0125176405073515
2025-02-07 16:00:00,-1.907133692039905
2025-02-07 17:00:00,1.3747936168960042
2025-02-07 18:00:00,1.2077587708504436
2025-02-07 19:00:00,-3.6864603774402256
2025-02-07 20:00:00,-7.96731181855819
2025-02-07 21:00:00,-10.036953899835794
2025-02-07 22:00:00,-10.533181017431984
2025-02-07 23:00:00,-10.256953851368586
2025-02-08 00:00:00,-12.14482277724539
2025-02-08 01:00:00,-11.166616399436572
2025-02-08 02:00:00,-10.62752508906648
2025-02-08 03:00:00,-9.11766767733483
2025-02-08 04:00:00,-6.780276929815447
2025-02-08 05:00:00,-5.011760281944183
2025-02-08 06:00:00,-3.3816126592489493
2025-02-08 07:00:00,-1.4442834052571545
2025-02-08 08:00:00,-1.9130086687610575
2025-02-08 09:00:00,-4.904390872778347
2025-02-08 10:00:00,-0.4903723507008961
2025-02-08 11:00:00,1.5030259884097148
2025-02-08 12:00:00,1.5294825626126745
2025-02-08 13:00:00,0.09076651573419933
2025-02-08 14:00:00,-0.966900594081106
2025-02-08 15:00:00,-3.36875411401611
2025-02-08 16:00:00,-4.8422818355893895
2025-02-08 17:00:00,-2.7566182505935237
2025-02-08 18:00:00,-1.8725670071820713
2025-02-08 19:00:00,-6.429627036516996
2025-02-08 20:00:00,-10.964701614880717
2025-02-08 21:00:00,-12.890578127805382
2025-02-08 22:00:00,-14.69782534227047
2025-02-08 23:00:00,-15.464229240453259
2025-02-09 00:00:00,-15.535307708386652
2025-02-09 01:00:00,-15.432689145327243
2025-02-09 02:00:00,-14.32681762230133
2025-02-09 03:00:00,-13.158888407171656
2025-02-09 04:00:00,-10.698528679784461
2025-02-09 05:00:00,-8.716406143699164
2025-02-09 06:00:00,-7.885520935378224
2025-02-09 07:00:00,-6.003988156461664
2025-02-09 08:00:00,-6.125887602089237
2025-02-09 09:00:00,-7.808108774122071
2025-02-09 10:00:00,-5.076685956647195
2025-02-09 11:00:00,-4.184644435426413
2025-02-09 12:00:00,-3.752042895732236
2025-02-09 13:00:00,-3.1276988999815702
2025-02-09 14:00:00,-5.6005050471476325
2025-02-09 15:00:00,-6.653695197254238
2025-02-09 16:00:00,-9.134247872748842
2025-02-09 17:00:00,-7.356844396037382
2025-02-09 18:00:00,-5.539741937296711
2025-02-09 19:00:00,-8.605280011032125
2025-02-09 20:00:00,-10.750265941685582
2025-02-09 21:00:00,-12.367384624923567
2025-02-09 22:00:00,-13.33430164844257
2025-02-09 23:00:00,-13.267794117578223
2025-02-10 00:00:00,-11.366660946052459
2025-02-10 01:00:00,-11.508882364354948
2025-02-10 02:00:00,-10.842551236829728
2025-02-10 03:00:00,-9.998641140466821
2025-02-10 04:00:00,-8.64213541026946
2025-02-10 05:00:00,-6.331451552534855
2025-02-10 06:00:00,-4.216389513119631
2025-02-10 07:00:00,-1.595322381307992
2025-02-10 08:00:00,-2.1075009295772626
2025-02-10 09:00:00,-5.037488194164267
2025-02-10 10:00:00,-2.4353622687416197
2025-02-10 11:00:00,0.09047143166406849
2025-02-10 12:00:00,0.8504994751570731
2025-02-10 13:00:00,-0.012773286449430077
2025-02-10 14:00:00,-2.306987430020388
2025-02-10 15:00:00,-4.136017278498507
2025-02-10 16:00:00,-7.085963482322812
2025-02-10 17:00:00,-4.9518850749795185
2025-02-10 18:00:00,-2.503617739548591
2025-02-10 19:00:00,-5.345736650321613
2025-02-10 20:00:00,-7.466357789373376
2025-02-10 21:00:00,-9.191147027079637
2025-02-10 22:00:00,-10.477467174057356
2025-02-10 23:00:00,-10.747157782591962
2025-02-11 00:00:00,-10.639689970249055
2025-02-11 01:00:00,-10.16311943548944
2025-02-11 02:00:00,-9.536918041030688
2025-02-11 03:00:00,-7.577195413098215
2025-02-11 04:00:00,-5.675541045452964
2025-02-11 05:00:00,-2.7337215110789126
2025-02-11 06:00:00,0.16807810917304772
2025-02-11 07:00:00,2.81628362242723
2025-02-11 08:00:00,3.240512391095708
2025-02-11 09:00:00,1.9801298698944603
2025-02-11 10:00:00,2.9201249277522363
2025-02-11 11:00:00,4.424263669237328
2025-02-11 12:00:00,4.851556427506724
2025-02-11 13:00:00,4.323188040388666
2025-02-11 14:00:00,3.6049312589522575
2025-02-11 15:00:00,2.3227931172138323
2025-02-11 16:00:00,1.1511375609493237
2025-02-11 17:00:00,1.5778051195401874
2025-02-11 18:00:00,0.9856864000666883
2025-02-11 19:00:00,-1.2815966876634948
2025-02-11 20:00:00,-3.108740811300183
2025-02-11 21:00:00,-5.30876680689503
2025-02-11 22:00:00,-7.222418170469876
2025-02-11 23:00:00,-7.26776312680431
2025-02-12 00:00:00,-7.560673388896142
2025-02-12 01:00:00,-7.9416072420367545
2025-02-12 02:00:00,-6.7384102645131305
2025-02-12 03:00:00,-5.436372717354598
2025-02-12 04:00:00,-3.8123081538992967
2025-02-12 05:00:00,-2.5570807829158886
2025-02-12 06:00:00,-2.0626930185035635
2025-02-12 07:00:00,-0.6554204814011055
2025-02-12 08:00:00,1.4141977684899105
2025-02-12 09:00:00,2.8425174210355464
2025-02-12 10:00:00,4.014346072121525
2025-02-12 11:00:00,5.195969725531753
2025-02-12 12:00:00,5.638789888414735
2025-02-12 13:00:00,5.11709772881893
2025-02-12 14:00:00,4.761863831058446
2025-02-12 15:00:00,3.2915457342027796
2025-02-12 16:00:00,2.115802658686661
2025-02-12 17:00:00,0.10088985156017279
2025-02-12 18:00:00,-2.875093203445602
2025-02-12 19:00:00,-5.948447419814067
2025-02-12 20:00:00,-9.015605115764107
2025-02-12 21:00:00,-10.580259146117411
2025-02-12 22:00:00,-10.630989948105643
2025-02-12 23:00:00,-10.642130441357594
2025-02-13 00:00:00,-10.041106753738463
2025-02-13 01:00:00,-9.13702246630014
2025-02-13 02:00:00,-9.06306465862846
2025-02-13 03:00:00,-8.023183374164013
2025-02-13 04:00:00,-6.139806353504769
2025-02-13 05:00:00,-5.283743277759182
2025-02-13 06:00:00,-4.515911766708058
2025-02-13 07:00:00,-2.9121174541550108
2025-02-13 08:00:00,-1.34008781181572
2025-02-13 09:00:00,-0.7168913845379375
2025-02-13 10:00:00,0.8286966099325093
2025-02-13 11:00:00,1.6250802901893067
2025-02-13 12:00:00,0.7891198453009509
2025-02-13 13:00:00,0.3718151320342138
2025-02-13 14:00:00,-0.35806761872010395
2025-02-13 15:00:00,-1.4799626544881521
2025-02-13 16:00:00,-4.110215243071964
2025-02-13 17:00:00,-5.3379137626317545
2025-02-13 18:00:00,-7.512907640960685
2025-02-13 19:00:00,-10.53826181971461
2025-02-13 20:00:00,-13.459093557369883
2025-02-13 21:00:00,-14.809186809706425
2025-02-13 22:00:00,-15.591501627794852
2025-02-13 23:00:00,-16.57935841268745
2025-02-14 00:00:00,-16.722063797555755
2025-02-14 01:00:00,-17.75901617806175
2025-02-14 02:00:00,-16.07825263493052
2025-02-14 03:00:00,-15.498449842694976
2025-02-14 04:00:00,-14.166285431638675
2025-02-14 05:00:00,-10.549596562248926
2025-02-14 06:00:00,-8.857608658325569
2025-02-14 07:00:00,-7.267602538552743
2025-02-14 08:00:00,-5.881210669111744
2025-02-14 09:00:00,-5.70757688711594
2025-02-14 10:00:00,-3.279654773315175
2025-02-14 11:00:00,-0.17613021314371907
2025-02-14 12:00:00,0.8686363139008814
2025-02-14 13:00:00,1.979092075112644
2025-02-14 14:00:00,1.896353611325512
2025-02-14 15:00:00,1.3827755543657896
2025-02-14 16:00:00,-0.3613912339570052
2025-02-14 17:00:00,-0.014290528960572802
2025-02-14 18:00:00,-1.4425181662592246
2025-02-14 19:00:00,-4.695798500404316
2025-02-14 20:00:00,-7.854566906371014
2025-02-14 21:00:00,-10.346651646779764
2025-02-14 22:00:00,-12.275730403413245
2025-02-14 23:00:00,-12.973133259686014
2025-02-15 00:00:00,-16.133443475479726
2025-02-15 01:00:00,-16.699497156560742
2025-02-15 02:00:00,-16.486581169755866
2025-02-15 03:00:00,-15.912200450531806
2025-02-15 04:00:00,-15.124760325115952
2025-02-15 05:00:00,-14.872511348376142
2025-02-15 06:00:00,-15.760942107238563
2025-02-15 07:00:00,-14.300050528452534
2025-02-15 08:00:00,-11.44776967270866
2025-02-15 09:00:00,-9.894376948604128
2025-02-15 10:00:00,-6.361419102067113
2025-02-15 11:00:00,-2.1442768907798193
2025-02-15 12:00:00,-0.6606909894105304
2025-02-15 13:00:00,0.05742642506945183
2025-02-15 14:00:00,0.08378657108734516
2025-02-15 15:00:00,-0.9221398870793666
2025-02-15 16:00:00,-3.5100944230215645
2025-02-15 17:00:00,-3.9509142502169285
2025-02-15 18:00:00,-5.560773635270932
2025-02-15 19:00:00,-8.755209277495373
2025-02-15 20:00:00,-11.528197999523753
2025-02-15 21:00:00,-13.603980159759372
2025-02-15 22:00:00,-15.165244700752053
2025-02-15 23:00:00,-16.798372121734825
2025-02-16 00:00:00,-17.910618174715015
2025-02-16 01:00:00,-18.68987559963001
2025-02-16 02:00:00,-18.5713824160334
2025-02-16 03:00:00,-17.355710528058435
2025-02-16 04:00:00,-16.661286939832166
2025-02-16 05:00:00,-16.821061104542085
2025-02-16 06:00:00,-16.453731433993926
2025-02-16 07:00:00,-15.348388238293717
2025-02-16 08:00:00,-14.996903466051155
2025-02-16 09:00:00,-14.206331991347982
2025-02-16 10:00:00,-10.867539628287943
2025-02-16 11:00:00,-8.968968602432916
2025-02-16 12:00:00,-7.812574770807595
2025-02-16 13:00:00,-6.248345688607857
2025-02-16 14:00:00,-6.1068795823428195
2025-02-16 15:00:00,-8.089485779303395
2025-02-16 16:00:00,-12.258358691339208
2025-02-16 17:00:00,-12.259709162245697
2025-02-16 18:00:00,-11.607018512031852
2025-02-16 19:00:00,-13.021425956926254
2025-02-16 20:00:00,-16.67950891603986
2025-02-16 21:00:00,-18.598602037753746
2025-02-16 22:00:00,-20.450301447120005
2025-02-16 23:00:00,-21.961297469369967
2025-02-17 00:00:00,-21.032880073431205
2025-02-17 01:00:00,-22.141778454024944
2025-02-17 02:00:00,-22.329538228176524
2025-02-17 03:00:00,-21.037635429881618
2025-02-17 04:00:00,-19.407148820205393
2025-02-17 05:00:00,-16.211282785347755
2025-02-17 06:00:00,-14.039996949987039
2025-02-17 07:00:00,-11.653197300795991
2025-02-17 08:00:00,-14.648034603373445
2025-02-17 09:00:00,-16.692944668081825
2025-02-17 10:00:00,-13.489853886140175
2025-02-17 11:00:00,-10.989105483366584
2025-02-17 12:00:00,-7.6198480877469255
2025-02-17 13:00:00,-4.9921254750643875
2025-02-17 14:00:00,-4.436012743220407
2025-02-17 15:00:00,-4.941659026927204
2025-02-17 16:00:00,-5.722219670073844
2025-02-17 17:00:00,-3.9507725073778257
2025-02-17 18:00:00,-2.700856362306318
2025-02-17 19:00:00,-7.075787513398482
2025-02-17 20:00:00,-11.207554251794736
2025-02-17 21:00:00,-13.874318929690306
2025-02-17 22:00:00,-16.40305347298338
2025-02-17 23:00:00,-18.411552167154923
2025-02-18 00:00:00,-19.82109470462716
2025-02-18 01:00:00,-20.905885019132196
2025-02-18 02:00:00,-20.62004670573257
2025-02-18 03:00:00,-20.36699933364536
2025-02-18 04:00:00,-18.48837851678591
2025-02-18 05:00:00,-17.10490730857435
2025-02-18 06:00:00,-16.094182937802735
2025-02-18 07:00:00,-14.488148892639371
2025-02-18 08:00:00,-15.248888431216063
2025-02-18 09:00:00,-14.114701628145978
2025-02-18 10:00:00,-11.80270311875018
2025-02-18 11:00:00,-7.564914612570873
2025-02-18 12:00:00,-4.573177636962372
2025-02-18 13:00:00,-1.7037988320550637
2025-02-18 14:00:00,-0.5348315261755742
2025-02-18 15:00:00,-0.7013991587850356
2025-02-18 16:00:00,-1.3943468199669529
2025-02-18 17:00:00,-3.0390363202298682
2025-02-18 18:00:00,-4.368845554940646
2025-02-18 19:00:00,-9.445660378183588
2025-02-18 20:00:00,-13.134783929585675
2025-02-18 21:00:00,-15.682701841294984
2025-02-18 22:00:00,-18.55130085304764
2025-02-18 23:00:00,-20.114254121151777
2025-02-19 00:00:00,-21.451297277322606
2025-02-19 01:00:00,-23.706933817644067
2025-02-19 02:00:00,-24.47237135981055
2025-02-19 03:00:00,-24.177094272771445
2025-02-19 04:00:00,-24.140104664058416
2025-02-19 05:00:00,-24.66882242201212
2025-02-19 06:00:00,-23.873424868297718
2025-02-19 07:00:00,-21.43138699705411
2025-02-19 08:00:00,-16.95062390843588
2025-02-19 09:00:00,-11.585403401288845
2025-02-19 10:00:00,-7.589744237543924
2025-02-19 11:00:00,-4.728820606103489
2025-02-19 12:00:00,-5.035330152153085
2025-02-19 13:00:00,-5.623921192437122
2025-02-19 14:00:00,-6.322734817674634
2025-02-19 15:00:00,-6.609324879611507
2025-02-19 16:00:00,-7.918839881677522
2025-02-19 17:00:00,-10.616038310338855
2025-02-19 18:00:00,-11.756602363249732
2025-02-19 19:00:00,-16.793107971040342
2025-02-19 20:00:00,-20.034707128477756
2025-02-19 21:00:00,-22.622571294616
2025-02-19 22:00:00,-23.2695608206105
2025-02-19 23:00:00,-23.582457140029078
2025-02-20 00:00:00,-23.66792796510658
2025-02-20 01:00:00,-24.11210636933562
2025-02-20 02:00:00,-23.225588585576507
2025-02-20 03:00:00,-20.627625070305818
2025-02-20 04:00:00,-18.06295051066412
2025-02-20 05:00:00,-15.86716679070993
2025-02-20 06:00:00,-14.315597431317515
2025-02-20 07:00:00,-11.543003490835257
2025-02-20 08:00:00,-8.575670184288535
2025-02-20 09:00:00,-6.222204810950349
2025-02-20 10:00:00,-3.893100990477932
2025-02-20 11:00:00,-2.3872266801495345
2025-02-20 12:00:00,-3.032922219317809
2025-02-20 13:00:00,-4.4599902387993815
2025-02-20 14:00:00,-3.5557776711632996
2025-02-20 15:00:00,-2.007243293926992
2025-02-20 16:00:00,-1.6933856239208085
2025-02-20 17:00:00,-1.7576223262195954
2025-02-20 18:00:00,-1.275838193212508
2025-02-20 19:00:00,-4.621452219782076
2025-02-20 20:00:00,-6.370735655214847
2025-02-20 21:00:00,-7.374818982398218
2025-02-20 22:00:00,-8.091792011529547
2025-02-20 23:00:00,-8.78155328974559
2025-02-21 00:00:00,-8.946473237199463
2025-02-21 01:00:00,-8.869851316397964
2025-02-21 02:00:00,-7.873215900942888
2025-02-21 03:00:00,-5.387820224225605
2025-02-21 04:00:00,-3.5529081937702705
2025-02-21 05:00:00,-1.7444723617424471
2025-02-21 06:00:00,-1.1648774516503928
2025-02-21 07:00:00,0.5024235654083741
2025-02-21 08:00:00,0.2142052255669696
2025-02-21 09:00:00,0.8342445083324779
2025-02-21 10:00:00,2.3410230549460667
2025-02-21 11:00:00,3.2070453729388397
2025-02-21 12:00:00,4.115728666966679
2025-02-21 13:00:00,4.513654988236532
2025-02-21 14:00:00,4.98596674493163
2025-02-21 15:00:00,4.961736448694716
2025-02-21 16:00:00,3.207659591550257
2025-02-21 17:00:00,1.6517503817232975
2025-02-21 18:00:00,0.7930862306766987
2025-02-21 19:00:00,-2.6730349002802445
2025-02-21 20:00:00,-6.050976818367478
2025-02-21 21:00:00,-8.456572365728237
2025-02-21 22:00:00,-10.570824134988186
2025-02-21 23:00:00,-11.807149361586367
2025-02-22 00:00:00,-14.517100773674708
2025-02-22 01:00:00,-15.805504652547175
2025-02-22 02:00:00,-17.868003325667363
2025-02-22 03:00:00,-17.616943302398568
2025-02-22 04:00:00,-17.38331365153047
2025-02-22 05:00:00,-16.191655833507433
2025-02-22 06:00:00,-15.015769013478126
2025-02-22 07:00:00,-12.075069221134628
2025-02-22 08:00:00,-10.595912106060998
2025-02-22 09:00:00,-9.271301110044543
2025-02-22 10:00:00,-5.103097407978324
2025-02-22 11:00:00,-1.9637946296358741
2025-02-22 12:00:00,0.4519236513641402
2025-02-22 13:00:00,2.68498900798517
2025-02-22 14:00:00,5.371984410800956
2025-02-22 15:00:00,5.8576829610302905
2025-02-22 16:00:00,5.215143767828286
2025-02-22 17:00:00,4.555191022327609
2025-02-22 18:00:00,3.643075480231962
2025-02-22 19:00:00,-0.5631254649299334
2025-02-22 20:00:00,-4.184564244026083
2025-02-22 21:00:00,-6.5836002884619855
2025-02-22 22:00:00,-8.314267975020545
2025-02-22 23:00:00,-9.883551595711582
2025-02-23 00:00:00,-11.146316309395306
2025-02-23 01:00:00,-11.94475589734607
2025-02-23 02:00:00,-12.261874170773439
2025-02-23 03:00:00,-11.716710263450432
2025-02-23 04:00:00,-10.92317711758831
2025-02-23 05:00:00,-10.35886287529935
2025-02-23 06:00:00,-9.754401749302929
2025-02-23 07:00:00,-6.770339109436765
2025-02-23 08:00:00,-8.89098271568424
2025-02-23 09:00:00,-10.193431827593168
2025-02-23 10:00:00,-7.215020315336513
2025-02-23 11:00:00,-4.198304258916515
2025-02-23 12:00:00,-2.543829707924052
2025-02-23 13:00:00,-1.8126180255156907
2025-02-23 14:00:00,-2.2012730745686864
2025-02-23 15:00:00,-4.078321059345124
2025-02-23 16:00:00,-5.343732619792199
2025-02-23 17:00:00,-4.226727213772001
2025-02-23 18:00:00,-2.7135981129203994
2025-02-23 19:00:00,-6.293909762774847
2025-02-23 20:00:00,-9.897020933077755
2025-02-23 21:00:00,-12.298687719748921
2025-02-23 22:00:00,-14.337460910288755
2025-02-23 23:00:00,-16.140486227412367
2025-02-24 00:00:00,-16.239614619851977
2025-02-24 01:00:00,-17.35932393200176
2025-02-24 02:00:00,-17.97469520860767
2025-02-24 03:00:00,-17.567761153503515
2025-02-24 04:00:00,-17.32534762225909
2025-02-24 05:00:00,-16.337202672895664
2025-02-24 06:00:00,-14.907808692079476
2025-02-24 07:00:00,-12.203173941715272
2025-02-24 08:00:00,-14.765579044562886
2025-02-24 09:00:00,-14.490459209539782
2025-02-24 10:00:00,-9.777402421626363
2025-02-24 11:00:00,-6.431205385211089
2025-02-24 12:00:00,-4.273964668944801
2025-02-24 13:00:00,-2.376654790757261
2025-02-24 14:00:00,-2.677377929972436
2025-02-24 15:00:00,-3.660575764518359
2025-02-24 16:00:00,-5.71976859030714
2025-02-24 17:00:00,-3.7132217352333474
2025-02-24 18:00:00,-0.8139166153654714
2025-02-24 19:00:00,-5.177097403538687
2025-02-24 20:00:00,-8.027106745471773
2025-02-24 21:00:00,-10.467870194041472
2025-02-24 22:00:00,-12.38237418691276
2025-02-24 23:00:00,-13.974743043603942
2025-02-25 00:00:00,-15.821014316456415
2025-02-25 01:00:00,-18.263767711943682
2025-02-25 02:00:00,-18.265407883536124
2025-02-25 03:00:00,-17.711355075135486
2025-02-25 04:00:00,-16.594206697060816
2025-02-25 05:00:00,-14.736361756411597
2025-02-25 06:00:00,-12.2986354425983
2025-02-25 07:00:00,-10.83012567958864
2025-02-25 08:00:00,-16.35891962386285
2025-02-25 09:00:00,-17.342990111801196
2025-02-25 10:00:00,-11.806555910155097
2025-02-25 11:00:00,-6.917963077811806
2025-02-25 12:00:00,-4.201490781212956
2025-02-25 13:00:00,-2.433704699022057
2025-02-25 14:00:00,-2.3282203354286333
2025-02-25 15:00:00,-2.459654404864659
2025-02-25 16:00:00,-2.9702556121561643
2025-02-25 17:00:00,-1.6468043760854663
2025-02-25 18:00:00,1.6244876151495038
2025-02-25 19:00:00,-3.745437414638573
2025-02-25 20:00:00,-8.27235518087006
2025-02-25 21:00:00,-11.802448528756472
2025-02-25 22:00:00,-14.217273482227617
2025-02-25 23:00:00,-16.01230406319927
2025-02-26 00:00:00,-16.93184780430247
2025-02-26 01:00:00,-17.94330971131747
2025-02-26 02:00:00,-19.000549863256143
2025-02-26 03:00:00,-18.653558934485723
2025-02-26 04:00:00,-18.621693990034526
2025-02-26 05:00:00,-16.74472946847687
2025-02-26 06:00:00,-16.34258406276111
2025-02-26 07:00:00,-14.732711105584137
2025-02-26 08:00:00,-18.13808161067319
2025-02-26 09:00:00,-17.640512723381146
2025-02-26 10:00:00,-12.798777984554238
2025-02-26 11:00:00,-5.99352405752476
2025-02-26 12:00:00,-3.129795365604592
2025-02-26 13:00:00,-2.0593446621191753
2025-02-26 14:00:00,-1.525347526428594
2025-02-26 15:00:00,-1.6554254847369423
2025-02-26 16:00:00,-3.0150261460131804
2025-02-26 17:00:00,-3.297898146359509
2025-02-26 18:00:00,-0.8185033988201418
2025-02-26 19:00:00,-6.296492988556972
2025-02-26 20:00:00,-10.642115764032647
2025-02-26 21:00:00,-13.852495479349235
2025-02-26 22:00:00,-17.10047763421732
2025-02-26 23:00:00,-18.464303632689806
2025-02-27 00:00:00,-19.184919159784958
2025-02-27 01:00:00,-19.71594156796095
2025-02-27 02:00:00,-19.943160187880014
2025-02-27 03:00:00,-19.56562003118902
2025-02-27 04:00:00,-19.237684278785963
2025-02-27 05:00:00,-18.46599701210651
2025-02-27 06:00:00,-17.73652511252372
2025-02-27 07:00:00,-14.9057219588727
2025-02-27 08:00:00,-14.678209401862842
2025-02-27 09:00:00,-11.417326020488323
2025-02-27 10:00:00,-6.187597346352491
2025-02-27 11:00:00,-2.439347477854236
2025-02-27 12:00:00,-1.0376291835405889
2025-02-27 13:00:00,-0.7369695681357189
2025-02-27 14:00:00,-1.2937583596431597
2025-02-27 15:00:00,-3.28571603430542
2025-02-27 16:00:00,-5.52627069224707
2025-02-27 17:00:00,-6.833628067683027
2025-02-27 18:00:00,-6.746808960932235
2025-02-27 19:00:00,-11.212751704366845
2025-02-27 20:00:00,-13.868971828438928
2025-02-27 21:00:00,-15.803263505910653
2025-02-27 22:00:00,-17.387477587112695
2025-02-27 23:00:00,-17.80594831672031
2025-02-28 00:00:00,-18.290458340284776
2025-02-28 01:00:00,-19.50636733453856
2025-02-28 02:00:00,-18.676685374689626
2025-02-28 03:00:00,-17.181127203672414
2025-02-28 04:00:00,-15.623601093992814
2025-02-28 05:00:00,-13.895108630909682
2025-02-28 06:00:00,-12.86442439570819
2025-02-28 07:00:00,-11.048310132650691
2025-02-28 08:00:00,-10.818756266758955
2025-02-28 09:00:00,-9.229961896481466
2025-02-28 10:00:00,-4.921211506560726
2025-02-28 11:00:00,-2.5409049343970067
2025-02-28 12:00:00,-1.2398573063269165
2025-02-28 13:00:00,-0.40989338554029764
2025-02-28 14:00:00,-0.05993464624808435
2025-02-28 15:00:00,-0.7989372900082111
2025-02-28 16:00:00,-1.599343187006954
2025-02-28 17:00:00,-1.0207114253895406
2025-02-28 18:00:00,1.4975389006898536
2025-02-28 19:00:00,-0.48250998692429803
2025-02-28 20:00:00,-3.524321779253816
2025-02-28 21:00:00,-5.220690918536495
2025-02-28 22:00:00,-6.082942988508692
2025-02-28 23:00:00,-7.6772422188075975
2025-03-01 00:00:00,-10.628979994920632
2025-03-01 01:00:00,-11.66417388039989
2025-03-01 02:00:00,-11.285072547881388
2025-03-01 03:00:00,-9.833313223659102
2025-03-01 04:00:00,-8.134935209759925
2025-03-01 05:00:00,-6.821636756658125
2025-03-01 06:00:00,-5.8985594772577485
2025-03-01 07:00:00,-4.591755535553918
2025-03-01 08:00:00,-6.920489958712222
2025-03-01 09:00:00,-6.216499804136642
2025-03-01 10:00:00,-2.8647548395716353
2025-03-01 11:00:00,-0.8802652990863129
2025-03-01 12:00:00,1.3048585402913648
2025-03-01 13:00:00,2.6795284778061834
2025-03-01 14:00:00,2.3915698918892874
2025-03-01 15:00:00,2.046864949492165
2025-03-01 16:00:00,0.8053398716356974
2025-03-01 17:00:00,2.5842321060810614
2025-03-01 18:00:00,6.362358640555523
2025-03-01 19:00:00,3.2160623646760595
2025-03-01 20:00:00,-1.7700229444760434
2025-03-01 21:00:00,-4.653610650275541
2025-03-01 22:00:00,-7.408831790904185
2025-03-01 23:00:00,-9.093103781327075
2025-03-02 00:00:00,-9.662680669492303
2025-03-02 01:00:00,-10.419926911250318
2025-03-02 02:00:00,-11.214364366738714
2025-03-02 03:00:00,-10.037015062580016
2025-03-02 04:00:00,-8.7165570667457
2025-03-02 05:00:00,-9.46602457089261
2025-03-02 06:00:00,-8.88770254282888
2025-03-02 07:00:00,-6.510042794334155
2025-03-02 08:00:00,-7.107563421176206
2025-03-02 09:00:00,-5.9795299223782745
2025-03-02 10:00:00,-1.9915411112844796
2025-03-02 11:00:00,-0.2950939582492041
2025-03-02 12:00:00,1.9996616581843227
2025-03-02 13:00:00,2.0084491234768365
2025-03-02 14:00:00,2.3509411209838613
2025-03-02 15:00:00,0.8823602448295719
2025-03-02 16:00:00,-0.36019579164430854
2025-03-02 17:00:00,0.6298570864024455
2025-03-02 18:00:00,3.060379640630102
2025-03-02 19:00:00,-1.7124222673976888
2025-03-02 20:00:00,-6.943745431741196
2025-03-02 21:00:00,-10.677170920435227
2025-03-02 22:00:00,-13.982707483325553
2025-03-02 23:00:00,-15.83603453177659
2025-03-03 00:00:00,-14.15490447150355
2025-03-03 01:00:00,-14.061943976776691
2025-03-03 02:00:00,-14.807702865399444
2025-03-03 03:00:00,-13.856189837587081
2025-03-03 04:00:00,-12.470489717349741
2025-03-03 05:00:00,-10.965045943029999
2025-03-03 06:00:00,-9.308051516312533
2025-03-03 07:00:00,-6.402120871740433
2025-03-03 08:00:00,-6.651420449730362
2025-03-03 09:00:00,-5.878630342700827
2025-03-03 10:00:00,-2.1727557736979164
2025-03-03 11:00:00,-0.017054285906430624
2025-03-03 12:00:00,2.5471712698653795
2025-03-03 13:00:00,1.890086086571811
2025-03-03 14:00:00,-0.01645149528692336
2025-03-03 15:00:00,-1.8266511808456924
2025-03-03 16:00:00,-4.157838411214619
2025-03-03 17:00:00,-3.561118419685608
2025-03-03 18:00:00,1.5452553047080106
2025-03-03 19:00:00,-1.772936400255618
2025-03-03 20:00:00,-4.704051545057562
2025-03-03 21:00:00,-7.109989524829746
2025-03-03 22:00:00,-9.278523493421648
2025-03-03 23:00:00,-9.817015305895113
2025-03-04 00:00:00,-10.182012138881262
2025-03-04 01:00:00,-10.671638751667524
2025-03-04 02:00:00,-10.394224835260705
2025-03-04 03:00:00,-9.749100042303967
2025-03-04 04:00:00,-8.342756301890454
2025-03-04 05:00:00,-5.725191517075277
2025-03-04 06:00:00,-4.041065318308996
2025-03-04 07:00:00,-2.834440425902436
2025-03-04 08:00:00,-2.287736860270284
2025-03-04 09:00:00,-3.1021222807499154
2025-03-04 10:00:00,-2.367438544377138
2025-03-04 11:00:00,-1.054834492888347
2025-03-04 12:00:00,0.7256463629271327
2025-03-04 13:00:00,1.3511991351140271
2025-03-04 14:00:00,0.6494412583929449
2025-03-04 15:00:00,-0.12296630364438695
2025-03-04 16:00:00,-2.3385938439241953
2025-03-04 17:00:00,-4.30200892533958
2025-03-04 18:00:00,-3.7870144010938898
2025-03-04 19:00:00,-7.4521942534441
2025-03-04 20:00:00,-9.710949522295289
2025-03-04 21:00:00,-11.483695427765067
2025-03-04 22:00:00,-12.61101550931111
2025-03-04 23:00:00,-12.838373838312414
2025-03-05 00:00:00,-13.119475858990125
2025-03-05 01:00:00,-12.495448417064274
2025-03-05 02:00:00,-12.093370215146923
2025-03-05 03:00:00,-10.58000847336103
2025-03-05 04:00:00,-8.66661564217559
2025-03-05 05:00:00,-9.421462275528336
2025-03-05 06:00:00,-9.344169327977463
2025-03-05 07:00:00,-7.008558764991845
2025-03-05 08:00:00,-8.201161300462603
2025-03-05 09:00:00,-8.276393549458227
2025-03-05 10:00:00,-5.691130262335661
2025-03-05 11:00:00,-4.65766269022749
2025-03-05 12:00:00,-3.9783339380731624
2025-03-05 13:00:00,-3.065998781151837
2025-03-05 14:00:00,-4.647048526752252
2025-03-05 15:00:00,-5.658285914289879
2025-03-05 16:00:00,-7.475957573136602
2025-03-05 17:00:00,-6.946349354749149
2025-03-05 18:00:00,-6.8324672735988665
2025-03-05 19:00:00,-8.490240761786065
2025-03-05 20:00:00,-11.334350281275235
2025-03-05 21:00:00,-12.540132102346435
2025-03-05 22:00:00,-13.881622968460833
2025-03-05 23:00:00,-13.479513314228523
2025-03-06 00:00:00,-13.625279622554132
2025-03-06 01:00:00,-14.38651003962997
2025-03-06 02:00:00,-14.67037218587341
2025-03-06 03:00:00,-13.886643274473586
2025-03-06 04:00:00,-12.687941994798862
2025-03-06 05:00:00,-11.9947997573763
2025-03-06 06:00:00,-11.81982013875546
2025-03-06 07:00:00,-12.207700229884466
2025-03-06 08:00:00,-13.57554412186032
2025-03-06 09:00:00,-13.042142314495454
2025-03-06 10:00:00,-7.692092337614968
2025-03-06 11:00:00,-4.276489046377346
2025-03-06 12:00:00,-2.9512032262319283
2025-03-06 13:00:00,-2.972431347957665
2025-03-06 14:00:00,-3.7530835383856647
2025-03-06 15:00:00,-5.324995112293341
2025-03-06 16:00:00,-6.92291689373881
2025-03-06 17:00:00,-3.4439734813580376
2025-03-06 18:00:00,-1.0563322921038971
2025-03-06 19:00:00,-4.701370078343188
2025-03-06 20:00:00,-7.559263017152052
2025-03-06 21:00:00,-11.297275608666508
2025-03-06 22:00:00,-13.89950457426581
2025-03-06 23:00:00,-15.65437834993926
2025-03-07 00:00:00,-16.898895277212898
2025-03-07 01:00:00,-17.313720409381663
2025-03-07 02:00:00,-17.133126554832003
2025-03-07 03:00:00,-14.949898439449552
2025-03-07 04:00:00,-12.797111681028102
2025-03-07 05:00:00,-11.358421905716192
2025-03-07 06:00:00,-10.642898509256288
2025-03-07 07:00:00,-8.44465201421198
2025-03-07 08:00:00,-9.71962035750985
2025-03-07 09:00:00,-8.513007003154854
2025-03-07 10:00:00,-3.5009938193478454
2025-03-07 11:00:00,-0.3070750499255874
2025-03-07 12:00:00,1.6767653799952846
2025-03-07 13:00:00,3.143999964222682
2025-03-07 14:00:00,3.621197352840801
2025-03-07 15:00:00,2.730097603855186
2025-03-07 16:00:00,0.29961891489068465
2025-03-07 17:00:00,-0.9897684662380157
2025-03-07 18:00:00,-0.5367664910912762
2025-03-07 19:00:00,-3.774985202480916
2025-03-07 20:00:00,-6.7103933522549
2025-03-07 21:00:00,-9.649903110454627
2025-03-07 22:00:00,-12.001019730327434
2025-03-07 23:00:00,-13.079454796657902
2025-03-08 00:00:00,-16.20776694846543
2025-03-08 01:00:00,-17.421498757644823
2025-03-08 02:00:00,-17.4833523690547
2025-03-08 03:00:00,-16.182117115581274
2025-03-08 04:00:00,-14.70293482191608
2025-03-08 05:00:00,-13.307454423407005
2025-03-08 06:00:00,-12.531481657855563
2025-03-08 07:00:00,-9.783504280627618
2025-03-08 08:00:00,-8.167827300547108
2025-03-08 09:00:00,-6.406989822066278
2025-03-08 10:00:00,-3.505951077552058
2025-03-08 11:00:00,-0.7898593041275157
2025-03-08 12:00:00,1.0903671805624089
2025-03-08 13:00:00,2.3093459916609707
2025-03-08 14:00:00,2.672092848309182
2025-03-08 15:00:00,2.711480843149717
2025-03-08 16:00:00,1.5242538120671127
2025-03-08 17:00:00,1.5859966756569697
2025-03-08 18:00:00,0.8561464590914957
2025-03-08 19:00:00,-3.594683117280045
2025-03-08 21:00:00,-10.184611497710412
2025-03-08 22:00:00,-12.400842686756006
2025-03-08 23:00:00,-14.233969194300567
2025-03-09 00:00:00,-15.78052368694482
2025-03-09 01:00:00,-16.89306732800753
2025-03-09 03:00:00,-16.096923799542896
2025-03-09 04:00:00,-14.496093607687005
2025-03-09 05:00:00,-12.258068732987281
2025-03-09 06:00:00,-9.93451824768707
2025-03-09 07:00:00,-8.556718410679279
2025-03-09 08:00:00,-6.81080164885188
2025-03-09 09:00:00,-5.591979586320481
2025-03-09 10:00:00,-9.059187476373815
2025-03-09 11:00:00,-9.70327620860725
2025-03-09 12:00:00,-6.866236918337823
2025-03-09 13:00:00,-6.1594258458519215
2025-03-09 14:00:00,-4.831756061900266
2025-03-09 15:00:00,-4.683110266460766
2025-03-09 16:00:00,-6.046441784172646
2025-03-09 17:00:00,-8.94121618330849
2025-03-09 18:00:00,-12.260346942277275
2025-03-09 19:00:00,-12.640789662107359
2025-03-09 20:00:00,-12.113363474459211
2025-03-09 21:00:00,-14.277687402849311
2025-03-09 22:00:00,-16.698101005605253
2025-03-09 23:00:00,-18.147165975873037
2025-03-10 00:00:00,-16.959423400629873
2025-03-10 01:00:00,-15.96326814006176
2025-03-10 02:00:00,-15.313217026136584
2025-03-10 03:00:00,-14.485015013296653
2025-03-10 04:00:00,-12.488606375646336
2025-03-10 05:00:00,-9.111538695642192
2025-03-10 06:00:00,-5.947982919630182
2025-03-10 07:00:00,-3.754929583439471
2025-03-10 08:00:00,-2.233429689472923
2025-03-10 09:00:00,-3.2341168227570742
2025-03-10 10:00:00,-5.495220285082704
2025-03-10 11:00:00,-4.977058877056849
2025-03-10 12:00:00,-3.8543531623757574
2025-03-10 13:00:00,-4.564679471628574
2025-03-10 14:00:00,-4.476508869267027
2025-03-10 15:00:00,-5.4170945203830145
2025-03-10 16:00:00,-6.5620756909026285
2025-03-10 17:00:00,-7.260716280040448
2025-03-10 18:00:00,-7.8119988497737936
2025-03-10 19:00:00,-4.674361843287941
2025-03-10 20:00:00,-5.914248700940015
2025-03-10 21:00:00,-8.077175726723617
2025-03-10 22:00:00,-8.893690034622269
2025-03-10 23:00:00,-10.06208850135037
2025-03-11 00:00:00,-11.578605861912878
2025-03-11 01:00:00,-10.878005612295732
2025-03-11 02:00:00,-10.893783403391215
2025-03-11 03:00:00,-10.935061675070317
2025-03-11 04:00:00,-9.704094000779165
2025-03-11 05:00:00,-6.42919688170693
2025-03-11 06:00:00,-4.099516236623845
2025-03-11 07:00:00,-2.4509887323556447
2025-03-11 08:00:00,-1.9281528352868715
2025-03-11 09:00:00,-7.143247509278379
2025-03-11 10:00:00,-7.126311522379188
2025-03-11 11:00:00,-4.480077540405528
2025-03-11 12:00:00,-3.0685970393588056
2025-03-11 13:00:00,-2.0376104572048184
2025-03-11 14:00:00,-1.2046125540233126
2025-03-11 15:00:00,-1.782640607738794
2025-03-11 16:00:00,-2.8018741306259507
2025-03-11 17:00:00,-3.929507482012599
2025-03-11 18:00:00,-3.427890364533825
2025-03-11 19:00:00,0.480310469865396
2025-03-11 20:00:00,-4.537518391096797
2025-03-11 21:00:00,-7.757326197651428
2025-03-11 22:00:00,-10.593383849773447
2025-03-11 23:00:00,-12.243445166447549
2025-03-12 00:00:00,-13.851918773393255
2025-03-12 01:00:00,-14.218854935204929
2025-03-12 02:00:00,-14.74292941305432
2025-03-12 03:00:00,-15.774729531046232
2025-03-12 04:00:00,-16.24837358361426
2025-03-12 05:00:00,-15.211408182504384
2025-03-12 06:00:00,-14.862798112130713
2025-03-12 07:00:00,-13.677336038410699
2025-03-12 08:00:00,-9.955229073469903
2025-03-12 09:00:00,-10.29068937622255
2025-03-12 10:00:00,-6.013159724772232
2025-03-12 11:00:00,-0.00447302207618511
2025-03-12 12:00:00,2.1385575354928235
2025-03-12 13:00:00,2.614963347261509
2025-03-12 14:00:00,2.5184662865108582
2025-03-12 15:00:00,1.1188353656565766
2025-03-12 16:00:00,-0.45926470336884423
2025-03-12 17:00:00,-2.691683292036685
2025-03-12 18:00:00,-5.564816130812192
2025-03-12 19:00:00,-0.8078160785773948
2025-03-12 20:00:00,-4.186824901306403
2025-03-12 21:00:00,-8.044668914394649
2025-03-12 22:00:00,-11.389033543259671
2025-03-12 23:00:00,-14.151116514156282
2025-03-13 00:00:00,-14.212825599133618
2025-03-13 01:00:00,-14.356523543607668
2025-03-13 02:00:00,-15.35761903171773
2025-03-13 03:00:00,-15.266692143777659
2025-03-13 04:00:00,-14.252416512712333
2025-03-13 05:00:00,-13.500061731297086
2025-03-13 06:00:00,-13.373094898729036
2025-03-13 07:00:00,-11.64450428765133
2025-03-13 08:00:00,-8.034822878599769
2025-03-13 09:00:00,-7.6354362928283575
2025-03-13 10:00:00,-5.0869154175242235
2025-03-13 11:00:00,-1.9546734972742497
2025-03-13 12:00:00,-0.031980566401827476
2025-03-13 13:00:00,-1.4927904429448133
2025-03-13 14:00:00,-1.6154620711906809
2025-03-13 15:00:00,-3.0409328127460626
2025-03-13 16:00:00,-5.2119132929838505
2025-03-13 17:00:00,-8.125160950599726
2025-03-13 18:00:00,-9.714432043213733
2025-03-13 19:00:00,-5.552670986737352
2025-03-13 20:00:00,-7.359923103629385
2025-03-13 21:00:00,-10.444955491924436
2025-03-13 22:00:00,-12.662824928233698
2025-03-13 23:00:00,-14.157431730949298
2025-03-14 00:00:00,-15.342485158324415
2025-03-14 01:00:00,-13.64240340882938
2025-03-14 02:00:00,-13.133962855355616
2025-03-14 03:00:00,-12.732515985198699
2025-03-14 04:00:00,-10.857509138516681
2025-03-14 05:00:00,-8.747066087700867
2025-03-14 06:00:00,-7.052405680374621
2025-03-14 07:00:00,-4.9385257582195345
2025-03-14 08:00:00,-2.0328017527931586
2025-03-14 09:00:00,-3.4329138201426357
2025-03-14 10:00:00,-1.6452102949016203
2025-03-14 11:00:00,1.0024998881736507
2025-03-14 12:00:00,3.661511864037788
2025-03-14 13:00:00,2.0919382960295776
2025-03-14 14:00:00,-0.2039198851444794
2025-03-14 15:00:00,-3.6738895485480043
2025-03-14 16:00:00,-5.927730447551408
2025-03-14 17:00:00,-8.310077061009796
2025-03-14 18:00:00,-8.328496770040324
2025-03-14 19:00:00,-5.163424501408625
2025-03-14 20:00:00,-8.257617760178226
2025-03-14 21:00:00,-10.434734197235182
2025-03-14 22:00:00,-12.05150246474447
2025-03-14 23:00:00,-13.97515833747769
2025-03-15 00:00:00,-17.583253249465233
2025-03-15 01:00:00,-16.72499836350219
2025-03-15 02:00:00,-15.28085691344836
2025-03-15 03:00:00,-14.898439033537885
2025-03-15 04:00:00,-13.534829758962893
2025-03-15 05:00:00,-12.692824660133418
2025-03-15 06:00:00,-10.701364794008871
2025-03-15 07:00:00,-8.612406977853812
2025-03-15 08:00:00,-5.080979277651848
2025-03-15 09:00:00,-5.994834575380566
2025-03-15 10:00:00,-3.5178781185438033
2025-03-15 11:00:00,1.4224252868344445
2025-03-15 12:00:00,4.587782898161443
2025-03-15 13:00:00,3.8537837635485617
2025-03-15 14:00:00,1.9432823324978086
2025-03-15 15:00:00,-0.817903288155963
2025-03-15 16:00:00,-4.212085796262405
2025-03-15 17:00:00,-7.584830681563369
2025-03-15 18:00:00,-8.852200588490694
2025-03-15 19:00:00,-7.798728580799069
2025-03-15 20:00:00,-10.331388748626704
2025-03-15 21:00:00,-12.081263856906086
2025-03-15 22:00:00,-13.469262361755057
2025-03-15 23:00:00,-14.19739937769852
2025-03-16 00:00:00,-14.703230932208843
2025-03-16 01:00:00,-14.32435355091408
2025-03-16 02:00:00,-14.225437161380306
2025-03-16 03:00:00,-13.559308792300186
2025-03-16 04:00:00,-12.452105804222436
2025-03-16 05:00:00,-12.268089420830636
2025-03-16 06:00:00,-11.555606585962556
2025-03-16 07:00:00,-9.914121826850543
2025-03-16 08:00:00,-8.547626385269265
2025-03-16 09:00:00,-9.671009146054548
2025-03-16 10:00:00,-7.427321755585902
2025-03-16 11:00:00,-5.414326547599189
2025-03-16 12:00:00,-4.750777271464457
2025-03-16 13:00:00,-5.746402881039114
2025-03-16 14:00:00,-7.207515651145966
2025-03-16 15:00:00,-10.339697441168386
2025-03-16 16:00:00,-11.839655067163555
2025-03-16 17:00:00,-12.788785153450355
2025-03-16 18:00:00,-14.283746141868077
2025-03-16 19:00:00,-10.691557995823334
2025-03-16 20:00:00,-10.017993681060519
2025-03-16 21:00:00,-10.39946488985694
2025-03-16 22:00:00,-11.644448918321853
2025-03-16 23:00:00,-13.00672838886368
2025-03-17 00:00:00,-11.429854819173807
2025-03-17 01:00:00,-10.932707245675331
2025-03-17 02:00:00,-10.313265193971743
2025-03-17 03:00:00,-10.391587378329884
2025-03-17 04:00:00,-10.636900919511334
2025-03-17 05:00:00,-10.788121225470562
2025-03-17 06:00:00,-8.516664700396035
2025-03-17 07:00:00,-7.279806074435865
2025-03-17 08:00:00,-6.413336148727119
2025-03-17 09:00:00,-9.168881852491776
2025-03-17 10:00:00,-8.537749420881669
2025-03-17 11:00:00,-6.094198979251408
2025-03-17 12:00:00,-3.486383479622782
2025-03-17 13:00:00,-3.1138290694261794
2025-03-17 14:00:00,-3.3167796958539855
2025-03-17 15:00:00,-5.460198690867097
2025-03-17 16:00:00,-6.002581600860887
2025-03-17 17:00:00,-5.946490677299179
2025-03-17 18:00:00,-7.379527213467841
2025-03-17 19:00:00,-2.6516769352984806
2025-03-17 20:00:00,-4.022073183810651
2025-03-17 21:00:00,-6.777070898225051
2025-03-17 22:00:00,-9.016390052685384
2025-03-17 23:00:00,-11.536073223742441
2025-03-18 00:00:00,-13.549713454789316
2025-03-18 01:00:00,-14.170198577807183
2025-03-18 02:00:00,-14.196908718907522
2025-03-18 03:00:00,-13.374657156710477
2025-03-18 04:00:00,-12.171082955559243
2025-03-18 05:00:00,-10.508524954280434
2025-03-18 06:00:00,-8.160753438596025
2025-03-18 07:00:00,-5.314409136502222
2025-03-18 08:00:00,-2.923754353716408
2025-03-18 09:00:00,-5.266440454978337
2025-03-18 10:00:00,-2.3490666400102334
2025-03-18 11:00:00,0.4986520531086626
2025-03-18 12:00:00,4.777606517820947
2025-03-18 13:00:00,6.223273983475886
2025-03-18 14:00:00,6.020415049738041
2025-03-18 15:00:00,5.1308344071800756
2025-03-18 16:00:00,2.643319384163489
2025-03-18 17:00:00,0.4548995122152893
2025-03-18 18:00:00,-2.017477570156
2025-03-18 19:00:00,0.16600040064063148
2025-03-18 20:00:00,-2.8676717734365647
2025-03-18 21:00:00,-4.976305593680637
2025-03-18 22:00:00,-6.304197023141743
2025-03-18 23:00:00,-7.567395381267491
2025-03-19 00:00:00,-8.597215526978745
2025-03-19 01:00:00,-8.898707358531276
2025-03-19 02:00:00,-9.107582809854737
2025-03-19 03:00:00,-9.057718325876124
2025-03-19 04:00:00,-7.920549723767271
2025-03-19 05:00:00,-7.479621777341412
2025-03-19 06:00:00,-6.629293535182582
2025-03-19 07:00:00,-5.096883008910419
2025-03-19 08:00:00,-2.695746329621399
2025-03-19 09:00:00,-2.725803194934468
2025-03-19 10:00:00,-0.09185688279737957
2025-03-19 11:00:00,2.647276188794592
2025-03-19 12:00:00,4.75563344024258
2025-03-19 13:00:00,6.023676747542657
2025-03-19 14:00:00,5.829884738320986
2025-03-19 15:00:00,5.494598329288965
2025-03-19 16:00:00,2.567830297981602
2025-03-19 17:00:00,1.4739864414994446
2025-03-19 18:00:00,-0.7102026542276548
2025-03-19 19:00:00,-1.9697361867196301
2025-03-19 20:00:00,-5.068474292533831
2025-03-19 21:00:00,-7.191792726903057
2025-03-19 22:00:00,-8.010414469285282
2025-03-19 23:00:00,-8.670360881486154
2025-03-20 00:00:00,-9.162046601620043
2025-03-20 01:00:00,-9.049954324838714
2025-03-20 02:00:00,-9.067237745291521
2025-03-20 03:00:00,-8.721988291494405
2025-03-20 04:00:00,-6.8266081752028756
2025-03-20 05:00:00,-4.98640476114205
2025-03-20 06:00:00,-4.047714750322821
2025-03-20 07:00:00,-2.3014942347722482
2025-03-20 08:00:00,-1.0511941037654315
2025-03-20 09:00:00,-4.591301883499819
2025-03-20 10:00:00,-4.0685212959683055
2025-03-20 11:00:00,-1.6333021510339332
2025-03-20 12:00:00,-1.585514963972988
2025-03-20 13:00:00,-0.6843100621523261
2025-03-20 14:00:00,-0.5296062064756059
2025-03-20 15:00:00,-1.0293398036140653
2025-03-20 16:00:00,-4.006379306343955
2025-03-20 17:00:00,-5.530219948233924
2025-03-20 18:00:00,-8.00026393575579
2025-03-20 19:00:00,-7.010730831790011
2025-03-20 20:00:00,-8.839774547033036
2025-03-20 21:00:00,-9.640558154360274
2025-03-20 22:00:00,-10.083961706717792
2025-03-20 23:00:00,-10.054631414782344
2025-03-21 00:00:00,-9.991759308319283
2025-03-21 01:00:00,-8.959596261259534
2025-03-21 02:00:00,-7.474979734724611
2025-03-21 03:00:00,-6.843823306364009
2025-03-21 04:00:00,-5.490286386892516
2025-03-21 05:00:00,-3.223433297901593
2025-03-21 06:00:00,-1.6526778031189047
2025-03-21 07:00:00,0.6048348883656566
2025-03-21 08:00:00,0.15607353669432783
2025-03-21 09:00:00,-4.180568454662232
2025-03-21 10:00:00,-3.3290992058824345
2025-03-21 11:00:00,-0.8112592844611947
2025-03-21 12:00:00,0.35572321089740916
2025-03-21 13:00:00,1.0814330278335926
2025-03-21 14:00:00,1.6180482745670606
2025-03-21 15:00:00,1.7262400845514922
2025-03-21 16:00:00,-0.7530917226574568
2025-03-21 17:00:00,-2.9462829320561603
2025-03-21 18:00:00,-4.062867373344579
2025-03-21 19:00:00,-0.9798667055486028
2025-03-21 20:00:00,-4.15214899284719
2025-03-21 21:00:00,-8.196967777667933
2025-03-21 22:00:00,-10.578235228294552
2025-03-21 23:00:00,-11.943707405522002
2025-03-22 00:00:00,-14.140626603679225
2025-03-22 01:00:00,-13.76249998810439
2025-03-22 02:00:00,-13.535002933903048
2025-03-22 03:00:00,-11.803548277463596
2025-03-22 04:00:00,-10.420419115056871
2025-03-22 05:00:00,-8.863818208989377
2025-03-22 06:00:00,-8.690801294180398
2025-03-22 07:00:00,-7.339912930227721
2025-03-22 08:00:00,-5.792977753190297
2025-03-22 09:00:00,-7.681424803766063
2025-03-22 10:00:00,-6.047890070662292
2025-03-22 11:00:00,-0.8013814154486845
2025-03-22 12:00:00,3.121442662830505
2025-03-22 13:00:00,5.051191455936399
2025-03-22 14:00:00,5.588559428991697
2025-03-22 15:00:00,4.774215777188449
2025-03-22 16:00:00,3.3050252581496413
2025-03-22 17:00:00,0.8626876631235199
2025-03-22 18:00:00,-0.010184906045467151
2025-03-22 19:00:00,3.3925498783145005
2025-03-22 20:00:00,-0.5413433524813861
2025-03-22 21:00:00,-4.81022043678081
2025-03-22 22:00:00,-7.6212949627060045
2025-03-22 23:00:00,-10.083099701364103
2025-03-23 00:00:00,-13.039250040123253
2025-03-23 01:00:00,-13.372612209075783
2025-03-23 02:00:00,-14.058529321749528
2025-03-23 03:00:00,-12.636550059976267
2025-03-23 04:00:00,-11.846364090874097
2025-03-23 05:00:00,-11.145498186728211
2025-03-23 06:00:00,-11.748635203971022
2025-03-23 07:00:00,-10.343637248900363
2025-03-23 08:00:00,-9.104365129352985
2025-03-23 09:00:00,-10.088012963211451
2025-03-23 10:00:00,-8.017202108218207
2025-03-23 11:00:00,-3.1274793961603513
2025-03-23 12:00:00,-0.29517657656492247
2025-03-23 13:00:00,0.44602553560084984
2025-03-23 14:00:00,-0.5681809157378453
2025-03-23 15:00:00,-2.1977738666752944
2025-03-23 16:00:00,-4.472379346203057
2025-03-23 17:00:00,-7.403069572501262
2025-03-23 18:00:00,-8.211862512494166
2025-03-23 19:00:00,-5.110702754608815
2025-03-23 20:00:00,-8.255511034445624
2025-03-23 21:00:00,-10.672307203812913
2025-03-23 22:00:00,-12.457864359290125
2025-03-23 23:00:00,-13.954578150712052
2025-03-24 00:00:00,-13.599572927669456
2025-03-24 01:00:00,-12.4122202515511
2025-03-24 02:00:00,-11.697355202200665
2025-03-24 03:00:00,-10.42299935823721
2025-03-24 04:00:00,-8.741685957048395
2025-03-24 05:00:00,-6.817134610175218
2025-03-24 06:00:00,-4.832596756060562
2025-03-24 07:00:00,-2.6595681105615743
2025-03-24 08:00:00,-0.2910354431392227
2025-03-24 09:00:00,-1.5844923078269715
2025-03-24 10:00:00,-0.6288028515233515
2025-03-24 11:00:00,2.1958977679446003
2025-03-24 12:00:00,3.6961765234171153
2025-03-24 13:00:00,2.3777079478665986
2025-03-24 14:00:00,0.5320728619108099
2025-03-24 15:00:00,0.6274653268091551
2025-03-24 16:00:00,-0.7157761307292295
2025-03-24 17:00:00,-3.380054035724902
2025-03-24 18:00:00,-4.727848318600441
2025-03-24 19:00:00,-2.814588040617768
2025-03-24 20:00:00,-5.238910708267835
2025-03-24 21:00:00,-7.440647120746733
2025-03-24 22:00:00,-8.354679591474856
2025-03-24 23:00:00,-8.976338072790073
2025-03-25 00:00:00,-8.996713615207542
2025-03-25 01:00:00,-8.609041160985758
2025-03-25 02:00:00,-8.84186429320302
2025-03-25 03:00:00,-7.71174470053368
2025-03-25 04:00:00,-5.657778411973351
2025-03-25 05:00:00,-3.399451033540761
2025-03-25 06:00:00,-0.7583104065647458
2025-03-25 07:00:00,1.9036874038127867
2025-03-25 08:00:00,2.527726762039477
2025-03-25 09:00:00,-0.21333956911215426
2025-03-25 10:00:00,0.32534203325307715
2025-03-25 11:00:00,1.492589390115305
2025-03-25 12:00:00,2.159779212502582
2025-03-25 13:00:00,2.2188902761585547
2025-03-25 14:00:00,0.8105963488383036
2025-03-25 15:00:00,-0.4081345536209668
2025-03-25 16:00:00,-2.324001033298742
2025-03-25 17:00:00,-3.4914788160667123
2025-03-25 18:00:00,-2.407074561605198
2025-03-25 19:00:00,0.9692444733977025
2025-03-25 20:00:00,-1.4310849682210633
2025-03-25 21:00:00,-4.513789895323266
2025-03-25 22:00:00,-6.209495416602885
2025-03-25 23:00:00,-7.6636706173412605
2025-03-26 00:00:00,-8.736476195581059
2025-03-26 01:00:00,-9.387117344295552
2025-03-26 02:00:00,-9.65942000117104
2025-03-26 03:00:00,-7.589678560223406
2025-03-26 04:00:00,-6.485329137905359
2025-03-26 05:00:00,-4.902722098113141
2025-03-26 06:00:00,-3.1070178286617973
2025-03-26 07:00:00,-1.133461699049564
2025-03-26 08:00:00,0.05966267765249777
2025-03-26 09:00:00,-2.3222194849495863
2025-03-26 10:00:00,-1.1509380038377226
2025-03-26 11:00:00,2.105415841642062
2025-03-26 12:00:00,3.7601388738646406
2025-03-26 13:00:00,3.2902272181838486
2025-03-26 14:00:00,2.8723249064129988
2025-03-26 15:00:00,1.9734131732620637
2025-03-26 16:00:00,-1.7888205562479365
2025-03-26 17:00:00,-4.993496946752469
2025-03-26 18:00:00,-5.464266298110936
2025-03-26 19:00:00,-1.5133041287209914
2025-03-26 20:00:00,-4.227666758626402
2025-03-26 21:00:00,-7.987279182035528
2025-03-26 22:00:00,-9.823802327367302
2025-03-26 23:00:00,-10.928194845372559
2025-03-27 00:00:00,-10.3861998563058
2025-03-27 01:00:00,-10.011154132509343
2025-03-27 02:00:00,-8.080570705658321
2025-03-27 03:00:00,-6.260460351548202
2025-03-27 04:00:00,-4.353879821869247
2025-03-27 05:00:00,-2.989616372253119
2025-03-27 06:00:00,-1.5494469423879698
2025-03-27 07:00:00,0.7309443384433588
2025-03-27 08:00:00,2.3856418219763933
2025-03-27 09:00:00,0.6419441849594941
2025-03-27 10:00:00,0.6485197531415425
2025-03-27 11:00:00,3.982400586501019
2025-03-27 12:00:00,5.427126198897773
2025-03-27 13:00:00,4.7249529443503695
2025-03-27 14:00:00,4.110544512243529
2025-03-27 15:00:00,2.5273180095572143
2025-03-27 16:00:00,-0.08368959845541646
2025-03-27 17:00:00,-3.031183882529865
2025-03-27 18:00:00,-4.314013348507076
2025-03-27 19:00:00,-2.437029491906445
2025-03-27 20:00:00,-5.507992984662036
2025-03-27 21:00:00,-8.124539366172133
2025-03-27 22:00:00,-8.900931897216529
2025-03-27 23:00:00,-8.65839280452969
2025-03-28 00:00:00,-8.255448382243689
2025-03-28 01:00:00,-7.254792813221931
2025-03-28 02:00:00,-6.743294092153317
2025-03-28 03:00:00,-4.218059839050406
2025-03-28 04:00:00,-1.998870240381942
2025-03-28 05:00:00,-0.12124968304710014
2025-03-28 06:00:00,1.1359020598015006
2025-03-28 07:00:00,3.8237580899271273
2025-03-28 08:00:00,4.872280946109297
2025-03-28 09:00:00,3.869090481226298
2025-03-28 10:00:00,2.48906983296021
2025-03-28 11:00:00,3.713028770278519
2025-03-28 12:00:00,5.265633707785513
2025-03-28 13:00:00,5.524725620665519
2025-03-28 14:00:00,6.221673648862694
2025-03-28 15:00:00,4.864921455334216
2025-03-28 16:00:00,1.3663799855056753
2025-03-28 17:00:00,-0.8987254638367875
2025-03-28 18:00:00,-2.51056068705114
2025-03-28 19:00:00,-0.8492113515205698
2025-03-28 20:00:00,-3.59016129871942
2025-03-28 21:00:00,-4.851306297894874
2025-03-28 22:00:00,-4.785596535397999
2025-03-28 23:00:00,-5.151126754310346
2025-03-29 00:00:00,-6.543074060993234
2025-03-29 01:00:00,-5.739343140103781
2025-03-29 02:00:00,-4.560184403220045
2025-03-29 03:00:00,-3.321308243653969
2025-03-29 04:00:00,-1.928029351326612
2025-03-29 05:00:00,-0.11164594749248569
2025-03-29 06:00:00,0.36227829261670014
2025-03-29 07:00:00,2.1476640123116897
2025-03-29 08:00:00,4.45832155583496
2025-03-29 09:00:00,4.05766183226287
2025-03-29 10:00:00,4.109641892531274
2025-03-29 11:00:00,4.822563253180115
2025-03-29 12:00:00,5.026515639887406
2025-03-29 13:00:00,4.215804975987531
2025-03-29 14:00:00,4.571833389305409
2025-03-29 15:00:00,3.039299792914516
2025-03-29 16:00:00,0.08174986846754552
2025-03-29 17:00:00,-2.179881415210473
2025-03-29 18:00:00,-2.8570836501663592
2025-03-29 19:00:00,-1.130674983053434
2025-03-29 20:00:00,-4.736941415780858
2025-03-29 21:00:00,-8.965932619565653
2025-03-29 22:00:00,-9.676161353670663
2025-03-29 23:00:00,-10.401244564056938
2025-03-30 00:00:00,-10.827608184099066
2025-03-30 01:00:00,-9.754756770556133
2025-03-30 02:00:00,-9.22608936294786
2025-03-30 03:00:00,-8.389259096971703
2025-03-30 04:00:00,-6.788077006234231
2025-03-30 05:00:00,-4.795841817258693
2025-03-30 06:00:00,-2.8520498559768193
2025-03-30 07:00:00,-0.6499632432507462
2025-03-30 08:00:00,-0.48543257783077576
2025-03-30 09:00:00,-1.532546426628113
2025-03-30 10:00:00,0.3022859897768627
2025-03-30 11:00:00,0.5601082596232411
2025-03-30 12:00:00,0.8618194976274248
2025-03-30 13:00:00,0.9384617381949877
2025-03-30 14:00:00,-0.3257580237068167
2025-03-30 15:00:00,-3.18388489313753
2025-03-30 16:00:00,-5.166882275350381
2025-03-30 17:00:00,-7.526655064923963
2025-03-30 18:00:00,-7.495783209828474
2025-03-30 19:00:00,-6.290092104095751
2025-03-30 20:00:00,-7.864219705674187
2025-03-30 21:00:00,-8.989919650258024
2025-03-30 22:00:00,-9.747006038182787
2025-03-30 23:00:00,-10.438560354938335
2025-03-31 00:00:00,-8.830493977273774
2025-03-31 01:00:00,-8.622665005534865
2025-03-31 02:00:00,-8.604206695834211
2025-03-31 03:00:00,-7.169344817177979
2025-03-31 04:00:00,-5.706930817707805
2025-03-31 05:00:00,-3.3992923422233376
2025-03-31 06:00:00,-1.3480821639172003
2025-03-31 07:00:00,0.39481353370889166
2025-03-31 08:00:00,-1.1221978781970672
2025-03-31 09:00:00,-3.111995719814221
2025-03-31 10:00:00,-1.7504944207205841
2025-03-31 11:00:00,-0.5759798302168767
2025-03-31 12:00:00,1.3955253127652183
2025-03-31 13:00:00,2.4862507122807336
2025-03-31 14:00:00,2.29752265570037
2025-03-31 15:00:00,0.4250272850590225
2025-03-31 16:00:00,0.015049485048292004
2025-03-31 17:00:00,-0.8811121719118603
2025-03-31 18:00:00,-1.8155560286704753
2025-03-31 19:00:00,-2.0434209853121517
2025-03-31 20:00:00,-4.049651710177635
2025-03-31 21:00:00,-6.525363107902471
2025-03-31 22:00:00,-7.833615186527618
2025-03-31 23:00:00,-8.985410748835589
2025-04-01 00:00:00,-8.67658629719965
2025-04-01 01:00:00,-7.993658227857107
2025-04-01 02:00:00,-6.927194806032918
2025-04-01 03:00:00,-5.687981147132271
2025-04-01 04:00:00,-4.498432886769819
2025-04-01 05:00:00,-2.4174155088041918
2025-04-01 06:00:00,0.4815106177069946
2025-04-01 07:00:00,3.3158211686421106
2025-04-01 08:00:00,2.2468537967182134
2025-04-01 09:00:00,-1.6426391855684868
2025-04-01 10:00:00,-1.1975589953013743
2025-04-01 11:00:00,1.3734044402309382
2025-04-01 12:00:00,2.333541510833817
2025-04-01 13:00:00,2.8895189659523073
2025-04-01 14:00:00,2.3025390658231433
2025-04-01 15:00:00,0.05707386338453763
2025-04-01 16:00:00,-1.426345208334548
2025-04-01 17:00:00,-3.198841059896467
2025-04-01 18:00:00,-3.0046791141930576
2025-04-01 19:00:00,0.305969440801878
2025-04-01 20:00:00,-2.068960450074405
2025-04-01 21:00:00,-6.392663806033003
2025-04-01 22:00:00,-8.603191158109674
2025-04-01 23:00:00,-11.259297512971212
2025-04-02 00:00:00,-12.199348874859734
2025-04-02 01:00:00,-12.10958545046021
2025-04-02 02:00:00,-11.162240352966036
2025-04-02 03:00:00,-10.345802331638257
2025-04-02 04:00:00,-9.264466124053179
2025-04-02 05:00:00,-8.098205912240525
2025-04-02 06:00:00,-6.02234008452196
2025-04-02 07:00:00,-4.268917905302603
2025-04-02 08:00:00,-2.9822932533698063
2025-04-02 09:00:00,-4.321812959219387
2025-04-02 10:00:00,-3.899609763143858
2025-04-02 11:00:00,-0.44269990161923123
2025-04-02 12:00:00,1.540589309315385
2025-04-02 13:00:00,1.3132071795337332
2025-04-02 14:00:00,1.394758596131724
2025-04-02 15:00:00,-0.38247916258859593
2025-04-02 16:00:00,-1.4416387225492893
2025-04-02 17:00:00,-3.5960584737488186
2025-04-02 18:00:00,-5.738569180357584
2025-04-02 19:00:00,-4.398135295636593
2025-04-02 20:00:00,-5.637939888088401
2025-04-02 21:00:00,-9.268544811484777
2025-04-02 22:00:00,-10.478684784327173
2025-04-02 23:00:00,-11.66148431029595
2025-04-03 00:00:00,-10.779501877585158
2025-04-03 01:00:00,-10.505812493335235
2025-04-03 02:00:00,-9.174148240033555
2025-04-03 03:00:00,-7.819488905373644
2025-04-03 04:00:00,-5.486354226261165
2025-04-03 05:00:00,-4.197420172073177
2025-04-03 06:00:00,-2.254531044692719
2025-04-03 07:00:00,0.7036297719226453
2025-04-03 08:00:00,2.5004999352433868
2025-04-03 09:00:00,2.915169104666007
2025-04-03 10:00:00,1.709798203628766
2025-04-03 11:00:00,5.093620132787652
2025-04-03 12:00:00,6.281682113845982
2025-04-03 13:00:00,6.477895823763465
2025-04-03 14:00:00,6.70577013170677
2025-04-03 15:00:00,4.595225402362122
2025-04-03 16:00:00,3.9914152484866263
2025-04-03 17:00:00,2.454482863941444
2025-04-03 18:00:00,1.2477839628713197
2025-04-03 19:00:00,1.4842799559942883
2025-04-03 20:00:00,-1.3444767748372992
2025-04-03 21:00:00,-4.267871059033351
2025-04-03 22:00:00,-5.906820975406239
2025-04-03 23:00:00,-7.275415776339976
2025-04-04 00:00:00,-7.670858445756419
2025-04-04 01:00:00,-7.809219549926618
2025-04-04 02:00:00,-7.263899385355001
2025-04-04 03:00:00,-6.438236773399313
2025-04-04 04:00:00,-5.297072835737049
2025-04-04 05:00:00,-4.53293632132308
2025-04-04 06:00:00,-5.010551238245465
2025-04-04 07:00:00,-3.2876790423461304
2025-04-04 08:00:00,-3.292850233875905
2025-04-04 09:00:00,-4.678156294477444
2025-04-04 10:00:00,-6.6084905839983525
2025-04-04 11:00:00,-4.6009687220792275
2025-04-04 12:00:00,-2.940418594410593
2025-04-04 13:00:00,-2.4676136834148643
2025-04-04 14:00:00,-2.347044857020222
2025-04-04 15:00:00,-4.702544852654302
2025-04-04 16:00:00,-5.177878013568922
2025-04-04 17:00:00,-7.567909567277703
2025-04-04 18:00:00,-6.67590620312001
2025-04-04 19:00:00,-5.386616802116269
2025-04-04 20:00:00,-7.325900705087779
2025-04-04 21:00:00,-8.431369274970923
2025-04-04 22:00:00,-9.926385148131187
2025-04-04 23:00:00,-10.551760500733554
2025-04-05 00:00:00,-12.433544057313025
2025-04-05 01:00:00,-12.459846418143698
2025-04-05 02:00:00,-11.393839197848722
2025-04-05 03:00:00,-10.270609264340147
2025-04-05 04:00:00,-7.860697781076693
2025-04-05 05:00:00,-6.255511251143484
2025-04-05 06:00:00,-4.977808872529526
2025-04-05 07:00:00,-3.3471720004123156
2025-04-05 08:00:00,-1.720661365487759
2025-04-05 09:00:00,-1.70532286443768
2025-04-05 10:00:00,-3.1560048877665987
2025-04-05 11:00:00,-3.645310782053433
2025-04-05 12:00:00,-4.531634794419335
2025-04-05 13:00:00,-4.101231876457027
2025-04-05 14:00:00,-4.982730841071886
2025-04-05 15:00:00,-6.887819482199134
2025-04-05 16:00:00,-7.435785676669704
2025-04-05 17:00:00,-9.233215698429923
2025-04-05 18:00:00,-9.415354753308328
2025-04-05 19:00:00,-9.300778297313025
2025-04-05 20:00:00,-10.5832029262357
2025-04-05 21:00:00,-12.860824971468805
2025-04-05 22:00:00,-14.378065469061868
2025-04-05 23:00:00,-14.737422894565018
2025-04-06 00:00:00,-14.755959553100775
2025-04-06 01:00:00,-14.50884400061456
2025-04-06 02:00:00,-15.258574959477448
2025-04-06 03:00:00,-12.612273167200932
2025-04-06 04:00:00,-11.487447237819646
2025-04-06 05:00:00,-10.88196191518667
2025-04-06 06:00:00,-10.208096112070217
2025-04-06 07:00:00,-8.4663677743088
2025-04-06 08:00:00,-6.403698549162119
2025-04-06 09:00:00,-5.5173557312515635
2025-04-06 10:00:00,-5.995317090984574
2025-04-06 11:00:00,-6.9231227376769375
2025-04-06 12:00:00,-8.331980398995556
2025-04-06 13:00:00,-7.938737696336222
2025-04-06 14:00:00,-8.365992648095874
2025-04-06 15:00:00,-9.744033028265976
2025-04-06 16:00:00,-9.936415242292277
2025-04-06 17:00:00,-10.996031088308339
2025-04-06 18:00:00,-11.63616264600133
2025-04-06 19:00:00,-11.597380372172386
2025-04-06 20:00:00,-13.65898876012765
2025-04-06 21:00:00,-15.297307726519259
2025-04-06 22:00:00,-16.767231165992047
2025-04-06 23:00:00,-17.742636143785237
2025-04-07 00:00:00,-17.426611581574285
2025-04-07 01:00:00,-16.899518978691013
2025-04-07 02:00:00,-15.165196288099725
2025-04-07 03:00:00,-13.800204281888426
2025-04-07 04:00:00,-11.256691166567604
2025-04-07 05:00:00,-10.011531606226526
2025-04-07 06:00:00,-7.922414963101678
2025-04-07 07:00:00,-5.941924786786015
2025-04-07 08:00:00,-5.280717765937434
2025-04-07 09:00:00,-7.645430967937156
2025-04-07 10:00:00,-7.787540279053759
2025-04-07 11:00:00,-7.0892532843183735
2025-04-07 12:00:00,-7.404562046186034
2025-04-07 13:00:00,-6.189137231736047
2025-04-07 14:00:00,-7.015316536240121
2025-04-07 15:00:00,-7.203186035596602
2025-04-07 16:00:00,-8.017221505925164
2025-04-07 17:00:00,-10.124236403130459
2025-04-07 18:00:00,-10.869928804181031
2025-04-07 19:00:00,-6.7342000491389795
2025-04-07 20:00:00,-5.608268058431244
2025-04-07 21:00:00,-6.8422708998595745
2025-04-07 22:00:00,-8.426541474296739
2025-04-07 23:00:00,-9.86504441945299
2025-04-08 00:00:00,-10.110972926768895
2025-04-08 01:00:00,-11.504036963490913
2025-04-08 02:00:00,-12.059017907053518
2025-04-08 03:00:00,-10.441168632206246
2025-04-08 04:00:00,-8.003914681988112
2025-04-08 05:00:00,-5.869673607334111
2025-04-08 06:00:00,-3.450819786966376
2025-04-08 07:00:00,-1.2295398400451658
2025-04-08 08:00:00,-3.2592925468187848
2025-04-08 09:00:00,-6.111040982262728
2025-04-08 10:00:00,-4.993119355045058
2025-04-08 11:00:00,-3.786729651067536
2025-04-08 12:00:00,-3.6534181419730545
2025-04-08 13:00:00,-2.7452253735017447
2025-04-08 14:00:00,-2.7483300769635477
2025-04-08 15:00:00,-3.0364337263894687
2025-04-08 16:00:00,-4.291031238342343
2025-04-08 17:00:00,-5.737208676068754
2025-04-08 18:00:00,-5.8155543160544685
2025-04-08 19:00:00,-0.288581322881648
2025-04-08 20:00:00,0.05723333150828952
2025-04-08 21:00:00,-1.7893357794894738
2025-04-08 22:00:00,-3.680733556657749
2025-04-08 23:00:00,-6.064383145734024
2025-04-09 00:00:00,-8.772443002975471
2025-04-09 01:00:00,-8.478503604905267
2025-04-09 02:00:00,-9.334793721065324
2025-04-09 03:00:00,-11.531178254934408
2025-04-09 04:00:00,-11.224407693002064
2025-04-09 05:00:00,-10.235978860975461
2025-04-09 06:00:00,-8.982083792604671
2025-04-09 07:00:00,-7.975102884470674
2025-04-09 08:00:00,-8.306774529056094
2025-04-09 09:00:00,-7.5970982173147465
2025-04-09 10:00:00,-4.534551522806433
2025-04-09 11:00:00,-0.7807123918000879
2025-04-09 12:00:00,1.2969938017542053
2025-04-09 13:00:00,1.9090593511959912
2025-04-09 14:00:00,2.4901171609912143
2025-04-09 15:00:00,1.8862034463981445
2025-04-09 16:00:00,0.5241860050937586
2025-04-09 17:00:00,-1.8391051076267992
2025-04-09 18:00:00,-3.991396579421336
2025-04-09 19:00:00,-0.3843167998954854
2025-04-09 20:00:00,-3.310205955039353
2025-04-09 21:00:00,-6.290845599588522
2025-04-09 22:00:00,-9.035526434217104
2025-04-09 23:00:00,-10.661198067204959
2025-04-10 00:00:00,-11.661016614696848
2025-04-10 01:00:00,-12.573744393185759
2025-04-10 02:00:00,-12.885695992299743
2025-04-10 03:00:00,-12.847859397852014
2025-04-10 04:00:00,-12.41878516054965
2025-04-10 05:00:00,-12.026575448062045
2025-04-10 06:00:00,-12.181301738658659
2025-04-10 07:00:00,-10.397980585941548
2025-04-10 08:00:00,-7.685542546131419
2025-04-10 09:00:00,-5.226470163943714
2025-04-10 10:00:00,-1.3585523983830976
2025-04-10 11:00:00,2.579412947555788
2025-04-10 12:00:00,3.1812146068245934
2025-04-10 13:00:00,3.905717805707305
2025-04-10 14:00:00,3.1510309998539534
2025-04-10 15:00:00,2.208185001356736
2025-04-10 16:00:00,0.27989599184106206
2025-04-10 17:00:00,-2.596214094927008
2025-04-10 18:00:00,-4.421419159694497
2025-04-10 19:00:00,-0.7170198210404812
2025-04-10 20:00:00,-3.442803753970049
2025-04-10 21:00:00,-7.081331936353626
2025-04-10 22:00:00,-8.730517415395358
2025-04-10 23:00:00,-9.290732215450504
2025-04-11 00:00:00,-8.625166623734529
2025-04-11 01:00:00,-7.533597170193531
2025-04-11 02:00:00,-7.099424703632586
2025-04-11 03:00:00,-7.022126915920555
2025-04-11 04:00:00,-5.699829820878899
2025-04-11 05:00:00,-5.051657430012939
2025-04-11 06:00:00,-4.565816072318739
2025-04-11 07:00:00,-3.0350573714444153
2025-04-11 08:00:00,-4.524251081806001
2025-04-11 09:00:00,-5.089105918443417
2025-04-11 10:00:00,-2.5783868335673654
2025-04-11 11:00:00,0.7928254705485609
2025-04-11 12:00:00,0.6492533582228398
2025-04-11 13:00:00,0.8997761859912804
2025-04-11 14:00:00,1.0590327245748583
2025-04-11 15:00:00,-0.48084642038254816
2025-04-11 16:00:00,-3.3625118798799307
2025-04-11 17:00:00,-7.0396739744197605
2025-04-11 18:00:00,-8.686303207821854
2025-04-11 19:00:00,-3.971197481675121
2025-04-11 20:00:00,-5.01051641286858
2025-04-11 21:00:00,-8.789231377763446
2025-04-11 22:00:00,-10.736985156919562
2025-04-11 23:00:00,-11.783720016245299
2025-04-12 00:00:00,-12.913371632607689
2025-04-12 01:00:00,-11.369652436806586
2025-04-12 02:00:00,-10.423670729704288
2025-04-12 03:00:00,-9.936037471509092
2025-04-12 04:00:00,-8.020331449675389
2025-04-12 05:00:00,-6.5448354629214265
2025-04-12 06:00:00,-4.467439092337674
2025-04-12 07:00:00,-2.070201074005417
2025-04-12 08:00:00,-2.8503279106373114
2025-04-12 09:00:00,-5.097348994979925
2025-04-12 10:00:00,-4.139297755186809
2025-04-12 11:00:00,-1.125584621168336
2025-04-12 12:00:00,1.3748423260194576
2025-04-12 13:00:00,1.1897186730101412
2025-04-12 14:00:00,0.2944433610768633
2025-04-12 15:00:00,-1.9134076776599318
2025-04-12 16:00:00,-4.518122168911795
2025-04-12 17:00:00,-7.049575724581423
2025-04-12 18:00:00,-7.8076821974836665
2025-04-12 19:00:00,-3.663991291155493
2025-04-12 20:00:00,-5.063935633535962
2025-04-12 21:00:00,-9.812400154362235
2025-04-12 22:00:00,-12.147956505654067
2025-04-12 23:00:00,-13.003995417775151
2025-04-13 00:00:00,-12.863854301655143
2025-04-13 01:00:00,-12.003756660300912
2025-04-13 02:00:00,-11.983812661595188
2025-04-13 03:00:00,-10.833342840811369
2025-04-13 04:00:00,-9.15824227425908
2025-04-13 05:00:00,-8.044763562657597
2025-04-13 06:00:00,-7.967715774579351
2025-04-13 07:00:00,-6.101710766046432
2025-04-13 08:00:00,-6.181658763941319
2025-04-13 09:00:00,-6.937777938581524
2025-04-13 10:00:00,-6.658726900189269
2025-04-13 11:00:00,-3.5602991778695157
2025-04-13 12:00:00,-1.1497271601350614
2025-04-13 13:00:00,-0.7629988059459285
2025-04-13 14:00:00,-2.341360361826106
2025-04-13 15:00:00,-4.156093904362722
2025-04-13 16:00:00,-6.798894021777808
2025-04-13 17:00:00,-9.569713937794965
2025-04-13 18:00:00,-11.956120413861854
2025-04-13 19:00:00,-9.172519076477604
2025-04-13 20:00:00,-9.596312270553677
2025-04-13 21:00:00,-12.024038844268274
2025-04-13 22:00:00,-13.481199004629524
2025-04-13 23:00:00,-14.829612217960754
2025-04-14 00:00:00,-13.440475556581195
2025-04-14 01:00:00,-12.990940716268256
2025-04-14 02:00:00,-11.761658335327299
2025-04-14 03:00:00,-10.968126449957204
2025-04-14 04:00:00,-8.852562533325063
2025-04-14 05:00:00,-7.30262247574918
2025-04-14 06:00:00,-5.313990526502247
2025-04-14 07:00:00,-2.944755837052885
2025-04-14 08:00:00,-2.6275540664049433
2025-04-14 09:00:00,-1.231597112193819
2025-04-14 10:00:00,-0.12051675243442228
2025-04-14 11:00:00,1.938262312390009
2025-04-14 12:00:00,3.0106972201197086
2025-04-14 13:00:00,3.9508446841437035
2025-04-14 14:00:00,3.382330601680419
2025-04-14 15:00:00,1.0250580948961194
2025-04-14 16:00:00,-1.8673970776730382
2025-04-14 17:00:00,-6.024637311884867
2025-04-14 18:00:00,-8.559381106459895
2025-04-14 19:00:00,-6.0387274401080555
2025-04-14 20:00:00,-7.517925941637479
2025-04-14 21:00:00,-10.2649658056407
2025-04-14 22:00:00,-11.427069953081773
2025-04-14 23:00:00,-12.987012812942828
2025-04-15 00:00:00,-13.033576051985873
2025-04-15 01:00:00,-12.217292753225086
2025-04-15 02:00:00,-11.834947656151487
2025-04-15 03:00:00,-10.514624219820039
2025-04-15 04:00:00,-8.244584314188838
2025-04-15 05:00:00,-6.156556025658009
2025-04-15 06:00:00,-3.0846240066408104
2025-04-15 07:00:00,0.08636049994269478
2025-04-15 08:00:00,-0.8468029325904598
2025-04-15 09:00:00,-0.506331213554245
2025-04-15 10:00:00,1.600783518885461
2025-04-15 11:00:00,2.8735827316234865
2025-04-15 12:00:00,3.532381785484444
2025-04-15 13:00:00,2.209124848720191
2025-04-15 14:00:00,1.5344981458497042
2025-04-15 15:00:00,0.07055285126130835
2025-04-15 16:00:00,-3.3175938535379594
2025-04-15 17:00:00,-6.468972606467398
2025-04-15 18:00:00,-6.359691806952097
2025-04-15 19:00:00,-2.825074878395852
2025-04-15 20:00:00,-4.208246035834338
2025-04-15 21:00:00,-6.213960756748767
2025-04-15 22:00:00,-7.298891748972949
2025-04-15 23:00:00,-8.02890922191487
2025-04-16 00:00:00,-7.837945284278685
2025-04-16 01:00:00,-7.359515789365201
2025-04-16 02:00:00,-7.247604247842601
2025-04-16 03:00:00,-6.346159889925498
2025-04-16 04:00:00,-4.966755053124506
2025-04-16 05:00:00,-3.6010068594333555
2025-04-16 06:00:00,-1.6492002403087895
2025-04-16 07:00:00,0.49221141972495247
2025-04-16 08:00:00,-0.8493175378041805
2025-04-16 09:00:00,-2.6959266511965243
2025-04-16 10:00:00,-0.6916869344115718
2025-04-16 11:00:00,1.7806788520354189
2025-04-16 12:00:00,2.652463544755693
2025-04-16 13:00:00,0.7487865241619647
2025-04-16 14:00:00,-0.21203592384674969
2025-04-16 15:00:00,-1.1908565762862025
2025-04-16 16:00:00,-3.652198628351519
2025-04-16 17:00:00,-5.381543143040255
2025-04-16 18:00:00,-4.103453596537423
2025-04-16 19:00:00,-0.3109634484005516
2025-04-16 20:00:00,-0.6344347443965577
2025-04-16 21:00:00,-2.9131563943467804
2025-04-16 22:00:00,-4.753226820856403
2025-04-16 23:00:00,-5.475733457804926
2025-04-17 00:00:00,-5.53038079564576
2025-04-17 01:00:00,-5.494232643556091
2025-04-17 02:00:00,-4.928446247051605
2025-04-17 03:00:00,-4.186487052600384
2025-04-17 04:00:00,-2.291931426132282
2025-04-17 05:00:00,-1.6547632215084456
2025-04-17 06:00:00,-0.7131745975131574
2025-04-17 07:00:00,1.5635992760639634
2025-04-17 08:00:00,0.7322420281805176
2025-04-17 09:00:00,0.08988680357100047
2025-04-17 10:00:00,0.8512611478019853
2025-04-17 11:00:00,2.905637796880388
2025-04-17 12:00:00,3.9472676608603843
2025-04-17 13:00:00,3.6378651775521855
2025-04-17 14:00:00,3.844892708539868
2025-04-17 15:00:00,0.8210671173348264
2025-04-17 16:00:00,-1.2598916184506006
2025-04-17 17:00:00,-4.145322859924225
2025-04-17 18:00:00,-5.931559814101153
2025-04-17 19:00:00,-3.0685001815041972
2025-04-17 20:00:00,-3.8222605362170867
2025-04-17 21:00:00,-5.904560484672054
2025-04-17 22:00:00,-7.1504778996536755
2025-04-17 23:00:00,-8.123544833365202
2025-04-18 00:00:00,-8.587600555078136
2025-04-18 01:00:00,-8.0941806414163
2025-04-18 02:00:00,-7.410709812985201
2025-04-18 03:00:00,-6.146829228809093
2025-04-18 04:00:00,-4.268943016672972
2025-04-18 05:00:00,-2.864228927678248
2025-04-18 06:00:00,-1.3133333651136982
2025-04-18 07:00:00,0.9762977993074154
2025-04-18 08:00:00,0.22103643510297363
2025-04-18 09:00:00,-0.9264749755786357
2025-04-18 10:00:00,1.9399745425921093
2025-04-18 11:00:00,5.212074306345912
2025-04-18 12:00:00,6.047183633977058
2025-04-18 13:00:00,5.450828836135542
2025-04-18 14:00:00,3.6557456286978103
2025-04-18 15:00:00,2.013701416864206
2025-04-18 16:00:00,-0.017577366034745818
2025-04-18 17:00:00,-2.927891023321093
2025-04-18 18:00:00,-4.462355345405304
2025-04-18 19:00:00,-3.378351289429213
2025-04-18 20:00:00,-4.946867565779738
2025-04-18 21:00:00,-7.194721604751406
2025-04-18 22:00:00,-8.317346414234128
2025-04-18 23:00:00,-8.396396677684212
2025-04-19 00:00:00,-9.962741027974609
2025-04-19 01:00:00,-9.489604873152205
2025-04-19 02:00:00,-8.789621394285929
2025-04-19 03:00:00,-8.045397705074429
2025-04-19 04:00:00,-5.924280016029999
2025-04-19 05:00:00,-4.0920275327800075
2025-04-19 06:00:00,-2.4128749695167184
2025-04-19 07:00:00,-0.38098253582757147
2025-04-19 08:00:00,-3.1719948577935435
2025-04-19 09:00:00,-3.2486609964639728
2025-04-19 10:00:00,-0.8626621083490503
2025-04-19 11:00:00,1.4856027076772553
2025-04-19 12:00:00,2.2093224362221187
2025-04-19 13:00:00,3.2953335671054513
2025-04-19 14:00:00,2.799195991706379
2025-04-19 15:00:00,1.757612932617097
2025-04-19 16:00:00,0.029409825167705867
2025-04-19 17:00:00,-1.4161830424764303
2025-04-19 18:00:00,-2.3967446949116145
2025-04-19 19:00:00,-2.2297268878184435
2025-04-19 20:00:00,-4.068938799301554
2025-04-19 21:00:00,-6.723754482285931
2025-04-19 22:00:00,-8.093688889770394
2025-04-19 23:00:00,-8.723165961532072
2025-04-20 00:00:00,-7.951315683758209
2025-04-20 01:00:00,-7.777665503318188
2025-04-20 02:00:00,-6.630529844675605
2025-04-20 03:00:00,-5.376119426233691
2025-04-20 04:00:00,-3.498204382956905
2025-04-20 05:00:00,-2.477097304959811
2025-04-20 06:00:00,-0.036060596462068
2025-04-20 07:00:00,2.1336272067200164
2025-04-20 08:00:00,2.3024882556648296
2025-04-20 09:00:00,2.6794653373343853
2025-04-20 10:00:00,4.629313475295442
2025-04-20 11:00:00,4.832644273562942
2025-04-20 12:00:00,5.073590029935593
2025-04-20 13:00:00,4.372466501924345
2025-04-20 14:00:00,2.6258906223422986
2025-04-20 15:00:00,1.0272100153248827
2025-04-20 16:00:00,-0.4983517549457171
2025-04-20 17:00:00,-1.7582549426190928
2025-04-20 18:00:00,-1.2552064396693194
2025-04-20 19:00:00,-0.30559825603533597
2025-04-20 20:00:00,-1.9561630197670694
2025-04-20 21:00:00,-3.765601880582236
2025-04-20 22:00:00,-5.1821590840849305
2025-04-20 23:00:00,-6.645710338246247
2025-04-21 00:00:00,-5.905536226248498
2025-04-21 01:00:00,-4.98930593346599
2025-04-21 02:00:00,-2.6643139041170345
2025-04-21 03:00:00,0.6929700977769483
2025-04-21 04:00:00,2.711501569956293
2025-04-21 05:00:00,4.377491558471806
2025-04-21 06:00:00,5.544620111883098
2025-04-21 07:00:00,7.403532742280853
2025-04-21 08:00:00,4.969510789983016
2025-04-21 09:00:00,3.6962285437178486
2025-04-21 10:00:00,2.5461466937964787
2025-04-21 11:00:00,3.477401647961248
2025-04-21 12:00:00,4.004178232535221
2025-04-21 13:00:00,4.574104497020123
2025-04-21 14:00:00,4.630962429997268
2025-04-21 15:00:00,2.7848655260405604
2025-04-21 16:00:00,1.1406692113047112
2025-04-21 17:00:00,-0.6391954070468254
2025-04-21 18:00:00,0.8165513907086687
2025-04-21 19:00:00,5.5399657380036995
2025-04-21 20:00:00,4.789935641258104
2025-04-21 21:00:00,2.1975578667962754
2025-04-21 22:00:00,0.1336649444979821
2025-04-21 23:00:00,-2.2296096357065043
2025-04-22 00:00:00,-4.504349899295576
2025-04-22 01:00:00,-5.318457645995173
2025-04-22 02:00:00,-4.790356600665364
2025-04-22 03:00:00,-3.863030477972103
2025-04-22 04:00:00,-2.1480160319927974
2025-04-22 05:00:00,-0.11250886070065869
2025-04-22 06:00:00,2.7382783018098453
2025-04-22 07:00:00,4.3393315625445235
2025-04-22 08:00:00,-0.5404462975909885
2025-04-22 09:00:00,-0.1052276502006598
2025-04-22 10:00:00,0.7261260314096161
2025-04-22 11:00:00,2.467403076687515
2025-04-22 12:00:00,3.175423550926156
2025-04-22 13:00:00,2.92523077710765
2025-04-22 14:00:00,2.683459116027728
2025-04-22 15:00:00,1.4741788488285315
2025-04-22 16:00:00,-1.4764346363988894
2025-04-22 17:00:00,-4.224582668279086
2025-04-22 18:00:00,-6.593001451675871
2025-04-22 19:00:00,-1.0051932209068006
2025-04-22 20:00:00,0.010035968019464839
2025-04-22 21:00:00,-3.077341350477496
2025-04-22 22:00:00,-5.906492448792127
2025-04-22 23:00:00,-8.29000775572174
2025-04-23 00:00:00,-8.945818134164995
2025-04-23 01:00:00,-8.40243393577791
2025-04-23 02:00:00,-7.497373655515588
2025-04-23 03:00:00,-6.599648517782038
2025-04-23 04:00:00,-5.135169148764203
2025-04-23 05:00:00,-3.3254412841836403
2025-04-23 06:00:00,-1.4160678381921499
2025-04-23 07:00:00,0.7204632971359624
2025-04-23 08:00:00,-1.2980638523610177
2025-04-23 09:00:00,-0.2700129965331586
2025-04-23 10:00:00,1.3966647185033492
2025-04-23 11:00:00,4.194464345750643
2025-04-23 12:00:00,4.76098073212472
2025-04-23 13:00:00,4.1386315339326805
2025-04-23 14:00:00,3.495047475459147
2025-04-23 15:00:00,2.1684277157480745
2025-04-23 16:00:00,-1.1520591270165532
2025-04-23 17:00:00,-3.326089612900458
2025-04-23 18:00:00,-4.204444490871805
2025-04-23 19:00:00,-2.3024008333426274
2025-04-23 20:00:00,-2.9968986241079407
2025-04-23 21:00:00,-4.916273774775495
2025-04-23 22:00:00,-6.3451529536963065
2025-04-23 23:00:00,-6.300671689114665
2025-04-24 00:00:00,-5.524015388248897
2025-04-24 01:00:00,-4.439137418597729
2025-04-24 02:00:00,-3.4370870994624343
2025-04-24 03:00:00,-1.6751911758113083
2025-04-24 04:00:00,0.45268107269433444
2025-04-24 05:00:00,0.18151203406993632
2025-04-24 06:00:00,1.7650823983043884
2025-04-24 07:00:00,4.160635009246308
2025-04-24 08:00:00,2.6437836087385067
2025-04-24 09:00:00,2.2671854808260825
2025-04-24 10:00:00,2.4558582020027235
2025-04-24 11:00:00,4.67988958229375
2025-04-24 12:00:00,4.224744912132716
2025-04-24 13:00:00,2.8240381442641724
2025-04-24 14:00:00,1.0100953403244508
2025-04-24 15:00:00,1.1456800984035198
2025-04-24 16:00:00,-0.5272949034092491
2025-04-24 17:00:00,-0.682457827541267
2025-04-24 18:00:00,0.8280299870176726
2025-04-24 19:00:00,0.722389962205332
2025-04-24 20:00:00,-1.4024830101932764
2025-04-24 21:00:00,-3.845790464257763
2025-04-24 22:00:00,-4.338494340971402
2025-04-24 23:00:00,-4.614360573270733
2025-04-25 00:00:00,-4.388313333023818
2025-04-25 01:00:00,-3.8581766081918225
2025-04-25 02:00:00,-3.0779184465504597
2025-04-25 03:00:00,-1.347587334153659
2025-04-25 04:00:00,0.573714895373609
2025-04-25 05:00:00,3.0696987153090776
2025-04-25 06:00:00,4.89082973623994
2025-04-25 07:00:00,6.402507206295596
2025-04-25 08:00:00,6.307434950392258
2025-04-25 09:00:00,6.241730774387784
2025-04-25 10:00:00,5.599188980566679
2025-04-25 11:00:00,7.016393162589928
2025-04-25 12:00:00,4.870405478780014
2025-04-25 13:00:00,4.353129588031792
2025-04-25 14:00:00,2.4663811879059603
2025-04-25 15:00:00,1.0070461119431184
2025-04-25 16:00:00,0.42016612901858164
2025-04-25 17:00:00,1.2550393809638616
2025-04-25 18:00:00,1.7064534022031008
2025-04-25 19:00:00,2.205351435048272
2025-04-25 20:00:00,0.281575805502172
2025-04-25 21:00:00,-2.457971109218908
2025-04-25 22:00:00,-3.753686467764343
2025-04-25 23:00:00,-4.4546339189498605
2025-04-26 00:00:00,-6.355995195264804
2025-04-26 01:00:00,-5.942536659797292
2025-04-26 02:00:00,-6.284909121502397
2025-04-26 03:00:00,-4.668604555848592
2025-04-26 04:00:00,-3.0951327239283466
2025-04-26 05:00:00,-0.44198743021177955
2025-04-26 06:00:00,0.6381036182533961
2025-04-26 07:00:00,3.3491767916045547
2025-04-26 08:00:00,5.927210677364645
2025-04-26 09:00:00,4.542654670160614
2025-04-26 10:00:00,3.470686527485028
2025-04-26 11:00:00,3.8866579817057003
2025-04-26 12:00:00,1.691589468449691
2025-04-26 13:00:00,0.3388364628410342
2025-04-26 14:00:00,-1.7045114007085327
2025-04-26 15:00:00,-2.848023112630311
2025-04-26 16:00:00,-4.4181082098032
2025-04-26 17:00:00,-5.239854026920545
2025-04-26 18:00:00,-4.443609565822325
2025-04-26 19:00:00,-2.7502032415755013
2025-04-26 20:00:00,-3.410040293322403
2025-04-26 21:00:00,-6.127322614945091
2025-04-26 22:00:00,-7.297798620548772
2025-04-26 23:00:00,-7.470389984582151
2025-04-27 00:00:00,-6.95314548041566
2025-04-27 01:00:00,-6.349675937355779
2025-04-27 02:00:00,-6.2556633348682755
2025-04-27 03:00:00,-3.983060844108219
2025-04-27 04:00:00,-2.598874152068541
2025-04-27 05:00:00,-0.8824084049052044
2025-04-27 06:00:00,1.279616994030098
2025-04-27 07:00:00,2.8748074841415994
2025-04-27 08:00:00,4.445068567473553
2025-04-27 09:00:00,2.864078061541982
2025-04-27 10:00:00,1.5380626360407739
2025-04-27 11:00:00,4.223528778277773
2025-04-27 12:00:00,3.5941429812590084
2025-04-27 13:00:00,3.9266164365273233
2025-04-27 14:00:00,3.664922802856652
2025-04-27 15:00:00,2.77353685435938
2025-04-27 16:00:00,1.3498081432908
2025-04-27 17:00:00,-0.8272767790696266
2025-04-27 18:00:00,-0.11401345404573787
2025-04-27 19:00:00,-0.24548092549515077
2025-04-27 20:00:00,-1.8499383731858416
2025-04-27 21:00:00,-3.8780099722982833
2025-04-27 22:00:00,-4.892064076308625
2025-04-27 23:00:00,-6.154044553095272
2025-04-28 00:00:00,-4.6103729984330615
2025-04-28 01:00:00,-4.05270727762741
2025-04-28 02:00:00,-4.125459075520195
2025-04-28 03:00:00,-2.811033625442505
2025-04-28 04:00:00,-0.6080363957285203
2025-04-28 05:00:00,1.9250728546678517
2025-04-28 06:00:00,4.128627386669855
2025-04-28 07:00:00,6.805107052082163
2025-04-28 08:00:00,8.70127751137808
2025-04-28 09:00:00,7.374042020025566
2025-04-28 10:00:00,5.133073953105665
2025-04-28 11:00:00,4.0671061066766425
2025-04-28 12:00:00,2.7080193369705645
2025-04-28 13:00:00,2.8099643087660153
2025-04-28 14:00:00,1.871658025163433
2025-04-28 15:00:00,0.8134405139438363
2025-04-28 16:00:00,0.23143788547979047
2025-04-28 17:00:00,-2.120997561047476
2025-04-28 18:00:00,-2.389076032480009
2025-04-28 19:00:00,-2.0081203391748312
2025-04-28 20:00:00,-3.991453726584438
2025-04-28 21:00:00,-4.746239921540503
2025-04-28 22:00:00,-7.064375323628522
2025-04-28 23:00:00,-7.686359397381582
2025-04-29 00:00:00,-6.987933876639753
2025-04-29 01:00:00,-5.890595611667242
2025-04-29 02:00:00,-6.0046274620880835
2025-04-29 03:00:00,-4.790224566721134
2025-04-29 04:00:00,-2.5915309224000223
2025-04-29 05:00:00,0.33520566100536775
2025-04-29 06:00:00,3.9496081560425207
2025-04-29 07:00:00,7.937083572990672
2025-04-29 08:00:00,9.105440967942911
2025-04-29 09:00:00,8.045233711558163
2025-04-29 10:00:00,6.437777429092756
2025-04-29 11:00:00,5.271956388364407
2025-04-29 12:00:00,5.1696761102745175
2025-04-29 13:00:00,4.574485239797406
2025-04-29 14:00:00,3.350905001522888
2025-04-29 15:00:00,1.5306174891419664
2025-04-29 16:00:00,0.6015578606931482
2025-04-29 17:00:00,0.07183354522080025
2025-04-29 18:00:00,1.2368540454479404
2025-04-29 19:00:00,2.198362917428278
2025-04-29 20:00:00,-0.07801159306219789
2025-04-29 21:00:00,-2.547288665222148
2025-04-29 22:00:00,-3.853996922879111
2025-04-29 23:00:00,-3.325215039633979
2025-04-30 00:00:00,-2.637544586381744
2025-04-30 01:00:00,-1.8725115924251612
2025-04-30 02:00:00,-0.9356792389270172
2025-04-30 03:00:00,0.5464598272106161
2025-04-30 04:00:00,2.6352243413797467
2025-04-30 05:00:00,3.265954151081451
2025-04-30 06:00:00,4.454623966864827
2025-04-30 07:00:00,6.205213853447629
2025-04-30 08:00:00,5.039751561527817
2025-04-30 09:00:00,3.128417216706828
2025-04-30 10:00:00,3.0324745891705485
2025-04-30 11:00:00,2.904026495220131
2025-04-30 12:00:00,3.033439993157535
2025-04-30 13:00:00,3.371702195123996
2025-04-30 14:00:00,3.9246696338080165
2025-04-30 15:00:00,3.3819226178796757
2025-04-30 16:00:00,1.8416929994245577
2025-04-30 17:00:00,0.48834158271246353
2025-04-30 18:00:00,0.9265530579949521
2025-04-30 19:00:00,1.7463045874054859
2025-04-30 20:00:00,1.4006718296130112
2025-04-30 21:00:00,-0.19713838587792493
2025-04-30 22:00:00,-1.5914104555602737
2025-04-30 23:00:00,-1.7510826772064958
2025-05-01 00:00:00,-1.6519925959469994
2025-05-01 01:00:00,-0.39638908011300683
2025-05-01 02:00:00,-0.3633198157957541
2025-05-01 03:00:00,0.42856936101431536
2025-05-01 04:00:00,2.409383323954335
2025-05-01 05:00:00,4.9019909490758105
2025-05-01 06:00:00,6.578610939615325
2025-05-01 07:00:00,9.373245430177805
2025-05-01 08:00:00,9.820741701513095
2025-05-01 09:00:00,8.702750155950728
2025-05-01 10:00:00,9.347475012551332
2025-05-01 11:00:00,8.457428740963785
2025-05-01 12:00:00,9.398096028773175
2025-05-01 13:00:00,8.450971117475621
2025-05-01 14:00:00,7.302266883553635
2025-05-01 15:00:00,6.0924279207871415
2025-05-01 16:00:00,5.549726735602703
2025-05-01 17:00:00,3.0287295127588463
2025-05-01 18:00:00,0.8295805815089632
2025-05-01 19:00:00,1.440040805277258
2025-05-01 20:00:00,2.3653951631515264
2025-05-01 21:00:00,1.7155657155727317
2025-05-01 22:00:00,1.0707729458426047
2025-05-01 23:00:00,0.3784425267657715
2025-05-02 00:00:00,0.2654488299000621
2025-05-02 01:00:00,-0.4406533226176262
2025-05-02 02:00:00,-1.4246279766133256
2025-05-02 03:00:00,-0.3528219066763312
2025-05-02 04:00:00,2.054054669786732
2025-05-02 05:00:00,3.2088003429331167
2025-05-02 06:00:00,4.220436319614352
2025-05-02 07:00:00,5.412494136708757
2025-05-02 08:00:00,2.882177757342705
2025-05-02 09:00:00,1.020459100881671
2025-05-02 10:00:00,2.4345827253129135
2025-05-02 11:00:00,1.4526010279150363
2025-05-02 12:00:00,1.416851032398324
2025-05-02 13:00:00,0.7662080013623601
2025-05-02 14:00:00,-0.6936211323170637
2025-05-02 15:00:00,-1.1171372882757835
2025-05-02 16:00:00,-1.6340630360129549
2025-05-02 17:00:00,-1.6165145792033189
2025-05-02 18:00:00,-4.0260577907808015
2025-05-02 19:00:00,-2.474025777501347
2025-05-02 20:00:00,-2.0929201454863735
2025-05-02 21:00:00,-4.136564930933937
2025-05-02 22:00:00,-5.651896946817999
2025-05-02 23:00:00,-6.4628265443917945
2025-05-03 00:00:00,-8.057597187151218
2025-05-03 01:00:00,-8.196327137291865
2025-05-03 02:00:00,-6.915628415287074
2025-05-03 03:00:00,-5.635711438662053
2025-05-03 04:00:00,-3.9943750259572366
2025-05-03 05:00:00,-1.9182224768675407
2025-05-03 06:00:00,-0.2602537386089033
2025-05-03 07:00:00,1.5102468885476208
2025-05-03 08:00:00,-1.2087152970465824
2025-05-03 09:00:00,-3.316414264661205
2025-05-03 10:00:00,-3.6719058364138473
2025-05-03 11:00:00,-3.237223695550234
2025-05-03 12:00:00,-2.6331582877318476
2025-05-03 13:00:00,-3.4226612265377967
2025-05-03 14:00:00,-6.079747708262507
2025-05-03 15:00:00,-7.576056462284899
2025-05-03 16:00:00,-10.055258918517431
2025-05-03 17:00:00,-10.855821567738182
2025-05-03 18:00:00,-11.197304623376303
2025-05-03 19:00:00,-7.282848129312559
2025-05-03 20:00:00,-4.595032322363144
2025-05-03 21:00:00,-5.028070951753934
2025-05-03 22:00:00,-5.255883117696249
2025-05-03 23:00:00,-6.168361211734745
2025-05-04 00:00:00,-6.114350177315204
2025-05-04 01:00:00,-6.091663647995536
2025-05-04 02:00:00,-6.745787996108099
2025-05-04 03:00:00,-5.366464813179461
2025-05-04 04:00:00,-3.367652730440761
2025-05-04 05:00:00,-1.3295108500472503
2025-05-04 06:00:00,-0.5721963946846413
2025-05-04 07:00:00,-0.303701292847934
2025-05-04 08:00:00,-2.6364582250538913
2025-05-04 09:00:00,-4.127271071106658
2025-05-04 10:00:00,-4.9718194393971435
2025-05-04 11:00:00,-5.243293704500875
2025-05-04 12:00:00,-4.366154637181042
2025-05-04 13:00:00,-5.081450845269086
2025-05-04 14:00:00,-7.670090808270233
2025-05-04 15:00:00,-6.5469229922219965
2025-05-04 16:00:00,-8.084730010046544
2025-05-04 17:00:00,-9.933091081931101
2025-05-04 18:00:00,-10.080898594499589
2025-05-04 19:00:00,-4.623589527213806
2025-05-04 20:00:00,-2.7492192562863096
2025-05-04 21:00:00,-4.819407682377597
2025-05-04 22:00:00,-7.07864500292006
2025-05-04 23:00:00,-8.606818295392255
2025-05-05 00:00:00,-7.756727489187571
2025-05-05 01:00:00,-8.767873477328784
2025-05-05 02:00:00,-9.274071322123334
2025-05-05 03:00:00,-8.72150226601968
2025-05-05 04:00:00,-7.04348930214684
2025-05-05 05:00:00,-5.593561233094532
2025-05-05 06:00:00,-4.12648541694031
2025-05-05 07:00:00,-3.2821093439026505
2025-05-05 08:00:00,-4.397873904485034
2025-05-05 09:00:00,-3.843235511651546
2025-05-05 10:00:00,-1.7995178053465588
2025-05-05 11:00:00,-0.3489300168032341
2025-05-05 12:00:00,0.6501316150566585
2025-05-05 13:00:00,0.5609382663662809
2025-05-05 14:00:00,0.15466964183493287
2025-05-05 15:00:00,-1.529920526599932
2025-05-05 16:00:00,-3.41910851717079
2025-05-05 17:00:00,-5.740940819782986
2025-05-05 18:00:00,-7.125880217812323
2025-05-05 19:00:00,-6.253878575509527
2025-05-05 20:00:00,-7.158893098689336
2025-05-05 21:00:00,-9.373221553302015
2025-05-05 22:00:00,-10.967443314326232
2025-05-05 23:00:00,-11.760740787516912
2025-05-06 00:00:00,-10.973563101652783
2025-05-06 01:00:00,-10.627024469187123
2025-05-06 02:00:00,-10.421755734346323
2025-05-06 03:00:00,-9.596512820340036
2025-05-06 04:00:00,-7.543210851932146
2025-05-06 05:00:00,-6.191934493471259
2025-05-06 06:00:00,-3.609683993642051
2025-05-06 07:00:00,-0.4847323735981261
2025-05-06 08:00:00,2.197057688791187
2025-05-06 09:00:00,4.557867603986089
2025-05-06 10:00:00,6.868171484190395
2025-05-06 11:00:00,8.12394348131813
2025-05-06 12:00:00,7.0533994560615705
2025-05-06 13:00:00,5.151935530458766
2025-05-06 14:00:00,2.6122723648661
2025-05-06 15:00:00,1.974641759286862
2025-05-06 16:00:00,-0.4253490894985335
2025-05-06 17:00:00,-3.023417027063066
2025-05-06 18:00:00,-3.980183796953233
2025-05-06 19:00:00,-5.618960470688012
2025-05-06 20:00:00,-8.229207072152636
2025-05-06 21:00:00,-9.846484259993408
2025-05-06 22:00:00,-10.5835987978849
2025-05-06 23:00:00,-11.054068188639556
2025-05-07 00:00:00,-10.044968338726823
2025-05-07 01:00:00,-9.223356837731757
2025-05-07 02:00:00,-8.43270105715792
2025-05-07 03:00:00,-7.813718147110443
2025-05-07 04:00:00,-5.706137096685776
2025-05-07 05:00:00,-4.038979408306466
2025-05-07 06:00:00,-1.664079908230218
2025-05-07 07:00:00,2.01242053295569
2025-05-07 08:00:00,5.277139306958981
2025-05-07 09:00:00,6.740003518508637
2025-05-07 10:00:00,7.001970407782207
2025-05-07 11:00:00,5.7120153900793
2025-05-07 12:00:00,4.885723701433992
2025-05-07 13:00:00,3.020828422478921
2025-05-07 14:00:00,1.513310698036694
2025-05-07 15:00:00,0.5166536040986155
2025-05-07 16:00:00,-1.2680145697019276
2025-05-07 17:00:00,-2.0828345065886453
2025-05-07 18:00:00,-0.8856798017123929
2025-05-07 19:00:00,0.08535336723502056
2025-05-07 20:00:00,-1.972348722211883
2025-05-07 21:00:00,-4.282851027721516
2025-05-07 22:00:00,-5.0030505786860004
2025-05-07 23:00:00,-5.583744377311147
2025-05-08 00:00:00,-5.08423137114929
2025-05-08 01:00:00,-4.594843321042493
2025-05-08 02:00:00,-3.279671029135476
2025-05-08 03:00:00,-2.3054033693493587
2025-05-08 04:00:00,-1.1625047760791485
2025-05-08 05:00:00,-0.4894772047632215
2025-05-08 06:00:00,0.01636051232645652
2025-05-08 07:00:00,0.6604391650530846
2025-05-08 08:00:00,-0.870696558165891
2025-05-08 09:00:00,-2.0233215409056924
2025-05-08 10:00:00,-1.30930865374299
2025-05-08 11:00:00,-1.003209857909182
2025-05-08 12:00:00,-0.6062871667562298
2025-05-08 13:00:00,-1.2130977294506078
2025-05-08 14:00:00,-0.393763967460121
2025-05-08 15:00:00,-0.8262003236303614
2025-05-08 16:00:00,-4.016572866195213
2025-05-08 17:00:00,-4.827203703247106
2025-05-08 18:00:00,-5.968396030205004
2025-05-08 19:00:00,-3.1281834350749937
2025-05-08 20:00:00,-1.2169186602836242
2025-05-08 21:00:00,-3.5916259135872313
2025-05-08 22:00:00,-5.130931367254665
2025-05-08 23:00:00,-6.3218613439487354
2025-05-09 00:00:00,-6.725287025559204
2025-05-09 01:00:00,-6.44157567177384
2025-05-09 02:00:00,-5.313713786767904
2025-05-09 03:00:00,-4.2908918863118775
2025-05-09 04:00:00,-2.4692655985027114
2025-05-09 05:00:00,0.07801039827025223
2025-05-09 06:00:00,1.7448028990833644
2025-05-09 07:00:00,1.9238775399137809
2025-05-09 08:00:00,-0.35284417369887017
2025-05-09 09:00:00,-0.7352807753385698
2025-05-09 10:00:00,0.24354372612171235
2025-05-09 11:00:00,1.8276026598578716
2025-05-09 12:00:00,3.961757160138255
2025-05-09 13:00:00,5.1924636431751345
2025-05-09 14:00:00,5.939067804789359
2025-05-09 15:00:00,5.032893014868105
2025-05-09 16:00:00,0.39668520603528634
2025-05-09 17:00:00,-1.0116306376732915
2025-05-09 18:00:00,-0.41989009398141525
2025-05-09 19:00:00,-1.086640194965985
2025-05-09 20:00:00,0.702121757917583
2025-05-09 21:00:00,0.4045888012187921
2025-05-09 22:00:00,0.21434322737995645
2025-05-09 23:00:00,-1.1549344949405849
2025-05-10 00:00:00,-3.235924453842659
2025-05-10 01:00:00,-2.6418332471516477
2025-05-10 02:00:00,-2.7272299283156354
2025-05-10 03:00:00,-1.5833216961189622
2025-05-10 04:00:00,-0.8784833958400542
2025-05-10 05:00:00,-0.10818916847786217
2025-05-10 06:00:00,0.7611314640343869
2025-05-10 07:00:00,0.8477391473307353
2025-05-10 08:00:00,-1.4189524337251083
2025-05-10 09:00:00,-2.359871511313088
2025-05-10 10:00:00,-2.725942114222719
2025-05-10 11:00:00,-2.11902057466408
2025-05-10 12:00:00,-1.2219160738057742
2025-05-10 13:00:00,-0.924460248212734
2025-05-10 14:00:00,0.06776666149206766
2025-05-10 15:00:00,-1.8666010852118595
2025-05-10 16:00:00,0.6298154935846649
2025-05-10 17:00:00,-4.00375450628719
2025-05-10 18:00:00,-7.199458993446799
2025-05-10 19:00:00,-3.0249841803305046
2025-05-10 20:00:00,-0.7564348234649142
2025-05-10 21:00:00,-1.3694146767648554
2025-05-10 22:00:00,-2.1703609826430936
2025-05-10 23:00:00,-2.802321731351232
2025-05-11 00:00:00,-2.772949446552762
2025-05-11 01:00:00,-2.497306029280712
2025-05-11 02:00:00,-3.108269868546781
2025-05-11 03:00:00,-3.137416517655811
2025-05-11 04:00:00,-2.649906834865095
2025-05-11 05:00:00,-2.446486268459774
2025-05-11 06:00:00,-1.507247512240245
2025-05-11 07:00:00,-1.9780294545746575
2025-05-11 08:00:00,-5.728208645368485
2025-05-11 09:00:00,-5.140308815916975
2025-05-11 10:00:00,-5.099149090600698
2025-05-11 11:00:00,-3.49892602075817
2025-05-11 12:00:00,-2.949090966686607
2025-05-11 13:00:00,-2.68870577028933
2025-05-11 14:00:00,-2.082662109236328
2025-05-11 15:00:00,-3.439611438393269
2025-05-11 16:00:00,-5.382728077936974
2025-05-11 17:00:00,-6.1526609965330845
2025-05-11 18:00:00,-10.339810836549347
2025-05-11 19:00:00,-5.398665539046197
2025-05-11 20:00:00,-2.2419415549579527
2025-05-11 21:00:00,-3.7460445614138935
2025-05-11 22:00:00,-4.878441735290789
2025-05-11 23:00:00,-5.317915985141285
2025-05-12 00:00:00,-3.4638928896751935
2025-05-12 01:00:00,-2.621896849798308
2025-05-12 02:00:00,-1.8556367338531061
2025-05-12 03:00:00,-0.8294150109580946
2025-05-12 04:00:00,0.7961632614672104
2025-05-12 05:00:00,2.245977751420741
2025-05-12 06:00:00,3.951603097338413
2025-05-12 07:00:00,3.7820051352304813
2025-05-12 08:00:00,-1.024092658154303
2025-05-12 09:00:00,-1.6149241754891044
2025-05-12 10:00:00,-0.8923715592566126
2025-05-12 11:00:00,1.0424270349498583
2025-05-12 12:00:00,0.49672116802732735
2025-05-12 13:00:00,0.2797230158594353
2025-05-12 14:00:00,0.014288684032783003
2025-05-12 15:00:00,-1.5554743766659387
2025-05-12 16:00:00,-4.549884121640089
2025-05-12 17:00:00,-7.110685263057246
2025-05-12 18:00:00,-7.948357285574531
2025-05-12 19:00:00,-2.251252407995977
2025-05-12 20:00:00,1.413492043262205
2025-05-12 21:00:00,-0.7792367813414613
2025-05-12 22:00:00,-2.6799405631273925
2025-05-12 23:00:00,-3.945049538129394
2025-05-13 00:00:00,-4.734150690751831
2025-05-13 01:00:00,-4.473851932261164
2025-05-13 02:00:00,-4.460360531866489
2025-05-13 03:00:00,-3.639581587895693
2025-05-13 04:00:00,-1.521896823944484
2025-05-13 05:00:00,0.6525981318845222
2025-05-13 06:00:00,3.1881031603830547
2025-05-13 07:00:00,2.4469674390639824
2025-05-13 08:00:00,-1.09018862939365
2025-05-13 09:00:00,0.6204755760532361
2025-05-13 10:00:00,2.108937292083778
2025-05-13 11:00:00,4.542083274600822
2025-05-13 12:00:00,5.063525928005081
2025-05-13 13:00:00,4.7699726140709755
2025-05-13 14:00:00,4.364048119872669
2025-05-13 15:00:00,2.6010823207546587
2025-05-13 16:00:00,-1.2782086431688517
2025-05-13 17:00:00,-4.554079268398978
2025-05-13 18:00:00,-7.258215642004398
2025-05-13 19:00:00,-4.560866673200506
2025-05-13 20:00:00,-2.9055478158722945
2025-05-13 21:00:00,-6.5563910753459025
2025-05-13 22:00:00,-8.90010742894531
2025-05-13 23:00:00,-10.5468370702575
2025-05-14 00:00:00,-10.303595658542942
2025-05-14 01:00:00,-9.32139401475409
2025-05-14 02:00:00,-7.940872452331595
2025-05-14 03:00:00,-6.071715004354917
2025-05-14 04:00:00,-4.049995833069526
2025-05-14 05:00:00,-2.947466530372772
2025-05-14 06:00:00,-1.637327461622579
2025-05-14 07:00:00,-0.3954861929119652
2025-05-14 08:00:00,-0.6564520436602573
2025-05-14 09:00:00,1.7003915810877124
2025-05-14 10:00:00,4.2206620819564415
2025-05-14 11:00:00,6.128480645182649
2025-05-14 12:00:00,5.016931805059028
2025-05-14 13:00:00,3.9129479470111925
2025-05-14 14:00:00,2.140719110627901
2025-05-14 15:00:00,-0.7624658544022543
2025-05-14 16:00:00,-5.02742388581617
2025-05-14 17:00:00,-9.09192826022932
2025-05-14 18:00:00,-10.253669116619209
2025-05-14 19:00:00,-7.318172393672477
2025-05-14 20:00:00,-5.439975087550257
2025-05-14 21:00:00,-7.433501383863391
2025-05-14 22:00:00,-8.428118958132877
2025-05-14 23:00:00,-9.243871591132047
2025-05-15 00:00:00,-8.827600301199537
2025-05-15 01:00:00,-7.960171371784234
2025-05-15 02:00:00,-6.631172447710674
2025-05-15 03:00:00,-5.19284899128389
2025-05-15 04:00:00,-2.8917500851813025
2025-05-15 05:00:00,-1.3902849779105406
2025-05-15 06:00:00,0.053269649400546605
2025-05-15 07:00:00,1.2240752125797205
2025-05-15 08:00:00,0.17243630880133407
2025-05-15 09:00:00,1.5776205509813193
2025-05-15 10:00:00,3.675098542590483
2025-05-15 11:00:00,5.550861593036038
2025-05-15 12:00:00,4.571693504086935
2025-05-15 13:00:00,2.5564549532806846
2025-05-15 14:00:00,-0.2750812509052343
2025-05-15 15:00:00,-2.3419265856858726
2025-05-15 16:00:00,-5.818093149054369
2025-05-15 17:00:00,-7.945520113509213
2025-05-15 18:00:00,-7.821342952032659
2025-05-15 19:00:00,-5.231084021294343
2025-05-15 20:00:00,-4.94667447620239
2025-05-15 21:00:00,-5.349859693047992
2025-05-15 22:00:00,-5.227625248475032
2025-05-15 23:00:00,-5.39061336915048
2025-05-16 00:00:00,-4.7559558973080724
2025-05-16 01:00:00,-4.637321840689286
2025-05-16 02:00:00,-4.446017782733917
2025-05-16 03:00:00,-2.469341331086935
2025-05-16 04:00:00,-0.5897131306354461
2025-05-16 05:00:00,-0.6491598742618552
2025-05-16 06:00:00,0.4457188674527107
2025-05-16 07:00:00,1.6410624536973952
2025-05-16 08:00:00,2.0504699366441272
2025-05-16 09:00:00,4.718368877963067
2025-05-16 10:00:00,6.185782147731468
2025-05-16 11:00:00,6.769880263181169
2025-05-16 12:00:00,6.1973436527414325
2025-05-16 13:00:00,4.716485389051593
2025-05-16 14:00:00,1.5620816291560253
2025-05-16 15:00:00,-0.770428945177059
2025-05-16 16:00:00,-4.106408930844519
2025-05-16 17:00:00,-5.384522397068115
2025-05-16 18:00:00,-5.634440606787998
2025-05-16 19:00:00,-2.489877413315444
2025-05-16 20:00:00,-0.9857428705760907
2025-05-16 21:00:00,-2.7857101056622824
2025-05-16 22:00:00,-4.0280091210654865
2025-05-16 23:00:00,-4.408018901030083
2025-05-17 00:00:00,-6.030605392556152
2025-05-17 01:00:00,-5.3462692713722575
2025-05-17 02:00:00,-5.136722007688695
2025-05-17 03:00:00,-2.7705153398620666
2025-05-17 04:00:00,-0.5213590142785305
2025-05-17 05:00:00,1.1183229786445537
2025-05-17 06:00:00,3.9313626230189564
2025-05-17 07:00:00,5.1253987715968226
2025-05-17 08:00:00,3.1529102439895422
2025-05-17 09:00:00,4.322194713330962
2025-05-17 10:00:00,3.7846477653633572
2025-05-17 11:00:00,3.3537309034330103
2025-05-17 12:00:00,2.7654286104347423
2025-05-17 13:00:00,1.5703473673840513
2025-05-17 14:00:00,-0.13148838533116114
2025-05-17 15:00:00,-3.4935938712669663
2025-05-17 16:00:00,-4.958295570038887
2025-05-17 17:00:00,-5.374630466976228
2025-05-17 18:00:00,-6.036061510056723
2025-05-17 19:00:00,-0.967056884455329
2025-05-17 20:00:00,1.7582523151899911
2025-05-17 21:00:00,0.70160558648032
2025-05-17 22:00:00,-0.8162149887506217
2025-05-17 23:00:00,-2.1384330741584594
2025-05-18 00:00:00,-2.5896078234365407
2025-05-18 01:00:00,-3.148815391166981
2025-05-18 02:00:00,-2.938587053570842
2025-05-18 03:00:00,-1.2846207078816503
2025-05-18 04:00:00,0.5821005034508421
2025-05-18 05:00:00,2.9882947076837443
2025-05-18 06:00:00,4.559000114659959
2025-05-18 07:00:00,5.36777847626211
2025-05-18 08:00:00,4.176474528136205
2025-05-18 09:00:00,4.252647562045155
2025-05-18 10:00:00,2.651648117571859
2025-05-18 11:00:00,3.0122595704582276
2025-05-18 12:00:00,2.401953153176894
2025-05-18 13:00:00,0.8115494268602499
2025-05-18 14:00:00,2.1185496099816925
2025-05-18 15:00:00,-1.8506831113910684
2025-05-18 16:00:00,-5.706544135792192
2025-05-18 17:00:00,-8.248529635872835
2025-05-18 18:00:00,-6.66074889464051
2025-05-18 19:00:00,-2.82360173522742
2025-05-18 20:00:00,-0.9971249582470125
2025-05-18 21:00:00,-2.955168099834151
2025-05-18 22:00:00,-4.833354936769006
2025-05-18 23:00:00,-5.69237551205647
2025-05-19 00:00:00,-3.72387959708941
2025-05-19 01:00:00,-3.3095573690610003
2025-05-19 02:00:00,-1.4278712125715736
2025-05-19 03:00:00,0.18866542397957486
2025-05-19 04:00:00,2.210239770444559
2025-05-19 05:00:00,4.520903845155958
2025-05-19 06:00:00,6.873705058443662
2025-05-19 07:00:00,8.520834540824891
2025-05-19 08:00:00,7.725206379422626
2025-05-19 09:00:00,6.61584974593393
2025-05-19 10:00:00,3.0785734009827523
2025-05-19 11:00:00,3.211461219027883
2025-05-19 12:00:00,2.4804724922476993
2025-05-19 13:00:00,1.130431314902749
2025-05-19 14:00:00,0.44659022366419904
2025-05-19 15:00:00,-1.5311086735940782
2025-05-19 16:00:00,-3.7322329958896563
2025-05-19 17:00:00,-6.410189004592196
2025-05-19 18:00:00,-7.347216958233889
2025-05-19 19:00:00,-4.077297536716198
2025-05-19 20:00:00,-1.3931588877730288
2025-05-19 21:00:00,-3.2321684129983828
2025-05-19 22:00:00,-4.849072665653658
2025-05-19 23:00:00,-5.975947359080956
2025-05-20 00:00:00,-5.11031341352422
2025-05-20 01:00:00,-4.203556786299617
2025-05-20 02:00:00,-2.48184739578842
2025-05-20 03:00:00,0.8619548453325802
2025-05-20 04:00:00,3.762219218361231
2025-05-20 05:00:00,6.355802703320035
2025-05-20 06:00:00,9.605014230192984
2025-05-20 07:00:00,10.640099332988573
2025-05-20 08:00:00,8.170545681866443
2025-05-20 09:00:00,7.305165973094637
2025-05-20 10:00:00,5.93952651948273
2025-05-20 11:00:00,6.65803554129127
2025-05-20 12:00:00,6.416471408275652
2025-05-20 13:00:00,4.856083915773178
2025-05-20 14:00:00,2.920936466695292
2025-05-20 15:00:00,1.398559311715938
2025-05-20 16:00:00,-0.7488259304538479
2025-05-20 17:00:00,-2.896533905203548
2025-05-20 18:00:00,-6.1418053122539416
2025-05-20 19:00:00,-3.322331801618018
2025-05-20 20:00:00,0.3837486850577102
2025-05-20 21:00:00,0.9242748344670699
2025-05-20 22:00:00,0.7329423516550124
2025-05-20 23:00:00,0.9478234025365103
2025-05-21 00:00:00,-1.0317967758464899
2025-05-21 01:00:00,-0.928389913358629
2025-05-21 02:00:00,-0.2147047505284154
2025-05-21 03:00:00,1.3069466926603734
2025-05-21 04:00:00,3.06537922854287
2025-05-21 05:00:00,5.082921545078015
2025-05-21 06:00:00,6.5927487122708675
2025-05-21 07:00:00,7.0513608888889685
2025-05-21 08:00:00,3.377848309969548
2025-05-21 09:00:00,2.56536853541441
2025-05-21 10:00:00,3.747640834272001
2025-05-21 11:00:00,4.351242868451774
2025-05-21 12:00:00,5.7376937571323765
2025-05-21 13:00:00,5.797569416028674
2025-05-21 14:00:00,4.504936401231728
2025-05-21 15:00:00,2.380685357563107
2025-05-21 16:00:00,1.0546271313707114
2025-05-21 17:00:00,0.4341860702318364
2025-05-21 18:00:00,-1.4341491072269232
2025-05-21 19:00:00,1.8277691835187269
2025-05-21 20:00:00,4.358892128325406
2025-05-21 21:00:00,2.6782008153036307
2025-05-21 22:00:00,0.9966730559836213
2025-05-21 23:00:00,-0.1829006299221057
2025-05-22 00:00:00,-2.530476641033493
2025-05-22 01:00:00,-4.301618943688878
2025-05-22 02:00:00,-5.385539721284854
2025-05-22 03:00:00,-4.640769617253086
2025-05-22 04:00:00,-3.227597440607488
2025-05-22 05:00:00,-1.6471415748365836
2025-05-22 06:00:00,-0.6443212607362454
2025-05-22 07:00:00,-1.3574180039301764
2025-05-22 08:00:00,-3.7575864836547637
2025-05-22 09:00:00,-2.916536662908692
2025-05-22 10:00:00,-0.4859721363928359
2025-05-22 11:00:00,2.026547399404228
2025-05-22 12:00:00,1.8366855836793345
2025-05-22 13:00:00,1.4024112037898606
2025-05-22 14:00:00,1.1307108044403857
2025-05-22 15:00:00,0.7932521117261296
2025-05-22 16:00:00,-1.1995663187830485
2025-05-22 17:00:00,-3.351989778904558
2025-05-22 18:00:00,-3.637642219941648
2025-05-22 19:00:00,-0.4125131886393404
2025-05-22 20:00:00,2.5018458275614486
2025-05-22 21:00:00,-0.37152711640848707
2025-05-22 22:00:00,-2.3540374419528853
2025-05-22 23:00:00,-3.8904527511100278
2025-05-23 00:00:00,-3.912819030151785
2025-05-23 01:00:00,-3.6501794576026843
2025-05-23 02:00:00,-3.1237313656366585
2025-05-23 03:00:00,-1.870596579359045
2025-05-23 04:00:00,0.6149302565557955
2025-05-23 05:00:00,3.0993067832194394
2025-05-23 06:00:00,5.596638331000936
2025-05-23 07:00:00,7.006007522634711
2025-05-23 08:00:00,4.634914004342119
2025-05-23 09:00:00,4.424664120874009
2025-05-23 10:00:00,6.24750390933219
2025-05-23 11:00:00,9.230881425417767
2025-05-23 12:00:00,9.640998756712508
2025-05-23 13:00:00,8.889342745505548
2025-05-23 14:00:00,7.766307863442347
2025-05-23 15:00:00,5.770364934388812
2025-05-23 16:00:00,2.190182746299408
2025-05-23 17:00:00,-1.3185453192133598
2025-05-23 18:00:00,-3.6586887313226457
2025-05-23 19:00:00,-1.5267955658034316
2025-05-23 20:00:00,-0.13122788521967785
2025-05-23 21:00:00,-1.7903234367120253
2025-05-23 22:00:00,-2.01866485938337
2025-05-23 23:00:00,-2.629319902421158
2025-05-24 00:00:00,-3.5545663812432005
2025-05-24 01:00:00,-3.080963347748608
2025-05-24 02:00:00,-2.132566165263763
2025-05-24 03:00:00,-0.784529107137368
2025-05-24 04:00:00,2.0106133729463007
2025-05-24 05:00:00,3.9680754709257173
2025-05-24 06:00:00,5.265661661910244
2025-05-24 07:00:00,6.369633622487305
2025-05-24 08:00:00,4.902816035961188
2025-05-24 09:00:00,2.7025544633933922
2025-05-24 10:00:00,2.2246066178824173
2025-05-24 11:00:00,1.6936659202423046
2025-05-24 12:00:00,0.8395232607642448
2025-05-24 13:00:00,-0.19246842434639386
2025-05-24 14:00:00,-0.7003889767222645
2025-05-24 15:00:00,-2.7271924055560897
2025-05-24 16:00:00,-4.889422687360143
2025-05-24 17:00:00,-6.780846743011378
2025-05-24 18:00:00,-7.107744894431088
2025-05-24 19:00:00,-4.339375061609223
2025-05-24 20:00:00,-3.6700139080353766
2025-05-24 21:00:00,-3.9633725941890336
2025-05-24 22:00:00,-5.749748809854683
2025-05-24 23:00:00,-5.971419335724162
2025-05-25 00:00:00,-5.635782531515764
2025-05-25 01:00:00,-4.774282706961027
2025-05-25 02:00:00,-3.419279694623178
2025-05-25 03:00:00,-1.4323764823788443
2025-05-25 04:00:00,1.0731445016458552
2025-05-25 05:00:00,3.2128452219811194
2025-05-25 06:00:00,5.040051801635283
2025-05-25 07:00:00,6.951328038429714
2025-05-25 08:00:00,7.167947292630518
2025-05-25 09:00:00,5.582564171349138
2025-05-25 10:00:00,4.860946345991573
2025-05-25 11:00:00,5.169318499743138
2025-05-25 12:00:00,3.9793306158377866
2025-05-25 13:00:00,3.689326066291042
2025-05-25 14:00:00,2.877749895540294
2025-05-25 15:00:00,0.548060308367169
2025-05-25 16:00:00,-2.0569182233251295
2025-05-25 17:00:00,-3.3592197209375114
2025-05-25 18:00:00,-2.704925951662946
2025-05-25 19:00:00,-0.6351144607433485
2025-05-25 20:00:00,-0.7886983381477182
2025-05-25 21:00:00,-2.6494364535129
2025-05-25 22:00:00,-3.139436862450494
2025-05-25 23:00:00,-2.512054438591883
2025-05-26 00:00:00,1.0888101282572258
2025-05-26 01:00:00,2.1692979413507882
2025-05-26 02:00:00,2.3181682177172993
2025-05-26 03:00:00,3.509362499177652
2025-05-26 04:00:00,4.855246041380917
2025-05-26 05:00:00,6.685531944107135
2025-05-26 06:00:00,8.97208199687147
2025-05-26 07:00:00,8.541007077550134
2025-05-26 08:00:00,5.864339433780387
2025-05-26 09:00:00,3.107254436338531
2025-05-26 10:00:00,3.1719938920227793
2025-05-26 11:00:00,4.7669173616553335
2025-05-26 12:00:00,5.242208269420758
2025-05-26 13:00:00,5.8977114228355845
2025-05-26 14:00:00,5.791070658928147
2025-05-26 15:00:00,4.837046028003082
2025-05-26 16:00:00,1.2598189039869148
2025-05-26 17:00:00,0.6707402205571075
2025-05-26 18:00:00,0.902008631199763
2025-05-26 19:00:00,2.027410190193908
2025-05-26 20:00:00,1.2566659940056095
2025-05-26 21:00:00,-0.2706999933227534
2025-05-26 22:00:00,-0.4289195216389374
2025-05-26 23:00:00,-0.21727448103351119
2025-05-27 00:00:00,0.796635032122464
2025-05-27 01:00:00,1.721686282689919
2025-05-27 02:00:00,1.775557880008949
2025-05-27 03:00:00,4.43861251504981
2025-05-27 04:00:00,7.479390777321955
2025-05-27 05:00:00,9.749511485783385
2025-05-27 06:00:00,11.832956592884065
2025-05-27 07:00:00,12.501902292462509
2025-05-27 08:00:00,10.805261852364046
2025-05-27 09:00:00,9.29199841161927
2025-05-27 10:00:00,9.333770215731347
2025-05-27 11:00:00,11.606028393104022
2025-05-27 12:00:00,10.282040444837769
2025-05-27 13:00:00,8.87628149134999
2025-05-27 14:00:00,7.039327893898236
2025-05-27 15:00:00,5.736325449577496
2025-05-27 16:00:00,2.3158346103527965
2025-05-27 17:00:00,1.490875535512108
2025-05-27 18:00:00,1.747291776594648
2025-05-27 19:00:00,3.2886860658945842
2025-05-27 20:00:00,4.567679086381346
2025-05-27 21:00:00,3.4042076469762117
2025-05-27 22:00:00,2.439775741827433
2025-05-27 23:00:00,1.2269002291460192
2025-05-28 00:00:00,1.4084578901563725
2025-05-28 01:00:00,0.5728973425252475
2025-05-28 02:00:00,0.8262560133384133
2025-05-28 03:00:00,2.120587727790614
2025-05-28 04:00:00,3.287834237064794
2025-05-28 05:00:00,4.337326352749838
2025-05-28 06:00:00,5.546331665581325
2025-05-28 07:00:00,7.537618322804387
2025-05-28 08:00:00,7.957122981336865
2025-05-28 09:00:00,6.319292099415941
2025-05-28 10:00:00,5.88153163714994
2025-05-28 11:00:00,8.115800533329507
2025-05-28 12:00:00,8.796443584414353
2025-05-28 13:00:00,8.78156780375107
2025-05-28 14:00:00,6.338068438779835
2025-05-28 15:00:00,4.64788169552427
2025-05-28 16:00:00,2.2960403250408916
2025-05-28 17:00:00,-1.7721651694776481
2025-05-28 18:00:00,-3.270289083485961
2025-05-28 19:00:00,-1.377769741980247
2025-05-28 20:00:00,0.6492309748132192
2025-05-28 21:00:00,-0.22077392328517487
2025-05-28 22:00:00,-1.8181081427882744
2025-05-28 23:00:00,-2.3938105916414196
2025-05-29 00:00:00,-2.017667253446907
2025-05-29 01:00:00,-0.14394951392522276
2025-05-29 02:00:00,1.1919582570229441
2025-05-29 03:00:00,4.241256083599845
2025-05-29 04:00:00,7.00960949439425
2025-05-29 05:00:00,9.033748100706775
2025-05-29 06:00:00,11.290715612093148
2025-05-29 07:00:00,12.483435345717465
2025-05-29 08:00:00,12.421540466916246
2025-05-29 09:00:00,11.976840569166576
2025-05-29 10:00:00,9.721888080997877
2025-05-29 11:00:00,10.285258239335704
2025-05-29 12:00:00,8.810256689677438
2025-05-29 13:00:00,7.237508681155607
2025-05-29 14:00:00,6.1919387293376875
2025-05-29 15:00:00,4.1332298055553665
2025-05-29 16:00:00,1.5920235873888338
2025-05-29 17:00:00,-0.9220790052695956
2025-05-29 18:00:00,-1.2431307358277741
2025-05-29 19:00:00,1.485557245554631
2025-05-29 20:00:00,4.423837314916881
2025-05-29 21:00:00,2.8268091604080112
2025-05-29 22:00:00,0.961813359078254
2025-05-29 23:00:00,-0.10512003661187565
2025-05-30 00:00:00,0.17688825109232933
2025-05-30 01:00:00,0.5725666644107312
2025-05-30 02:00:00,1.268067789645444
2025-05-30 03:00:00,3.4487442544606353
2025-05-30 04:00:00,5.765719490820337
2025-05-30 05:00:00,7.7235179426353024
2025-05-30 06:00:00,9.666548903941255
2025-05-30 07:00:00,10.780727304727547
2025-05-30 08:00:00,12.320863246305793
2025-05-30 09:00:00,12.257499236386685
2025-05-30 10:00:00,10.861262349694375
2025-05-30 11:00:00,11.26159606317383
2025-05-30 12:00:00,12.232871981893599
2025-05-30 13:00:00,12.138018066387575
2025-05-30 14:00:00,10.570502248233684
2025-05-30 15:00:00,7.5802427651489594
2025-05-30 16:00:00,5.085719705522052
2025-05-30 17:00:00,1.7764072621961502
2025-05-30 18:00:00,-1.2445775178010297
2025-05-30 19:00:00,-0.6354269929047471
2025-05-30 20:00:00,-0.3022178515815338
2025-05-30 21:00:00,-1.8316852524951952
2025-05-30 22:00:00,-1.2523073324076275
2025-05-30 23:00:00,-1.0774761959544183
2025-05-31 00:00:00,-1.7476905820989177
2025-05-31 01:00:00,-0.48360070078794054
2025-05-31 02:00:00,-0.18804481061972897
2025-05-31 03:00:00,2.006036004457877
2025-05-31 04:00:00,4.407721824360503
2025-05-31 05:00:00,6.85523691751667
2025-05-31 06:00:00,9.042689754152038
2025-05-31 07:00:00,11.028997008501904
2025-05-31 08:00:00,11.96642162855226
2025-05-31 09:00:00,13.122828913439543
2025-05-31 10:00:00,11.17652234718203
2025-05-31 11:00:00,10.345412041117058
2025-05-31 12:00:00,10.654899239299121
2025-05-31 13:00:00,8.918402881864473
2025-05-31 14:00:00,7.718820704659802
2025-05-31 15:00:00,5.6736604863795845
2025-05-31 16:00:00,4.944072245400804
2025-05-31 17:00:00,4.244428780161519
2025-05-31 18:00:00,4.228267674101378
2025-05-31 19:00:00,4.5510773468513515
2025-05-31 20:00:00,5.001710454133604
2025-05-31 21:00:00,3.8220596923704755
2025-05-31 22:00:00,3.4193340500336067
2025-05-31 23:00:00,3.1828352148160515
2025-06-01 00:00:00,3.132936199455833
2025-06-01 01:00:00,3.4920201535134887
2025-06-01 02:00:00,3.223173351509536
2025-06-01 03:00:00,3.756641453923551
2025-06-01 04:00:00,4.932270936587515
2025-06-01 05:00:00,5.95937906096009
2025-06-01 06:00:00,7.3614599695995295
2025-06-01 07:00:00,7.469927502574066
2025-06-01 08:00:00,4.986850107845383
2025-06-01 09:00:00,3.7988255797440935
2025-06-01 10:00:00,2.9058862776222094
2025-06-01 11:00:00,6.218883437759026
2025-06-01 12:00:00,8.018688515479518
2025-06-01 13:00:00,7.92725856946769
2025-06-01 14:00:00,5.745339684998902
2025-06-01 15:00:00,4.990987596169554
2025-06-01 16:00:00,3.894463753935909
2025-06-01 17:00:00,0.15409859580482016
2025-06-01 18:00:00,-0.5714341974896896
2025-06-01 19:00:00,2.6923571327012876
2025-06-01 20:00:00,3.5363183720927136
2025-06-01 21:00:00,1.1002713269919244
2025-06-01 22:00:00,-0.925596385824909
2025-06-01 23:00:00,-2.028243393921848
2025-06-02 00:00:00,-0.1272575394390644
2025-06-02 01:00:00,1.0755932483402517
2025-06-02 02:00:00,1.867758130738035
2025-06-02 03:00:00,3.616264163857151
2025-06-02 04:00:00,4.850559819368993
2025-06-02 05:00:00,6.267540407772466
2025-06-02 06:00:00,9.23346596491709
2025-06-02 07:00:00,9.773853572993387
2025-06-02 08:00:00,7.446034944849452
2025-06-02 09:00:00,5.41090398786884
2025-06-02 10:00:00,5.042233969039925
2025-06-02 11:00:00,5.635075953658077
2025-06-02 12:00:00,5.8733344971555494
2025-06-02 13:00:00,5.015507667785929
2025-06-02 14:00:00,4.353534425700054
2025-06-02 15:00:00,2.035477290709229
2025-06-02 16:00:00,0.10107687208321521
2025-06-02 17:00:00,-3.1959998789475996
2025-06-02 18:00:00,-4.780738986238605
2025-06-02 19:00:00,-1.1891060657016868
2025-06-02 20:00:00,0.08113255648178153
2025-06-02 21:00:00,-3.137850227939613
2025-06-02 22:00:00,-5.219303802799231
2025-06-02 23:00:00,-6.0694199534978335
2025-06-03 00:00:00,-5.595602722424365
2025-06-03 01:00:00,-4.183949245146722
2025-06-03 02:00:00,-3.0384614556107246
2025-06-03 03:00:00,-1.1786505856080456
2025-06-03 04:00:00,1.2633921081029298
2025-06-03 05:00:00,4.365721065644105
2025-06-03 06:00:00,8.434593790291617
2025-06-03 07:00:00,9.419448845951537
2025-06-03 08:00:00,6.161009234245202
2025-06-03 09:00:00,4.3333679652207575
2025-06-03 10:00:00,3.9472396948609934
2025-06-03 11:00:00,4.141041798124024
2025-06-03 12:00:00,3.458589114968905
2025-06-03 13:00:00,2.3739952292006916
2025-06-03 14:00:00,1.7998978023224281
2025-06-03 15:00:00,0.906587619467385
2025-06-03 16:00:00,-3.0542105578539016
2025-06-03 17:00:00,-4.458597856058727
2025-06-03 18:00:00,-4.5449276103646525
2025-06-03 19:00:00,-2.6738356775284955
2025-06-03 20:00:00,-1.5730384307928185
2025-06-03 21:00:00,-2.5860930580411488
2025-06-03 22:00:00,-3.726929132034388
2025-06-03 23:00:00,-3.0832924822456826
2025-06-04 00:00:00,-2.6250497900448386
2025-06-04 01:00:00,-1.183078657418906
2025-06-04 02:00:00,0.18088541737472488
2025-06-04 03:00:00,3.2597272462839975
2025-06-04 04:00:00,5.5612671074229505
2025-06-04 05:00:00,7.090498842615332
2025-06-04 06:00:00,8.70884950350172
2025-06-04 07:00:00,9.19147644402168
2025-06-04 08:00:00,6.575673472848281
2025-06-04 09:00:00,3.7381916051862727
2025-06-04 10:00:00,4.012020480559696
2025-06-04 11:00:00,5.777746591003644
2025-06-04 12:00:00,5.761426864054098
2025-06-04 13:00:00,4.442722694439396
2025-06-04 14:00:00,4.869544718474121
2025-06-04 15:00:00,5.169879184975172
2025-06-04 16:00:00,1.9448852483032284
2025-06-04 17:00:00,-0.5266076959670883
2025-06-04 18:00:00,-0.8888678969741969
2025-06-04 19:00:00,0.38197443952743104
2025-06-04 20:00:00,1.8322542256757541
2025-06-04 21:00:00,-0.6568727375660244
2025-06-04 22:00:00,-2.275978677504155
2025-06-04 23:00:00,-2.792742511513412
2025-06-05 00:00:00,-1.8805402159984659
2025-06-05 01:00:00,-0.047205021220775134
2025-06-05 02:00:00,1.9995519432954003
2025-06-05 03:00:00,3.880660484644465
2025-06-05 04:00:00,5.730898742352925
2025-06-05 05:00:00,7.159740200750982
2025-06-05 06:00:00,9.2411776597428
2025-06-05 07:00:00,10.539491484734095
2025-06-05 08:00:00,7.500871346845133
2025-06-05 09:00:00,5.144187679680411
2025-06-05 10:00:00,5.024213781546799
2025-06-05 11:00:00,6.2712248793579635
2025-06-05 12:00:00,7.403344078719524
2025-06-05 13:00:00,4.837672509168923
2025-06-05 14:00:00,3.716457213327423
2025-06-05 15:00:00,2.956135203343903
2025-06-05 16:00:00,2.0053767437556322
2025-06-05 17:00:00,0.022757836329435944
2025-06-05 18:00:00,-1.9288112622558171
2025-06-05 19:00:00,-0.515108638216129
2025-06-05 20:00:00,2.929676250957994
2025-06-05 21:00:00,1.3754200381038437
2025-06-05 22:00:00,-0.1812348214280961
2025-06-05 23:00:00,-0.638821727404461
2025-06-06 00:00:00,0.06859066693604862
2025-06-06 01:00:00,1.328192153843318
2025-06-06 02:00:00,2.031417458557774
2025-06-06 03:00:00,3.6317180435419627
2025-06-06 04:00:00,5.927238931005927
2025-06-06 05:00:00,7.772275314036957
2025-06-06 06:00:00,9.041859167581675
2025-06-06 07:00:00,10.395855790606822
2025-06-06 08:00:00,9.891970784442346
2025-06-06 09:00:00,10.710715390502488
2025-06-06 10:00:00,9.827066227562792
2025-06-06 11:00:00,8.202143950612284
2025-06-06 12:00:00,8.071217749776405
2025-06-06 13:00:00,5.752967232522385
2025-06-06 14:00:00,3.7041117266940295
2025-06-06 15:00:00,1.8354671782207255
2025-06-06 16:00:00,1.5519564455591581
2025-06-06 17:00:00,0.8879627770232085
2025-06-06 18:00:00,0.6812602767399553
2025-06-06 19:00:00,1.2321758959674685
2025-06-06 20:00:00,1.6029438879023727
2025-06-06 21:00:00,0.018449886992117585
2025-06-06 22:00:00,0.0998728210195512
2025-06-06 23:00:00,0.19189956465240868
2025-06-07 00:00:00,-1.620360069881376
2025-06-07 01:00:00,-0.7382324553257276
2025-06-07 02:00:00,0.5951226568801761
2025-06-07 03:00:00,3.3289769693352618
2025-06-07 04:00:00,7.008717649884262
2025-06-07 05:00:00,9.456465529312771
2025-06-07 06:00:00,12.68613544440921
2025-06-07 07:00:00,14.300114801985394
2025-06-07 08:00:00,14.824688135096546
2025-06-07 09:00:00,12.705937548077099
2025-06-07 10:00:00,12.105234481583564
2025-06-07 11:00:00,11.292095135334344
2025-06-07 12:00:00,12.066165878946531
2025-06-07 13:00:00,10.92493981816346
2025-06-07 14:00:00,9.59814388473042
2025-06-07 15:00:00,7.81089591473373
2025-06-07 16:00:00,5.842513314355187
2025-06-07 17:00:00,5.0366761732719665
2025-06-07 18:00:00,4.672805533946984
2025-06-07 19:00:00,3.8650346457569
2025-06-07 20:00:00,3.1980607191495234
2025-06-07 21:00:00,2.870181979899011
2025-06-07 22:00:00,2.1073673383477227
2025-06-07 23:00:00,1.016585200265634
2025-06-08 00:00:00,0.6888342403273598
2025-06-08 01:00:00,1.369280179857995
2025-06-08 02:00:00,2.4447212109640652
2025-06-08 03:00:00,4.147037118227067
2025-06-08 04:00:00,6.876197683559927
2025-06-08 05:00:00,9.19027136948369
2025-06-08 06:00:00,12.309914062243287
2025-06-08 07:00:00,12.393370605581547
2025-06-08 08:00:00,10.620503326459414
2025-06-08 09:00:00,8.570658206099589
2025-06-08 10:00:00,7.4914454067074
2025-06-08 11:00:00,7.51678175468752
2025-06-08 12:00:00,8.244956819967413
2025-06-08 13:00:00,8.872039505585255
2025-06-08 14:00:00,8.098439322237356
2025-06-08 15:00:00,7.7204282517707306
2025-06-08 16:00:00,6.268948661088967
2025-06-08 17:00:00,4.025464977380403
2025-06-08 18:00:00,5.011828839964617
2025-06-08 19:00:00,4.032887243353901
2025-06-08 20:00:00,4.565505113721446
2025-06-08 21:00:00,3.1619015603990848
2025-06-08 22:00:00,2.316182483532305
2025-06-08 23:00:00,1.9571653979325458
2025-06-09 00:00:00,4.329709778493738
2025-06-09 01:00:00,6.576821143720302
2025-06-09 02:00:00,6.897288118940062
2025-06-09 03:00:00,7.778257047481979
2025-06-09 04:00:00,10.060113402405918
2025-06-09 05:00:00,12.70060202584874
2025-06-09 06:00:00,14.833357191457706
2025-06-09 07:00:00,14.978313720487566
2025-06-09 08:00:00,12.477172579271553
2025-06-09 09:00:00,10.803342096206833
2025-06-09 10:00:00,11.292924179639737
2025-06-09 11:00:00,9.835102800341982
2025-06-09 12:00:00,8.11894482164581
2025-06-09 13:00:00,7.3614112730907015
2025-06-09 14:00:00,5.733695335982496
2025-06-09 15:00:00,4.354308140528494
2025-06-09 16:00:00,1.9851305606322205
2025-06-09 17:00:00,0.39938903680240734
2025-06-09 18:00:00,-1.2084227035608863
2025-06-09 19:00:00,0.23942903520046385
2025-06-09 20:00:00,2.9893014455844367
2025-06-09 21:00:00,1.3958472122130319
2025-06-09 22:00:00,-1.0608183431594485
2025-06-09 23:00:00,-1.7266071118725284
2025-06-10 00:00:00,-1.66077107121526
2025-06-10 01:00:00,-0.2595290939780609
2025-06-10 02:00:00,1.0489756874820233
2025-06-10 03:00:00,3.0806378815359796
2025-06-10 04:00:00,6.222296618060184
2025-06-10 05:00:00,9.525364702763921
2025-06-10 06:00:00,12.192161780325428
2025-06-10 07:00:00,13.069886615173113
2025-06-10 08:00:00,7.604852153248435
2025-06-10 09:00:00,6.400620467724256
2025-06-10 10:00:00,7.455363693555375
2025-06-10 11:00:00,8.094476719335805
2025-06-10 12:00:00,7.58906410364165
2025-06-10 13:00:00,6.345248407845128
2025-06-10 14:00:00,5.2546989422231904
2025-06-10 15:00:00,3.9528725659672657
2025-06-10 16:00:00,1.9648721576494377
2025-06-10 17:00:00,1.3501983118134293
2025-06-10 18:00:00,1.3803319427434435
2025-06-10 19:00:00,2.1776046414333443
2025-06-10 20:00:00,2.3278582335493008
2025-06-10 21:00:00,1.628062326303624
2025-06-10 22:00:00,0.3586293446556765
2025-06-10 23:00:00,0.6621824052241996
2025-06-11 00:00:00,2.343290280652033
2025-06-11 01:00:00,3.74611174696204
2025-06-11 02:00:00,5.352340367304823
2025-06-11 03:00:00,5.216924578721034
2025-06-11 04:00:00,5.5273059322816005
2025-06-11 05:00:00,8.14521897697006
2025-06-11 06:00:00,11.011313059035496
2025-06-11 07:00:00,12.538699845141336
2025-06-11 08:00:00,12.320122839800915
2025-06-11 09:00:00,11.713485846906607
2025-06-11 10:00:00,11.961605537028468
2025-06-11 11:00:00,10.464051289012152
2025-06-11 12:00:00,8.808200789915466
2025-06-11 13:00:00,7.6769550760988885
2025-06-11 14:00:00,6.3274774053946405
2025-06-11 15:00:00,5.767671813921895
2025-06-11 16:00:00,4.4601182389624405
2025-06-11 17:00:00,2.991637834606275
2025-06-11 18:00:00,2.533288380552431
2025-06-11 19:00:00,5.317009507711458
2025-06-11 20:00:00,6.537501470783155
2025-06-11 21:00:00,5.958759173532936
2025-06-11 22:00:00,5.484826907032883
2025-06-11 23:00:00,3.9978678695616683
2025-06-12 00:00:00,4.798388953399126
2025-06-12 01:00:00,5.862004184183581
2025-06-12 02:00:00,7.168770192544981
2025-06-12 03:00:00,8.436963673325986
2025-06-12 04:00:00,10.58011894141813
2025-06-12 05:00:00,12.653974532502493
2025-06-12 06:00:00,14.515386601919431
2025-06-12 07:00:00,16.062933274385728
2025-06-12 08:00:00,16.356547855990296
2025-06-12 09:00:00,13.384078128248118
2025-06-12 10:00:00,11.614355014184122
2025-06-12 11:00:00,11.722700387651726
2025-06-12 12:00:00,9.832816946108267
2025-06-12 13:00:00,8.507319766290912
2025-06-12 14:00:00,6.824479936161538
2025-06-12 15:00:00,5.849036888162383
2025-06-12 16:00:00,3.4410419117066278
2025-06-12 17:00:00,1.3248716290435292
2025-06-12 18:00:00,1.0224953384343105
2025-06-12 19:00:00,4.4726468337832825
2025-06-12 20:00:00,6.986707721831658
2025-06-12 21:00:00,6.089095959815588
2025-06-12 22:00:00,5.146093847530429
2025-06-12 23:00:00,4.9604336071448625
2025-06-13 00:00:00,4.744026279737579
2025-06-13 01:00:00,5.883154489532297
2025-06-13 02:00:00,7.360071544551113
2025-06-13 03:00:00,8.336081398481927
2025-06-13 04:00:00,9.975496336903575
2025-06-13 05:00:00,11.953223912898281
2025-06-13 06:00:00,13.993681419255285
2025-06-13 07:00:00,13.83817806431546
2025-06-13 08:00:00,11.358271770449708
2025-06-13 09:00:00,9.118018071624508
2025-06-13 10:00:00,9.15895014310098
2025-06-13 11:00:00,11.133022369457874
2025-06-13 12:00:00,12.575957780313585
2025-06-13 13:00:00,11.414003199640813
2025-06-13 14:00:00,11.526773320979965
2025-06-13 15:00:00,10.477468417823832
2025-06-13 16:00:00,8.515896198380203
2025-06-13 17:00:00,5.397171349415243
2025-06-13 18:00:00,2.9701884090284767
2025-06-13 19:00:00,5.417718201171908
2025-06-13 20:00:00,7.655735299417981
2025-06-13 21:00:00,5.493169997868396
2025-06-13 22:00:00,3.17625113624392
2025-06-13 23:00:00,1.1513956687119165
2025-06-14 00:00:00,-1.4189604404501936
2025-06-14 01:00:00,-2.1066254949805883
2025-06-14 02:00:00,-1.8931261130290145
2025-06-14 03:00:00,-0.6828496465208286
2025-06-14 04:00:00,1.5843279083065736
2025-06-14 05:00:00,3.5399858912175377
2025-06-14 06:00:00,5.310282579986273
2025-06-14 07:00:00,4.218100565581135
2025-06-14 08:00:00,0.8902586936385891
2025-06-14 09:00:00,0.18330810905544132
2025-06-14 10:00:00,0.7535989885260853
2025-06-14 11:00:00,2.9112189842877463
2025-06-14 12:00:00,3.043222639951356
2025-06-14 13:00:00,1.9578235073903734
2025-06-14 14:00:00,0.8085037643258974
2025-06-14 15:00:00,-0.5797811323029552
2025-06-14 16:00:00,-2.6702052557799103
2025-06-14 17:00:00,-5.7042470940850905
2025-06-14 18:00:00,-7.420357030881034
2025-06-14 19:00:00,-3.8437112368161195
2025-06-14 20:00:00,-1.9955231188942752
2025-06-14 21:00:00,-3.8408312389703156
2025-06-14 22:00:00,-4.70418668001161
2025-06-14 23:00:00,-4.572257763185337
2025-06-15 00:00:00,-3.3552412818298145
2025-06-15 01:00:00,-1.7856122910030088
2025-06-15 02:00:00,0.487683377594097
2025-06-15 03:00:00,1.200606536558653
2025-06-15 04:00:00,2.442291013205932
2025-06-15 05:00:00,4.691343295428037
2025-06-15 06:00:00,7.417158510597656
2025-06-15 07:00:00,7.601032338240808
2025-06-15 08:00:00,4.166706790046608
2025-06-15 09:00:00,1.387851010439971
2025-06-15 10:00:00,1.621023769926231
2025-06-15 11:00:00,3.8233829457375372
2025-06-15 12:00:00,3.8583060257386506
2025-06-15 13:00:00,3.766878734252331
2025-06-15 14:00:00,3.0697294416798466
2025-06-15 15:00:00,1.1435457554697455
2025-06-15 16:00:00,-1.3658280101765183
2025-06-15 17:00:00,-3.9073684951589716
2025-06-15 18:00:00,-5.11789194689488
2025-06-15 19:00:00,-2.581267258371778
2025-06-15 20:00:00,-0.5761194246878946
2025-06-15 21:00:00,-1.047420968257162
2025-06-15 22:00:00,-2.273964136907034
2025-06-15 23:00:00,-3.0883822939141377
2025-06-16 00:00:00,-1.2707662299539226
2025-06-16 01:00:00,-0.22388289906215944
2025-06-16 02:00:00,0.8492892234688396
2025-06-16 03:00:00,1.8695651881043014
2025-06-16 04:00:00,3.882326761985839
2025-06-16 05:00:00,6.818371839937708
2025-06-16 06:00:00,10.139028624529798
2025-06-16 07:00:00,11.339540871497775
2025-06-16 08:00:00,9.452578187890564
2025-06-16 09:00:00,6.545025532658696
2025-06-16 10:00:00,6.2669295906638895
2025-06-16 11:00:00,6.413217452990811
2025-06-16 12:00:00,4.664544355963615
2025-06-16 13:00:00,2.624987174849701
2025-06-16 14:00:00,1.9205048035033798
2025-06-16 15:00:00,1.7370753017461331
2025-06-16 16:00:00,0.7257002979938458
2025-06-16 17:00:00,-0.2183705558914791
2025-06-16 18:00:00,1.1499267494955043
2025-06-16 19:00:00,5.694221035561898
2025-06-16 20:00:00,8.663534469525734
2025-06-16 21:00:00,7.353613151754721
2025-06-16 22:00:00,5.3704622067847225
2025-06-16 23:00:00,3.689199047937282
2025-06-17 00:00:00,3.0833912251824205
2025-06-17 01:00:00,2.7250302861709432
2025-06-17 02:00:00,2.80239271085149
2025-06-17 03:00:00,4.120295043285437
2025-06-17 04:00:00,6.18537306263395
2025-06-17 05:00:00,8.737660615791702
2025-06-17 06:00:00,11.159307904753264
2025-06-17 07:00:00,11.601776668185293
2025-06-17 08:00:00,7.939055639376972
2025-06-17 09:00:00,7.979793076110498
2025-06-17 10:00:00,8.288706709376008
2025-06-17 11:00:00,9.42121637920877
2025-06-17 12:00:00,6.915438352544816
2025-06-17 13:00:00,4.5612157383531935
2025-06-17 14:00:00,2.7545258470699046
2025-06-17 15:00:00,2.6602059630050823
2025-06-17 16:00:00,-0.4066889922772924
2025-06-17 17:00:00,-1.5612679623968777
2025-06-17 18:00:00,-2.482231969661538
2025-06-17 19:00:00,0.8213685721809736
2025-06-17 20:00:00,3.3132466530221096
2025-06-17 21:00:00,0.6368835632553593
2025-06-17 22:00:00,-1.098408773882274
2025-06-17 23:00:00,-0.9183505232301646
2025-06-18 00:00:00,-0.9531924088780412
2025-06-18 01:00:00,0.07659091352274329
2025-06-18 02:00:00,0.7943932624125005
2025-06-18 03:00:00,2.4683815480397016
2025-06-18 04:00:00,4.413726042893532
2025-06-18 05:00:00,6.463353235341334
2025-06-18 06:00:00,8.60717349346036
2025-06-18 07:00:00,8.521509708454415
2025-06-18 08:00:00,6.99163232418571
2025-06-18 09:00:00,5.326081721610447
2025-06-18 10:00:00,5.175637508584278
2025-06-18 11:00:00,5.939905178672856
2025-06-18 12:00:00,5.446654530924856
2025-06-18 13:00:00,3.403875745097201
2025-06-18 14:00:00,1.8246492538474963
2025-06-18 15:00:00,1.7562304094444432
2025-06-18 16:00:00,-0.10477970453609638
2025-06-18 17:00:00,-1.838500771511305
2025-06-18 18:00:00,-3.055325405564205
2025-06-18 19:00:00,-1.4787776101253394
2025-06-18 20:00:00,1.4251678360625715
2025-06-18 21:00:00,-0.754585351808149
2025-06-18 22:00:00,-1.3724536831469765
2025-06-18 23:00:00,-0.7081312426494565
2025-06-19 00:00:00,0.6300920677396851
2025-06-19 01:00:00,1.8784974868830582
2025-06-19 02:00:00,2.8133737598696387
2025-06-19 03:00:00,4.144327504593389
2025-06-19 04:00:00,6.39830834351423
2025-06-19 05:00:00,9.110415062455546
2025-06-19 06:00:00,12.653211212936784
2025-06-19 07:00:00,13.715488942277217
2025-06-19 08:00:00,11.610561902962736
2025-06-19 09:00:00,9.669856575982507
2025-06-19 10:00:00,9.766041975410637
2025-06-19 11:00:00,10.846697382089525
2025-06-19 12:00:00,11.183055313837123
2025-06-19 13:00:00,9.588284618133871
2025-06-19 14:00:00,9.759636600450332
2025-06-19 15:00:00,7.736333853515062
2025-06-19 16:00:00,5.841719877713679
2025-06-19 17:00:00,4.445756358185983
2025-06-19 18:00:00,2.1396338389723155
2025-06-19 19:00:00,2.3854208004681756
2025-06-19 20:00:00,4.532253528811788
2025-06-19 21:00:00,3.526103657560575
2025-06-19 22:00:00,2.550753702650502
2025-06-19 23:00:00,2.754221383073914
2025-06-20 00:00:00,4.384449176015286
2025-06-20 01:00:00,5.513512328536889
2025-06-20 02:00:00,6.217150236119928
2025-06-20 03:00:00,7.416014857978953
2025-06-20 04:00:00,9.911429844313687
2025-06-20 05:00:00,12.509381990823758
2025-06-20 06:00:00,14.654051103762615
2025-06-20 07:00:00,14.971503205314582
2025-06-20 08:00:00,10.457732644555733
2025-06-20 09:00:00,7.202907406777579
2025-06-20 10:00:00,7.947981601791053
2025-06-20 11:00:00,10.28839921024858
2025-06-20 12:00:00,11.618281050363251
2025-06-20 13:00:00,12.323762856659197
2025-06-20 14:00:00,11.258595547864441
2025-06-20 15:00:00,8.79048851471536
2025-06-20 16:00:00,7.587727903426309
2025-06-20 17:00:00,5.216192430698939
2025-06-20 18:00:00,3.227249403171564
2025-06-20 19:00:00,4.045852125587938
2025-06-20 20:00:00,6.816399741474968
2025-06-20 21:00:00,5.913707206910649
2025-06-20 22:00:00,4.770392336155627
2025-06-20 23:00:00,4.16944027386018
2025-06-21 00:00:00,2.3243155415823202
2025-06-21 01:00:00,3.1056994177730095
2025-06-21 02:00:00,4.093234080468603
2025-06-21 03:00:00,5.845180419747261
2025-06-21 04:00:00,7.98850437424155
2025-06-21 05:00:00,9.879252677435868
2025-06-21 06:00:00,12.741064340183216
2025-06-21 07:00:00,12.874047198467995
2025-06-21 08:00:00,9.395250806154603
2025-06-21 09:00:00,8.440004675493864
2025-06-21 10:00:00,8.533941663790722
2025-06-21 11:00:00,7.696983285614268
2025-06-21 12:00:00,7.459727615564743
2025-06-21 13:00:00,7.572850770921097
2025-06-21 14:00:00,7.735110882318659
2025-06-21 15:00:00,5.780403498531361
2025-06-21 16:00:00,4.001684038952635
2025-06-21 17:00:00,1.777429456595125
2025-06-21 18:00:00,0.8628454392271703
2025-06-21 19:00:00,1.5188788125253554
2025-06-21 20:00:00,4.281354413310341
2025-06-21 21:00:00,3.746340047978677
2025-06-21 22:00:00,2.4961664715701044
2025-06-21 23:00:00,2.0899493006121888
2025-06-22 00:00:00,1.6652456764348518
2025-06-22 01:00:00,3.0107539760937927
2025-06-22 02:00:00,4.004205046876572
2025-06-22 03:00:00,5.705720776882638
2025-06-22 04:00:00,7.302515265496636
2025-06-22 05:00:00,8.835893353808693
2025-06-22 06:00:00,10.442460570866341
2025-06-22 07:00:00,9.925660189453442
2025-06-22 08:00:00,6.5564036357625675
2025-06-22 09:00:00,5.6745965542241175
2025-06-22 10:00:00,5.24616570337134
2025-06-22 11:00:00,6.109267488493666
2025-06-22 12:00:00,5.3431130209232425
2025-06-22 13:00:00,5.031600132366848
2025-06-22 14:00:00,4.493717461206667
2025-06-22 15:00:00,3.5182849359435093
2025-06-22 16:00:00,2.147942755775006
2025-06-22 17:00:00,0.6829354737847203
2025-06-22 18:00:00,0.05880643778483447
2025-06-22 19:00:00,0.5482340540837676
2025-06-22 20:00:00,1.6973237406043749
2025-06-22 21:00:00,0.7232731030094968
2025-06-22 22:00:00,-0.1605402495171215
2025-06-22 23:00:00,-0.8733927701147133
2025-06-23 00:00:00,1.1158679025542138
2025-06-23 01:00:00,1.8022936033916845
2025-06-23 02:00:00,3.053347879032502
2025-06-23 03:00:00,4.346542183070527
2025-06-23 04:00:00,6.293871900477683
2025-06-23 05:00:00,8.451667650413436
2025-06-23 06:00:00,10.696067569833364
2025-06-23 07:00:00,11.016146000977495
2025-06-23 08:00:00,8.92098346755188
2025-06-23 09:00:00,7.901859964419217
2025-06-23 10:00:00,7.234564211190405
2025-06-23 11:00:00,8.000733127193639
2025-06-23 12:00:00,6.932015464126025
2025-06-23 13:00:00,6.416365423531496
2025-06-23 14:00:00,6.151796099907199
2025-06-23 15:00:00,4.846715556590077
2025-06-23 16:00:00,2.5661631479918503
2025-06-23 17:00:00,1.5851788948526488
2025-06-23 18:00:00,-0.04478133730131034
2025-06-23 19:00:00,1.6108351697970522
2025-06-23 20:00:00,3.658863543522644
2025-06-23 21:00:00,2.1397635146131684
2025-06-23 22:00:00,1.3867471754285643
2025-06-23 23:00:00,1.9156391941348985
2025-06-24 00:00:00,2.326648386325123
2025-06-24 01:00:00,3.0314921712908167
2025-06-24 02:00:00,3.863781291370488
2025-06-24 03:00:00,5.457019128928962
2025-06-24 04:00:00,7.531958060174608
2025-06-24 05:00:00,9.871895645301045
2025-06-24 06:00:00,13.321338009399534
2025-06-24 07:00:00,14.324613178013898
2025-06-24 08:00:00,11.905334553039697
2025-06-24 09:00:00,12.959231560395452
2025-06-24 10:00:00,13.313494091978605
2025-06-24 11:00:00,13.646037857388402
2025-06-24 12:00:00,12.638924614031826
2025-06-24 13:00:00,10.834760229388184
2025-06-24 14:00:00,9.483886829683698
2025-06-24 15:00:00,8.995529596821598
2025-06-24 16:00:00,7.874535769169723
2025-06-24 17:00:00,5.900210168362778
2025-06-24 18:00:00,4.8129097334220265
2025-06-24 19:00:00,5.551283345297338
2025-06-24 20:00:00,6.503942763692559
2025-06-24 21:00:00,5.739636608609826
2025-06-24 22:00:00,5.052498809047362
2025-06-24 23:00:00,4.898776822528884
2025-06-25 00:00:00,5.569980240945922
2025-06-25 01:00:00,6.4542409191994725
2025-06-25 02:00:00,7.230362878967046
2025-06-25 03:00:00,9.227223939398385
2025-06-25 04:00:00,11.025386701797048
2025-06-25 05:00:00,13.078631147241357
2025-06-25 06:00:00,15.33452788290068
2025-06-25 07:00:00,15.79491875305914
2025-06-25 08:00:00,12.168501058271653
2025-06-25 09:00:00,12.015052147177045
2025-06-25 10:00:00,12.366647736717963
2025-06-25 11:00:00,12.487844988097835
2025-06-25 12:00:00,11.314724561843509
2025-06-25 13:00:00,9.789137330870751
2025-06-25 14:00:00,9.43768903021623
2025-06-25 15:00:00,9.994270106326056
2025-06-25 16:00:00,8.390331120220042
2025-06-25 17:00:00,6.561716280604042
2025-06-25 18:00:00,5.123691568926558
2025-06-25 19:00:00,4.496588772633797
2025-06-25 20:00:00,6.648257682588048
2025-06-25 21:00:00,5.41212986062904
2025-06-25 22:00:00,4.559315415843218
2025-06-25 23:00:00,4.322859294473897
2025-06-26 00:00:00,4.017518295081494
2025-06-26 01:00:00,4.898148445322299
2025-06-26 02:00:00,6.097911274000714
2025-06-26 03:00:00,8.380788310560861
2025-06-26 04:00:00,11.00211846067707
2025-06-26 05:00:00,12.89780855769486
2025-06-26 06:00:00,15.554374334305583
2025-06-26 07:00:00,16.427791945065184
2025-06-26 08:00:00,12.35132877102006
2025-06-26 09:00:00,9.77201534948024
2025-06-26 10:00:00,9.68335063267622
2025-06-26 11:00:00,10.467206067892743
2025-06-26 12:00:00,9.770887772880899
2025-06-26 13:00:00,8.83086295958411
2025-06-26 14:00:00,7.901505893087011
2025-06-26 15:00:00,7.9593529809738355
2025-06-26 16:00:00,7.13033553667717
2025-06-26 17:00:00,6.574128014644571
2025-06-26 18:00:00,4.184189796570871
2025-06-26 19:00:00,5.277768159593133
2025-06-26 20:00:00,7.364984946904405
2025-06-26 21:00:00,5.762688465741497
2025-06-26 22:00:00,4.40890829215981
2025-06-26 23:00:00,4.522840149511519
2025-06-27 00:00:00,4.844663550901787
2025-06-27 01:00:00,5.699177435026802
2025-06-27 02:00:00,6.445382471654971
2025-06-27 03:00:00,8.11837355422528
2025-06-27 04:00:00,10.021517749926636
2025-06-27 05:00:00,11.526099811725498
2025-06-27 06:00:00,14.078697487742389
2025-06-27 07:00:00,14.695680694888363
2025-06-27 08:00:00,11.8811782888808
2025-06-27 09:00:00,10.466172408005805
2025-06-27 10:00:00,10.36724098931734
2025-06-27 11:00:00,11.77219127284236
2025-06-27 12:00:00,13.30258727229141
2025-06-27 13:00:00,11.597214715189734
2025-06-27 14:00:00,8.235237783942752
2025-06-27 15:00:00,7.065222827161698
2025-06-27 16:00:00,5.322310815188126
2025-06-27 17:00:00,5.06605047641157
2025-06-27 18:00:00,3.222190307004129
2025-06-27 19:00:00,5.5830305591861835
2025-06-27 20:00:00,6.31925750223799
2025-06-27 21:00:00,5.412186298785374
2025-06-27 22:00:00,5.041369533712518
2025-06-27 23:00:00,4.459599965286289
2025-06-28 00:00:00,3.1123950329537835
2025-06-28 01:00:00,4.1658659008017285
2025-06-28 02:00:00,6.070495861844132
2025-06-28 03:00:00,7.174964235314443
2025-06-28 04:00:00,9.155443411950447
2025-06-28 05:00:00,11.399547461799568
2025-06-28 06:00:00,13.982378278558684
2025-06-28 07:00:00,14.95287306075386
2025-06-28 08:00:00,13.926676826747087
2025-06-28 09:00:00,11.421315235624867
2025-06-28 10:00:00,9.762517393741916
2025-06-28 11:00:00,10.764335866332857
2025-06-28 12:00:00,10.712274418440638
2025-06-28 13:00:00,8.142569743781026
2025-06-28 14:00:00,5.998306552048463
2025-06-28 15:00:00,5.221214705017458
2025-06-28 16:00:00,4.168844412959653
2025-06-28 17:00:00,2.275450868530896
2025-06-28 18:00:00,2.5979812379724203
2025-06-28 19:00:00,5.5884273192858975
2025-06-28 20:00:00,6.924920654926833
2025-06-28 21:00:00,4.916484481976248
2025-06-28 22:00:00,3.7583894839597694
2025-06-28 23:00:00,3.614569220913103
2025-06-29 00:00:00,3.434534437344962
2025-06-29 01:00:00,4.399798294032067
2025-06-29 02:00:00,5.116917621739374
2025-06-29 03:00:00,6.395286603550519
2025-06-29 04:00:00,8.409985041234915
2025-06-29 05:00:00,10.383433355098164
2025-06-29 06:00:00,12.756408888205808
2025-06-29 07:00:00,13.538336695356277
2025-06-29 08:00:00,11.432857195732847
2025-06-29 09:00:00,8.629743352288006
2025-06-29 10:00:00,7.327034294875719
2025-06-29 11:00:00,9.25700501478485
2025-06-29 12:00:00,9.850213643767226
2025-06-29 13:00:00,7.812148780394252
2025-06-29 14:00:00,7.393120910509531
2025-06-29 15:00:00,5.928612889997192
2025-06-29 16:00:00,6.6995691500461305
2025-06-29 17:00:00,3.8539643844385605
2025-06-29 18:00:00,3.039157936809529
2025-06-29 19:00:00,4.732442155787159
2025-06-29 20:00:00,6.562543698133277
2025-06-29 21:00:00,4.4578197384169425
2025-06-29 22:00:00,2.496067213813445
2025-06-29 23:00:00,1.3491627407904583
2025-06-30 00:00:00,4.097066243674886
2025-06-30 01:00:00,5.402249689069063
2025-06-30 02:00:00,6.501962065190684
2025-06-30 03:00:00,7.869832067911787
2025-06-30 04:00:00,9.715459364980518
2025-06-30 05:00:00,11.735961891965902
2025-06-30 06:00:00,14.517703140669164
2025-06-30 07:00:00,16.03746329050794
2025-06-30 08:00:00,12.788859741734399
2025-06-30 09:00:00,10.851167930607314
2025-06-30 10:00:00,10.424525790944319
2025-06-30 11:00:00,11.806979487715038
2025-06-30 12:00:00,12.486186175236652
2025-06-30 13:00:00,11.653417706818315
2025-06-30 14:00:00,11.338249423277885
2025-06-30 15:00:00,10.665440141402751
2025-06-30 16:00:00,11.633045017078715
2025-06-30 17:00:00,9.372416425068232
2025-06-30 18:00:00,5.37149997664643
2025-06-30 19:00:00,4.9801491849751764
2025-06-30 20:00:00,6.974857834423746
2025-06-30 21:00:00,5.564893856009061
2025-06-30 22:00:00,5.223955427291259
2025-06-30 23:00:00,4.487663039730354
2025-07-01 00:00:00,5.1610809340213954
2025-07-01 01:00:00,6.027041253738837
2025-07-01 02:00:00,7.575944867808593
2025-07-01 03:00:00,9.590293713100591
2025-07-01 04:00:00,11.783879727083432
2025-07-01 05:00:00,14.132378929162574
2025-07-01 06:00:00,17.161369548960153
2025-07-01 07:00:00,18.811226499145004
2025-07-01 08:00:00,18.014597165331757
2025-07-01 09:00:00,15.947942927102167
2025-07-01 10:00:00,16.15954258875047
2025-07-01 11:00:00,17.66073249915828
2025-07-01 12:00:00,17.07568027753499
2025-07-01 13:00:00,16.910487042420943
2025-07-01 14:00:00,17.279360119971653
2025-07-01 15:00:00,16.604309177514676
2025-07-01 16:00:00,14.852103480787749
2025-07-01 17:00:00,13.739203814557788
2025-07-01 18:00:00,10.658244272323941
2025-07-01 19:00:00,9.811597503726208
2025-07-01 20:00:00,9.520032533570882
2025-07-01 21:00:00,7.075126922141498
2025-07-01 22:00:00,6.7734102131451195
2025-07-01 23:00:00,6.858112975352611
2025-07-02 00:00:00,8.063857073796445
2025-07-02 01:00:00,8.458498437533983
2025-07-02 02:00:00,8.90105410149783
2025-07-02 03:00:00,9.44958847047625
2025-07-02 04:00:00,10.874376974326621
2025-07-02 05:00:00,11.609201045039649
2025-07-02 06:00:00,14.792871178820741
2025-07-02 07:00:00,16.808913562790547
2025-07-02 08:00:00,16.593321473484302
2025-07-02 09:00:00,16.502308438133394
2025-07-02 10:00:00,17.719689101084064
2025-07-02 11:00:00,17.50355147731434
2025-07-02 12:00:00,14.779635106715917
2025-07-02 13:00:00,12.88961897854704
2025-07-02 14:00:00,11.845330746662109
2025-07-02 15:00:00,12.441003027336906
2025-07-02 16:00:00,12.68469115066286
2025-07-02 17:00:00,11.737800581756659
2025-07-02 18:00:00,12.174602804430652
2025-07-02 19:00:00,11.076830967657605
2025-07-02 20:00:00,10.460865328047596
2025-07-02 21:00:00,9.850151427404432
2025-07-02 22:00:00,9.16531707407869
2025-07-02 23:00:00,8.78380383535706
2025-07-03 00:00:00,9.82679405754175
2025-07-03 01:00:00,10.804723729860756
2025-07-03 02:00:00,12.046374783300374
2025-07-03 03:00:00,13.795915612414305
2025-07-03 04:00:00,16.063866394903457
2025-07-03 05:00:00,18.238531510533313
2025-07-03 06:00:00,20.42282889583134
2025-07-03 07:00:00,23.16998702926553
2025-07-03 08:00:00,25.130591491296926
2025-07-03 09:00:00,25.16281303090465
2025-07-03 10:00:00,24.25309708931244
2025-07-03 11:00:00,24.35304590283733
2025-07-03 12:00:00,21.06809852542713
2025-07-03 13:00:00,19.22590405372581
2025-07-03 14:00:00,18.767517041855893
2025-07-03 15:00:00,16.15113406510248
2025-07-03 16:00:00,16.414837221115864
2025-07-03 17:00:00,12.259946141208623
2025-07-03 18:00:00,11.11246984631382
2025-07-03 19:00:00,11.876621688443354
2025-07-03 20:00:00,11.270512510838545
2025-07-03 21:00:00,10.206023970030158
2025-07-03 22:00:00,9.625348359860482
2025-07-03 23:00:00,9.378639241651754
2025-07-04 00:00:00,9.594263526717093
2025-07-04 01:00:00,10.262577194682686
2025-07-04 02:00:00,10.885712432484816
2025-07-04 03:00:00,12.107903614270285
2025-07-04 04:00:00,13.921602804212133
2025-07-04 05:00:00,15.89742869072188
2025-07-04 06:00:00,17.56912340786509
2025-07-04 07:00:00,19.5901076014256
2025-07-04 08:00:00,21.148635610847872
2025-07-04 09:00:00,20.104868902146524
2025-07-04 10:00:00,18.202392637154553
2025-07-04 11:00:00,18.965891906939785
2025-07-04 12:00:00,16.424067177422646
2025-07-04 13:00:00,13.640904856583619
2025-07-04 14:00:00,15.183463540397991
2025-07-04 15:00:00,13.633448697453325
2025-07-04 16:00:00,14.398801759787506
2025-07-04 17:00:00,11.074663969538117
2025-07-04 18:00:00,10.510424973343952
2025-07-04 19:00:00,12.13773468979959
2025-07-04 20:00:00,11.28298098062205
2025-07-04 21:00:00,9.36618311501833
2025-07-04 22:00:00,8.723959028834892
2025-07-04 23:00:00,8.701450898640513
2025-07-05 00:00:00,7.088552995556758
2025-07-05 01:00:00,7.626115405328666
2025-07-05 02:00:00,8.210166627513061
2025-07-05 03:00:00,9.425840039338734
2025-07-05 04:00:00,10.821529329506127
2025-07-05 05:00:00,11.996528706791159
2025-07-05 06:00:00,13.486120439881903
2025-07-05 07:00:00,15.634203442971188
2025-07-05 08:00:00,16.630813439751485
2025-07-05 09:00:00,15.622208053243728
2025-07-05 10:00:00,15.16834702505208
2025-07-05 11:00:00,14.907309029909648
2025-07-05 12:00:00,14.620052960584992
2025-07-05 13:00:00,13.32762733885449
2025-07-05 14:00:00,12.144368871471674
2025-07-05 15:00:00,9.730475214865814
2025-07-05 16:00:00,9.74982589768717
2025-07-05 17:00:00,5.4115040781656
2025-07-05 18:00:00,4.949364084146624
2025-07-05 19:00:00,6.102700834362905
2025-07-05 20:00:00,7.075645880728029
2025-07-05 21:00:00,4.5849199561865035
2025-07-05 22:00:00,2.4636795580574895
2025-07-05 23:00:00,1.51582056157271
2025-07-06 00:00:00,1.0744041146978445
2025-07-06 01:00:00,1.9198877747237844
2025-07-06 02:00:00,2.956906518850206
2025-07-06 03:00:00,5.189296400112108
2025-07-06 04:00:00,7.752798843319597
2025-07-06 05:00:00,10.46264486181623
2025-07-06 06:00:00,13.783351082809695
2025-07-06 07:00:00,16.688636140393793
2025-07-06 08:00:00,17.637797692341778
2025-07-06 09:00:00,17.299335936483637
2025-07-06 10:00:00,16.42606162192879
2025-07-06 11:00:00,14.49265823670345
2025-07-06 12:00:00,13.151415661385416
2025-07-06 13:00:00,12.190138665646893
2025-07-06 14:00:00,10.472897403441818
2025-07-06 15:00:00,7.25911286624034
2025-07-06 16:00:00,5.830932015968217
2025-07-06 17:00:00,4.024760154735047
2025-07-06 18:00:00,2.177910739758346
2025-07-06 19:00:00,3.4477188198661244
2025-07-06 20:00:00,7.059913392992684
2025-07-06 21:00:00,6.733066007427829
2025-07-06 22:00:00,5.404393617269897
2025-07-06 23:00:00,4.58177037363259
2025-07-07 00:00:00,6.1104270415772275
2025-07-07 01:00:00,6.837770958175331
2025-07-07 02:00:00,8.759185463492699
2025-07-07 03:00:00,10.05399769863723
2025-07-07 04:00:00,11.60530256791484
2025-07-07 05:00:00,13.263056734085508
2025-07-07 06:00:00,15.59097005471401
2025-07-07 07:00:00,16.97316965497942
2025-07-07 08:00:00,17.339018712469464
2025-07-07 09:00:00,16.995002452366553
2025-07-07 10:00:00,15.169973844242717
2025-07-07 11:00:00,12.845921741955477
2025-07-07 12:00:00,11.041412929629663
2025-07-07 13:00:00,11.075491656703706
2025-07-07 14:00:00,10.0073295158325
2025-07-07 15:00:00,7.373908448757295
2025-07-07 16:00:00,6.1611592753937465
2025-07-07 17:00:00,4.771740743497069
2025-07-07 18:00:00,3.3022994392848486
2025-07-07 19:00:00,5.404697928116724
2025-07-07 20:00:00,8.678619327848784
2025-07-07 21:00:00,6.967317752089078
2025-07-07 22:00:00,5.700976392265291
2025-07-07 23:00:00,4.896300047443822
2025-07-08 00:00:00,4.813330356903866
2025-07-08 01:00:00,5.868088674423841
2025-07-08 02:00:00,7.564658391871489
2025-07-08 03:00:00,9.402346384410706
2025-07-08 04:00:00,12.085299366181173
2025-07-08 05:00:00,14.884212714661592
2025-07-08 06:00:00,18.018845272527376
2025-07-08 07:00:00,19.038008068392795
2025-07-08 08:00:00,18.529049603816944
2025-07-08 09:00:00,16.384887146224152
2025-07-08 10:00:00,16.67116021470658
2025-07-08 11:00:00,15.284037614862807
2025-07-08 12:00:00,14.187733922142108
2025-07-08 13:00:00,12.794859463454442
2025-07-08 14:00:00,11.786533365791442
2025-07-08 15:00:00,8.88733146386994
2025-07-08 16:00:00,7.3409792538843375
2025-07-08 17:00:00,5.187982651256742
2025-07-08 18:00:00,4.4523103161721505
2025-07-08 19:00:00,6.33361707756456
2025-07-08 20:00:00,9.295796021798612
2025-07-08 21:00:00,7.579521392137642
2025-07-08 22:00:00,6.206390737220397
2025-07-08 23:00:00,5.984147136067135
2025-07-09 00:00:00,6.497703150545298
2025-07-09 01:00:00,7.850606576562056
2025-07-09 02:00:00,8.484036569843589
2025-07-09 03:00:00,9.943124569710035
2025-07-09 04:00:00,11.82117538724835
2025-07-09 05:00:00,13.60236104759435
2025-07-09 06:00:00,15.400888320500679
2025-07-09 07:00:00,16.121816057481848
2025-07-09 08:00:00,14.601806352304216
2025-07-09 09:00:00,10.887773279301179
2025-07-09 10:00:00,11.37945731415577
2025-07-09 11:00:00,13.459754788717095
2025-07-09 12:00:00,13.569581876965499
2025-07-09 13:00:00,12.357749060469413
2025-07-09 14:00:00,11.73659282808468
2025-07-09 15:00:00,10.62446952268954
2025-07-09 16:00:00,8.707019784240828
2025-07-09 17:00:00,8.758243518575394
2025-07-09 18:00:00,6.617530440642479
2025-07-09 19:00:00,6.66726931191051
2025-07-09 20:00:00,9.368103531124433
2025-07-09 21:00:00,7.68902388941222
2025-07-09 22:00:00,5.929854075511846
2025-07-09 23:00:00,4.632216086660509
2025-07-10 00:00:00,4.684985909418624
2025-07-10 01:00:00,4.555736781193747
2025-07-10 02:00:00,4.9446956285107975
2025-07-10 03:00:00,6.67052541422719
2025-07-10 04:00:00,8.981321898813938
2025-07-10 05:00:00,10.366398854597923
2025-07-10 06:00:00,11.804506487214733
2025-07-10 07:00:00,12.679578163054568
2025-07-10 08:00:00,9.464613883255494
2025-07-10 09:00:00,8.81796659954471
2025-07-10 10:00:00,7.791286652550381
2025-07-10 11:00:00,9.789555641164938
2025-07-10 12:00:00,9.197401271182953
2025-07-10 13:00:00,8.72404662005244
2025-07-10 14:00:00,8.327846248344008
2025-07-10 15:00:00,7.108781628238336
2025-07-10 16:00:00,6.001054789299622
2025-07-10 17:00:00,6.191504753251352
2025-07-10 18:00:00,3.114490448444022
2025-07-10 19:00:00,4.238488281733069
2025-07-10 20:00:00,6.187800119425691
2025-07-10 21:00:00,4.77634011997328
2025-07-10 22:00:00,3.4268162656978287
2025-07-10 23:00:00,3.0705315476107597
2025-07-11 00:00:00,3.8439052737724344
2025-07-11 01:00:00,4.045669361470215
2025-07-11 02:00:00,4.31320626641398
2025-07-11 03:00:00,6.22660503108439
2025-07-11 04:00:00,8.545546803168982
2025-07-11 05:00:00,9.778395933316428
2025-07-11 06:00:00,11.51409234562024
2025-07-11 07:00:00,11.249630040051173
2025-07-11 08:00:00,7.73358544635754
2025-07-11 09:00:00,6.104459577352565
2025-07-11 10:00:00,4.994954552684352
2025-07-11 11:00:00,7.058374273856931
2025-07-11 12:00:00,6.0188909873811856
2025-07-11 13:00:00,5.454268865011857
2025-07-11 14:00:00,4.407763769789248
2025-07-11 15:00:00,3.577429407335568
2025-07-11 16:00:00,1.5269263265241975
2025-07-11 17:00:00,-0.8280224138801937
2025-07-11 18:00:00,-2.478991217616409
2025-07-11 19:00:00,0.725550520587237
2025-07-11 20:00:00,3.7293897966264025
2025-07-11 21:00:00,0.9223723331746415
2025-07-11 22:00:00,-0.9778204093048706
2025-07-11 23:00:00,-1.0222518502904578
2025-07-12 00:00:00,-1.893819612412477
2025-07-12 01:00:00,-0.12595823438482254
2025-07-12 02:00:00,1.3040568793052478
2025-07-12 03:00:00,3.6681494337715552
2025-07-12 04:00:00,6.385811294806819
2025-07-12 05:00:00,9.139173263918483
2025-07-12 06:00:00,11.292469768290353
2025-07-12 07:00:00,11.581869107008266
2025-07-12 08:00:00,9.145706038188742
2025-07-12 09:00:00,8.466606887291155
2025-07-12 10:00:00,8.540782189612178
2025-07-12 11:00:00,8.217616638042523
2025-07-12 12:00:00,8.184212651126215
2025-07-12 13:00:00,7.371951328839447
2025-07-12 14:00:00,5.796617532320065
2025-07-12 15:00:00,5.477218187329628
2025-07-12 16:00:00,-0.1650199746112481
2025-07-12 17:00:00,-2.852563515231418
2025-07-12 18:00:00,-0.6000428013014688
2025-07-12 19:00:00,1.5181687486262119
2025-07-12 20:00:00,4.6829929657257985
2025-07-12 21:00:00,2.421478495136514
2025-07-12 22:00:00,1.9161061260477623
2025-07-12 23:00:00,1.2017735319854173
2025-07-13 00:00:00,1.9766239257307583
2025-07-13 01:00:00,3.303087778280356
2025-07-13 02:00:00,4.97646827101108
2025-07-13 03:00:00,6.957081396893252
2025-07-13 04:00:00,9.788130052046052
2025-07-13 05:00:00,12.885642526020915
2025-07-13 06:00:00,13.964211978145663
2025-07-13 07:00:00,15.126539274321559
2025-07-13 08:00:00,15.147014771451351
2025-07-13 09:00:00,15.409769313840672
2025-07-13 10:00:00,13.445747415883197
2025-07-13 11:00:00,12.023006808353893
2025-07-13 12:00:00,10.463924207097984
2025-07-13 13:00:00,8.298671353818655
2025-07-13 14:00:00,9.012040832762022
2025-07-13 15:00:00,8.995466616907558
2025-07-13 16:00:00,11.770781141528607
2025-07-13 17:00:00,2.656482112304018
2025-07-13 18:00:00,2.7488925949348677
2025-07-13 19:00:00,4.936213445134624
2025-07-13 20:00:00,7.769648010898581
2025-07-13 21:00:00,6.9751364968531435
2025-07-13 22:00:00,4.90486195305311
2025-07-13 23:00:00,4.127417018951705
2025-07-14 00:00:00,6.74388966209287
2025-07-14 01:00:00,7.245946094613262
2025-07-14 02:00:00,8.742527886775294
2025-07-14 03:00:00,10.327302727140376
2025-07-14 04:00:00,12.106446692594691
2025-07-14 05:00:00,14.270067623839202
2025-07-14 06:00:00,16.179668739323706
2025-07-14 07:00:00,18.003046706116187
2025-07-14 08:00:00,17.41335414656622
2025-07-14 09:00:00,13.19251414497694
2025-07-14 10:00:00,12.859485598869048
2025-07-14 11:00:00,12.68020920938833
2025-07-14 12:00:00,11.37562186853621
2025-07-14 13:00:00,9.488489793129157
2025-07-14 14:00:00,9.414986329861724
2025-07-14 15:00:00,9.717436847947932
2025-07-14 16:00:00,6.063872880996531
2025-07-14 17:00:00,6.75905834452357
2025-07-14 18:00:00,5.6647202461872475
2025-07-14 19:00:00,7.730735687229055
2025-07-14 20:00:00,9.871748867665078
2025-07-14 21:00:00,8.262506179592005
2025-07-14 22:00:00,5.829351510196921
2025-07-14 23:00:00,4.554823065335933
2025-07-15 00:00:00,4.599647520911175
2025-07-15 01:00:00,5.5368923911189
2025-07-15 02:00:00,6.843413238603262
2025-07-15 03:00:00,8.65108525054766
2025-07-15 04:00:00,11.103223400899218
2025-07-15 05:00:00,14.024544588945686
2025-07-15 06:00:00,16.84242855562218
2025-07-15 07:00:00,18.775413234723125
2025-07-15 08:00:00,15.437606385848563
2025-07-15 09:00:00,13.187373250557926
2025-07-15 10:00:00,13.424225014066277
2025-07-15 11:00:00,13.984720322884996
2025-07-15 12:00:00,15.291400751260937
2025-07-15 13:00:00,14.244537426760811
2025-07-15 14:00:00,13.54502245329374
2025-07-15 15:00:00,9.971205791853885
2025-07-15 16:00:00,8.215144333787475
2025-07-15 17:00:00,8.645062620378573
2025-07-15 18:00:00,8.00429289328175
2025-07-15 19:00:00,8.950538718778242
2025-07-15 20:00:00,8.776769301283483
2025-07-15 21:00:00,7.237403177982622
2025-07-15 22:00:00,5.8504472137494465
2025-07-15 23:00:00,5.6433141002678235
2025-07-16 00:00:00,6.148553311679528
2025-07-16 01:00:00,7.184273679977487
2025-07-16 02:00:00,8.369171266911302
2025-07-16 03:00:00,10.419512537340298
2025-07-16 04:00:00,12.514876802850926
2025-07-16 05:00:00,14.266189103039997
2025-07-16 06:00:00,15.638250323453802
2025-07-16 07:00:00,16.502080199643135
2025-07-16 08:00:00,12.45286125586112
2025-07-16 09:00:00,10.326403577159786
2025-07-16 10:00:00,9.274723212405979
2025-07-16 11:00:00,10.826284072838803
2025-07-16 12:00:00,11.57850767425785
2025-07-16 13:00:00,10.530218725664307
2025-07-16 14:00:00,9.80448930695017
2025-07-16 15:00:00,7.821863185444402
2025-07-16 16:00:00,7.100587127340854
2025-07-16 17:00:00,6.74757680550131
2025-07-16 18:00:00,4.584193828217376
2025-07-16 19:00:00,4.4496152224153835
2025-07-16 20:00:00,5.125991021480968
2025-07-16 21:00:00,4.302053296230119
2025-07-16 22:00:00,3.72742589562989
2025-07-16 23:00:00,3.7162417305458155
2025-07-17 00:00:00,4.550232928011915
2025-07-17 01:00:00,5.793437114166316
2025-07-17 02:00:00,7.318874776708003
2025-07-17 03:00:00,8.662308116862494
2025-07-17 04:00:00,10.566213739835426
2025-07-17 05:00:00,12.06646228343017
2025-07-17 06:00:00,13.972193383288918
2025-07-17 07:00:00,15.149642533866
2025-07-17 08:00:00,11.78659166923125
2025-07-17 09:00:00,8.290022256705646
2025-07-17 10:00:00,7.414903868238796
2025-07-17 11:00:00,7.870622157567042
2025-07-17 12:00:00,7.7834642050135425
2025-07-17 13:00:00,7.369586199463547
2025-07-17 14:00:00,7.789043583169733
2025-07-17 15:00:00,7.00170456673828
2025-07-17 16:00:00,4.921538719674764
2025-07-17 17:00:00,2.323084735919298
2025-07-17 18:00:00,0.007972461412609622
2025-07-17 19:00:00,0.9247318099447532
2025-07-17 20:00:00,4.290791813037249
2025-07-17 21:00:00,3.304939085546999
2025-07-17 22:00:00,2.4815272469921346
2025-07-17 23:00:00,3.0776907086195253
2025-07-18 00:00:00,4.475751800347227
2025-07-18 01:00:00,5.747680202237502
2025-07-18 02:00:00,7.233759418986338
2025-07-18 03:00:00,8.605440800333533
2025-07-18 04:00:00,10.439041308765676
2025-07-18 05:00:00,11.510263995031975
2025-07-18 06:00:00,13.570569620140681
2025-07-18 07:00:00,15.216172742386975
2025-07-18 08:00:00,13.494924093518918
2025-07-18 09:00:00,10.3521272897322
2025-07-18 10:00:00,9.909385003595638
2025-07-18 11:00:00,10.161553045429567
2025-07-18 12:00:00,9.836583472209224
2025-07-18 13:00:00,9.006238968533717
2025-07-18 14:00:00,8.593034805984702
2025-07-18 15:00:00,8.123236030863625
2025-07-18 16:00:00,5.228754484381987
2025-07-18 17:00:00,2.358860422093079
2025-07-18 18:00:00,0.9783709811596669
2025-07-18 19:00:00,3.0583421543305263
2025-07-18 20:00:00,5.8167343029619785
2025-07-18 21:00:00,4.66531136046768
2025-07-18 22:00:00,4.134155931847285
2025-07-18 23:00:00,3.8016745462882424
2025-07-19 00:00:00,2.20105441167882
2025-07-19 01:00:00,2.8520411820329423
2025-07-19 02:00:00,3.3861206023654438
2025-07-19 03:00:00,4.9939399159202384
2025-07-19 04:00:00,7.7049375841555525
2025-07-19 05:00:00,10.003532738706152
2025-07-19 06:00:00,12.31677524602209
2025-07-19 07:00:00,14.337286369576026
2025-07-19 08:00:00,12.898127472950833
2025-07-19 09:00:00,9.875655491300956
2025-07-19 10:00:00,8.281612107795798
2025-07-19 11:00:00,8.231164288224583
2025-07-19 12:00:00,7.020023592190557
2025-07-19 13:00:00,5.585301433748267
2025-07-19 14:00:00,4.344678207857791
2025-07-19 15:00:00,2.9928764933489904
2025-07-19 16:00:00,0.7401976192201225
2025-07-19 17:00:00,-1.2536752089316823
2025-07-19 18:00:00,-1.531813337515769
2025-07-19 19:00:00,0.028353262481661888
2025-07-19 20:00:00,2.3125713049005765
2025-07-19 21:00:00,0.3074531345699145
2025-07-19 22:00:00,-0.6146119821050582
2025-07-19 23:00:00,-0.9556156910212973
2025-07-20 00:00:00,0.010121431349628725
2025-07-20 01:00:00,1.0497739774080463
2025-07-20 02:00:00,2.190321596156022
2025-07-20 03:00:00,3.8301335846200693
2025-07-20 04:00:00,5.805141825027281
2025-07-20 05:00:00,8.31572493684747
2025-07-20 06:00:00,10.147590917077899
2025-07-20 07:00:00,11.214631872376488
2025-07-20 08:00:00,7.719936928801045
2025-07-20 09:00:00,3.984651825693652
2025-07-20 10:00:00,3.7659713151197614
2025-07-20 11:00:00,5.036401964339557
2025-07-20 12:00:00,5.45057941203359
2025-07-20 13:00:00,4.92575914530371
2025-07-20 14:00:00,4.0261775027294835
2025-07-20 15:00:00,1.6218246579294464
2025-07-20 16:00:00,0.07991359714862609
2025-07-20 17:00:00,-1.975171448092672
2025-07-20 18:00:00,-2.7749565949040966
2025-07-20 19:00:00,-0.9493919995114899
2025-07-20 20:00:00,2.5454647456230934
2025-07-20 21:00:00,1.44220834606465
2025-07-20 22:00:00,0.02500471066122099
2025-07-20 23:00:00,-0.47499564283794843
2025-07-21 00:00:00,1.6185362180506242
2025-07-21 01:00:00,2.7943872019190352
2025-07-21 02:00:00,4.21915017009241
2025-07-21 03:00:00,5.964042090409484
2025-07-21 04:00:00,8.286486212120511
2025-07-21 05:00:00,10.791031167706812
2025-07-21 06:00:00,13.323255202700546
2025-07-21 07:00:00,14.798820848622832
2025-07-21 08:00:00,11.382562062966272
2025-07-21 09:00:00,7.508887568308478
2025-07-21 10:00:00,7.7634565222132865
2025-07-21 11:00:00,9.934887023949898
2025-07-21 12:00:00,9.569886009800644
2025-07-21 13:00:00,9.01899317391428
2025-07-21 14:00:00,8.690735930264472
2025-07-21 15:00:00,7.667170261884026
2025-07-21 16:00:00,5.693937541617827
2025-07-21 17:00:00,4.346315386357632
2025-07-21 18:00:00,3.1925506782310165
2025-07-21 19:00:00,3.280548729006127
2025-07-21 20:00:00,4.7121937617074305
2025-07-21 21:00:00,3.4560892793050675
2025-07-21 22:00:00,2.2102730685093275
2025-07-21 23:00:00,1.7195827557407461
2025-07-22 00:00:00,1.4699750723667215
2025-07-22 01:00:00,2.784615676791731
2025-07-22 02:00:00,4.886006158288024
2025-07-22 03:00:00,6.374845408587579
2025-07-22 04:00:00,8.559789796508603
2025-07-22 05:00:00,11.611393544226486
2025-07-22 06:00:00,15.051410162185642
2025-07-22 07:00:00,16.924471611999625
2025-07-22 08:00:00,13.027672110001419
2025-07-22 09:00:00,9.024557282484198
2025-07-22 10:00:00,9.392415604946702
2025-07-22 11:00:00,11.333049305715312
2025-07-22 12:00:00,12.671299941679472
2025-07-22 13:00:00,11.687473656572488
2025-07-22 14:00:00,10.600151392800875
2025-07-22 15:00:00,8.718904398913581
2025-07-22 16:00:00,6.51550120403173
2025-07-22 17:00:00,3.6629224937222804
2025-07-22 18:00:00,3.124191000986363
2025-07-22 19:00:00,4.758437619404744
2025-07-22 20:00:00,5.632547263545408
2025-07-22 21:00:00,4.076651142057933
2025-07-22 22:00:00,3.675415296509397
2025-07-22 23:00:00,3.7745844166807103
2025-07-23 00:00:00,4.690639613303866
2025-07-23 01:00:00,5.912954741172364
2025-07-23 02:00:00,6.6985705617471645
2025-07-23 03:00:00,7.902512872646929
2025-07-23 04:00:00,10.101986034687066
2025-07-23 05:00:00,11.326471711742807
2025-07-23 06:00:00,13.679264394277563
2025-07-23 07:00:00,14.96469036958064
2025-07-23 08:00:00,10.811277988902827
2025-07-23 09:00:00,8.46823968616111
2025-07-23 10:00:00,7.648108230790149
2025-07-23 11:00:00,8.398491959709206
2025-07-23 12:00:00,7.978046569386074
2025-07-23 13:00:00,7.857356306209917
2025-07-23 14:00:00,8.164526292768198
2025-07-23 15:00:00,7.439761774517066
2025-07-23 16:00:00,5.826951596399963
2025-07-23 17:00:00,3.298431462346641
2025-07-23 18:00:00,1.0804654884418883
2025-07-23 19:00:00,3.239962573841645
2025-07-23 20:00:00,5.36976934062923
2025-07-23 21:00:00,4.771011910552293
2025-07-23 22:00:00,5.257666634954394
2025-07-23 23:00:00,5.466234290814585
2025-07-24 00:00:00,6.030904588802395
2025-07-24 01:00:00,7.435052381952609
2025-07-24 02:00:00,9.037573702422163
2025-07-24 03:00:00,10.463398226905827
2025-07-24 04:00:00,12.409446286193536
2025-07-24 05:00:00,14.093494121909936
2025-07-24 06:00:00,15.968818538440212
2025-07-24 07:00:00,17.1993366404584
2025-07-24 08:00:00,12.892244380720209
2025-07-24 09:00:00,8.925767298297666
2025-07-24 10:00:00,8.262547328985082
2025-07-24 11:00:00,10.298181070098886
2025-07-24 12:00:00,9.838194044910344
2025-07-24 13:00:00,9.166129743440829
2025-07-24 14:00:00,8.987118493072618
2025-07-24 15:00:00,8.491431214828141
2025-07-24 16:00:00,6.269068800241108
2025-07-24 17:00:00,3.010565338955121
2025-07-24 18:00:00,0.9100583538119553
2025-07-24 19:00:00,2.639347932990025
2025-07-24 20:00:00,5.644337173929604
2025-07-24 21:00:00,4.523155368927467
2025-07-24 22:00:00,4.361361535393023
2025-07-24 23:00:00,3.939200134732722
2025-07-25 00:00:00,4.673014686475596
2025-07-25 01:00:00,7.037951151730454
2025-07-25 02:00:00,9.099545632308425
2025-07-25 03:00:00,10.926231502123878
2025-07-25 04:00:00,12.726850931255003
2025-07-25 05:00:00,14.567977601606888
2025-07-25 06:00:00,16.879981231087967
2025-07-25 07:00:00,18.662547281937798
2025-07-25 08:00:00,15.089613738331265
2025-07-25 09:00:00,10.769524540657036
2025-07-25 10:00:00,11.617212564356349
2025-07-25 11:00:00,14.759988285449188
2025-07-25 12:00:00,14.785950455186349
2025-07-25 13:00:00,14.327873851862774
2025-07-25 14:00:00,13.726625538642855
2025-07-25 15:00:00,13.777895510195984
2025-07-25 16:00:00,12.26315350232045
2025-07-25 17:00:00,8.295455569432235
2025-07-25 18:00:00,7.532970934254387
2025-07-25 19:00:00,7.565312669909539
2025-07-25 20:00:00,7.683970804984729
2025-07-25 21:00:00,5.642249540242437
2025-07-25 22:00:00,5.452022388690253
2025-07-25 23:00:00,5.906102699859085
2025-07-26 00:00:00,5.988083331828674
2025-07-26 01:00:00,8.598771332299055
2025-07-26 02:00:00,10.93419986374901
2025-07-26 03:00:00,13.215585482957088
2025-07-26 04:00:00,15.164942376725826
2025-07-26 05:00:00,16.417994913069457
2025-07-26 06:00:00,18.208791588677165
2025-07-26 07:00:00,18.94048037554567
2025-07-26 08:00:00,14.531181240658068
2025-07-26 09:00:00,12.369694818467678
2025-07-26 10:00:00,12.977562011191498
2025-07-26 11:00:00,13.064217830587165
2025-07-26 12:00:00,12.8186274381959
2025-07-26 13:00:00,12.338655278671329
2025-07-26 14:00:00,11.952918018371452
2025-07-26 15:00:00,11.472519644303091
2025-07-26 16:00:00,10.887515080442588
2025-07-26 17:00:00,8.686533328953281
2025-07-26 18:00:00,6.955316279874202
2025-07-26 19:00:00,7.694926771425777
2025-07-26 20:00:00,8.235642466859877
2025-07-26 21:00:00,6.376589572633215
2025-07-26 22:00:00,5.303661830586318
2025-07-26 23:00:00,4.737093345257581
2025-07-27 00:00:00,4.912318586258821
2025-07-27 01:00:00,6.303053173623699
2025-07-27 02:00:00,6.990898789443382
2025-07-27 03:00:00,8.22829123975219
2025-07-27 04:00:00,10.410430828875805
2025-07-27 05:00:00,12.448744683889188
2025-07-27 06:00:00,14.651738859497447
2025-07-27 07:00:00,15.57048946171878
2025-07-27 08:00:00,11.417149815451978
2025-07-27 09:00:00,9.348533459997595
2025-07-27 10:00:00,9.062694174053336
2025-07-27 11:00:00,9.680593900427777
2025-07-27 12:00:00,10.337094400747784
2025-07-27 13:00:00,9.757782009907833
2025-07-27 14:00:00,8.888673749835652
2025-07-27 15:00:00,7.798395331470431
2025-07-27 16:00:00,6.529298892909458
2025-07-27 17:00:00,4.363206736139116
2025-07-27 18:00:00,3.0823143792896155
2025-07-27 19:00:00,5.297173303882166
2025-07-27 20:00:00,6.191937810765546
2025-07-27 21:00:00,4.558611709098748
2025-07-27 22:00:00,3.835298731387688
2025-07-27 23:00:00,2.7646738334846317
2025-07-28 00:00:00,4.473605600672991
2025-07-28 01:00:00,4.836292725744754
2025-07-28 02:00:00,5.176507591978597
2025-07-28 03:00:00,7.074869279626544
2025-07-28 04:00:00,9.950804576267588
2025-07-28 05:00:00,12.665772608012501
2025-07-28 06:00:00,15.538670084119097
2025-07-28 07:00:00,16.802266681173048
2025-07-28 08:00:00,11.697382002763622
2025-07-28 09:00:00,8.14337971623555
2025-07-28 10:00:00,8.528540980678052
2025-07-28 11:00:00,9.20642230405791
2025-07-28 12:00:00,9.400921217513
2025-07-28 13:00:00,8.583796822361967
2025-07-28 14:00:00,8.178049365493784
2025-07-28 15:00:00,6.5809858458421155
2025-07-28 16:00:00,5.15098820300275
2025-07-28 17:00:00,2.893031832248717
2025-07-28 18:00:00,1.666556258272984
2025-07-28 19:00:00,4.650926633086788
2025-07-28 20:00:00,8.280075326033947
2025-07-28 21:00:00,7.688798973017306
2025-07-28 22:00:00,6.453511260399206
2025-07-28 23:00:00,5.468099301362064
2025-07-29 00:00:00,5.5216421764719135
2025-07-29 01:00:00,6.639745075358976
2025-07-29 02:00:00,7.6905711912044
2025-07-29 03:00:00,9.621236951397492
2025-07-29 04:00:00,11.931658522238038
2025-07-29 05:00:00,15.08600990535078
2025-07-29 06:00:00,18.687589112979495
2025-07-29 07:00:00,20.66420972622926
2025-07-29 08:00:00,15.099303884664753
2025-07-29 09:00:00,10.277843865724465
2025-07-29 10:00:00,11.346494396509117
2025-07-29 11:00:00,13.411361138369436
2025-07-29 12:00:00,13.55645607830543
2025-07-29 13:00:00,12.737053766892181
2025-07-29 14:00:00,12.002663146056701
2025-07-29 15:00:00,10.133607251514725
2025-07-29 16:00:00,7.555937473425838
2025-07-29 17:00:00,4.435133662090087
2025-07-29 18:00:00,3.3741194232839304
2025-07-29 19:00:00,6.216637134190712
2025-07-29 20:00:00,10.64961619941298
2025-07-29 21:00:00,9.508539301308195
2025-07-29 22:00:00,8.549233911908003
2025-07-29 23:00:00,8.16760163603663
2025-07-30 00:00:00,9.356187658618133
2025-07-30 01:00:00,10.81793693708832
2025-07-30 02:00:00,12.33723357699337
2025-07-30 03:00:00,14.115753176888244
2025-07-30 04:00:00,16.350300820292503
2025-07-30 05:00:00,18.004782945372746
2025-07-30 06:00:00,19.921731429229748
2025-07-30 07:00:00,20.894553018116518
2025-07-30 08:00:00,16.640430907563125
2025-07-30 09:00:00,12.785543350945186
2025-07-30 10:00:00,12.57962829640304
2025-07-30 11:00:00,14.166820401012325
2025-07-30 12:00:00,14.329136976060449
2025-07-30 13:00:00,12.935711632385308
2025-07-30 14:00:00,11.492817263839965
2025-07-30 15:00:00,10.455308176200568
2025-07-30 16:00:00,8.958502301464407
2025-07-30 17:00:00,6.5883845222055895
2025-07-30 18:00:00,5.28390580678507
2025-07-30 19:00:00,7.203807693687238
2025-07-30 20:00:00,11.220298004895316
2025-07-30 21:00:00,9.993708909609916
2025-07-30 22:00:00,8.679382431836975
2025-07-30 23:00:00,7.917235744168315
2025-07-31 00:00:00,7.777374210222646
2025-07-31 01:00:00,8.996684415900125
2025-07-31 02:00:00,11.246317434887283
2025-07-31 03:00:00,13.130000636280029
2025-07-31 04:00:00,14.967960882423048
2025-07-31 05:00:00,16.984565703545186
2025-07-31 06:00:00,19.40590519444922
2025-07-31 07:00:00,20.881338157725153
2025-07-31 08:00:00,17.302202100798254
2025-07-31 09:00:00,14.459825688256688
2025-07-31 10:00:00,14.066013734600842
2025-07-31 11:00:00,15.282290090071218
2025-07-31 12:00:00,14.566215423417413
2025-07-31 13:00:00,13.48853123426124
2025-07-31 14:00:00,12.534807372374965
2025-07-31 15:00:00,11.583606622413598
2025-07-31 16:00:00,9.329545759475437
2025-07-31 17:00:00,8.89508049335976
2025-07-31 18:00:00,8.316400952132343
2025-07-31 19:00:00,9.16597777900748
2025-07-31 20:00:00,11.805533595278852
2025-07-31 21:00:00,10.17825483278623
2025-07-31 22:00:00,9.251710855595462
2025-07-31 23:00:00,8.867989101314844
2025-08-01 00:00:00,8.196696367095079
2025-08-01 01:00:00,9.315332977379715
2025-08-01 02:00:00,10.936571155423538
2025-08-01 03:00:00,13.785509354216105
2025-08-01 04:00:00,16.337503996804816
2025-08-01 05:00:00,18.55682733895194
2025-08-01 06:00:00,21.57711632528518
2025-08-01 07:00:00,23.290400775998993
2025-08-01 08:00:00,22.30539738652252
2025-08-01 09:00:00,20.61203963095387
2025-08-01 10:00:00,19.90375616825019
2025-08-01 11:00:00,20.897617800259212
2025-08-01 12:00:00,20.270531998272393
2025-08-01 13:00:00,19.112913796854986
2025-08-01 14:00:00,19.171002942179765
2025-08-01 15:00:00,18.421785056493935
2025-08-01 16:00:00,15.649335698238518
2025-08-01 17:00:00,13.685770672050701
2025-08-01 18:00:00,12.438081718886709
2025-08-01 19:00:00,12.115877628850475
2025-08-01 20:00:00,13.086763381770504
2025-08-01 21:00:00,10.26547476673581
2025-08-01 22:00:00,9.321097719065092
2025-08-01 23:00:00,9.203827595774992
2025-08-02 00:00:00,7.695944621741907
2025-08-02 01:00:00,8.866819440693998
2025-08-02 02:00:00,10.836854163688786
2025-08-02 03:00:00,13.054993596870602
2025-08-02 04:00:00,15.480130867725968
2025-08-02 05:00:00,17.835621695850268
2025-08-02 06:00:00,20.140969960727123
2025-08-02 07:00:00,22.41322721847547
2025-08-02 08:00:00,22.813580643821055
2025-08-02 09:00:00,21.61238943798426
2025-08-02 10:00:00,20.425961553159393
2025-08-02 11:00:00,19.22268947801792
2025-08-02 12:00:00,17.00518660934366
2025-08-02 13:00:00,16.30267521354142
2025-08-02 14:00:00,15.78634506392457
2025-08-02 15:00:00,14.873936412383047
2025-08-02 16:00:00,14.248971764229792
2025-08-02 17:00:00,12.698617817828895
2025-08-02 18:00:00,10.538615506791578
2025-08-02 19:00:00,10.266302417420958
2025-08-02 20:00:00,9.910283981944175
2025-08-02 21:00:00,9.69258662862051
2025-08-02 22:00:00,9.002983380564704
2025-08-02 23:00:00,8.744647752305394
2025-08-03 00:00:00,9.601333136696693
2025-08-03 01:00:00,10.497490485998188
2025-08-03 02:00:00,12.010887173837464
2025-08-03 03:00:00,13.81032946497008
2025-08-03 04:00:00,15.395310573765972
2025-08-03 05:00:00,16.955178826134567
2025-08-03 06:00:00,18.371313372430542
2025-08-03 07:00:00,20.135656875571602
2025-08-03 08:00:00,18.61586609790956
2025-08-03 09:00:00,16.54906593605944
2025-08-03 10:00:00,15.083723720954861
2025-08-03 11:00:00,14.316251461374232
2025-08-03 12:00:00,13.044626760542991
2025-08-03 13:00:00,11.722801526242014
2025-08-03 14:00:00,10.697714947072757
2025-08-03 15:00:00,9.483844052584903
2025-08-03 16:00:00,8.158421323265479
2025-08-03 17:00:00,7.91021338328439
2025-08-03 18:00:00,7.564139175108221
2025-08-03 19:00:00,8.923432968533067
2025-08-03 20:00:00,9.800310608082148
2025-08-03 21:00:00,8.846309497616112
2025-08-03 22:00:00,7.8757874632566205
2025-08-03 23:00:00,6.735251695985184
2025-08-04 00:00:00,8.801902785547762
2025-08-04 01:00:00,9.228709856052248
2025-08-04 02:00:00,9.98922597513037
2025-08-04 03:00:00,12.122469694585362
2025-08-04 04:00:00,13.82380023786989
2025-08-04 05:00:00,16.449144069349266
2025-08-04 06:00:00,19.07210492683392
2025-08-04 07:00:00,19.627868570383217
2025-08-04 08:00:00,17.117415205951783
2025-08-04 09:00:00,14.862746318766032
2025-08-04 10:00:00,12.571623706107959
2025-08-04 11:00:00,11.728651165992552
2025-08-04 12:00:00,9.559024442223459
2025-08-04 13:00:00,7.7283168120965815
2025-08-04 14:00:00,7.256342845638446
2025-08-04 15:00:00,6.496689619166735
2025-08-04 16:00:00,4.1412047901169915
2025-08-04 17:00:00,3.716696616606311
2025-08-04 18:00:00,3.86566660574465
2025-08-04 19:00:00,8.019040207155816
2025-08-04 20:00:00,10.830993208314597
2025-08-04 21:00:00,8.215163663386802
2025-08-04 22:00:00,6.8368885482844215
2025-08-04 23:00:00,6.660888530300521
2025-08-05 00:00:00,7.133693568286788
2025-08-05 01:00:00,7.91007952170404
2025-08-05 02:00:00,9.55801126902046
2025-08-05 03:00:00,12.009188377082145
2025-08-05 04:00:00,12.922132251061816
2025-08-05 05:00:00,15.565095520930091
2025-08-05 06:00:00,19.208311943934103
2025-08-05 07:00:00,20.981181696803112
2025-08-05 08:00:00,17.855902898732403
2025-08-05 09:00:00,17.11083900188527
2025-08-05 10:00:00,15.49238150223709
2025-08-05 11:00:00,15.259057383902274
2025-08-05 12:00:00,13.538047615644615
2025-08-05 13:00:00,11.477703291324044
2025-08-05 14:00:00,9.254461785412358
2025-08-05 15:00:00,7.365952999127497
2025-08-05 16:00:00,5.187517614075515
2025-08-05 17:00:00,3.1673212046677715
2025-08-05 18:00:00,2.9536130292757634
2025-08-05 19:00:00,5.429099307199707
2025-08-05 20:00:00,7.652258249105385
2025-08-05 21:00:00,5.514618737958578
2025-08-05 22:00:00,3.700329112887873
2025-08-05 23:00:00,3.780730024843759
2025-08-06 00:00:00,4.297393732583824
2025-08-06 01:00:00,5.256864345878648
2025-08-06 02:00:00,6.501533032970291
2025-08-06 03:00:00,8.529788482948527
2025-08-06 04:00:00,9.218238824370168
2025-08-06 05:00:00,10.620158201171067
2025-08-06 06:00:00,12.556230292614158
2025-08-06 07:00:00,14.248981565609657
2025-08-06 08:00:00,9.722633695924072
2025-08-06 09:00:00,5.686103265484703
2025-08-06 10:00:00,5.044338329481223
2025-08-06 11:00:00,8.092205423504023
2025-08-06 12:00:00,10.00248899627971
2025-08-06 13:00:00,9.63963030881965
2025-08-06 14:00:00,9.394507339962432
2025-08-06 15:00:00,7.5766666742349855
2025-08-06 16:00:00,4.46682557899749
2025-08-06 17:00:00,0.5938877611839443
2025-08-06 18:00:00,-0.7714955576967306
2025-08-06 19:00:00,2.195629769579759
2025-08-06 20:00:00,4.7214905739361575
2025-08-06 21:00:00,2.6450679817443046
2025-08-06 22:00:00,1.598863576844678
2025-08-06 23:00:00,2.1860233352253964
2025-08-07 00:00:00,2.9352909162436145
2025-08-07 01:00:00,4.180202358485767
2025-08-07 02:00:00,5.413370612844607
2025-08-07 03:00:00,7.368978182161744
2025-08-07 04:00:00,9.705002626810376
2025-08-07 05:00:00,12.041037577568142
2025-08-07 06:00:00,14.607156189864344
2025-08-07 07:00:00,16.77948085019142
2025-08-07 08:00:00,13.88340379256167
2025-08-07 09:00:00,9.885740618690964
2025-08-07 10:00:00,9.195763901403344
2025-08-07 11:00:00,11.624923896200668
2025-08-07 12:00:00,11.562873044604355
2025-08-07 13:00:00,10.264928602752857
2025-08-07 14:00:00,9.365641444894841
2025-08-07 15:00:00,7.400445530529913
2025-08-07 16:00:00,5.20977675452347
2025-08-07 17:00:00,2.5697669721101417
2025-08-07 18:00:00,1.1217521927227705
2025-08-07 19:00:00,3.9695574753583043
2025-08-07 20:00:00,7.170668146710243
2025-08-07 21:00:00,5.519740073486955
2025-08-07 22:00:00,4.764739963633615
2025-08-07 23:00:00,4.38969624844648
2025-08-08 00:00:00,5.067049486706535
2025-08-08 01:00:00,6.628203880633347
2025-08-08 02:00:00,8.23857589843972
2025-08-08 03:00:00,9.82698232319411
2025-08-08 04:00:00,12.37747359201957
2025-08-08 05:00:00,15.056175010670906
2025-08-08 06:00:00,17.762147891862057
2025-08-08 07:00:00,19.810915361166835
2025-08-08 08:00:00,16.425549159968792
2025-08-08 09:00:00,12.461796826303642
2025-08-08 10:00:00,11.40513995760606
2025-08-08 11:00:00,12.183961477017563
2025-08-08 12:00:00,12.34118057147716
2025-08-08 13:00:00,10.716727737194695
2025-08-08 14:00:00,9.288364500471252
2025-08-08 15:00:00,7.903703987316856
2025-08-08 16:00:00,6.617854487614662
2025-08-08 17:00:00,4.680851076722483
2025-08-08 18:00:00,3.099043114014602
2025-08-08 19:00:00,6.252909248519706
2025-08-08 20:00:00,9.832282734284558
2025-08-08 21:00:00,7.677677361857117
2025-08-08 22:00:00,6.245107195613903
2025-08-08 23:00:00,6.029078636470232
2025-08-09 00:00:00,3.7892341433949404
2025-08-09 01:00:00,4.777974091136682
2025-08-09 02:00:00,5.967762015694794
2025-08-09 03:00:00,7.673661977156038
2025-08-09 04:00:00,9.854206593246126
2025-08-09 05:00:00,12.24552423644777
2025-08-09 06:00:00,14.496458162931672
2025-08-09 07:00:00,16.114213658838448
2025-08-09 08:00:00,12.571888045391923
2025-08-09 09:00:00,9.294649274802751
2025-08-09 10:00:00,7.916848445624817
2025-08-09 11:00:00,8.03464242791273
2025-08-09 12:00:00,8.536179207910402
2025-08-09 13:00:00,7.233194623215895
2025-08-09 14:00:00,6.242903542432787
2025-08-09 15:00:00,5.89897446673922
2025-08-09 16:00:00,3.5326557750571923
2025-08-09 17:00:00,2.612695516054936
2025-08-09 18:00:00,0.22078872767086927
2025-08-09 19:00:00,3.5788955219753795
2025-08-09 20:00:00,6.307962120284097
2025-08-09 21:00:00,3.9773780580245313
2025-08-09 22:00:00,2.637632585079814
2025-08-09 23:00:00,2.0096580337608203
2025-08-10 00:00:00,2.106207165939642
2025-08-10 01:00:00,3.5239977510185025
2025-08-10 02:00:00,5.136182156786594
2025-08-10 03:00:00,6.785097542838733
2025-08-10 04:00:00,8.788370154336858
2025-08-10 05:00:00,10.506798486872198
2025-08-10 06:00:00,12.801934164414817
2025-08-10 07:00:00,14.822709484766555
2025-08-10 08:00:00,12.559327622327164
2025-08-10 09:00:00,9.988432028451697
2025-08-10 10:00:00,7.704732533581983
2025-08-10 11:00:00,7.646068032779708
2025-08-10 12:00:00,8.053750633353005
2025-08-10 13:00:00,6.06121936248058
2025-08-10 14:00:00,4.710300507470628
2025-08-10 15:00:00,5.016955889940217
2025-08-10 16:00:00,3.1325773550187552
2025-08-10 17:00:00,2.2828606288977866
2025-08-10 18:00:00,0.23125609638474978
2025-08-10 19:00:00,2.654498408506293
2025-08-10 20:00:00,4.031526534854399
2025-08-10 21:00:00,2.048149018122003
2025-08-10 22:00:00,0.5966580824646446
2025-08-10 23:00:00,-0.3296954987384303
2025-08-11 00:00:00,2.11380431383744
2025-08-11 01:00:00,3.009896334111705
2025-08-11 02:00:00,4.106628812669696
2025-08-11 03:00:00,5.908256510043688
2025-08-11 04:00:00,8.75936912305151
2025-08-11 05:00:00,11.600110019987696
2025-08-11 06:00:00,14.704969405933298
2025-08-11 07:00:00,17.283420062153457
2025-08-11 08:00:00,15.954293329852673
2025-08-11 09:00:00,12.798923712615265
2025-08-11 10:00:00,11.498230817159534
2025-08-11 11:00:00,12.843835470378108
2025-08-11 12:00:00,13.357021583113635
2025-08-11 13:00:00,11.814982295461077
2025-08-11 14:00:00,11.307340098297077
2025-08-11 15:00:00,9.936117058277167
2025-08-11 16:00:00,7.926061872697512
2025-08-11 17:00:00,4.730662355287511
2025-08-11 18:00:00,4.462894742439741
2025-08-11 19:00:00,5.764581920707824
2025-08-11 20:00:00,6.292410895645295
2025-08-11 21:00:00,4.102106732339242
2025-08-11 22:00:00,3.0792189797871674
2025-08-11 23:00:00,3.272618586617358
2025-08-12 00:00:00,5.57947513636019
2025-08-12 01:00:00,8.037555353994167
2025-08-12 02:00:00,9.677863841857295
2025-08-12 03:00:00,10.917053753943067
2025-08-12 04:00:00,13.438595279531533
2025-08-12 05:00:00,15.911161827558642
2025-08-12 06:00:00,18.582155118333482
2025-08-12 07:00:00,21.891834011178126
2025-08-12 08:00:00,20.074432521261595
2025-08-12 09:00:00,18.313580772030733
2025-08-12 10:00:00,17.67042824457879
2025-08-12 11:00:00,18.695259155693048
2025-08-12 12:00:00,16.994245603584694
2025-08-12 13:00:00,14.49353239586199
2025-08-12 14:00:00,12.367587377843849
2025-08-12 15:00:00,10.198498216974295
2025-08-12 16:00:00,8.937779827739444
2025-08-12 17:00:00,5.869136774251775
2025-08-12 18:00:00,6.409475103598258
2025-08-12 19:00:00,10.357826402184145
2025-08-12 20:00:00,9.728657935603259
2025-08-12 21:00:00,9.200982563440647
2025-08-12 22:00:00,9.641555262918725
2025-08-12 23:00:00,9.851877862716938
2025-08-13 00:00:00,9.62407778205813
2025-08-13 01:00:00,10.095691231459629
2025-08-13 02:00:00,10.958565851806439
2025-08-13 03:00:00,12.137726694544371
2025-08-13 04:00:00,14.268276220854403
2025-08-13 05:00:00,17.753998901790403
2025-08-13 06:00:00,20.627088279342157
2025-08-13 07:00:00,23.441041485857262
2025-08-13 08:00:00,21.13474332660211
2025-08-13 09:00:00,17.506362963840118
2025-08-13 10:00:00,15.877859664219784
2025-08-13 11:00:00,16.235382519320297
2025-08-13 12:00:00,15.06815828137223
2025-08-13 13:00:00,13.399743424527411
2025-08-13 14:00:00,13.175928267867182
2025-08-13 15:00:00,11.252473587449972
2025-08-13 16:00:00,10.67161522393354
2025-08-13 17:00:00,7.980238598069404
2025-08-13 18:00:00,7.555970630825395
2025-08-13 19:00:00,11.911957928408093
2025-08-13 20:00:00,12.679032077779071
2025-08-13 21:00:00,10.811482360507341
2025-08-13 22:00:00,9.884595207182038
2025-08-13 23:00:00,9.823986333471845
2025-08-14 00:00:00,9.993271150327347
2025-08-14 01:00:00,10.158044109545527
2025-08-14 02:00:00,11.215472322252745
2025-08-14 03:00:00,13.04663977984259
2025-08-14 04:00:00,15.012606932927984
2025-08-14 05:00:00,16.63986766783385
2025-08-14 06:00:00,18.95357293166667
2025-08-14 07:00:00,21.351943196079212
2025-08-14 08:00:00,17.85836434693199
2025-08-14 09:00:00,13.987673207135266
2025-08-14 10:00:00,11.923673067800179
2025-08-14 11:00:00,11.691865493622565
2025-08-14 12:00:00,11.456386504731311
2025-08-14 13:00:00,10.364424957806385
2025-08-14 14:00:00,10.260235296447302
2025-08-14 15:00:00,8.348707754937696
2025-08-14 16:00:00,6.855080776336897
2025-08-14 17:00:00,4.541102240796615
2025-08-14 18:00:00,3.554321444447215
2025-08-14 19:00:00,7.793308756196554
2025-08-14 20:00:00,9.282552852928129
2025-08-14 21:00:00,6.839028097475903
2025-08-14 22:00:00,5.828432094492476
2025-08-14 23:00:00,5.847232021892702
2025-08-15 00:00:00,6.448819595878376
2025-08-15 01:00:00,8.063097302778095
2025-08-15 02:00:00,9.287739299977801
2025-08-15 03:00:00,10.669391999383862
2025-08-15 04:00:00,12.934872978742419
2025-08-15 05:00:00,15.479421708850266
2025-08-15 06:00:00,17.154988719000663
2025-08-15 07:00:00,18.93943551847249
2025-08-15 08:00:00,13.560604578051143
2025-08-15 09:00:00,9.370776768253085
2025-08-15 10:00:00,9.174571619267246
2025-08-15 11:00:00,11.490199043936736
2025-08-15 12:00:00,12.333101733335948
2025-08-15 13:00:00,11.343806850366041
2025-08-15 14:00:00,9.997749060533394
2025-08-15 15:00:00,8.51370224744951
2025-08-15 16:00:00,6.2352654535717225
2025-08-15 17:00:00,3.2546392941754214
2025-08-15 18:00:00,2.5387611925552225
2025-08-15 19:00:00,6.124580430539089
2025-08-15 20:00:00,7.575670289154979
2025-08-15 21:00:00,5.322916092324087
2025-08-15 22:00:00,4.663088203769386
2025-08-15 23:00:00,4.653607056357825
2025-08-16 00:00:00,3.294304560758058
2025-08-16 01:00:00,4.657854301079035
2025-08-16 02:00:00,5.890672992966292
2025-08-16 03:00:00,8.336817010197654
2025-08-16 04:00:00,11.103369648210617
2025-08-16 05:00:00,13.658222996477658
2025-08-16 06:00:00,15.731650190068159
2025-08-16 07:00:00,18.31048449863068
2025-08-16 08:00:00,15.197307376827947
2025-08-16 09:00:00,10.997608926568248
2025-08-16 10:00:00,10.262338287880755
2025-08-16 11:00:00,12.156704658705467
2025-08-16 12:00:00,12.415622905318356
2025-08-16 13:00:00,9.835918217816564
2025-08-16 14:00:00,9.653661352664098
2025-08-16 15:00:00,10.13742269705656
2025-08-16 16:00:00,6.219985308111598
2025-08-16 17:00:00,3.5467408990958282
2025-08-16 18:00:00,3.289305091841493
2025-08-16 19:00:00,6.234268972729167
2025-08-16 20:00:00,8.343388081219475
2025-08-16 21:00:00,6.439997817906056
2025-08-16 22:00:00,5.328041712631552
2025-08-16 23:00:00,4.174992104510479
2025-08-17 00:00:00,4.507612882686979
2025-08-17 01:00:00,5.306149558674337
2025-08-17 02:00:00,6.304998725045512
2025-08-17 03:00:00,8.148005971968873
2025-08-17 04:00:00,10.688923878405381
2025-08-17 05:00:00,12.903681685569358
2025-08-17 06:00:00,15.196880043398076
2025-08-17 07:00:00,16.99037375334388
2025-08-17 08:00:00,14.353366591114382
2025-08-17 09:00:00,10.053210421312263
2025-08-17 10:00:00,9.744700491951146
2025-08-17 11:00:00,11.655234840426653
2025-08-17 12:00:00,12.191004212465309
2025-08-17 13:00:00,11.079058818214481
2025-08-17 14:00:00,12.273003200047244
2025-08-17 15:00:00,10.624955215049146
2025-08-17 16:00:00,7.583834575796396
2025-08-17 17:00:00,5.691462881891347
2025-08-17 18:00:00,4.816567083513966
2025-08-17 19:00:00,8.253769327749525
2025-08-17 20:00:00,9.210168305152827
2025-08-17 21:00:00,7.55857144228419
2025-08-17 22:00:00,7.012345538341895
2025-08-17 23:00:00,5.900052481942815
2025-08-18 00:00:00,7.902366517874676
2025-08-18 01:00:00,9.273806475347518
2025-08-18 02:00:00,10.013770996721584
2025-08-18 03:00:00,11.62424224808348
2025-08-18 04:00:00,13.748789182000055
2025-08-18 05:00:00,16.483558689856046
2025-08-18 06:00:00,18.566687266690657
2025-08-18 07:00:00,20.99421826486122
2025-08-18 08:00:00,17.020214284062092
2025-08-18 09:00:00,11.639479036120692
2025-08-18 10:00:00,11.190100593628271
2025-08-18 11:00:00,11.69752895311919
2025-08-18 12:00:00,14.205718483982187
2025-08-18 13:00:00,14.01989738975841
2025-08-18 14:00:00,14.27360585529456
2025-08-18 15:00:00,11.740184314157188
2025-08-18 16:00:00,9.528699350354811
2025-08-18 17:00:00,6.671450321492524
2025-08-18 18:00:00,6.496977547479009
2025-08-18 19:00:00,9.903083846326354
2025-08-18 20:00:00,10.193195325296184
2025-08-18 21:00:00,9.005578924576469
2025-08-18 22:00:00,8.200425227110712
2025-08-18 23:00:00,7.304535298560627
2025-08-19 00:00:00,7.637486527340672
2025-08-19 01:00:00,8.831448918357884
2025-08-19 02:00:00,9.804564421008962
2025-08-19 03:00:00,12.333531260407957
2025-08-19 04:00:00,14.607698307356685
2025-08-19 05:00:00,16.47546987137916
2025-08-19 06:00:00,20.245431939274358
2025-08-19 07:00:00,23.755318719744164
2025-08-19 08:00:00,20.10234789453942
2025-08-19 09:00:00,15.450651295859858
2025-08-19 10:00:00,15.370893766366148
2025-08-19 11:00:00,17.249803458910087
2025-08-19 12:00:00,16.931097349223897
2025-08-19 13:00:00,15.879521628776436
2025-08-19 14:00:00,14.69775096175733
2025-08-19 15:00:00,12.260715239611905
2025-08-19 16:00:00,10.536331882624934
2025-08-19 17:00:00,9.351446619729085
2025-08-19 18:00:00,8.767330775305194
2025-08-19 19:00:00,10.70119392913423
2025-08-19 20:00:00,11.507635930018154
2025-08-19 21:00:00,11.096424907091654
2025-08-19 22:00:00,11.331695875301625
2025-08-19 23:00:00,11.298569437068371
2025-08-20 00:00:00,11.91672594899215
2025-08-20 01:00:00,13.276710548001718
2025-08-20 02:00:00,14.171257537428419
2025-08-20 03:00:00,15.49515533605743
2025-08-20 04:00:00,17.765416254692575
2025-08-20 05:00:00,19.488991294264423
2025-08-20 06:00:00,21.840314041405996
2025-08-20 07:00:00,23.87933955861914
2025-08-20 08:00:00,19.53318591907241
2025-08-20 09:00:00,16.355852833164956
2025-08-20 10:00:00,16.974151271736353
2025-08-20 11:00:00,18.013719867278816
2025-08-20 12:00:00,15.362210999694263
2025-08-20 13:00:00,15.900259725357895
2025-08-20 14:00:00,15.616293728677645
2025-08-20 15:00:00,15.026619975810943
2025-08-20 16:00:00,14.523403462606588
2025-08-20 17:00:00,14.279144695361612
2025-08-20 18:00:00,13.424313916621152
2025-08-20 19:00:00,14.60039526430258
2025-08-20 20:00:00,14.22986787760226
2025-08-20 21:00:00,14.09195819065876
2025-08-20 22:00:00,13.759151194378983
2025-08-20 23:00:00,12.8560335116733
2025-08-21 00:00:00,13.435544701622517
2025-08-21 01:00:00,14.26859771073631
2025-08-21 02:00:00,15.061583373578134
2025-08-21 03:00:00,16.72218469764553
2025-08-21 04:00:00,18.38006469105808
2025-08-21 05:00:00,19.883857874562946
2025-08-21 06:00:00,20.455796253598095
2025-08-21 07:00:00,21.87788587358096
2025-08-21 08:00:00,17.536022041835288
2025-08-21 09:00:00,12.680887093931913
2025-08-21 10:00:00,11.735374588488536
2025-08-21 11:00:00,11.43128133004962
2025-08-21 12:00:00,12.395378686174272
2025-08-21 13:00:00,11.588220567227106
2025-08-21 14:00:00,10.840465234470853
2025-08-21 15:00:00,10.451276961119529
2025-08-21 16:00:00,9.768704522660268
2025-08-21 17:00:00,8.417138435578824
2025-08-21 18:00:00,9.645071810666071
2025-08-21 19:00:00,14.49143045162861
2025-08-21 20:00:00,15.777948445182705
2025-08-21 21:00:00,14.777202435140191
2025-08-21 22:00:00,14.716926410102108
2025-08-21 23:00:00,13.833205214514207
2025-08-22 00:00:00,14.30688267479568
2025-08-22 01:00:00,14.978354255816614
2025-08-22 02:00:00,15.053868915436977
2025-08-22 03:00:00,16.695353876743003
2025-08-22 04:00:00,18.472270931386497
2025-08-22 05:00:00,19.896316024857096
2025-08-22 06:00:00,21.08964700045985
2025-08-22 07:00:00,23.188286662032095
2025-08-22 08:00:00,19.629018261807435
2025-08-22 09:00:00,15.476556511412797
2025-08-22 10:00:00,15.637508017427201
2025-08-22 11:00:00,17.536814036752116
2025-08-22 12:00:00,16.28756448031934
2025-08-22 13:00:00,14.635230107747882
2025-08-22 14:00:00,14.35315186777242
2025-08-22 15:00:00,12.731261426544735
2025-08-22 16:00:00,11.629669276840959
2025-08-22 17:00:00,8.72622664557382
2025-08-22 18:00:00,7.8358894876191725
2025-08-22 19:00:00,11.554508037556488
2025-08-22 20:00:00,12.911728357975887
2025-08-22 21:00:00,12.226443131453374
2025-08-22 22:00:00,11.171565927663298
2025-08-22 23:00:00,10.418428945178286
2025-08-23 00:00:00,9.19351112324928
2025-08-23 01:00:00,10.447075236783377
2025-08-23 02:00:00,11.922845170681724
2025-08-23 03:00:00,13.550179426912301
2025-08-23 04:00:00,15.305247013866483
2025-08-23 05:00:00,16.43447720944151
2025-08-23 06:00:00,17.895610723628195
2025-08-23 07:00:00,19.63682857100687
2025-08-23 08:00:00,13.57027727285625
2025-08-23 09:00:00,9.21229990879459
2025-08-23 10:00:00,9.827552669847421
2025-08-23 11:00:00,12.020505441416736
2025-08-23 12:00:00,10.327783734143267
2025-08-23 13:00:00,8.893062524395077
2025-08-23 14:00:00,7.840511196330048
2025-08-23 15:00:00,6.7145268945364185
2025-08-23 16:00:00,5.177399023359385
2025-08-23 17:00:00,3.467041147493691
2025-08-23 18:00:00,4.692053016435741
2025-08-23 19:00:00,9.779131793048526
2025-08-23 20:00:00,10.915623400479637
2025-08-23 21:00:00,9.00764516084023
2025-08-23 22:00:00,8.35330701651506
2025-08-23 23:00:00,8.135465541113382
2025-08-24 00:00:00,8.56894781501472
2025-08-24 01:00:00,9.474057175340883
2025-08-24 02:00:00,10.813058598044767
2025-08-24 03:00:00,12.322952304540955
2025-08-24 04:00:00,13.992819678247658
2025-08-24 05:00:00,15.068063451266093
2025-08-24 06:00:00,16.684252681668195
2025-08-24 07:00:00,17.71739310914867
2025-08-24 08:00:00,11.794749835319744
2025-08-24 09:00:00,7.425845840686864
2025-08-24 10:00:00,7.683190564076329
2025-08-24 11:00:00,9.253735774737017
2025-08-24 12:00:00,9.757709937646567
2025-08-24 13:00:00,8.998099182834164
2025-08-24 14:00:00,7.213920258432072
2025-08-24 15:00:00,5.441467712176875
2025-08-24 16:00:00,3.3169208124420297
2025-08-24 17:00:00,0.822153212643486
2025-08-24 18:00:00,1.9189475292021234
2025-08-24 19:00:00,7.052173475492651
2025-08-24 20:00:00,8.807954789008198
2025-08-24 21:00:00,7.4956318955020915
2025-08-24 22:00:00,7.046139770391347
2025-08-24 23:00:00,6.6528470805318864
2025-08-25 00:00:00,9.080313754890255
2025-08-25 01:00:00,10.229835448562165
2025-08-25 02:00:00,11.550542047192284
2025-08-25 03:00:00,13.25523838834882
2025-08-25 04:00:00,15.153886293926533
2025-08-25 05:00:00,16.766224619509533
2025-08-25 06:00:00,19.57016212560944
2025-08-25 07:00:00,21.801616695968335
2025-08-25 08:00:00,17.347781476171438
2025-08-25 09:00:00,12.227864724864784
2025-08-25 10:00:00,11.307869823853597
2025-08-25 11:00:00,12.583237368550735
2025-08-25 12:00:00,13.851963971096296
2025-08-25 13:00:00,12.63198945711584
2025-08-25 14:00:00,10.995152926289222
2025-08-25 15:00:00,9.514909770471517
2025-08-25 16:00:00,6.377265630785006
2025-08-25 17:00:00,4.902405507555545
2025-08-25 18:00:00,4.448631777546807
2025-08-25 19:00:00,8.68970107940188
2025-08-25 20:00:00,9.287193756175242
2025-08-25 21:00:00,7.6229896085325874
2025-08-25 22:00:00,6.446140976518239
2025-08-25 23:00:00,5.949386022596082
2025-08-26 00:00:00,6.783092174963616
2025-08-26 01:00:00,7.490837191286701
2025-08-26 02:00:00,8.712148455297866
2025-08-26 03:00:00,10.580778267221914
2025-08-26 04:00:00,12.445227139259659
2025-08-26 05:00:00,14.301151375582716
2025-08-26 06:00:00,17.805687284332063
2025-08-26 07:00:00,21.407082825526356
2025-08-26 08:00:00,20.826440090811527
2025-08-26 09:00:00,17.37070496326224
2025-08-26 10:00:00,15.534000013657911
2025-08-26 11:00:00,17.164520108886713
2025-08-26 12:00:00,17.833590329783217
2025-08-26 13:00:00,15.725320776775215
2025-08-26 14:00:00,14.415070028080207
2025-08-26 15:00:00,12.161577016114999
2025-08-26 16:00:00,10.026193552203416
2025-08-26 17:00:00,8.25578460937005
2025-08-26 18:00:00,6.789967150406334
2025-08-26 19:00:00,8.808291683099258
2025-08-26 20:00:00,8.516100229359374
2025-08-26 21:00:00,7.470437272398266
2025-08-26 22:00:00,6.559411390335949
2025-08-26 23:00:00,6.581443275386616
