timestamp,price_q50
2025-01-03 00:00:00,29.14032996549724
2025-01-03 01:00:00,32.48897764885997
2025-01-03 02:00:00,42.71214338159748
2025-01-03 03:00:00,-14.5578829710354
2025-01-03 04:00:00,-24.90896175239503
2025-01-03 05:00:00,-7.737313494779225
2025-01-03 06:00:00,-0.48567826490499993
2025-01-03 07:00:00,9.591470104042001
2025-01-03 08:00:00,11.858976845720125
2025-01-03 09:00:00,-32.30877418191557
2025-01-03 10:00:00,-31.734061540731712
2025-01-03 11:00:00,84.48972727721531
2025-01-03 12:00:00,269.64167087014897
2025-01-03 13:00:00,367.0475950749343
2025-01-03 14:00:00,195.1512702167733
2025-01-03 15:00:00,52.62701536716754
2025-01-03 16:00:00,16.604295920580938
2025-01-03 17:00:00,4.326370775977791
2025-01-03 18:00:00,-9.57243548684582
2025-01-03 19:00:00,-6.124698513699608
2025-01-03 20:00:00,-9.291760200150154
2025-01-03 21:00:00,-10.157590453052743
2025-01-03 22:00:00,-7.150522300298626
2025-01-03 23:00:00,-5.085477079502787
2025-01-04 00:00:00,16.500651738402848
2025-01-04 01:00:00,10.313064308439019
2025-01-04 02:00:00,39.59065650421407
2025-01-04 03:00:00,-10.832065029883745
2025-01-04 04:00:00,-0.731139591978218
2025-01-04 05:00:00,3.1893169410434736
2025-01-04 06:00:00,2.988782173085648
2025-01-04 07:00:00,1.8768219161760276
2025-01-04 08:00:00,3.3207836331492038
2025-01-04 09:00:00,-32.14919805140654
2025-01-04 10:00:00,-21.656537822445266
2025-01-04 11:00:00,72.98964069928984
2025-01-04 12:00:00,147.1014204779752
2025-01-04 13:00:00,114.76493460373293
2025-01-04 14:00:00,44.80350995388908
2025-01-04 15:00:00,0.6957133410680185
2025-01-04 16:00:00,-8.634066425033103
2025-01-04 17:00:00,-12.084828200661166
2025-01-04 18:00:00,-21.19027633647933
2025-01-04 19:00:00,-19.549844041072348
2025-01-04 20:00:00,-20.25576960886509
2025-01-04 21:00:00,-21.671991646944647
2025-01-04 22:00:00,-18.28509138082587
2025-01-04 23:00:00,-10.91018648497891
2025-01-05 00:00:00,-0.9154184847405904
2025-01-05 01:00:00,-13.726594946661594
2025-01-05 02:00:00,20.30155774582779
2025-01-05 03:00:00,-27.93953086209393
2025-01-05 04:00:00,-73.3709464098751
2025-01-05 05:00:00,-81.12001981303422
2025-01-05 06:00:00,-89.2029112167694
2025-01-05 07:00:00,-99.03285725697309
2025-01-05 08:00:00,-131.51465749948693
2025-01-05 09:00:00,-157.916851715884
2025-01-05 10:00:00,-133.03794380980352
2025-01-05 11:00:00,-36.4802429749898
2025-01-05 12:00:00,22.259514373159387
2025-01-05 13:00:00,1.274921846107497
2025-01-05 14:00:00,-39.97872808810324
2025-01-05 15:00:00,-50.856384383123526
2025-01-05 16:00:00,-76.209034541303
2025-01-05 17:00:00,-128.45462818837532
2025-01-05 18:00:00,-162.64170004013303
2025-01-05 19:00:00,-165.08028349328475
2025-01-05 20:00:00,-161.89314777087694
2025-01-05 21:00:00,-165.24778913626295
2025-01-05 22:00:00,-156.940156657427
2025-01-05 23:00:00,-153.68139948507422
2025-01-06 00:00:00,-129.7714461447102
2025-01-06 01:00:00,-131.2350331056183
2025-01-06 02:00:00,-103.3625371770452
2025-01-06 03:00:00,-141.80223150956758
2025-01-06 04:00:00,-189.68242233191287
2025-01-06 05:00:00,-184.11547348341074
2025-01-06 06:00:00,-167.97893860236806
2025-01-06 07:00:00,-125.87690708692212
2025-01-06 08:00:00,-151.93386504459548
2025-01-06 09:00:00,-193.19305615917722
2025-01-06 10:00:00,-189.6260409421156
2025-01-06 11:00:00,-66.05014731040248
2025-01-06 12:00:00,20.70793738077033
2025-01-06 13:00:00,24.978257468208
2025-01-06 14:00:00,12.232139691876593
2025-01-06 15:00:00,-2.7141910911072094
2025-01-06 16:00:00,-12.414794029856019
2025-01-06 17:00:00,-41.54069631798657
2025-01-06 18:00:00,-62.56957216854446
2025-01-06 19:00:00,-61.8247795047863
2025-01-06 20:00:00,-59.6240697739239
2025-01-06 21:00:00,-53.2080300844057
2025-01-06 22:00:00,-51.05589413213578
2025-01-06 23:00:00,-47.16856971973939
2025-01-07 00:00:00,-16.67594041058684
2025-01-07 01:00:00,-14.64781393114694
2025-01-07 02:00:00,-8.41526678545161
2025-01-07 03:00:00,-76.35974795610099
2025-01-07 04:00:00,-91.26895030540975
2025-01-07 05:00:00,-75.41568366914048
2025-01-07 06:00:00,-62.81601237918797
2025-01-07 07:00:00,-27.42981613794303
2025-01-07 08:00:00,-46.143641925362544
2025-01-07 09:00:00,-90.00034648481166
2025-01-07 10:00:00,-79.40133858599528
2025-01-07 11:00:00,109.61217702424132
2025-01-07 12:00:00,165.28620996062816
2025-01-07 13:00:00,113.80868295522058
2025-01-07 14:00:00,90.61579756969046
2025-01-07 15:00:00,77.55094510028165
2025-01-07 16:00:00,81.82052298348205
2025-01-07 17:00:00,96.6976317521368
2025-01-07 18:00:00,95.56382136366196
2025-01-07 19:00:00,109.007476237848
2025-01-07 20:00:00,95.17843941454568
2025-01-07 21:00:00,114.21816232366668
2025-01-07 22:00:00,119.58616513047556
2025-01-07 23:00:00,141.53067252351795
2025-01-08 00:00:00,199.22405141869376
2025-01-08 01:00:00,140.89760414362968
2025-01-08 02:00:00,110.8327527654586
2025-01-08 03:00:00,24.928620842221957
2025-01-08 04:00:00,5.7920429556196185
2025-01-08 05:00:00,7.0600727882016034
2025-01-08 06:00:00,-0.6558722782631877
2025-01-08 07:00:00,2.241299496356377
2025-01-08 08:00:00,-20.74840757339732
2025-01-08 09:00:00,-87.8433412586715
2025-01-08 10:00:00,-33.388660097636205
2025-01-08 11:00:00,124.72084169651839
2025-01-08 12:00:00,136.71870864359946
2025-01-08 13:00:00,102.5157449185977
2025-01-08 14:00:00,92.43880634612115
2025-01-08 15:00:00,92.34719259001352
2025-01-08 16:00:00,80.80757318945402
2025-01-08 17:00:00,86.2545778086932
2025-01-08 18:00:00,82.60056911758758
2025-01-08 19:00:00,95.25520019365112
2025-01-08 20:00:00,77.48271485255972
2025-01-08 21:00:00,94.72182329208353
2025-01-08 22:00:00,98.6343890396569
2025-01-08 23:00:00,123.2627335863597
2025-01-09 00:00:00,176.00805077863063
2025-01-09 01:00:00,155.79689618448995
2025-01-09 02:00:00,213.22806182929938
2025-01-09 03:00:00,89.84141964768673
2025-01-09 04:00:00,52.091672285096735
2025-01-09 05:00:00,44.60511535332358
2025-01-09 06:00:00,40.990476200024396
2025-01-09 07:00:00,30.253841881946688
2025-01-09 08:00:00,21.357332642224552
2025-01-09 09:00:00,-16.38361071805814
2025-01-09 10:00:00,2.369865416949367
2025-01-09 11:00:00,100.15066923717646
2025-01-09 12:00:00,137.44836622364022
2025-01-09 13:00:00,129.07298030267134
2025-01-09 14:00:00,138.5688377300539
2025-01-09 15:00:00,113.19443860616352
2025-01-09 16:00:00,87.43606719411511
2025-01-09 17:00:00,56.21347505895671
2025-01-09 18:00:00,35.49694441882298
2025-01-09 19:00:00,41.020903917409356
2025-01-09 20:00:00,41.740531108402855
2025-01-09 21:00:00,47.54685832714228
2025-01-09 22:00:00,53.77551932870504
2025-01-09 23:00:00,76.47209531484852
2025-01-10 00:00:00,110.74814609984435
2025-01-10 01:00:00,170.71333243720434
2025-01-10 02:00:00,208.45773047821976
2025-01-10 03:00:00,109.75825892130875
2025-01-10 04:00:00,102.80067052159305
2025-01-10 05:00:00,81.5644454690276
2025-01-10 06:00:00,71.36948362220281
2025-01-10 07:00:00,72.72305929895813
2025-01-10 08:00:00,96.86747921665004
2025-01-10 09:00:00,121.43479438303628
2025-01-10 10:00:00,83.92119948762573
2025-01-10 11:00:00,149.3889675732662
2025-01-10 12:00:00,173.58849084259404
2025-01-10 13:00:00,148.9163076929204
2025-01-10 14:00:00,159.78174185556668
2025-01-10 15:00:00,137.4502700566861
2025-01-10 16:00:00,134.6824425057773
2025-01-10 17:00:00,93.54378520381896
2025-01-10 18:00:00,54.97092275428569
2025-01-10 19:00:00,56.747221296744065
2025-01-10 20:00:00,51.97995253779569
2025-01-10 21:00:00,48.10191937665109
2025-01-10 22:00:00,51.00384437132173
2025-01-10 23:00:00,62.44923722263603
2025-01-11 00:00:00,86.69277307220554
2025-01-11 01:00:00,110.94540283353123
2025-01-11 02:00:00,86.99180116103713
2025-01-11 03:00:00,77.89704299277878
2025-01-11 04:00:00,78.72797855020423
2025-01-11 05:00:00,58.072768821627555
2025-01-11 06:00:00,53.46336891814314
2025-01-11 07:00:00,66.92542650432983
2025-01-11 08:00:00,79.39775321464624
2025-01-11 09:00:00,78.71603011236766
2025-01-11 10:00:00,57.84550359950928
2025-01-11 11:00:00,104.19478710074604
2025-01-11 12:00:00,164.04307052903312
2025-01-11 13:00:00,127.04852460614528
2025-01-11 14:00:00,129.8724262381985
2025-01-11 15:00:00,131.9797517880428
2025-01-11 16:00:00,140.28475531172094
2025-01-11 17:00:00,129.36042917161097
2025-01-11 18:00:00,85.22559076460733
2025-01-11 19:00:00,75.43422801458628
2025-01-11 20:00:00,62.076645069018866
2025-01-11 21:00:00,43.82188072251952
2025-01-11 22:00:00,39.90268650420935
2025-01-11 23:00:00,33.914982214190225
2025-01-12 00:00:00,40.06797105225035
2025-01-12 01:00:00,61.32229365142379
2025-01-12 02:00:00,29.824629327093547
2025-01-12 03:00:00,6.963237830515355
2025-01-12 04:00:00,8.743935330971562
2025-01-12 05:00:00,-6.4053815070723825
2025-01-12 06:00:00,-45.96704475145492
2025-01-12 07:00:00,-64.933770518054
2025-01-12 08:00:00,-77.21395950131165
2025-01-12 09:00:00,-90.93312274289482
2025-01-12 10:00:00,-96.19895968446127
2025-01-12 11:00:00,30.319689452745283
2025-01-12 12:00:00,125.87441635525398
2025-01-12 13:00:00,83.98586947219701
2025-01-12 14:00:00,96.40054370203801
2025-01-12 15:00:00,97.81787739828741
2025-01-12 16:00:00,98.97853752042194
2025-01-12 17:00:00,104.27306761849424
2025-01-12 18:00:00,93.36040346848446
2025-01-12 19:00:00,108.53260906550805
2025-01-12 20:00:00,89.96245794622602
2025-01-12 21:00:00,99.13262576057029
2025-01-12 22:00:00,100.63288320970356
2025-01-12 23:00:00,107.3993067005613
2025-01-13 00:00:00,122.18020240832918
2025-01-13 01:00:00,162.61699151276648
2025-01-13 02:00:00,132.5297559575816
2025-01-13 03:00:00,55.76403141640685
2025-01-13 04:00:00,20.121834230084577
2025-01-13 05:00:00,-13.586352287551792
2025-01-13 06:00:00,-68.65879985168618
2025-01-13 07:00:00,-76.32611288218844
2025-01-13 08:00:00,-119.79832499729592
2025-01-13 09:00:00,-139.8140492109157
2025-01-13 10:00:00,-110.74768499430807
2025-01-13 11:00:00,40.711018257092945
2025-01-13 12:00:00,116.5418522526283
2025-01-13 13:00:00,90.64684394389214
2025-01-13 14:00:00,64.6956140727216
2025-01-13 15:00:00,49.211320753063795
2025-01-13 16:00:00,42.44293291927665
2025-01-13 17:00:00,41.769366449303554
2025-01-13 18:00:00,53.84678634318663
2025-01-13 19:00:00,73.09705565438283
2025-01-13 20:00:00,64.42180682145757
2025-01-13 21:00:00,87.04526041342075
2025-01-13 22:00:00,95.14006321965977
2025-01-13 23:00:00,154.4844563298449
2025-01-14 00:00:00,291.69422531757704
2025-01-14 01:00:00,657.082913463766
2025-01-14 02:00:00,516.053735762504
2025-01-14 03:00:00,103.63061424469117
2025-01-14 04:00:00,29.938411656111725
2025-01-14 05:00:00,6.112673503671847
2025-01-14 06:00:00,-14.944556908493066
2025-01-14 07:00:00,-7.846859109513681
2025-01-14 08:00:00,-46.63077154052179
2025-01-14 09:00:00,-56.82687505900018
2025-01-14 10:00:00,-31.695737280854402
2025-01-14 11:00:00,82.18256744107862
2025-01-14 12:00:00,253.27324862753449
2025-01-14 13:00:00,303.8841933487028
2025-01-14 14:00:00,263.41338052965506
2025-01-14 15:00:00,119.6110040230639
2025-01-14 16:00:00,52.83005122636826
2025-01-14 17:00:00,22.852402316006955
2025-01-14 18:00:00,28.231343619849905
2025-01-14 19:00:00,33.460517464535
2025-01-14 20:00:00,34.23446145463248
2025-01-14 21:00:00,42.90610062717442
2025-01-14 22:00:00,57.4190272970641
2025-01-14 23:00:00,110.39021019298124
2025-01-15 00:00:00,256.05432963535344
2025-01-15 01:00:00,561.923777422928
2025-01-15 02:00:00,408.3569866561127
2025-01-15 03:00:00,94.30094458293017
2025-01-15 04:00:00,88.106791577932
2025-01-15 05:00:00,51.17024532049993
2025-01-15 06:00:00,52.466494424670486
2025-01-15 07:00:00,58.3523363151771
2025-01-15 08:00:00,51.81423705524264
2025-01-15 09:00:00,57.216593627177296
2025-01-15 10:00:00,41.783714848297876
2025-01-15 11:00:00,126.37399429761147
2025-01-15 12:00:00,362.98274425338343
2025-01-15 13:00:00,438.01201133915174
2025-01-15 14:00:00,418.38222397650213
2025-01-15 15:00:00,236.65622149320953
2025-01-15 16:00:00,130.6708192070106
2025-01-15 17:00:00,94.88804553713184
2025-01-15 18:00:00,99.10976049079214
2025-01-15 19:00:00,160.14363405663798
2025-01-15 20:00:00,154.3553662913833
2025-01-15 21:00:00,123.40446218202482
2025-01-15 22:00:00,132.87089263703496
2025-01-15 23:00:00,215.82439519986397
2025-01-16 00:00:00,1135.9211753989314
2025-01-16 01:00:00,8073.401560601624
2025-01-16 02:00:00,1724.9366414139222
2025-01-16 03:00:00,212.20604591508166
2025-01-16 04:00:00,134.89715400774807
2025-01-16 05:00:00,99.07065030917725
2025-01-16 06:00:00,104.71234540481524
2025-01-16 07:00:00,135.1332751175659
2025-01-16 08:00:00,125.8758945147306
2025-01-16 09:00:00,131.22397310993597
2025-01-16 10:00:00,127.04052897344086
2025-01-16 11:00:00,217.27289756119154
2025-01-16 12:00:00,371.1338955897299
2025-01-16 13:00:00,356.50487411969664
2025-01-16 14:00:00,375.76305652308247
2025-01-16 15:00:00,375.67026162971644
2025-01-16 16:00:00,329.55674737070444
2025-01-16 17:00:00,302.8994856658621
2025-01-16 18:00:00,237.082944003344
2025-01-16 19:00:00,280.6872577150479
2025-01-16 20:00:00,274.03980252669174
2025-01-16 21:00:00,215.54983728608337
2025-01-16 22:00:00,241.00355770963145
2025-01-16 23:00:00,338.2214126787606
2025-01-17 00:00:00,1179.0562957860054
2025-01-17 01:00:00,7039.288005362117
2025-01-17 02:00:00,646.5018907765314
2025-01-17 03:00:00,67.47349505404658
2025-01-17 04:00:00,37.62603226381316
2025-01-17 05:00:00,20.473516235301997
2025-01-17 06:00:00,10.703293666382846
2025-01-17 07:00:00,6.903957715303987
2025-01-17 08:00:00,-13.223315721037062
2025-01-17 09:00:00,-26.012484040431623
2025-01-17 10:00:00,-27.161455382927635
2025-01-17 11:00:00,76.27318830151576
2025-01-17 12:00:00,137.09114529965026
2025-01-17 13:00:00,77.76905270074047
2025-01-17 14:00:00,81.32822481395277
2025-01-17 15:00:00,115.19893667420355
2025-01-17 16:00:00,108.88530388340251
2025-01-17 17:00:00,98.24137311846405
2025-01-17 18:00:00,30.299355976434146
2025-01-17 19:00:00,35.66911445515681
2025-01-17 20:00:00,44.01426106273475
2025-01-17 21:00:00,23.425503076389337
2025-01-17 22:00:00,42.521257058185896
2025-01-17 23:00:00,77.36614986194522
2025-01-18 00:00:00,147.6980793730594
2025-01-18 01:00:00,184.02967785997097
2025-01-18 02:00:00,150.48025276080028
2025-01-18 03:00:00,52.091027413718244
2025-01-18 04:00:00,48.225847208912896
2025-01-18 05:00:00,34.475927008882294
2025-01-18 06:00:00,1.7060461850688946
2025-01-18 07:00:00,10.96978502844476
2025-01-18 08:00:00,0.6316728443574613
2025-01-18 09:00:00,-63.42891304198121
2025-01-18 10:00:00,-40.95584316759379
2025-01-18 11:00:00,65.72642365168622
2025-01-18 12:00:00,92.0479584886395
2025-01-18 13:00:00,67.79823248612854
2025-01-18 14:00:00,51.94527218237256
2025-01-18 15:00:00,43.20405343755666
2025-01-18 16:00:00,36.32013822894699
2025-01-18 17:00:00,9.15244601324642
2025-01-18 18:00:00,-32.0388769007028
2025-01-18 19:00:00,-33.01116471464815
2025-01-18 20:00:00,15.444338388636787
2025-01-18 21:00:00,22.53927302394037
2025-01-18 22:00:00,23.53890718849535
2025-01-18 23:00:00,37.609253143472515
2025-01-19 00:00:00,56.323554731253985
2025-01-19 01:00:00,69.74976892260169
2025-01-19 02:00:00,48.1595953394633
2025-01-19 03:00:00,-43.582267320124856
2025-01-19 04:00:00,-46.88563314658217
2025-01-19 05:00:00,-56.21308878786764
2025-01-19 06:00:00,-78.61437095577995
2025-01-19 07:00:00,-62.909343600849674
2025-01-19 08:00:00,-72.04990328213442
2025-01-19 09:00:00,-129.49219608439518
2025-01-19 10:00:00,-106.53964162906918
2025-01-19 11:00:00,-26.712669670556025
2025-01-19 12:00:00,3.3087765888010003
2025-01-19 13:00:00,-31.457830737996566
2025-01-19 14:00:00,-39.93961716824969
2025-01-19 15:00:00,-16.383486537853614
2025-01-19 16:00:00,-9.744396539423027
2025-01-19 17:00:00,-35.42443624618795
2025-01-19 18:00:00,-67.94925260787974
2025-01-19 19:00:00,-42.6489792185778
2025-01-19 20:00:00,16.223620605363482
2025-01-19 21:00:00,45.23143446253446
2025-01-19 22:00:00,65.21132693276842
2025-01-19 23:00:00,95.1414476957609
2025-01-20 00:00:00,121.25534527660596
2025-01-20 01:00:00,178.60148357691526
2025-01-20 02:00:00,162.95038197145425
2025-01-20 03:00:00,22.628631547357354
2025-01-20 04:00:00,-12.156815579327612
2025-01-20 05:00:00,-8.94271137419973
2025-01-20 06:00:00,3.4222075694872953
2025-01-20 07:00:00,0.3061968845198379
2025-01-20 08:00:00,-36.406200331555425
2025-01-20 09:00:00,-98.8304608241317
2025-01-20 10:00:00,-57.3682829064287
2025-01-20 11:00:00,105.22633706594432
2025-01-20 12:00:00,209.7442941367466
2025-01-20 13:00:00,218.91426363069323
2025-01-20 14:00:00,198.76262255824352
2025-01-20 15:00:00,203.47200846849006
2025-01-20 16:00:00,179.80206021673632
2025-01-20 17:00:00,201.0638083170621
2025-01-20 18:00:00,103.40417177612038
2025-01-20 19:00:00,117.29585983589303
2025-01-20 20:00:00,133.0449901507804
2025-01-20 21:00:00,160.7702092000641
2025-01-20 22:00:00,146.72131613494363
2025-01-20 23:00:00,167.4224749287595
2025-01-21 00:00:00,223.57940212594147
2025-01-21 01:00:00,264.17504478681525
2025-01-21 02:00:00,285.2371785226704
2025-01-21 03:00:00,167.44879100255562
2025-01-21 04:00:00,123.19776223254965
2025-01-21 05:00:00,148.22980630363014
2025-01-21 06:00:00,152.29303544970836
2025-01-21 07:00:00,155.646015174208
2025-01-21 08:00:00,149.81632532973853
2025-01-21 09:00:00,145.5008007991942
2025-01-21 10:00:00,139.99058860910336
2025-01-21 11:00:00,217.95365307261838
2025-01-21 12:00:00,330.6408917814979
2025-01-21 13:00:00,333.90213013874614
2025-01-21 14:00:00,297.11661035791195
2025-01-21 15:00:00,278.8866224739678
2025-01-21 16:00:00,213.67920607878412
2025-01-21 17:00:00,212.771427215291
2025-01-21 18:00:00,130.5100398844811
2025-01-21 19:00:00,138.6651519205078
2025-01-21 20:00:00,177.88180461630478
2025-01-21 21:00:00,200.08691083653898
2025-01-21 22:00:00,188.5240098149613
2025-01-21 23:00:00,277.476086538832
2025-01-22 00:00:00,372.56278979334314
2025-01-22 01:00:00,352.89966039339606
2025-01-22 02:00:00,476.18464946613267
2025-01-22 03:00:00,288.6341034114394
2025-01-22 04:00:00,163.5054180841079
2025-01-22 05:00:00,149.1865084358218
2025-01-22 06:00:00,115.42293326167018
2025-01-22 07:00:00,107.9206153803822
2025-01-22 08:00:00,104.03760096380057
2025-01-22 09:00:00,73.18114977647808
2025-01-22 10:00:00,21.56372826759508
2025-01-22 11:00:00,99.09374487991741
2025-01-22 12:00:00,253.39079191636048
2025-01-22 13:00:00,199.71337359414642
2025-01-22 14:00:00,149.55542731381897
2025-01-22 15:00:00,117.39290412449589
2025-01-22 16:00:00,67.41157866446495
2025-01-22 17:00:00,38.82886350943528
2025-01-22 18:00:00,35.623365180210904
2025-01-22 19:00:00,34.207843954178514
2025-01-22 20:00:00,67.37306031475849
2025-01-22 21:00:00,86.44338586314664
2025-01-22 22:00:00,101.23861213552232
2025-01-22 23:00:00,209.71964260856086
2025-01-23 00:00:00,342.7361868502478
2025-01-23 01:00:00,395.3301626991315
2025-01-23 02:00:00,364.2997590816179
2025-01-23 03:00:00,125.88915535710997
2025-01-23 04:00:00,50.707433923807905
2025-01-23 05:00:00,23.557106761096435
2025-01-23 06:00:00,-29.019896779168995
2025-01-23 07:00:00,-45.17608855335807
2025-01-23 08:00:00,-67.17252253840525
2025-01-23 09:00:00,-128.30783500547338
2025-01-23 10:00:00,-126.3613380087559
2025-01-23 11:00:00,32.92451226755509
2025-01-23 12:00:00,178.14802560571016
2025-01-23 13:00:00,143.32499245479107
2025-01-23 14:00:00,90.83430184694046
2025-01-23 15:00:00,59.700945040302486
2025-01-23 16:00:00,37.1864393492521
2025-01-23 17:00:00,37.81449591797226
2025-01-23 18:00:00,72.47810781312137
2025-01-23 19:00:00,87.37142574563326
2025-01-23 20:00:00,106.55627535165301
2025-01-23 21:00:00,91.4384062692046
2025-01-23 22:00:00,115.57731521150765
2025-01-23 23:00:00,179.3453447600027
2025-01-24 00:00:00,214.59690195841446
2025-01-24 01:00:00,268.97763383325946
2025-01-24 02:00:00,132.7897013007203
2025-01-24 03:00:00,-14.078264363148369
2025-01-24 04:00:00,-10.415184996117176
2025-01-24 05:00:00,-46.88316793182119
2025-01-24 06:00:00,-123.53709007939617
2025-01-24 07:00:00,-128.9915099799272
2025-01-24 08:00:00,-138.84255502365895
2025-01-24 09:00:00,-150.17696823499637
2025-01-24 10:00:00,-148.91473265643026
2025-01-24 11:00:00,7.769968126443681
2025-01-24 12:00:00,197.4477515131806
2025-01-24 13:00:00,192.28773929623793
2025-01-24 14:00:00,353.5358362855012
2025-01-24 15:00:00,510.5580362688589
2025-01-24 16:00:00,680.7763122076685
2025-01-24 17:00:00,500.748834439959
2025-01-24 18:00:00,354.5668004819258
2025-01-24 19:00:00,201.27441663913692
2025-01-24 20:00:00,154.32996637680952
2025-01-24 21:00:00,101.17184195164616
2025-01-24 22:00:00,99.42588019446636
2025-01-24 23:00:00,123.92530478743971
2025-01-25 00:00:00,101.03858070364272
2025-01-25 01:00:00,158.337314986008
2025-01-25 02:00:00,88.80958427258953
2025-01-25 03:00:00,-1.041224293267908
2025-01-25 04:00:00,11.016050759462088
2025-01-25 05:00:00,-28.667224758192624
2025-01-25 06:00:00,-114.56668366408555
2025-01-25 07:00:00,-119.23866388360584
2025-01-25 08:00:00,-132.82385485956365
2025-01-25 09:00:00,-147.2912693166824
2025-01-25 10:00:00,-140.41360342468076
2025-01-25 11:00:00,38.836397922826016
2025-01-25 12:00:00,200.13529206875984
2025-01-25 13:00:00,223.76036987085092
2025-01-25 14:00:00,394.19577209290503
2025-01-25 15:00:00,537.9626458580402
2025-01-25 16:00:00,656.3506281115313
2025-01-25 17:00:00,448.3212443157594
2025-01-25 18:00:00,318.6972288364944
2025-01-25 19:00:00,191.08112630636748
2025-01-25 20:00:00,139.90151430380362
2025-01-25 21:00:00,122.14373929407877
2025-01-25 22:00:00,85.8292492710909
2025-01-25 23:00:00,79.52284030519097
2025-01-26 00:00:00,93.87400024712073
2025-01-26 01:00:00,146.33157514271653
2025-01-26 02:00:00,79.84953920211521
2025-01-26 03:00:00,5.01716191213873
2025-01-26 04:00:00,22.85651717445913
2025-01-26 05:00:00,9.68424632971154
2025-01-26 06:00:00,-28.316618366491237
2025-01-26 07:00:00,-13.16403036895529
2025-01-26 08:00:00,14.052209788117946
2025-01-26 09:00:00,30.55863607027344
2025-01-26 10:00:00,95.39447503463356
2025-01-26 11:00:00,171.9651582609206
2025-01-26 12:00:00,182.84400564730996
2025-01-26 13:00:00,129.09690459358418
2025-01-26 14:00:00,91.77099365787437
2025-01-26 15:00:00,120.68582186444686
2025-01-26 16:00:00,99.32789100870346
2025-01-26 17:00:00,67.68643262222277
2025-01-26 18:00:00,58.47227693478168
2025-01-26 19:00:00,55.13783536614848
2025-01-26 20:00:00,41.198339821678644
2025-01-26 21:00:00,63.57753767606645
2025-01-26 22:00:00,61.35416425108189
2025-01-26 23:00:00,68.90127168853135
2025-01-27 00:00:00,69.80177793514035
2025-01-27 01:00:00,67.30430370281475
2025-01-27 02:00:00,78.610875650832
2025-01-27 03:00:00,60.488647621629866
2025-01-27 04:00:00,37.29331654689564
2025-01-27 05:00:00,26.494590964190426
2025-01-27 06:00:00,35.10077847421131
2025-01-27 07:00:00,56.61954620635858
2025-01-27 08:00:00,87.65667968935338
2025-01-27 09:00:00,98.32283508054198
2025-01-27 10:00:00,136.22734573369473
2025-01-27 11:00:00,188.47850224240386
2025-01-27 12:00:00,236.04198328489272
2025-01-27 13:00:00,113.84240377603679
2025-01-27 14:00:00,80.98045328857917
2025-01-27 15:00:00,68.35502190775154
2025-01-27 16:00:00,47.28675299972501
2025-01-27 17:00:00,39.131673666590956
2025-01-27 18:00:00,26.877036820205436
2025-01-27 19:00:00,23.65926297275008
2025-01-27 20:00:00,21.576629375623632
2025-01-27 21:00:00,31.413784344925862
2025-01-27 22:00:00,47.24805983950985
2025-01-27 23:00:00,58.930771847328074
2025-01-28 00:00:00,73.57224603806773
2025-01-28 01:00:00,91.31348745549123
2025-01-28 02:00:00,146.24019677490887
2025-01-28 03:00:00,234.54309330018305
2025-01-28 04:00:00,104.60173724550745
2025-01-28 05:00:00,50.511534046946785
2025-01-28 06:00:00,34.989607915594654
2025-01-28 07:00:00,48.42012625482476
2025-01-28 08:00:00,39.55613235001381
2025-01-28 09:00:00,24.338581775959916
2025-01-28 10:00:00,15.258197056464875
2025-01-28 11:00:00,121.39173511629771
2025-01-28 12:00:00,233.46874297039352
2025-01-28 13:00:00,235.05009958407473
2025-01-28 14:00:00,194.6838079019051
2025-01-28 15:00:00,115.72221402084276
2025-01-28 16:00:00,84.37246815312689
2025-01-28 17:00:00,64.44025130254428
2025-01-28 18:00:00,52.65069796355652
2025-01-28 19:00:00,54.53558169330571
2025-01-28 20:00:00,59.17372610000754
2025-01-28 21:00:00,67.79101281011282
2025-01-28 22:00:00,118.85971148511585
2025-01-28 23:00:00,183.45911361882972
2025-01-29 00:00:00,262.80012876710714
2025-01-29 01:00:00,293.60758757805974
2025-01-29 02:00:00,316.4009553508903
2025-01-29 03:00:00,304.41666651626707
2025-01-29 04:00:00,110.18786552258953
2025-01-29 05:00:00,74.2363419597366
2025-01-29 06:00:00,34.78411252189955
2025-01-29 07:00:00,36.837002888444104
2025-01-29 08:00:00,48.15301713076239
2025-01-29 09:00:00,54.72441605004416
2025-01-29 10:00:00,113.20627184688922
2025-01-29 11:00:00,114.16268267550505
2025-01-29 12:00:00,208.7453451671843
2025-01-29 13:00:00,264.1420779424296
2025-01-29 14:00:00,171.47747746971936
2025-01-29 15:00:00,94.89498780242702
2025-01-29 16:00:00,94.99062445791547
2025-01-29 17:00:00,62.92319520127351
2025-01-29 18:00:00,55.7760027667874
2025-01-29 19:00:00,76.93867005128307
2025-01-29 20:00:00,81.91610683322537
2025-01-29 21:00:00,71.17641015541537
2025-01-29 22:00:00,110.00372006807841
2025-01-29 23:00:00,156.29138988960264
2025-01-30 00:00:00,218.32084317522342
2025-01-30 01:00:00,231.45580239425902
2025-01-30 02:00:00,243.9955975346811
2025-01-30 03:00:00,181.01973403681643
2025-01-30 04:00:00,127.73924965156435
2025-01-30 05:00:00,105.23886399459107
2025-01-30 06:00:00,74.42685832232978
2025-01-30 07:00:00,64.74892799062785
2025-01-30 08:00:00,63.898890068508706
2025-01-30 09:00:00,55.97967421196441
2025-01-30 10:00:00,102.10913129417102
2025-01-30 11:00:00,82.26439989119879
2025-01-30 12:00:00,174.88151729790698
2025-01-30 13:00:00,263.619179513071
2025-01-30 14:00:00,205.4408217237207
2025-01-30 15:00:00,107.77794897671292
2025-01-30 16:00:00,87.7900499824337
2025-01-30 17:00:00,45.24249256565943
2025-01-30 18:00:00,31.78783741136298
2025-01-30 19:00:00,34.53686417438443
2025-01-30 20:00:00,32.935605008275125
2025-01-30 21:00:00,23.823194407910762
2025-01-30 22:00:00,24.548460494646985
2025-01-30 23:00:00,17.341274685746914
2025-01-31 00:00:00,41.218866388029
2025-01-31 01:00:00,51.92996113468954
2025-01-31 02:00:00,53.0374722776426
2025-01-31 03:00:00,47.998353429558634
2025-01-31 04:00:00,92.5928127370163
2025-01-31 05:00:00,53.28749536857648
2025-01-31 06:00:00,16.870843386229886
2025-01-31 07:00:00,-1.8335757261112622
2025-01-31 08:00:00,-3.9382100436476177
2025-01-31 09:00:00,-9.23447288333436
2025-01-31 10:00:00,-3.297261209423917
2025-01-31 11:00:00,23.144528120064244
2025-01-31 12:00:00,72.92806396975361
2025-01-31 13:00:00,161.67234456122645
2025-01-31 14:00:00,138.98155262826364
2025-01-31 15:00:00,61.279266143111876
2025-01-31 16:00:00,33.45866962504146
2025-01-31 17:00:00,14.344254135120922
2025-01-31 18:00:00,7.927297401566387
2025-01-31 19:00:00,-3.942380437438688
2025-01-31 20:00:00,-5.599277152754938
2025-01-31 21:00:00,-10.998093067646364
2025-01-31 22:00:00,-1.8854368189900572
2025-01-31 23:00:00,0.7488702032250686
2025-02-01 00:00:00,33.721588242943234
2025-02-01 01:00:00,36.151322495252856
2025-02-01 02:00:00,7.00365803756373
2025-02-01 03:00:00,-58.943617791255285
2025-02-01 04:00:00,-45.368867973667584
2025-02-01 05:00:00,-64.13623849173398
2025-02-01 06:00:00,-93.53826732469796
2025-02-01 07:00:00,-102.53605224894741
2025-02-01 08:00:00,-92.19074975206479
2025-02-01 09:00:00,-80.66106380853506
2025-02-01 10:00:00,-72.48629615294817
2025-02-01 11:00:00,-1.3410202204981827
2025-02-01 12:00:00,71.5198542114235
2025-02-01 13:00:00,77.26034418711714
2025-02-01 14:00:00,78.3488944273033
2025-02-01 15:00:00,103.12896740839597
2025-02-01 16:00:00,68.72882115851924
2025-02-01 17:00:00,52.24442390933962
2025-02-01 18:00:00,39.44540789356863
2025-02-01 19:00:00,20.940865362864248
2025-02-01 20:00:00,3.2385877798293055
2025-02-01 21:00:00,-7.137313052049325
2025-02-01 22:00:00,-4.637056151393479
2025-02-01 23:00:00,5.17579402629183
2025-02-02 00:00:00,23.5275651000282
2025-02-02 01:00:00,37.09397904257156
2025-02-02 02:00:00,-1.022363538301891
2025-02-02 03:00:00,-106.25933488142495
2025-02-02 04:00:00,-93.4102909036424
2025-02-02 05:00:00,-133.2486117816412
2025-02-02 06:00:00,-143.26355417142045
2025-02-02 07:00:00,-145.67905810401268
2025-02-02 08:00:00,-164.48989938348979
2025-02-02 09:00:00,-170.5504324517539
2025-02-02 10:00:00,-169.6068677195136
2025-02-02 11:00:00,-48.54592219437617
2025-02-02 12:00:00,38.799596759832724
2025-02-02 13:00:00,19.20303638529861
2025-02-02 14:00:00,25.934543146277637
2025-02-02 15:00:00,65.06893351966447
2025-02-02 16:00:00,34.053597245192414
2025-02-02 17:00:00,11.699845982262335
2025-02-02 18:00:00,-8.975068149695273
2025-02-02 19:00:00,-13.474387333238996
2025-02-02 20:00:00,-35.38741209474637
2025-02-02 21:00:00,-27.514582180708075
2025-02-02 22:00:00,-26.119363370883836
2025-02-02 23:00:00,9.961999815405006
2025-02-03 00:00:00,15.717637718818006
2025-02-03 01:00:00,58.193302459576245
2025-02-03 02:00:00,13.005238214775902
2025-02-03 03:00:00,-87.39723381263398
2025-02-03 04:00:00,-66.93195803507876
2025-02-03 05:00:00,-106.0379439225835
2025-02-03 06:00:00,-90.34016580872773
2025-02-03 07:00:00,-86.93451787769874
2025-02-03 08:00:00,-139.80522491250778
2025-02-03 09:00:00,-156.26041096568633
2025-02-03 10:00:00,-156.45922934257774
2025-02-03 11:00:00,-42.13726740389282
2025-02-03 12:00:00,21.978032379536955
2025-02-03 13:00:00,-8.586696950330422
2025-02-03 14:00:00,-22.045877137806368
2025-02-03 15:00:00,-25.19471874141439
2025-02-03 16:00:00,-35.316750898062054
2025-02-03 17:00:00,-55.71417813923016
2025-02-03 18:00:00,-69.03141709667999
2025-02-03 19:00:00,-77.250475130376
2025-02-03 20:00:00,-94.65622979473166
2025-02-03 21:00:00,-84.14946604085517
2025-02-03 22:00:00,-76.51611073609553
2025-02-03 23:00:00,-34.87953171495792
2025-02-04 00:00:00,-17.917355030823384
2025-02-04 01:00:00,39.386692892354695
2025-02-04 02:00:00,3.247485911840461
2025-02-04 03:00:00,-85.70254643479603
2025-02-04 04:00:00,-53.33624426352215
2025-02-04 05:00:00,-37.02787492013721
2025-02-04 06:00:00,-24.67220536154462
2025-02-04 07:00:00,-28.31316725941621
2025-02-04 08:00:00,-68.04337785836856
2025-02-04 09:00:00,-82.26822363942436
2025-02-04 10:00:00,-87.99286481316136
2025-02-04 11:00:00,28.968337201568797
2025-02-04 12:00:00,93.59526380074148
2025-02-04 13:00:00,34.556035871385085
2025-02-04 14:00:00,12.633094674229673
2025-02-04 15:00:00,4.000696522679559
2025-02-04 16:00:00,-7.6808074676640565
2025-02-04 17:00:00,-20.718237334323877
2025-02-04 18:00:00,-23.612654183090193
2025-02-04 19:00:00,-44.45842020724542
2025-02-04 20:00:00,-54.742379519037954
2025-02-04 21:00:00,-38.91506061476082
2025-02-04 22:00:00,-38.60820152167304
2025-02-04 23:00:00,-24.45313450307213
2025-02-05 00:00:00,-5.150542971266046
2025-02-05 01:00:00,28.436104875570685
2025-02-05 02:00:00,9.896391561384961
2025-02-05 03:00:00,-26.95070956942752
2025-02-05 04:00:00,-7.103625386551589
2025-02-05 05:00:00,5.860886631409291
2025-02-05 06:00:00,-8.229313508016723
2025-02-05 07:00:00,-5.088558501309638
2025-02-05 08:00:00,16.419522929663547
2025-02-05 09:00:00,14.156380362447823
2025-02-05 10:00:00,-23.275516169292416
2025-02-05 11:00:00,47.76594999083979
2025-02-05 12:00:00,251.551710653221
2025-02-05 13:00:00,235.29636217722248
2025-02-05 14:00:00,567.6781268211661
2025-02-05 15:00:00,451.478774591292
2025-02-05 16:00:00,185.16752896751348
2025-02-05 17:00:00,235.00361598588356
2025-02-05 18:00:00,142.56238489749632
2025-02-05 19:00:00,56.076004517109695
2025-02-05 20:00:00,254.03825969612083
2025-02-05 21:00:00,213.31594952209923
2025-02-05 22:00:00,121.7300193593333
2025-02-05 23:00:00,55.3017908937862
2025-02-06 00:00:00,213.50384288016264
2025-02-06 01:00:00,467.5367796958505
2025-02-06 02:00:00,231.13707782412442
2025-02-06 03:00:00,41.777435919349486
2025-02-06 04:00:00,-8.515509942817046
2025-02-06 05:00:00,-28.677714931414794
2025-02-06 06:00:00,-55.63890462012517
2025-02-06 07:00:00,-45.35965648418976
2025-02-06 08:00:00,-13.71368319410018
2025-02-06 09:00:00,-17.935048263954883
2025-02-06 10:00:00,-58.24555722625617
2025-02-06 11:00:00,-22.106242561877945
2025-02-06 12:00:00,186.00190391670284
2025-02-06 13:00:00,165.90310803158403
2025-02-06 14:00:00,453.564778707135
2025-02-06 15:00:00,311.9540200048176
2025-02-06 16:00:00,104.57188998954514
2025-02-06 17:00:00,176.2112609493087
2025-02-06 18:00:00,78.2079374727113
2025-02-06 19:00:00,17.03515469909334
2025-02-06 20:00:00,205.2195009909518
2025-02-06 21:00:00,135.0074721920037
2025-02-06 22:00:00,66.71408940710066
2025-02-06 23:00:00,22.985455238384123
2025-02-07 00:00:00,186.5874639010485
2025-02-07 01:00:00,381.4805594777375
2025-02-07 02:00:00,146.27007541488732
2025-02-07 03:00:00,12.142020358041158
2025-02-07 04:00:00,-13.346369799308148
2025-02-07 05:00:00,-24.98599714744433
2025-02-07 06:00:00,-46.83397581465918
2025-02-07 07:00:00,-31.240977110533052
2025-02-07 08:00:00,-36.11581409803208
2025-02-07 09:00:00,-49.83178873129474
2025-02-07 10:00:00,-67.42130320501873
2025-02-07 11:00:00,-10.231702492654133
2025-02-07 12:00:00,15.454302707745775
2025-02-07 13:00:00,-1.2428724636127895
2025-02-07 14:00:00,-9.981800375325577
2025-02-07 15:00:00,-13.525630459891058
2025-02-07 16:00:00,-4.26360947892692
2025-02-07 17:00:00,-3.108704296995185
2025-02-07 18:00:00,0.20418509423937556
2025-02-07 19:00:00,5.993166932749433
2025-02-07 20:00:00,24.217399863625342
2025-02-07 21:00:00,19.924800690734397
2025-02-07 22:00:00,8.797990772757455
2025-02-07 23:00:00,19.569477643998926
2025-02-08 00:00:00,29.885671931767813
2025-02-08 01:00:00,35.75021602628425
2025-02-08 02:00:00,28.7581016626502
2025-02-08 03:00:00,17.700854021766315
2025-02-08 04:00:00,-0.14843633754510932
2025-02-08 05:00:00,-11.099441761645396
2025-02-08 06:00:00,-29.964523945237175
2025-02-08 07:00:00,-25.304284988168842
2025-02-08 08:00:00,-35.22879418909278
2025-02-08 09:00:00,-51.59655276348933
2025-02-08 10:00:00,-78.61298850965163
2025-02-08 11:00:00,-16.316780441699596
2025-02-08 12:00:00,3.642075381867903
2025-02-08 13:00:00,-9.125673078177181
2025-02-08 14:00:00,-33.981659864264365
2025-02-08 15:00:00,-14.583647556026884
2025-02-08 16:00:00,-0.10507901092446509
2025-02-08 17:00:00,-3.3862006978927774
2025-02-08 18:00:00,9.380992895948038
2025-02-08 19:00:00,13.500771104708585
2025-02-08 20:00:00,20.787284883424768
2025-02-08 21:00:00,2.1010200816154834
2025-02-08 22:00:00,-2.452267083180677
2025-02-08 23:00:00,6.792378693685768
2025-02-09 00:00:00,7.919341423566969
2025-02-09 01:00:00,21.288948657585173
2025-02-09 02:00:00,22.600763044036025
2025-02-09 03:00:00,5.279780519732196
2025-02-09 04:00:00,-31.353624425173223
2025-02-09 05:00:00,-51.163850220903804
2025-02-09 06:00:00,-58.20313175218907
2025-02-09 07:00:00,-58.293276231123286
2025-02-09 08:00:00,-66.46780984425378
2025-02-09 09:00:00,-84.97964309577253
2025-02-09 10:00:00,-102.92425936202532
2025-02-09 11:00:00,-38.891210408121545
2025-02-09 12:00:00,34.40144319748094
2025-02-09 13:00:00,34.521273067001765
2025-02-09 14:00:00,11.627085975842743
2025-02-09 15:00:00,19.091547360629153
2025-02-09 16:00:00,44.38602795991421
2025-02-09 17:00:00,34.79767047489991
2025-02-09 18:00:00,29.49819126170949
2025-02-09 19:00:00,19.32658804712143
2025-02-09 20:00:00,10.02677799387406
2025-02-09 21:00:00,-22.08869484168272
2025-02-09 22:00:00,-30.972090003607406
2025-02-09 23:00:00,-36.877161427552
2025-02-10 00:00:00,-26.80894556941104
2025-02-10 01:00:00,-16.291299758209416
2025-02-10 02:00:00,-10.744052972771982
2025-02-10 03:00:00,-14.787594598933861
2025-02-10 04:00:00,-48.10704614436667
2025-02-10 05:00:00,-43.36560704300181
2025-02-10 06:00:00,-34.93619692288463
2025-02-10 07:00:00,-35.25721207397583
2025-02-10 08:00:00,-37.65594473966797
2025-02-10 09:00:00,-35.99335867712533
2025-02-10 10:00:00,-34.21170226363044
2025-02-10 11:00:00,-0.5957526810571168
2025-02-10 12:00:00,58.210300694703164
2025-02-10 13:00:00,57.078610616124905
2025-02-10 14:00:00,61.86120767946576
2025-02-10 15:00:00,62.433244802232075
2025-02-10 16:00:00,95.36947649215824
2025-02-10 17:00:00,62.44819743945053
2025-02-10 18:00:00,45.28501053801193
2025-02-10 19:00:00,57.20955710645232
2025-02-10 20:00:00,47.016049364272604
2025-02-10 21:00:00,22.740133589101788
2025-02-10 22:00:00,8.82732486787206
2025-02-10 23:00:00,7.454079941299835
2025-02-11 00:00:00,14.187642202789918
2025-02-11 01:00:00,27.764742772681448
2025-02-11 02:00:00,62.06657425022118
2025-02-11 03:00:00,87.21731736447852
2025-02-11 04:00:00,57.02836930953414
2025-02-11 05:00:00,107.59787034270991
2025-02-11 06:00:00,37.902482540164826
2025-02-11 07:00:00,38.97656379008421
2025-02-11 08:00:00,52.70354357617259
2025-02-11 09:00:00,55.75484233768708
2025-02-11 10:00:00,55.069432377920144
2025-02-11 11:00:00,67.46781588683928
2025-02-11 12:00:00,109.2439419572615
2025-02-11 13:00:00,89.13357271874378
2025-02-11 14:00:00,148.94848978045275
2025-02-11 15:00:00,130.8877153738526
2025-02-11 16:00:00,69.7343938191903
2025-02-11 17:00:00,64.73840567100349
2025-02-11 18:00:00,53.46471733634762
2025-02-11 19:00:00,57.00623597840627
2025-02-11 20:00:00,40.96246483826751
2025-02-11 21:00:00,32.57019327174389
2025-02-11 22:00:00,25.549708424608085
2025-02-11 23:00:00,29.3343032733046
2025-02-12 00:00:00,62.657776194629726
2025-02-12 01:00:00,79.6840346411939
2025-02-12 02:00:00,115.78879127427298
2025-02-12 03:00:00,98.57709772009508
2025-02-12 04:00:00,61.64330176219796
2025-02-12 05:00:00,97.38516175010221
2025-02-12 06:00:00,32.01802757680782
2025-02-12 07:00:00,45.11883261143062
2025-02-12 08:00:00,57.46728218772328
2025-02-12 09:00:00,59.92971435441365
2025-02-12 10:00:00,52.07286361709495
2025-02-12 11:00:00,106.2223014756472
2025-02-12 12:00:00,123.54314826917276
2025-02-12 13:00:00,106.39202323911385
2025-02-12 14:00:00,176.71609707825107
2025-02-12 15:00:00,150.93678399464812
2025-02-12 16:00:00,76.69845759782658
2025-02-12 17:00:00,129.99913748789345
2025-02-12 18:00:00,141.33214837559834
2025-02-12 19:00:00,182.67653766229787
2025-02-12 20:00:00,113.64686200788121
2025-02-12 21:00:00,204.26104583733388
2025-02-12 22:00:00,253.8750149925937
2025-02-12 23:00:00,272.678080608497
2025-02-13 00:00:00,351.55930245543857
2025-02-13 01:00:00,261.3175418094776
2025-02-13 02:00:00,286.232031677457
2025-02-13 03:00:00,119.48491549591495
2025-02-13 04:00:00,129.09791260028612
2025-02-13 05:00:00,52.782302868815606
2025-02-13 06:00:00,42.781249959360174
2025-02-13 07:00:00,19.823157174803832
2025-02-13 08:00:00,17.501650907010312
2025-02-13 09:00:00,27.740010606095627
2025-02-13 10:00:00,46.58216150817138
2025-02-13 11:00:00,59.41271314094529
2025-02-13 12:00:00,46.751606497231386
2025-02-13 13:00:00,66.38260866557187
2025-02-13 14:00:00,113.04464262500811
2025-02-13 15:00:00,256.22700631199604
2025-02-13 16:00:00,235.23003007134363
2025-02-13 17:00:00,124.73702560169548
2025-02-13 18:00:00,114.88114823745846
2025-02-13 19:00:00,151.62973691978453
2025-02-13 20:00:00,85.41513982371129
2025-02-13 21:00:00,176.28681264208998
2025-02-13 22:00:00,217.18862375112548
2025-02-13 23:00:00,241.09018980850877
2025-02-14 00:00:00,372.6766044969301
2025-02-14 01:00:00,377.1668070558298
2025-02-14 02:00:00,322.68009708230977
2025-02-14 03:00:00,121.06762756698164
2025-02-14 04:00:00,128.991334192612
2025-02-14 05:00:00,48.70170343567853
2025-02-14 06:00:00,38.304037241029306
2025-02-14 07:00:00,13.723386280123531
2025-02-14 08:00:00,5.025470742957294
2025-02-14 09:00:00,20.754624008073336
2025-02-14 10:00:00,49.82054031770269
2025-02-14 11:00:00,70.34299010498312
2025-02-14 12:00:00,123.22728986357991
2025-02-14 13:00:00,121.33839224422337
2025-02-14 14:00:00,128.74038840530386
2025-02-14 15:00:00,225.82604886673943
2025-02-14 16:00:00,171.53279814904
2025-02-14 17:00:00,36.57426312765253
2025-02-14 18:00:00,19.87933751430668
2025-02-14 19:00:00,9.940784325559372
2025-02-14 20:00:00,8.31230283427053
2025-02-14 21:00:00,8.195097881461825
2025-02-14 22:00:00,11.832426741905017
2025-02-14 23:00:00,20.443779358266205
2025-02-15 00:00:00,97.83477887630976
2025-02-15 01:00:00,177.44349322578904
2025-02-15 02:00:00,91.08742316179574
2025-02-15 03:00:00,24.534938326427376
2025-02-15 04:00:00,11.005216165574117
2025-02-15 05:00:00,3.663002384210001
2025-02-15 06:00:00,-0.811959369387685
2025-02-15 07:00:00,-7.713169006645546
2025-02-15 08:00:00,-8.443242194209896
2025-02-15 09:00:00,7.963661435225715
2025-02-15 10:00:00,18.97147272025521
2025-02-15 11:00:00,59.864622422153396
2025-02-15 12:00:00,110.16798684335012
2025-02-15 13:00:00,90.55349058367794
2025-02-15 14:00:00,85.52580251504943
2025-02-15 15:00:00,64.06453478909253
2025-02-15 16:00:00,35.02078431950083
2025-02-15 17:00:00,25.169059831715686
2025-02-15 18:00:00,19.030040283406624
2025-02-15 19:00:00,15.817699999476218
2025-02-15 20:00:00,22.159775057470352
2025-02-15 21:00:00,28.26158276728275
2025-02-15 22:00:00,31.24333357523089
2025-02-15 23:00:00,46.06193597470009
2025-02-16 00:00:00,62.3349303191565
2025-02-16 01:00:00,40.24505773647846
2025-02-16 02:00:00,36.152417737665246
2025-02-16 03:00:00,31.9701986400392
2025-02-16 04:00:00,10.535794296152437
2025-02-16 05:00:00,0.6433682030485425
2025-02-16 06:00:00,4.129668642105746
2025-02-16 07:00:00,-65.59688780859602
2025-02-16 08:00:00,-83.46647197391388
2025-02-16 09:00:00,-86.60516049417221
2025-02-16 10:00:00,-84.34861823373345
2025-02-16 11:00:00,-54.1322508608649
2025-02-16 12:00:00,12.972997157516724
2025-02-16 13:00:00,76.26715590525458
2025-02-16 14:00:00,68.54799026013958
2025-02-16 15:00:00,58.2624283282795
2025-02-16 16:00:00,74.95935338656614
2025-02-16 17:00:00,48.7845147902817
2025-02-16 18:00:00,33.82040038037124
2025-02-16 19:00:00,17.196693135278366
2025-02-16 20:00:00,25.62006722243513
2025-02-16 21:00:00,44.539011992450504
2025-02-16 22:00:00,44.25115590370459
2025-02-16 23:00:00,67.16465765390355
2025-02-17 00:00:00,94.38327730779181
2025-02-17 01:00:00,100.09573651941818
2025-02-17 02:00:00,106.7202837128126
2025-02-17 03:00:00,48.30444398895276
2025-02-17 04:00:00,17.460021290041585
2025-02-17 05:00:00,7.547612281794708
2025-02-17 06:00:00,17.615245869571613
2025-02-17 07:00:00,-36.580692064454986
2025-02-17 08:00:00,-57.43598619012658
2025-02-17 09:00:00,-82.12536663952214
2025-02-17 10:00:00,-106.00142607380535
2025-02-17 11:00:00,-43.80107946928693
2025-02-17 12:00:00,112.13061543299737
2025-02-17 13:00:00,146.70594121242354
2025-02-17 14:00:00,83.1867884180273
2025-02-17 15:00:00,64.96112469731865
2025-02-17 16:00:00,63.16406298653095
2025-02-17 17:00:00,35.11528526766213
2025-02-17 18:00:00,20.178292795630973
2025-02-17 19:00:00,11.665230671022867
2025-02-17 20:00:00,16.818637504539225
2025-02-17 21:00:00,27.88126677184902
2025-02-17 22:00:00,32.856608475216504
2025-02-17 23:00:00,47.32606671158453
2025-02-18 00:00:00,55.72933089421928
2025-02-18 01:00:00,83.75495773469491
2025-02-18 02:00:00,69.11602490195071
2025-02-18 03:00:00,-29.904096327637895
2025-02-18 04:00:00,-12.715207462762459
2025-02-18 05:00:00,-49.781095972805694
2025-02-18 06:00:00,-59.12562602084642
2025-02-18 07:00:00,-53.85447279766664
2025-02-18 08:00:00,-62.38955538726642
2025-02-18 09:00:00,-81.12553786524293
2025-02-18 10:00:00,-90.03822024679526
2025-02-18 11:00:00,-53.01463412152548
2025-02-18 12:00:00,112.84038836919825
2025-02-18 13:00:00,104.23504372079607
2025-02-18 14:00:00,64.09984724058603
2025-02-18 15:00:00,58.25488354817043
2025-02-18 16:00:00,27.651838113401116
2025-02-18 17:00:00,12.469188780654983
2025-02-18 18:00:00,15.0040215409977
2025-02-18 19:00:00,13.510188347177161
2025-02-18 20:00:00,-28.066382037184887
2025-02-18 21:00:00,7.682494078360883
2025-02-18 22:00:00,21.381686835110173
2025-02-18 23:00:00,32.17560247236627
2025-02-19 00:00:00,54.35484282729508
2025-02-19 01:00:00,50.8504902790937
2025-02-19 02:00:00,37.21697867372644
2025-02-19 03:00:00,-19.486117643241858
2025-02-19 04:00:00,6.442575394991719
2025-02-19 05:00:00,-27.412703053411622
2025-02-19 06:00:00,-43.355715330567655
2025-02-19 07:00:00,-41.690669843509305
2025-02-19 08:00:00,-25.598603853007255
2025-02-19 09:00:00,-30.708840824928902
2025-02-19 10:00:00,-45.77987970724139
2025-02-19 11:00:00,-47.89012414270092
2025-02-19 12:00:00,46.65220165055372
2025-02-19 13:00:00,74.69449816824508
2025-02-19 14:00:00,86.44892913589267
2025-02-19 15:00:00,117.71030378989451
2025-02-19 16:00:00,81.14317890991313
2025-02-19 17:00:00,63.65551604290076
2025-02-19 18:00:00,75.27929040242046
2025-02-19 19:00:00,54.956563000239676
2025-02-19 20:00:00,32.182278043469715
2025-02-19 21:00:00,134.3188175323043
2025-02-19 22:00:00,190.08211792048687
2025-02-19 23:00:00,248.97941472849422
2025-02-20 00:00:00,717.6848223717778
2025-02-20 01:00:00,1125.80242579039
2025-02-20 02:00:00,1382.9593738307196
2025-02-20 03:00:00,1187.817002283462
2025-02-20 04:00:00,752.7039231739051
2025-02-20 05:00:00,587.9952981883196
2025-02-20 06:00:00,294.50194613506807
2025-02-20 07:00:00,207.11779091499344
2025-02-20 08:00:00,148.526097334499
2025-02-20 09:00:00,127.24437450510065
2025-02-20 10:00:00,118.12431963370035
2025-02-20 11:00:00,145.0685451884542
2025-02-20 12:00:00,624.6330644838433
2025-02-20 13:00:00,918.5961735312449
2025-02-20 14:00:00,1059.879683699302
2025-02-20 15:00:00,1120.333180450443
2025-02-20 16:00:00,692.5250693407423
2025-02-20 17:00:00,403.5705408955001
2025-02-20 18:00:00,354.9638767958527
2025-02-20 19:00:00,372.66727366787006
2025-02-20 20:00:00,266.5146581505611
2025-02-20 21:00:00,232.91168803909994
2025-02-20 22:00:00,314.1128880822327
2025-02-20 23:00:00,812.6374226325422
2025-02-21 00:00:00,1608.1312456596245
2025-02-21 01:00:00,2039.1576827197648
2025-02-21 02:00:00,1273.4672534685496
2025-02-21 03:00:00,926.7070838898118
2025-02-21 04:00:00,550.2637645665421
2025-02-21 05:00:00,442.847015545948
2025-02-21 06:00:00,184.51386517662863
2025-02-21 07:00:00,111.49271119324365
2025-02-21 08:00:00,30.171654427850655
2025-02-21 09:00:00,-0.05524334159758366
2025-02-21 10:00:00,4.595076803760911
2025-02-21 11:00:00,105.62210155021994
2025-02-21 12:00:00,649.5212102648362
2025-02-21 13:00:00,972.7145567352866
2025-02-21 14:00:00,1118.25946575171
2025-02-21 15:00:00,1124.4362657956078
2025-02-21 16:00:00,708.1314662226338
2025-02-21 17:00:00,501.17534200232217
2025-02-21 18:00:00,522.8161425916103
2025-02-21 19:00:00,520.6068990891332
2025-02-21 20:00:00,375.1814009072115
2025-02-21 21:00:00,347.3162214497212
2025-02-21 22:00:00,432.3605439461686
2025-02-21 23:00:00,961.098445885803
2025-02-22 00:00:00,1364.4759255836377
2025-02-22 01:00:00,1386.2883331239225
2025-02-22 02:00:00,512.7277222563721
2025-02-22 03:00:00,290.08087641122813
2025-02-22 04:00:00,157.75757603767255
2025-02-22 05:00:00,104.58955644954878
2025-02-22 06:00:00,93.24285047209099
2025-02-22 07:00:00,72.40959950378193
2025-02-22 08:00:00,70.81512644668396
2025-02-22 09:00:00,63.07245053230755
2025-02-22 10:00:00,71.01000047077835
2025-02-22 11:00:00,164.61004356783295
2025-02-22 12:00:00,440.6530960496971
2025-02-22 13:00:00,437.6772537295257
2025-02-22 14:00:00,394.27486162273266
2025-02-22 15:00:00,352.8254406637508
2025-02-22 16:00:00,265.77760830390406
2025-02-22 17:00:00,256.3831741678289
2025-02-22 18:00:00,273.38465248332005
2025-02-22 19:00:00,234.68633884240603
2025-02-22 20:00:00,191.38193473499427
2025-02-22 21:00:00,220.72368258368334
2025-02-22 22:00:00,278.94327150677947
2025-02-22 23:00:00,413.78211263814757
2025-02-23 00:00:00,493.7809716347572
2025-02-23 01:00:00,458.4310733372558
2025-02-23 02:00:00,407.02248084160937
2025-02-23 03:00:00,200.8536946832685
2025-02-23 04:00:00,94.28137944945229
2025-02-23 05:00:00,64.79651789641107
2025-02-23 06:00:00,71.00279456178188
2025-02-23 07:00:00,62.27070550356592
2025-02-23 08:00:00,77.77391349549916
2025-02-23 09:00:00,75.38439671974075
2025-02-23 10:00:00,83.1716542965477
2025-02-23 11:00:00,148.38018339581475
2025-02-23 12:00:00,402.83332623581873
2025-02-23 13:00:00,237.93766800557245
2025-02-23 14:00:00,220.73098078794456
2025-02-23 15:00:00,203.3863260116209
2025-02-23 16:00:00,161.47950246762642
2025-02-23 17:00:00,181.22563899027503
2025-02-23 18:00:00,126.946130970752
2025-02-23 19:00:00,121.57666947086457
2025-02-23 20:00:00,92.33068092839238
2025-02-23 21:00:00,90.26248134786157
2025-02-23 22:00:00,134.06154835143678
2025-02-23 23:00:00,153.64010149170213
2025-02-24 00:00:00,187.51627916713124
2025-02-24 01:00:00,212.55093012894844
2025-02-24 02:00:00,146.41187091125
2025-02-24 03:00:00,96.43067835784467
2025-02-24 04:00:00,68.55537263024061
2025-02-24 05:00:00,27.10384227101645
2025-02-24 06:00:00,20.444549738083744
2025-02-24 07:00:00,0.9321393321018177
2025-02-24 08:00:00,5.689168314088626
2025-02-24 09:00:00,-10.139784897731294
2025-02-24 10:00:00,-27.510954220124646
2025-02-24 11:00:00,22.553083833160194
2025-02-24 12:00:00,291.76621446008517
2025-02-24 13:00:00,174.47951950336898
2025-02-24 14:00:00,188.56705627480125
2025-02-24 15:00:00,164.68670730456648
2025-02-24 16:00:00,124.2914062523998
2025-02-24 17:00:00,138.94992464914455
2025-02-24 18:00:00,103.0409882890221
2025-02-24 19:00:00,84.51673306870478
2025-02-24 20:00:00,58.186792086038494
2025-02-24 21:00:00,63.511843515503685
2025-02-24 22:00:00,76.67192865020493
2025-02-24 23:00:00,87.58071700313474
2025-02-25 00:00:00,211.8131860148802
2025-02-25 01:00:00,549.851787043127
2025-02-25 02:00:00,155.68156704033262
2025-02-25 03:00:00,68.28377228680586
2025-02-25 04:00:00,63.67736212558869
2025-02-25 05:00:00,7.293704635191099
2025-02-25 06:00:00,-25.598430451722663
2025-02-25 07:00:00,-69.15157040205642
2025-02-25 08:00:00,-83.523760789571
2025-02-25 09:00:00,-89.78166026860747
2025-02-25 10:00:00,-101.39605318687919
2025-02-25 11:00:00,-34.022986301217074
2025-02-25 12:00:00,282.25081567648766
2025-02-25 13:00:00,226.7203972501507
2025-02-25 14:00:00,127.54033687801096
2025-02-25 15:00:00,82.71623819482106
2025-02-25 16:00:00,53.10709502828826
2025-02-25 17:00:00,41.77231700058038
2025-02-25 18:00:00,44.86554114800266
2025-02-25 19:00:00,34.119360705245704
2025-02-25 20:00:00,25.41659023530977
2025-02-25 21:00:00,35.992422661967844
2025-02-25 22:00:00,50.840863562449876
2025-02-25 23:00:00,89.243416300181
2025-02-26 00:00:00,226.70804076634914
2025-02-26 01:00:00,521.837817636186
2025-02-26 02:00:00,70.88351662863552
2025-02-26 03:00:00,10.306997956602128
2025-02-26 04:00:00,15.240911949759155
2025-02-26 05:00:00,-37.320116303772316
2025-02-26 06:00:00,-61.2524682318436
2025-02-26 07:00:00,-101.5461965062498
2025-02-26 08:00:00,-125.97571882374967
2025-02-26 09:00:00,-117.48171206215083
2025-02-26 10:00:00,-144.92406540809745
2025-02-26 11:00:00,-77.51439591206605
2025-02-26 12:00:00,166.7113107456669
2025-02-26 13:00:00,161.09565651053975
2025-02-26 14:00:00,54.40552676010907
2025-02-26 15:00:00,15.83409206212207
2025-02-26 16:00:00,-12.40497901230537
2025-02-26 17:00:00,-19.361504311201028
2025-02-26 18:00:00,0.38463486405918473
2025-02-26 19:00:00,-1.7139434340536837
2025-02-26 20:00:00,-21.04206643518191
2025-02-26 21:00:00,-27.40570166087506
2025-02-26 22:00:00,-24.38614822018107
2025-02-26 23:00:00,35.71063986707392
2025-02-27 00:00:00,84.42523950650582
2025-02-27 01:00:00,103.68579421944108
2025-02-27 02:00:00,-14.624988750327685
2025-02-27 03:00:00,-67.37349856467483
2025-02-27 04:00:00,-80.86037840280271
2025-02-27 05:00:00,-104.85069972731121
2025-02-27 06:00:00,-103.67759546235807
2025-02-27 07:00:00,-108.67208127856743
2025-02-27 08:00:00,-116.70614994813496
2025-02-27 09:00:00,-97.76570813993409
2025-02-27 10:00:00,-117.7239258575569
2025-02-27 11:00:00,-49.82980869588659
2025-02-27 12:00:00,74.14710424118981
2025-02-27 13:00:00,73.84597006309953
2025-02-27 14:00:00,36.75403978930728
2025-02-27 15:00:00,26.150096257138262
2025-02-27 16:00:00,2.46877107413351
2025-02-27 17:00:00,-7.5596776211702705
2025-02-27 18:00:00,12.170280731049699
2025-02-27 19:00:00,-16.388776321591344
2025-02-27 20:00:00,-39.86449352509913
2025-02-27 21:00:00,-27.890833505473598
2025-02-27 22:00:00,-35.371663577523506
2025-02-27 23:00:00,1.9947212956744487
2025-02-28 00:00:00,24.261105753581894
2025-02-28 01:00:00,20.825032952638647
2025-02-28 02:00:00,-15.614946877208677
2025-02-28 03:00:00,-33.4913403709391
2025-02-28 04:00:00,-73.75048713744121
2025-02-28 05:00:00,-116.34063141782818
2025-02-28 06:00:00,-135.524130288844
2025-02-28 07:00:00,-108.83310008047559
2025-02-28 08:00:00,-80.81249456540927
2025-02-28 09:00:00,-83.38905646348483
2025-02-28 10:00:00,-104.67280483349283
2025-02-28 11:00:00,-30.63651456121555
2025-02-28 12:00:00,130.07162052170455
2025-02-28 13:00:00,239.97148460798886
2025-02-28 14:00:00,287.4286162183894
2025-02-28 15:00:00,239.43202853070295
2025-02-28 16:00:00,96.41739606841061
2025-02-28 17:00:00,61.31714502579576
2025-02-28 18:00:00,29.94306565185874
2025-02-28 19:00:00,1.4384996183081458
2025-02-28 20:00:00,-16.405245838298637
2025-02-28 21:00:00,-5.787588034477206
2025-02-28 22:00:00,-7.631050321896555
2025-02-28 23:00:00,5.138805770610728
2025-03-01 00:00:00,57.43933616644285
2025-03-01 01:00:00,68.35827142433554
2025-03-01 02:00:00,-2.7661517112346585
2025-03-01 03:00:00,1.3951123859908683
2025-03-01 04:00:00,-37.09201448141099
2025-03-01 05:00:00,-107.1853220500029
2025-03-01 06:00:00,-128.56077959250214
2025-03-01 07:00:00,-109.30839108669471
2025-03-01 08:00:00,-77.9690611318138
2025-03-01 09:00:00,-50.31795631404253
2025-03-01 10:00:00,-61.5099759267696
2025-03-01 11:00:00,-7.747612758066728
2025-03-01 12:00:00,284.8744390942374
2025-03-01 13:00:00,335.8147545570426
2025-03-01 14:00:00,384.3192400458988
2025-03-01 15:00:00,253.68462998322804
2025-03-01 16:00:00,132.5792675504197
2025-03-01 17:00:00,114.19836929347531
2025-03-01 18:00:00,157.1673068570573
2025-03-01 19:00:00,209.5691346787484
2025-03-01 20:00:00,115.3489988825852
2025-03-01 21:00:00,157.25468944188913
2025-03-01 22:00:00,264.7545597995557
2025-03-01 23:00:00,345.2776206856334
2025-03-02 00:00:00,257.68604053644464
2025-03-02 01:00:00,863.8411007671415
2025-03-02 02:00:00,92.59719218168202
2025-03-02 03:00:00,-34.30941880946369
2025-03-02 04:00:00,-55.61001899711192
2025-03-02 05:00:00,-85.50672412304915
2025-03-02 06:00:00,-78.95657690122209
2025-03-02 07:00:00,-78.38025218686856
2025-03-02 08:00:00,-70.55600830825216
2025-03-02 09:00:00,-51.99503996543242
2025-03-02 10:00:00,-43.665967495745946
2025-03-02 11:00:00,88.24019439140054
2025-03-02 12:00:00,818.3811313988579
2025-03-02 13:00:00,397.2260955303611
2025-03-02 14:00:00,191.50478172630915
2025-03-02 15:00:00,64.00618285672515
2025-03-02 16:00:00,36.45030657879801
2025-03-02 17:00:00,29.80634616838183
2025-03-02 18:00:00,107.27538438069277
2025-03-02 19:00:00,149.6253287402858
2025-03-02 20:00:00,66.53313994175298
2025-03-02 21:00:00,130.26490030524798
2025-03-02 22:00:00,227.47721987422335
2025-03-02 23:00:00,284.5578457905648
2025-03-03 00:00:00,184.89524131403294
2025-03-03 01:00:00,723.8577858991459
2025-03-03 02:00:00,-40.28558606320008
2025-03-03 03:00:00,-82.4459255811897
2025-03-03 04:00:00,-91.70541295480464
2025-03-03 05:00:00,-92.97156942383259
2025-03-03 06:00:00,-80.02025014598308
2025-03-03 07:00:00,-70.3615983298439
2025-03-03 08:00:00,-67.34275554255674
2025-03-03 09:00:00,-70.51164474369637
2025-03-03 10:00:00,-47.90456067883799
2025-03-03 11:00:00,136.45981793913964
2025-03-03 12:00:00,732.4813129620358
2025-03-03 13:00:00,550.5909082476335
2025-03-03 14:00:00,455.63690520099584
2025-03-03 15:00:00,341.25047039177696
2025-03-03 16:00:00,136.21511818842964
2025-03-03 17:00:00,101.73194945596445
2025-03-03 18:00:00,83.80254475271053
2025-03-03 19:00:00,50.61115777289806
2025-03-03 20:00:00,43.7374302848473
2025-03-03 21:00:00,39.41867331158701
2025-03-03 22:00:00,32.740564589936916
2025-03-03 23:00:00,48.445319523798446
2025-03-04 00:00:00,57.85102570709228
2025-03-04 01:00:00,57.18527084544943
2025-03-04 02:00:00,-21.04069300303524
2025-03-04 03:00:00,25.96511629373246
2025-03-04 04:00:00,22.67700813651392
2025-03-04 05:00:00,-47.940874812667836
2025-03-04 06:00:00,-53.095928111282035
2025-03-04 07:00:00,-16.75588903841281
2025-03-04 08:00:00,-10.560679966346829
2025-03-04 09:00:00,149.35420315304597
2025-03-04 10:00:00,63.01556450038384
2025-03-04 11:00:00,22.606438345554675
2025-03-04 12:00:00,103.24887309197044
2025-03-04 13:00:00,321.2521840837017
2025-03-04 14:00:00,369.66900940174463
2025-03-04 15:00:00,284.1499107257576
2025-03-04 16:00:00,98.64684068356677
2025-03-04 17:00:00,130.4721832464209
2025-03-04 18:00:00,82.17157488027527
2025-03-04 19:00:00,60.0412139793352
2025-03-04 20:00:00,67.9620381748747
2025-03-04 21:00:00,41.66556757641104
2025-03-04 22:00:00,27.93731626792869
2025-03-04 23:00:00,51.52162708375989
2025-03-05 00:00:00,29.666166476235546
2025-03-05 01:00:00,43.53620695063847
2025-03-05 02:00:00,32.029315951215466
2025-03-05 03:00:00,49.01777085086158
2025-03-05 04:00:00,4.562016971928551
2025-03-05 05:00:00,-54.88333527073961
2025-03-05 06:00:00,-53.547197831587155
2025-03-05 07:00:00,-28.507945386573898
2025-03-05 08:00:00,-17.250558574417358
2025-03-05 09:00:00,194.74897673822252
2025-03-05 10:00:00,131.9715322263957
2025-03-05 11:00:00,-21.84690686499445
2025-03-05 12:00:00,54.139859323068784
2025-03-05 13:00:00,105.4993377409363
2025-03-05 14:00:00,148.55148508952732
2025-03-05 15:00:00,137.72886932675087
2025-03-05 16:00:00,94.93753587221605
2025-03-05 17:00:00,107.16374496515608
2025-03-05 18:00:00,57.243015138026315
2025-03-05 19:00:00,57.581595163808224
2025-03-05 20:00:00,68.38255891107707
2025-03-05 21:00:00,52.38697972618022
2025-03-05 22:00:00,46.612278003940176
2025-03-05 23:00:00,56.27630217322404
2025-03-06 00:00:00,67.54882214240293
2025-03-06 01:00:00,78.33905982312335
2025-03-06 02:00:00,17.45448661400761
2025-03-06 03:00:00,-82.10517683390634
2025-03-06 04:00:00,-126.13731024049223
2025-03-06 05:00:00,-127.66909171955366
2025-03-06 06:00:00,-132.43246437603497
2025-03-06 07:00:00,-78.25223011630405
2025-03-06 08:00:00,-91.74753524512927
2025-03-06 09:00:00,-31.09767952081937
2025-03-06 10:00:00,-9.699542922854848
2025-03-06 11:00:00,-21.59740046242619
2025-03-06 12:00:00,228.48902295903432
2025-03-06 13:00:00,351.6344679954865
2025-03-06 14:00:00,238.09595883751848
2025-03-06 15:00:00,132.16644729794456
2025-03-06 16:00:00,96.93244623905638
2025-03-06 17:00:00,53.28465386392843
2025-03-06 18:00:00,42.94953782446315
2025-03-06 19:00:00,60.35617239781062
2025-03-06 20:00:00,64.54674499546837
2025-03-06 21:00:00,60.09712497026292
2025-03-06 22:00:00,66.28121409529831
2025-03-06 23:00:00,87.6108643862848
2025-03-07 00:00:00,209.10636377993143
2025-03-07 01:00:00,414.87837195879223
2025-03-07 02:00:00,80.06988948807518
2025-03-07 03:00:00,-80.38699369459076
2025-03-07 04:00:00,-110.34853871677753
2025-03-07 05:00:00,-133.7557044574992
2025-03-07 06:00:00,-129.44764888996573
2025-03-07 07:00:00,-75.60102435378953
2025-03-07 08:00:00,-88.06228364889361
2025-03-07 09:00:00,-81.44691658759822
2025-03-07 10:00:00,-75.66327578955952
2025-03-07 11:00:00,24.40187787386563
2025-03-07 12:00:00,227.80886084209197
2025-03-07 13:00:00,330.0503051367724
2025-03-07 14:00:00,246.94308372047118
2025-03-07 15:00:00,165.79613367793155
2025-03-07 16:00:00,91.81324549831713
2025-03-07 17:00:00,61.711139175865334
2025-03-07 18:00:00,50.57650027508992
2025-03-07 19:00:00,65.33082556586812
2025-03-07 20:00:00,64.30625458898301
2025-03-07 21:00:00,76.09266839783776
2025-03-07 22:00:00,73.51610435095321
2025-03-07 23:00:00,118.28617772710318
2025-03-08 00:00:00,213.97042351447516
2025-03-08 01:00:00,453.44328928695177
2025-03-08 02:00:00,113.20939718960966
2025-03-08 03:00:00,36.49361804220642
2025-03-08 04:00:00,-13.032390746217635
2025-03-08 05:00:00,-40.834438488055724
2025-03-08 06:00:00,-32.72732349022701
2025-03-08 07:00:00,-42.90355644846311
2025-03-08 08:00:00,-58.522136545539006
2025-03-08 09:00:00,-41.40235249112649
2025-03-08 10:00:00,-35.13747024281858
2025-03-08 11:00:00,42.950139507788606
2025-03-08 12:00:00,173.88001928458027
2025-03-08 13:00:00,156.31449806647228
2025-03-08 14:00:00,128.64117417540723
2025-03-08 15:00:00,98.36831743532774
2025-03-08 16:00:00,21.585411412843992
2025-03-08 17:00:00,2.7661600482186883
2025-03-08 18:00:00,-8.06854657271146
2025-03-08 19:00:00,-14.84236329709538
2025-03-08 21:00:00,-42.03204466440839
2025-03-08 22:00:00,-35.5102608289396
2025-03-08 23:00:00,-14.766430201320308
2025-03-09 00:00:00,3.407199826202562
2025-03-09 01:00:00,62.668900716786034
2025-03-09 03:00:00,115.71435204507016
2025-03-09 04:00:00,44.73177538523482
2025-03-09 05:00:00,18.492304952043423
2025-03-09 06:00:00,32.00352660190921
2025-03-09 07:00:00,19.83205061673232
2025-03-09 08:00:00,52.89416323424386
2025-03-09 09:00:00,56.09739291670881
2025-03-09 10:00:00,95.2121825530778
2025-03-09 11:00:00,159.72798061457613
2025-03-09 12:00:00,70.12693247443168
2025-03-09 13:00:00,61.88981262810931
2025-03-09 14:00:00,153.5928577404129
2025-03-09 15:00:00,165.02969235525876
2025-03-09 16:00:00,87.28450438001967
2025-03-09 17:00:00,84.09654240046706
2025-03-09 18:00:00,55.22421236966482
2025-03-09 19:00:00,40.214961319021754
2025-03-09 20:00:00,33.3287782886142
2025-03-09 21:00:00,30.72256162032538
2025-03-09 22:00:00,-10.718528981598402
2025-03-09 23:00:00,-17.709300288035305
2025-03-10 00:00:00,5.6311817583177115
2025-03-10 01:00:00,4.967625411014806
2025-03-10 02:00:00,59.96684760973432
2025-03-10 03:00:00,69.99935509825902
2025-03-10 04:00:00,30.974817735837426
2025-03-10 05:00:00,19.557996863875605
2025-03-10 06:00:00,68.4099853067414
2025-03-10 07:00:00,23.478234923253105
2025-03-10 08:00:00,34.787111599620985
2025-03-10 09:00:00,26.845593967168032
2025-03-10 10:00:00,47.675292844977854
2025-03-10 11:00:00,40.06428657764936
2025-03-10 12:00:00,-56.217427881008575
2025-03-10 13:00:00,-84.05896503300413
2025-03-10 14:00:00,99.79429586670145
2025-03-10 15:00:00,183.39407124171365
2025-03-10 16:00:00,153.23112060181333
2025-03-10 17:00:00,148.64228338526905
2025-03-10 18:00:00,100.24382925948802
2025-03-10 19:00:00,96.82652005959955
2025-03-10 20:00:00,93.22911957228432
2025-03-10 21:00:00,78.36085281481955
2025-03-10 22:00:00,60.52928052675483
2025-03-10 23:00:00,46.8420979064033
2025-03-11 00:00:00,54.17496934122512
2025-03-11 01:00:00,122.8553544267356
2025-03-11 02:00:00,169.40716082500134
2025-03-11 03:00:00,633.020189176802
2025-03-11 04:00:00,95.25488365879828
2025-03-11 05:00:00,29.023731343831987
2025-03-11 06:00:00,32.74306106949451
2025-03-11 07:00:00,-3.9007671079859154
2025-03-11 08:00:00,-24.243394464533647
2025-03-11 09:00:00,-79.20672972741073
2025-03-11 10:00:00,-99.20756941225717
2025-03-11 11:00:00,-145.4281394070365
2025-03-11 12:00:00,-154.5379936311498
2025-03-11 13:00:00,-89.08341040967319
2025-03-11 14:00:00,221.79191599913426
2025-03-11 15:00:00,288.1181700648627
2025-03-11 16:00:00,180.2709137645601
2025-03-11 17:00:00,108.26348314727446
2025-03-11 18:00:00,48.620529545149495
2025-03-11 19:00:00,70.46658566816136
2025-03-11 20:00:00,65.91090524832904
2025-03-11 21:00:00,57.388032830909864
2025-03-11 22:00:00,42.520145154111226
2025-03-11 23:00:00,26.54301806554067
2025-03-12 00:00:00,63.105168843121675
2025-03-12 01:00:00,140.32477786072474
2025-03-12 02:00:00,230.46392646944295
2025-03-12 03:00:00,718.4581969391421
2025-03-12 04:00:00,-25.642874277605934
2025-03-12 05:00:00,-62.60123135090872
2025-03-12 06:00:00,-72.07929852339717
2025-03-12 07:00:00,-82.78367180418647
2025-03-12 08:00:00,-90.1027351619241
2025-03-12 09:00:00,-135.72761355460008
2025-03-12 10:00:00,-137.80893008035633
2025-03-12 11:00:00,-133.71021150850527
2025-03-12 12:00:00,-128.04271258744186
2025-03-12 13:00:00,-62.41552829445951
2025-03-12 14:00:00,267.6792954707057
2025-03-12 15:00:00,497.96502948323047
2025-03-12 16:00:00,178.3913978139685
2025-03-12 17:00:00,59.79008895374196
2025-03-12 18:00:00,17.382222160125384
2025-03-12 19:00:00,17.371828329416577
2025-03-12 20:00:00,6.535540990982462
2025-03-12 21:00:00,2.6498807605202583
2025-03-12 22:00:00,-12.34934224933019
2025-03-12 23:00:00,-18.971826739509925
2025-03-13 00:00:00,37.965880844872004
2025-03-13 01:00:00,87.14083972894193
2025-03-13 02:00:00,149.31993145699147
2025-03-13 03:00:00,285.908287537379
2025-03-13 04:00:00,-27.794703383115593
2025-03-13 05:00:00,-58.81445597145915
2025-03-13 06:00:00,-63.47255559153383
2025-03-13 07:00:00,-111.43237417861316
2025-03-13 08:00:00,-116.28164873552147
2025-03-13 09:00:00,-117.17281182898202
2025-03-13 10:00:00,-108.68825904332229
2025-03-13 11:00:00,-113.02663179748745
2025-03-13 12:00:00,-2.4075906813197356
2025-03-13 13:00:00,-24.321862926224224
2025-03-13 14:00:00,191.86875049328984
2025-03-13 15:00:00,417.32412337540944
2025-03-13 16:00:00,181.05214269124394
2025-03-13 17:00:00,100.03659404789417
2025-03-13 18:00:00,69.432179903701
2025-03-13 19:00:00,48.588212527315854
2025-03-13 20:00:00,40.6112622154653
2025-03-13 21:00:00,45.42451513374082
2025-03-13 22:00:00,19.192095285062056
2025-03-13 23:00:00,19.625185776349337
2025-03-14 00:00:00,68.93136967821663
2025-03-14 01:00:00,147.44545298122145
2025-03-14 02:00:00,210.90434430791365
2025-03-14 03:00:00,420.9677013099733
2025-03-14 04:00:00,75.30549383502819
2025-03-14 05:00:00,6.879599161361003
2025-03-14 06:00:00,20.38070351354556
2025-03-14 07:00:00,-34.413339422487155
2025-03-14 08:00:00,-47.85366545616745
2025-03-14 09:00:00,-72.8221884043186
2025-03-14 10:00:00,-112.58458184030908
2025-03-14 11:00:00,-113.76513654276947
2025-03-14 12:00:00,28.404667936658004
2025-03-14 13:00:00,11.38801272476149
2025-03-14 14:00:00,81.43075521492693
2025-03-14 15:00:00,185.3391657689323
2025-03-14 16:00:00,145.45263320023707
2025-03-14 17:00:00,99.70555262566435
2025-03-14 18:00:00,63.31890762136976
2025-03-14 19:00:00,53.61735178091913
2025-03-14 20:00:00,56.15925221000054
2025-03-14 21:00:00,67.50275118884761
2025-03-14 22:00:00,33.423836125439756
2025-03-14 23:00:00,31.51299318580096
2025-03-15 00:00:00,56.60400511307608
2025-03-15 01:00:00,115.38182182746581
2025-03-15 02:00:00,160.56573030292344
2025-03-15 03:00:00,293.9298856277294
2025-03-15 04:00:00,35.76975197964512
2025-03-15 05:00:00,1.2339125501146153
2025-03-15 06:00:00,-12.630406208385056
2025-03-15 07:00:00,-14.961825074448507
2025-03-15 08:00:00,19.420588909020022
2025-03-15 09:00:00,2.9617630579072842
2025-03-15 10:00:00,-11.524904146440836
2025-03-15 11:00:00,-13.458077937974405
2025-03-15 12:00:00,17.034123464807713
2025-03-15 13:00:00,38.9784279063478
2025-03-15 14:00:00,87.05635129916818
2025-03-15 15:00:00,133.15281034188536
2025-03-15 16:00:00,147.5122667728824
2025-03-15 17:00:00,173.51324360891098
2025-03-15 18:00:00,103.63835432551132
2025-03-15 19:00:00,204.3902491661333
2025-03-15 20:00:00,195.904515879869
2025-03-15 21:00:00,482.6273443485954
2025-03-15 22:00:00,277.67663645609844
2025-03-15 23:00:00,155.51525389349874
2025-03-16 00:00:00,133.98558946769754
2025-03-16 01:00:00,123.71128066641974
2025-03-16 02:00:00,102.62922660530111
2025-03-16 03:00:00,181.34551941394255
2025-03-16 04:00:00,22.438634668343447
2025-03-16 05:00:00,-96.65628863776462
2025-03-16 06:00:00,-136.45510433391502
2025-03-16 07:00:00,-131.14736954206893
2025-03-16 08:00:00,-96.40681498774508
2025-03-16 09:00:00,-96.41643988050161
2025-03-16 10:00:00,-74.00928745261288
2025-03-16 11:00:00,-81.33826930358508
2025-03-16 12:00:00,-71.22780546416595
2025-03-16 13:00:00,-56.42998350884484
2025-03-16 14:00:00,109.33740960962022
2025-03-16 15:00:00,240.99474725728095
2025-03-16 16:00:00,256.1904909688069
2025-03-16 17:00:00,337.0537014799128
2025-03-16 18:00:00,267.06556895241766
2025-03-16 19:00:00,304.2343582654628
2025-03-16 20:00:00,277.3529619490348
2025-03-16 21:00:00,508.0625050415941
2025-03-16 22:00:00,259.5109553467632
2025-03-16 23:00:00,148.09788604864727
2025-03-17 00:00:00,128.35115813136437
2025-03-17 01:00:00,110.7345807631933
2025-03-17 02:00:00,110.65491361700896
2025-03-17 03:00:00,186.33420264278237
2025-03-17 04:00:00,-2.8512192285962947
2025-03-17 05:00:00,-110.62770035702216
2025-03-17 06:00:00,-120.53105986934068
2025-03-17 07:00:00,-126.31195061854936
2025-03-17 08:00:00,-137.52681926822302
2025-03-17 09:00:00,-152.58193409696824
2025-03-17 10:00:00,-153.24591702342306
2025-03-17 11:00:00,-151.64984870348906
2025-03-17 12:00:00,-148.54731053980655
2025-03-17 13:00:00,-86.54695890196018
2025-03-17 14:00:00,198.16409110707514
2025-03-17 15:00:00,517.3858823227146
2025-03-17 16:00:00,316.3433157714606
2025-03-17 17:00:00,285.16798431774134
2025-03-17 18:00:00,200.45892757961414
2025-03-17 19:00:00,115.98715744291863
2025-03-17 20:00:00,111.5429175971599
2025-03-17 21:00:00,82.9103024241285
2025-03-17 22:00:00,44.3746776805283
2025-03-17 23:00:00,6.148064096489707
2025-03-18 00:00:00,-5.545239319476862
2025-03-18 01:00:00,6.717519898361847
2025-03-18 02:00:00,19.80957387605529
2025-03-18 03:00:00,23.36398697568971
2025-03-18 04:00:00,-89.3233501878938
2025-03-18 05:00:00,-127.25421759260425
2025-03-18 06:00:00,-134.18312199692255
2025-03-18 07:00:00,-136.9243475593128
2025-03-18 08:00:00,-134.95710450319797
2025-03-18 09:00:00,-130.95462770227348
2025-03-18 10:00:00,-114.9968929479683
2025-03-18 11:00:00,-80.57117765538878
2025-03-18 12:00:00,-55.646801428316536
2025-03-18 13:00:00,16.76432450916057
2025-03-18 14:00:00,223.0823705275012
2025-03-18 15:00:00,414.12942129390757
2025-03-18 16:00:00,198.49397430131876
2025-03-18 17:00:00,146.02646140848182
2025-03-18 18:00:00,59.307929299226814
2025-03-18 19:00:00,25.204275783290345
2025-03-18 20:00:00,8.494446621821798
2025-03-18 21:00:00,-5.5551760530634935
2025-03-18 22:00:00,-1.3080751849048577
2025-03-18 23:00:00,-17.67225312010554
2025-03-19 00:00:00,-18.96795783569254
2025-03-19 01:00:00,7.392411706578796
2025-03-19 02:00:00,35.05204548688194
2025-03-19 03:00:00,6.123529210994733
2025-03-19 04:00:00,-136.1514988544886
2025-03-19 05:00:00,-142.110521923374
2025-03-19 06:00:00,-141.5964929297307
2025-03-19 07:00:00,-119.39643957522523
2025-03-19 08:00:00,-123.23249874642786
2025-03-19 09:00:00,-111.14761579902637
2025-03-19 10:00:00,-89.12109985148395
2025-03-19 11:00:00,-47.96759403006764
2025-03-19 12:00:00,-48.038425451014376
2025-03-19 13:00:00,35.97519889710557
2025-03-19 14:00:00,213.76743160671043
2025-03-19 15:00:00,311.09776633786066
2025-03-19 16:00:00,226.641003706603
2025-03-19 17:00:00,173.9320322838452
2025-03-19 18:00:00,85.53719266740634
2025-03-19 19:00:00,63.80710165595253
2025-03-19 20:00:00,56.20526072158624
2025-03-19 21:00:00,40.260524323987354
2025-03-19 22:00:00,35.37291875523753
2025-03-19 23:00:00,33.52192294443156
2025-03-20 00:00:00,39.164385666667705
2025-03-20 01:00:00,120.06913403580661
2025-03-20 02:00:00,475.959809090387
2025-03-20 03:00:00,448.15843086383603
2025-03-20 04:00:00,-36.73552040844908
2025-03-20 05:00:00,-102.76848154053714
2025-03-20 06:00:00,-117.3624928835647
2025-03-20 07:00:00,-130.5706385586885
2025-03-20 08:00:00,-144.27909385593983
2025-03-20 09:00:00,-131.0878325934135
2025-03-20 10:00:00,-127.61638062010226
2025-03-20 11:00:00,-129.55229024219722
2025-03-20 12:00:00,-148.07560892289436
2025-03-20 13:00:00,-88.59573671532527
2025-03-20 14:00:00,100.1355127843128
2025-03-20 15:00:00,195.85816141133523
2025-03-20 16:00:00,145.65941167090037
2025-03-20 17:00:00,130.904729597027
2025-03-20 18:00:00,77.11453096747907
2025-03-20 19:00:00,67.77891364478141
2025-03-20 20:00:00,72.12209629637819
2025-03-20 21:00:00,62.46937746884023
2025-03-20 22:00:00,63.15990687248086
2025-03-20 23:00:00,81.13999102003314
2025-03-21 00:00:00,107.78197977209297
2025-03-21 01:00:00,185.89599687104317
2025-03-21 02:00:00,513.7536345521388
2025-03-21 03:00:00,459.96261971541793
2025-03-21 04:00:00,-4.72480251383969
2025-03-21 05:00:00,-34.72438089366353
2025-03-21 06:00:00,-60.03186445974549
2025-03-21 07:00:00,-89.61082750548664
2025-03-21 08:00:00,-105.85321454787167
2025-03-21 09:00:00,-123.41103861835062
2025-03-21 10:00:00,-164.4312979410705
2025-03-21 11:00:00,-175.541581871263
2025-03-21 12:00:00,-178.69707104084029
2025-03-21 13:00:00,-156.39589305823003
2025-03-21 14:00:00,12.283024430368425
2025-03-21 15:00:00,53.84639301064076
2025-03-21 16:00:00,27.939827209572716
2025-03-21 17:00:00,2.18017153409618
2025-03-21 18:00:00,-19.066883113913086
2025-03-21 19:00:00,-7.82323292788204
2025-03-21 20:00:00,6.537485815203403
2025-03-21 21:00:00,8.101105495667907
2025-03-21 22:00:00,15.945681862880956
2025-03-21 23:00:00,36.66031721311608
2025-03-22 00:00:00,60.52639713189732
2025-03-22 01:00:00,108.05012865027578
2025-03-22 02:00:00,181.8348058623253
2025-03-22 03:00:00,113.79100236857279
2025-03-22 04:00:00,-64.41897107753769
2025-03-22 05:00:00,-89.10745400467859
2025-03-22 06:00:00,-113.97927099538008
2025-03-22 07:00:00,-99.43188242052089
2025-03-22 08:00:00,-90.67607718910844
2025-03-22 09:00:00,-93.98565779897194
2025-03-22 10:00:00,-109.30845136656052
2025-03-22 11:00:00,-109.74116101847294
2025-03-22 12:00:00,-114.38003351438283
2025-03-22 13:00:00,-33.02146020090159
2025-03-22 14:00:00,153.82624283442368
2025-03-22 15:00:00,237.14697424861131
2025-03-22 16:00:00,96.22937517904164
2025-03-22 17:00:00,20.246930534568698
2025-03-22 18:00:00,-13.17669724140933
2025-03-22 19:00:00,-6.608279967180191
2025-03-22 20:00:00,7.28952003185609
2025-03-22 21:00:00,-1.9369781474357555
2025-03-22 22:00:00,-6.082105047292738
2025-03-22 23:00:00,-1.8848111919139214
2025-03-23 00:00:00,20.66992087061153
2025-03-23 01:00:00,44.05796042821967
2025-03-23 02:00:00,73.92345725556098
2025-03-23 03:00:00,18.10401865955285
2025-03-23 04:00:00,-124.28785929785502
2025-03-23 05:00:00,-145.41834412531617
2025-03-23 06:00:00,-163.31390935746157
2025-03-23 07:00:00,-150.81428785122654
2025-03-23 08:00:00,-148.3470121236309
2025-03-23 09:00:00,-157.1596315690415
2025-03-23 10:00:00,-144.49906859477986
2025-03-23 11:00:00,-137.0731979486296
2025-03-23 12:00:00,-134.6219805223583
2025-03-23 13:00:00,-24.12517829750958
2025-03-23 14:00:00,140.64019832222465
2025-03-23 15:00:00,196.5205008103786
2025-03-23 16:00:00,111.64353848057824
2025-03-23 17:00:00,61.09409215076251
2025-03-23 18:00:00,21.69194263030421
2025-03-23 19:00:00,29.293381180434427
2025-03-23 20:00:00,28.07085100065703
2025-03-23 21:00:00,13.78895089346443
2025-03-23 22:00:00,12.22922499270228
2025-03-23 23:00:00,5.2692707532710035
2025-03-24 00:00:00,31.950603244298456
2025-03-24 01:00:00,36.77579519837483
2025-03-24 02:00:00,35.56888290927897
2025-03-24 03:00:00,36.63100081081233
2025-03-24 04:00:00,-30.262399755251288
2025-03-24 05:00:00,-69.97517112509568
2025-03-24 06:00:00,-108.45386283524077
2025-03-24 07:00:00,-59.66243929711924
2025-03-24 08:00:00,-51.91619846823305
2025-03-24 09:00:00,-64.90376928966347
2025-03-24 10:00:00,-47.32386971209176
2025-03-24 11:00:00,-30.826153905212546
2025-03-24 12:00:00,-82.59888316457332
2025-03-24 13:00:00,-6.202031089971945
2025-03-24 14:00:00,111.192343717251
2025-03-24 15:00:00,136.64071650242636
2025-03-24 16:00:00,171.02175353062825
2025-03-24 17:00:00,139.54582926945423
2025-03-24 18:00:00,75.96815922061496
2025-03-24 19:00:00,59.77680699081253
2025-03-24 20:00:00,49.973643685425166
2025-03-24 21:00:00,31.406506065142448
2025-03-24 22:00:00,22.30348329755568
2025-03-24 23:00:00,7.747593457294512
2025-03-25 00:00:00,19.141312490765095
2025-03-25 01:00:00,42.73675607210098
2025-03-25 02:00:00,56.44872007031302
2025-03-25 03:00:00,35.85581936569093
2025-03-25 04:00:00,-39.95563909622251
2025-03-25 05:00:00,-101.5368512868641
2025-03-25 06:00:00,-134.85554328859587
2025-03-25 07:00:00,-87.50360849356545
2025-03-25 08:00:00,-88.70604901033333
2025-03-25 09:00:00,-96.82034749050776
2025-03-25 10:00:00,-81.14934785515939
2025-03-25 11:00:00,-39.9073075634952
2025-03-25 12:00:00,-100.8889943927321
2025-03-25 13:00:00,-19.317171519453918
2025-03-25 14:00:00,347.5405343918313
2025-03-25 15:00:00,1100.6542331584528
2025-03-25 16:00:00,486.8844111422988
2025-03-25 17:00:00,171.56959453253324
2025-03-25 18:00:00,88.15466909086493
2025-03-25 19:00:00,64.93749851216928
2025-03-25 20:00:00,65.1882075764652
2025-03-25 21:00:00,47.757095294252714
2025-03-25 22:00:00,45.603955536611856
2025-03-25 23:00:00,39.61839130376327
2025-03-26 00:00:00,47.944067732940916
2025-03-26 01:00:00,78.36960343187492
2025-03-26 02:00:00,116.00902972726219
2025-03-26 03:00:00,56.99506635446283
2025-03-26 04:00:00,-28.151028858260894
2025-03-26 05:00:00,-107.34418618708206
2025-03-26 06:00:00,-112.9202978696737
2025-03-26 07:00:00,-96.70152287940816
2025-03-26 08:00:00,-84.15966011066567
2025-03-26 09:00:00,-76.55000809013231
2025-03-26 10:00:00,-49.85446735291259
2025-03-26 11:00:00,-2.7025463308947257
2025-03-26 12:00:00,-25.44915563915674
2025-03-26 13:00:00,148.3249780824341
2025-03-26 14:00:00,507.49436353271193
2025-03-26 15:00:00,1151.9542761427294
2025-03-26 16:00:00,328.7980411060421
2025-03-26 17:00:00,68.69367694326783
2025-03-26 18:00:00,40.98206016294565
2025-03-26 19:00:00,33.92174202238953
2025-03-26 20:00:00,36.75726917764351
2025-03-26 21:00:00,25.973091213352138
2025-03-26 22:00:00,36.04757792077565
2025-03-26 23:00:00,36.97913507314183
2025-03-27 00:00:00,43.514935151480124
2025-03-27 01:00:00,86.12925791769453
2025-03-27 02:00:00,121.78601288893199
2025-03-27 03:00:00,95.07009514877726
2025-03-27 04:00:00,57.977770922487416
2025-03-27 05:00:00,-37.55822898121997
2025-03-27 06:00:00,-53.967786318837895
2025-03-27 07:00:00,-42.972318994394406
2025-03-27 08:00:00,-58.53248391617898
2025-03-27 09:00:00,-73.30674106207802
2025-03-27 10:00:00,-83.55826205864238
2025-03-27 11:00:00,-30.709439101264973
2025-03-27 12:00:00,-6.2225027233738555
2025-03-27 13:00:00,128.02688694493483
2025-03-27 14:00:00,219.12772660300078
2025-03-27 15:00:00,266.66276228979393
2025-03-27 16:00:00,92.56594612905108
2025-03-27 17:00:00,30.61395850462442
2025-03-27 18:00:00,12.25046831646949
2025-03-27 19:00:00,13.0403106530662
2025-03-27 20:00:00,11.820948339209126
2025-03-27 21:00:00,3.5862467087567826
2025-03-27 22:00:00,14.349920778500257
2025-03-27 23:00:00,21.886763767403547
2025-03-28 00:00:00,32.101186584668554
2025-03-28 01:00:00,93.05115224141517
2025-03-28 02:00:00,145.10006407471508
2025-03-28 03:00:00,131.99126914819146
2025-03-28 04:00:00,99.0414987280665
2025-03-28 05:00:00,22.12361639387371
2025-03-28 06:00:00,-5.881452573568803
2025-03-28 07:00:00,-12.158960461614337
2025-03-28 08:00:00,-31.70905910249169
2025-03-28 09:00:00,-45.11227899829052
2025-03-28 10:00:00,-66.16918128507157
2025-03-28 11:00:00,-44.23514685143417
2025-03-28 12:00:00,-19.507716404808907
2025-03-28 13:00:00,-9.985894698023879
2025-03-28 14:00:00,28.814250818150853
2025-03-28 15:00:00,57.488341698245605
2025-03-28 16:00:00,89.6269434940994
2025-03-28 17:00:00,66.52811316527068
2025-03-28 18:00:00,31.457960535751027
2025-03-28 19:00:00,31.17068225881297
2025-03-28 20:00:00,85.16756254059185
2025-03-28 21:00:00,62.17133045228906
2025-03-28 22:00:00,51.561077190874904
2025-03-28 23:00:00,36.83842275501672
2025-03-29 00:00:00,40.67371694785429
2025-03-29 01:00:00,95.78419322619155
2025-03-29 02:00:00,141.554606958548
2025-03-29 03:00:00,185.82783483325255
2025-03-29 04:00:00,84.48595012378782
2025-03-29 05:00:00,25.347730590795983
2025-03-29 06:00:00,5.458126957908061
2025-03-29 07:00:00,-2.8491465618025327
2025-03-29 08:00:00,29.499165474338184
2025-03-29 09:00:00,79.7853108299576
2025-03-29 10:00:00,83.99315786889609
2025-03-29 11:00:00,23.700411316100112
2025-03-29 12:00:00,0.2213533951319332
2025-03-29 13:00:00,-9.053521078276754
2025-03-29 14:00:00,32.29781726084766
2025-03-29 15:00:00,47.05438458971677
2025-03-29 16:00:00,47.38776042676025
2025-03-29 17:00:00,37.85412123782075
2025-03-29 18:00:00,13.813101418615206
2025-03-29 19:00:00,15.569096930660491
2025-03-29 20:00:00,67.50934190091282
2025-03-29 21:00:00,43.83605478567629
2025-03-29 22:00:00,56.56010027983539
2025-03-29 23:00:00,39.56066191215459
2025-03-30 00:00:00,30.825293917286935
2025-03-30 01:00:00,74.86909940257975
2025-03-30 02:00:00,75.15169449375831
2025-03-30 03:00:00,128.07127440488125
2025-03-30 04:00:00,54.82764376436621
2025-03-30 05:00:00,38.164652750440176
2025-03-30 06:00:00,22.32896589573341
2025-03-30 07:00:00,10.410487168979186
2025-03-30 08:00:00,34.03870055615831
2025-03-30 09:00:00,57.58008451800135
2025-03-30 10:00:00,53.387731033275756
2025-03-30 11:00:00,7.018943410439434
2025-03-30 12:00:00,-61.970920362009295
2025-03-30 13:00:00,-1.6412340170745476
2025-03-30 14:00:00,106.19082565865699
2025-03-30 15:00:00,142.51516631986357
2025-03-30 16:00:00,249.28534203725968
2025-03-30 17:00:00,432.3419212827684
2025-03-30 18:00:00,340.0792741113906
2025-03-30 19:00:00,252.35584157567772
2025-03-30 20:00:00,207.46626878034743
2025-03-30 21:00:00,157.93432201142994
2025-03-30 22:00:00,140.45918204691588
2025-03-30 23:00:00,75.60374045164912
2025-03-31 00:00:00,44.048066583219885
2025-03-31 01:00:00,61.56567218103415
2025-03-31 02:00:00,58.14049763576928
2025-03-31 03:00:00,51.67362515276048
2025-03-31 04:00:00,34.313425942969566
2025-03-31 05:00:00,11.342316502948957
2025-03-31 06:00:00,1.7242808386144748
2025-03-31 07:00:00,-9.55616791119955
2025-03-31 08:00:00,4.772326852414226
2025-03-31 09:00:00,18.810800893623426
2025-03-31 10:00:00,138.95884368549432
2025-03-31 11:00:00,56.58189906059933
2025-03-31 12:00:00,71.22114827649027
2025-03-31 13:00:00,191.70543697148125
2025-03-31 14:00:00,421.97360283906664
2025-03-31 15:00:00,556.5188583542289
2025-03-31 16:00:00,449.3378267872392
2025-03-31 17:00:00,388.91684161508323
2025-03-31 18:00:00,268.82931434677846
2025-03-31 19:00:00,217.45273590222212
2025-03-31 20:00:00,212.7178170006617
2025-03-31 21:00:00,220.8643880572584
2025-03-31 22:00:00,287.83755846080754
2025-03-31 23:00:00,216.58165922200092
2025-04-01 00:00:00,181.65929879843983
2025-04-01 01:00:00,132.07575544690332
2025-04-01 02:00:00,159.54649600751043
2025-04-01 03:00:00,114.12020972243954
2025-04-01 04:00:00,11.150720629491106
2025-04-01 05:00:00,-27.441264697514143
2025-04-01 06:00:00,-27.344412800460265
2025-04-01 07:00:00,-46.899987772587515
2025-04-01 08:00:00,-51.58450402033464
2025-04-01 09:00:00,-35.3492517256348
2025-04-01 10:00:00,78.3517355598512
2025-04-01 11:00:00,9.725055085716594
2025-04-01 12:00:00,80.47080121305746
2025-04-01 13:00:00,165.03068593550339
2025-04-01 14:00:00,536.0839949734695
2025-04-01 15:00:00,769.3221318825754
2025-04-01 16:00:00,335.68558778551574
2025-04-01 17:00:00,64.27686549599052
2025-04-01 18:00:00,47.576409383429734
2025-04-01 19:00:00,55.40106082707893
2025-04-01 20:00:00,102.8650551649603
2025-04-01 21:00:00,125.05096452630148
2025-04-01 22:00:00,184.92313049940043
2025-04-01 23:00:00,155.18752738594705
2025-04-02 00:00:00,168.7942700585449
2025-04-02 01:00:00,195.7437227697421
2025-04-02 02:00:00,318.80647512469386
2025-04-02 03:00:00,162.34742219184795
2025-04-02 04:00:00,48.482424973330794
2025-04-02 05:00:00,31.59754999122023
2025-04-02 06:00:00,28.59134215479116
2025-04-02 07:00:00,-0.31487959344909533
2025-04-02 08:00:00,-25.64915954107736
2025-04-02 09:00:00,-21.33768611061084
2025-04-02 10:00:00,-10.907450426709584
2025-04-02 11:00:00,-15.145657130812468
2025-04-02 12:00:00,9.761769383761752
2025-04-02 13:00:00,79.3135095188546
2025-04-02 14:00:00,323.2689411941661
2025-04-02 15:00:00,463.9937249966287
2025-04-02 16:00:00,322.3309550613178
2025-04-02 17:00:00,140.68002671425177
2025-04-02 18:00:00,78.07410246859669
2025-04-02 19:00:00,55.431538690916035
2025-04-02 20:00:00,67.93329654557091
2025-04-02 21:00:00,54.91055300048349
2025-04-02 22:00:00,43.097442154643936
2025-04-02 23:00:00,44.070657608325476
2025-04-03 00:00:00,54.55907829334559
2025-04-03 01:00:00,120.98306245745145
2025-04-03 02:00:00,237.95758315216733
2025-04-03 03:00:00,200.3379879433067
2025-04-03 04:00:00,87.88634286112237
2025-04-03 05:00:00,66.27813065432457
2025-04-03 06:00:00,67.95479763761271
2025-04-03 07:00:00,92.41939654877726
2025-04-03 08:00:00,136.01126913102365
2025-04-03 09:00:00,110.58167420769243
2025-04-03 10:00:00,78.9405680312163
2025-04-03 11:00:00,86.94508105329324
2025-04-03 12:00:00,265.06385820373487
2025-04-03 13:00:00,408.22588528386325
2025-04-03 14:00:00,571.5118448704553
2025-04-03 15:00:00,583.4834067043982
2025-04-03 16:00:00,511.854618809017
2025-04-03 17:00:00,167.99919291518032
2025-04-03 18:00:00,77.97800489068847
2025-04-03 19:00:00,34.53280050448822
2025-04-03 20:00:00,13.368494211039652
2025-04-03 21:00:00,5.092666014743454
2025-04-03 22:00:00,-2.0658300101174123
2025-04-03 23:00:00,1.128220372628118
2025-04-04 00:00:00,-8.927721323603064
2025-04-04 01:00:00,-2.65277904848602
2025-04-04 02:00:00,28.7202364862384
2025-04-04 03:00:00,87.9362695835601
2025-04-04 04:00:00,20.59347061761326
2025-04-04 05:00:00,20.148588563767603
2025-04-04 06:00:00,31.530236861165783
2025-04-04 07:00:00,13.899689568900543
2025-04-04 08:00:00,57.36723324836933
2025-04-04 09:00:00,55.15581285296841
2025-04-04 10:00:00,41.57189055513942
2025-04-04 11:00:00,67.28576115874368
2025-04-04 12:00:00,177.81587282316576
2025-04-04 13:00:00,316.4973978783746
2025-04-04 14:00:00,436.73532662319576
2025-04-04 15:00:00,415.6228711149571
2025-04-04 16:00:00,299.40608363175176
2025-04-04 17:00:00,125.26803690059609
2025-04-04 18:00:00,90.16422292747845
2025-04-04 19:00:00,60.74698856742566
2025-04-04 20:00:00,52.27859887430474
2025-04-04 21:00:00,32.15991599075359
2025-04-04 22:00:00,41.15811512824863
2025-04-04 23:00:00,55.147942828416795
2025-04-05 00:00:00,98.77767634381337
2025-04-05 01:00:00,154.38831824671468
2025-04-05 02:00:00,161.0985771754641
2025-04-05 03:00:00,124.8306062615181
2025-04-05 04:00:00,79.26522262607834
2025-04-05 05:00:00,61.51625676646336
2025-04-05 06:00:00,55.88145354132711
2025-04-05 07:00:00,-8.14424528687367
2025-04-05 08:00:00,-22.637333503030792
2025-04-05 09:00:00,-15.702947550668158
2025-04-05 10:00:00,-1.1898627181466654
2025-04-05 11:00:00,0.5259021308557313
2025-04-05 12:00:00,-25.59985118751247
2025-04-05 13:00:00,41.17777512104378
2025-04-05 14:00:00,60.327778145693415
2025-04-05 15:00:00,84.51796894387144
2025-04-05 16:00:00,85.80159131839119
2025-04-05 17:00:00,59.84420408120217
2025-04-05 18:00:00,34.169101577047606
2025-04-05 19:00:00,22.46466943560299
2025-04-05 20:00:00,31.160325187749972
2025-04-05 21:00:00,39.164162384305214
2025-04-05 22:00:00,64.00261473212767
2025-04-05 23:00:00,63.474458260075664
2025-04-06 00:00:00,99.5806072339426
2025-04-06 01:00:00,148.02707185307605
2025-04-06 02:00:00,162.86849325077455
2025-04-06 03:00:00,151.3235694604252
2025-04-06 04:00:00,120.8500243705314
2025-04-06 05:00:00,106.32369689528825
2025-04-06 06:00:00,94.43521504983784
2025-04-06 07:00:00,65.3522179900662
2025-04-06 08:00:00,55.585842492325746
2025-04-06 09:00:00,13.34769869872442
2025-04-06 10:00:00,37.83949696444023
2025-04-06 11:00:00,42.19366543818856
2025-04-06 12:00:00,27.558274665605108
2025-04-06 13:00:00,48.376978946130365
2025-04-06 14:00:00,50.83949068089296
2025-04-06 15:00:00,75.35209260032408
2025-04-06 16:00:00,65.47122045607959
2025-04-06 17:00:00,16.924249713834875
2025-04-06 18:00:00,3.4979750924943724
2025-04-06 19:00:00,-2.603371974193953
2025-04-06 20:00:00,2.070996053409834
2025-04-06 21:00:00,31.64861394616269
2025-04-06 22:00:00,61.564115271966855
2025-04-06 23:00:00,65.42787340120628
2025-04-07 00:00:00,71.19305375926442
2025-04-07 01:00:00,80.37699753935378
2025-04-07 02:00:00,88.8237624488643
2025-04-07 03:00:00,115.9359124131146
2025-04-07 04:00:00,85.8939350279407
2025-04-07 05:00:00,69.02292046991849
2025-04-07 06:00:00,41.657901642386655
2025-04-07 07:00:00,28.471854114483126
2025-04-07 08:00:00,-0.4960576813069509
2025-04-07 09:00:00,-22.96206455409659
2025-04-07 10:00:00,11.577863246166372
2025-04-07 11:00:00,-28.72669581388191
2025-04-07 12:00:00,-43.12054696612873
2025-04-07 13:00:00,-56.262213797825524
2025-04-07 14:00:00,62.96642934513573
2025-04-07 15:00:00,398.9598599886785
2025-04-07 16:00:00,492.3008464397
2025-04-07 17:00:00,887.5662706606591
2025-04-07 18:00:00,869.7990506952224
2025-04-07 19:00:00,397.0387261364739
2025-04-07 20:00:00,275.90646962161173
2025-04-07 21:00:00,328.65118964280623
2025-04-07 22:00:00,475.54287052055275
2025-04-07 23:00:00,569.0244154004455
2025-04-08 00:00:00,562.8010390514117
2025-04-08 01:00:00,1966.7087975407694
2025-04-08 02:00:00,2091.3427712023004
2025-04-08 03:00:00,316.6627361702475
2025-04-08 04:00:00,-3.898159843515535
2025-04-08 05:00:00,28.966255119316482
2025-04-08 06:00:00,4.25547372404338
2025-04-08 07:00:00,-17.195693257868452
2025-04-08 08:00:00,-46.705111774520816
2025-04-08 09:00:00,-46.96957152753231
2025-04-08 10:00:00,-72.9486455894872
2025-04-08 11:00:00,-157.70885068702367
2025-04-08 12:00:00,-158.94608760067996
2025-04-08 13:00:00,-126.4707092717858
2025-04-08 14:00:00,169.26184719427323
2025-04-08 15:00:00,560.1817059290751
2025-04-08 16:00:00,820.1749061999099
2025-04-08 17:00:00,941.7353217950056
2025-04-08 18:00:00,742.1419371683897
2025-04-08 19:00:00,302.74416660406513
2025-04-08 20:00:00,243.69441168824628
2025-04-08 21:00:00,275.04973921208716
2025-04-08 22:00:00,381.4244737947312
2025-04-08 23:00:00,455.9807528299089
2025-04-09 00:00:00,466.65368145676615
2025-04-09 01:00:00,1761.3386515574277
2025-04-09 02:00:00,1743.939716778085
2025-04-09 03:00:00,63.57811935621789
2025-04-09 04:00:00,-25.643820412619856
2025-04-09 05:00:00,32.653604320688
2025-04-09 06:00:00,1.3947569476555066
2025-04-09 07:00:00,-18.651690433665486
2025-04-09 08:00:00,-19.827320826964677
2025-04-09 09:00:00,-32.076603657749324
2025-04-09 10:00:00,-88.0938615437401
2025-04-09 11:00:00,-145.3407873061684
2025-04-09 12:00:00,-154.46640841982358
2025-04-09 13:00:00,-107.25635808579122
2025-04-09 14:00:00,156.25865822788245
2025-04-09 15:00:00,290.91262762129014
2025-04-09 16:00:00,405.40024661524825
2025-04-09 17:00:00,161.17552445688634
2025-04-09 18:00:00,55.33125672164415
2025-04-09 19:00:00,57.37449456909623
2025-04-09 20:00:00,37.180220483408554
2025-04-09 21:00:00,14.917164069477943
2025-04-09 22:00:00,8.991176187404887
2025-04-09 23:00:00,6.881121180724845
2025-04-10 00:00:00,31.116028595852697
2025-04-10 01:00:00,88.02261811702996
2025-04-10 02:00:00,135.2496792397403
2025-04-10 03:00:00,-47.00026072973881
2025-04-10 04:00:00,-106.48408784883956
2025-04-10 05:00:00,-90.18956258154608
2025-04-10 06:00:00,-114.60468393060408
2025-04-10 07:00:00,-99.78116034823066
2025-04-10 08:00:00,-95.63901749857723
2025-04-10 09:00:00,-78.57227390158104
2025-04-10 10:00:00,-74.0626747041559
2025-04-10 11:00:00,-68.00640870951716
2025-04-10 12:00:00,-73.25766855346806
2025-04-10 13:00:00,-65.72800119218408
2025-04-10 14:00:00,156.1107352497545
2025-04-10 15:00:00,357.0180048296463
2025-04-10 16:00:00,125.85569136418158
2025-04-10 17:00:00,50.43731064619988
2025-04-10 18:00:00,47.08381118552813
2025-04-10 19:00:00,96.8695078754637
2025-04-10 20:00:00,91.6994573702855
2025-04-10 21:00:00,83.12563214330278
2025-04-10 22:00:00,59.32697924954318
2025-04-10 23:00:00,26.660676917308635
2025-04-11 00:00:00,34.358468092469664
2025-04-11 01:00:00,68.381557441692
2025-04-11 02:00:00,164.61238222131894
2025-04-11 03:00:00,-29.627429719397128
2025-04-11 04:00:00,-67.47796625379483
2025-04-11 05:00:00,-66.41272871312569
2025-04-11 06:00:00,-65.05394693925247
2025-04-11 07:00:00,-88.60047620800707
2025-04-11 08:00:00,-101.69358986641204
2025-04-11 09:00:00,-98.74591490175587
2025-04-11 10:00:00,-67.49099210617679
2025-04-11 11:00:00,-26.152057815567392
2025-04-11 12:00:00,-28.3791122904103
2025-04-11 13:00:00,-17.670769420662662
2025-04-11 14:00:00,324.11641333693103
2025-04-11 15:00:00,464.44586780321066
2025-04-11 16:00:00,166.61454711362114
2025-04-11 17:00:00,74.32017586813797
2025-04-11 18:00:00,73.68208803219642
2025-04-11 19:00:00,107.45038012386108
2025-04-11 20:00:00,118.1350992023736
2025-04-11 21:00:00,116.47285276974495
2025-04-11 22:00:00,83.19834252678618
2025-04-11 23:00:00,50.04040511297013
2025-04-12 00:00:00,69.1267220520836
2025-04-12 01:00:00,108.66502076700172
2025-04-12 02:00:00,259.41572127714136
2025-04-12 03:00:00,41.58655838891023
2025-04-12 04:00:00,9.639286142372685
2025-04-12 05:00:00,-6.160602874026958
2025-04-12 06:00:00,-13.16050542590005
2025-04-12 07:00:00,-25.26663331767681
2025-04-12 08:00:00,-26.243521731386497
2025-04-12 09:00:00,-18.925409960371745
2025-04-12 10:00:00,20.500435350130367
2025-04-12 11:00:00,68.24198806446005
2025-04-12 12:00:00,16.959256487947165
2025-04-12 13:00:00,15.82851720185455
2025-04-12 14:00:00,323.09671527928873
2025-04-12 15:00:00,367.48561592190316
2025-04-12 16:00:00,143.19107183305906
2025-04-12 17:00:00,34.29993188507053
2025-04-12 18:00:00,18.033521935116262
2025-04-12 19:00:00,24.5657294934623
2025-04-12 20:00:00,48.143312246676146
2025-04-12 21:00:00,41.1845855643114
2025-04-12 22:00:00,36.6762558671228
2025-04-12 23:00:00,18.566994611701325
2025-04-13 00:00:00,32.184245400635625
2025-04-13 01:00:00,47.7033890641424
2025-04-13 02:00:00,118.86254170979547
2025-04-13 03:00:00,-46.9757138431014
2025-04-13 04:00:00,-73.92688841728378
2025-04-13 05:00:00,-92.8695604147305
2025-04-13 06:00:00,-107.27118010916529
2025-04-13 07:00:00,-95.54038944015213
2025-04-13 08:00:00,-86.4504983170352
2025-04-13 09:00:00,-62.69006459627866
2025-04-13 10:00:00,-29.98634983645888
2025-04-13 11:00:00,-4.748463706056054
2025-04-13 12:00:00,-36.176305555115064
2025-04-13 13:00:00,-16.147565546956127
2025-04-13 14:00:00,155.9845620035095
2025-04-13 15:00:00,212.19137157637564
2025-04-13 16:00:00,115.01488922675377
2025-04-13 17:00:00,57.064152897186155
2025-04-13 18:00:00,40.611568850889796
2025-04-13 19:00:00,43.09784943566383
2025-04-13 20:00:00,58.00349533101598
2025-04-13 21:00:00,45.47094246519802
2025-04-13 22:00:00,47.97216862792464
2025-04-13 23:00:00,31.13665455760954
2025-04-14 00:00:00,35.250841234803005
2025-04-14 01:00:00,30.04585959960505
2025-04-14 02:00:00,26.52650738313859
2025-04-14 03:00:00,-105.57081842333278
2025-04-14 04:00:00,-140.41606076825903
2025-04-14 05:00:00,-141.51069741561886
2025-04-14 06:00:00,-144.9599126001141
2025-04-14 07:00:00,-136.11035039224532
2025-04-14 08:00:00,-117.86887087191462
2025-04-14 09:00:00,-81.30967742373566
2025-04-14 10:00:00,-43.64498901397131
2025-04-14 11:00:00,-48.39448422817803
2025-04-14 12:00:00,-62.05746446228407
2025-04-14 13:00:00,-24.36999785879289
2025-04-14 14:00:00,96.99534410203343
2025-04-14 15:00:00,102.20236148782534
2025-04-14 16:00:00,105.52777636024894
2025-04-14 17:00:00,71.13316541808756
2025-04-14 18:00:00,60.97103182419683
2025-04-14 19:00:00,81.59101868287375
2025-04-14 20:00:00,81.70659107489641
2025-04-14 21:00:00,66.58798110772305
2025-04-14 22:00:00,60.4823337478395
2025-04-14 23:00:00,51.35667443756836
2025-04-15 00:00:00,57.43128173928957
2025-04-15 01:00:00,65.88641929364951
2025-04-15 02:00:00,52.780243074619094
2025-04-15 03:00:00,-46.590187880664075
2025-04-15 04:00:00,-83.18716432466093
2025-04-15 05:00:00,-97.23749205784682
2025-04-15 06:00:00,-62.00213238977965
2025-04-15 07:00:00,-52.929101409697225
2025-04-15 08:00:00,-32.32912086714364
2025-04-15 09:00:00,-11.505498607228034
2025-04-15 10:00:00,41.810052486278835
2025-04-15 11:00:00,27.881155595060193
2025-04-15 12:00:00,-6.622804256768283
2025-04-15 13:00:00,118.47612817815804
2025-04-15 14:00:00,248.63879301056187
2025-04-15 15:00:00,331.17713027161153
2025-04-15 16:00:00,353.89821820956246
2025-04-15 17:00:00,141.58098510356524
2025-04-15 18:00:00,85.65917584981423
2025-04-15 19:00:00,70.0453205417017
2025-04-15 20:00:00,59.876556166924225
2025-04-15 21:00:00,41.71257358732146
2025-04-15 22:00:00,38.93400299720162
2025-04-15 23:00:00,35.419720815379385
2025-04-16 00:00:00,38.421731670440614
2025-04-16 01:00:00,82.34544794033964
2025-04-16 02:00:00,84.5392379397412
2025-04-16 03:00:00,69.58687312329468
2025-04-16 04:00:00,-18.419238862151357
2025-04-16 05:00:00,-66.4755920659515
2025-04-16 06:00:00,-55.65769904961572
2025-04-16 07:00:00,-22.904094795591064
2025-04-16 08:00:00,6.456236869004493
2025-04-16 09:00:00,-2.5949181192926027
2025-04-16 10:00:00,2.831949439553577
2025-04-16 11:00:00,34.56015280129612
2025-04-16 12:00:00,-23.749302968502644
2025-04-16 13:00:00,63.27727230403007
2025-04-16 14:00:00,260.81295854316005
2025-04-16 15:00:00,495.1483589660203
2025-04-16 16:00:00,370.7234223107023
2025-04-16 17:00:00,113.17811757687423
2025-04-16 18:00:00,43.31176926888483
2025-04-16 19:00:00,21.955156230828557
2025-04-16 20:00:00,17.78395573791348
2025-04-16 21:00:00,1.4500967832171605
2025-04-16 22:00:00,3.5220829579991966
2025-04-16 23:00:00,0.6550391715520766
2025-04-17 00:00:00,-1.6608833979141606
2025-04-17 01:00:00,36.17356978282824
2025-04-17 02:00:00,56.01802457861885
2025-04-17 03:00:00,77.16960376715267
2025-04-17 04:00:00,-33.6796281001854
2025-04-17 05:00:00,-56.44112224324964
2025-04-17 06:00:00,-93.78649672707891
2025-04-17 07:00:00,-38.2372575534815
2025-04-17 08:00:00,-12.940518956853962
2025-04-17 09:00:00,-9.628644741026323
2025-04-17 10:00:00,-34.84240774668242
2025-04-17 11:00:00,18.799130112630497
2025-04-17 12:00:00,11.41861170077657
2025-04-17 13:00:00,7.967086321581349
2025-04-17 14:00:00,229.51506270020923
2025-04-17 15:00:00,615.028903805027
2025-04-17 16:00:00,579.1951281439717
2025-04-17 17:00:00,195.7631238809195
2025-04-17 18:00:00,80.49557583482368
2025-04-17 19:00:00,99.65717830726585
2025-04-17 20:00:00,68.91055127230166
2025-04-17 21:00:00,61.8518199554479
2025-04-17 22:00:00,55.63950628538921
2025-04-17 23:00:00,44.95579037093414
2025-04-18 00:00:00,48.86345739024645
2025-04-18 01:00:00,113.36853318589829
2025-04-18 02:00:00,282.5837670642636
2025-04-18 03:00:00,74.82387175316249
2025-04-18 04:00:00,-16.09605309558786
2025-04-18 05:00:00,-26.401975542982004
2025-04-18 06:00:00,-67.18820468798107
2025-04-18 07:00:00,-47.0569462010057
2025-04-18 08:00:00,-32.10203509323519
2025-04-18 09:00:00,-45.03963950310241
2025-04-18 10:00:00,-50.780581438743035
2025-04-18 11:00:00,-35.24235516249256
2025-04-18 12:00:00,7.915887581458184
2025-04-18 13:00:00,25.1540752436231
2025-04-18 14:00:00,139.16525439035857
2025-04-18 15:00:00,361.7756229465497
2025-04-18 16:00:00,444.86256566802746
2025-04-18 17:00:00,118.17324862785341
2025-04-18 18:00:00,60.99865868451536
2025-04-18 19:00:00,91.51406268374934
2025-04-18 20:00:00,57.29310330923177
2025-04-18 21:00:00,54.88267706509481
2025-04-18 22:00:00,36.27515872965258
2025-04-18 23:00:00,31.261308849429994
2025-04-19 00:00:00,33.38031199404375
2025-04-19 01:00:00,97.5898546088363
2025-04-19 02:00:00,235.66799990337287
2025-04-19 03:00:00,21.776842981377573
2025-04-19 04:00:00,-2.575586435722186
2025-04-19 05:00:00,-39.097996050386406
2025-04-19 06:00:00,-49.61128949420825
2025-04-19 07:00:00,-21.622087213073563
2025-04-19 08:00:00,-23.56566037354095
2025-04-19 09:00:00,-16.914329481025796
2025-04-19 10:00:00,9.20307593535621
2025-04-19 11:00:00,129.5033930267052
2025-04-19 12:00:00,136.70508031402866
2025-04-19 13:00:00,108.74590255329635
2025-04-19 14:00:00,121.28317780403039
2025-04-19 15:00:00,86.9446827436957
2025-04-19 16:00:00,99.38839837669153
2025-04-19 17:00:00,68.16746042359401
2025-04-19 18:00:00,38.358499200853785
2025-04-19 19:00:00,49.69185002996667
2025-04-19 20:00:00,25.63389217437357
2025-04-19 21:00:00,19.398784124525683
2025-04-19 22:00:00,10.010457184342417
2025-04-19 23:00:00,0.4654134701628346
2025-04-20 00:00:00,-24.011871673866413
2025-04-20 01:00:00,-5.9657384062098835
2025-04-20 02:00:00,-11.918429765309877
2025-04-20 03:00:00,-27.486458861536384
2025-04-20 04:00:00,-35.40198098179548
2025-04-20 05:00:00,-60.68315679357641
2025-04-20 06:00:00,-47.52651029923314
2025-04-20 07:00:00,-31.042406368868782
2025-04-20 08:00:00,-50.22323536966958
2025-04-20 09:00:00,-30.91066460172749
2025-04-20 10:00:00,-13.86976998831523
2025-04-20 11:00:00,87.44103238326298
2025-04-20 12:00:00,77.18648468380916
2025-04-20 13:00:00,60.38054665236931
2025-04-20 14:00:00,70.62422111758607
2025-04-20 15:00:00,61.506612822817615
2025-04-20 16:00:00,48.75319775395945
2025-04-20 17:00:00,33.66843438519702
2025-04-20 18:00:00,21.49499298206882
2025-04-20 19:00:00,15.311853843576467
2025-04-20 20:00:00,-8.687828755324553
2025-04-20 21:00:00,8.1091717566832
2025-04-20 22:00:00,40.03611164118194
2025-04-20 23:00:00,61.28684963052915
2025-04-21 00:00:00,36.34621794806485
2025-04-21 01:00:00,9.399072652520902
2025-04-21 02:00:00,-1.7727615986946745
2025-04-21 03:00:00,-37.14862716283016
2025-04-21 04:00:00,-59.65135169867256
2025-04-21 05:00:00,-74.28292107938871
2025-04-21 06:00:00,-81.01621563109723
2025-04-21 07:00:00,-84.16703239493843
2025-04-21 08:00:00,-106.63528320759075
2025-04-21 09:00:00,-112.70261030016702
2025-04-21 10:00:00,-83.67638089898624
2025-04-21 11:00:00,-73.44998677499136
2025-04-21 12:00:00,-54.832843136751215
2025-04-21 13:00:00,-23.250342009898507
2025-04-21 14:00:00,167.10127015501507
2025-04-21 15:00:00,454.4680296869274
2025-04-21 16:00:00,626.825174455595
2025-04-21 17:00:00,905.3798689603295
2025-04-21 18:00:00,182.21521164890208
2025-04-21 19:00:00,35.516519372703115
2025-04-21 20:00:00,10.007805506180963
2025-04-21 21:00:00,6.814411273256334
2025-04-21 22:00:00,30.611719407539603
2025-04-21 23:00:00,51.81895036043363
2025-04-22 00:00:00,37.85281350801657
2025-04-22 01:00:00,26.049247172619783
2025-04-22 02:00:00,34.99056205736814
2025-04-22 03:00:00,-31.13448296506496
2025-04-22 04:00:00,-74.03605865792105
2025-04-22 05:00:00,-90.97303496119495
2025-04-22 06:00:00,-116.19371951969744
2025-04-22 07:00:00,-120.4349247059655
2025-04-22 08:00:00,-115.83386288880592
2025-04-22 09:00:00,-121.53421113430089
2025-04-22 10:00:00,-95.24072768062898
2025-04-22 11:00:00,-81.71548914401806
2025-04-22 12:00:00,-81.94811103059584
2025-04-22 13:00:00,-63.604240928467405
2025-04-22 14:00:00,227.83687054194561
2025-04-22 15:00:00,630.1599448075606
2025-04-22 16:00:00,589.5029389204187
2025-04-22 17:00:00,750.4386840666986
2025-04-22 18:00:00,70.22507709426047
2025-04-22 19:00:00,44.841521536647946
2025-04-22 20:00:00,30.229221741611415
2025-04-22 21:00:00,20.90502716101032
2025-04-22 22:00:00,12.16321571333683
2025-04-22 23:00:00,0.8336580483393962
2025-04-23 00:00:00,5.428749441149377
2025-04-23 01:00:00,31.314067489621813
2025-04-23 02:00:00,38.92134175763821
2025-04-23 03:00:00,-27.85182005370325
2025-04-23 04:00:00,-68.37970726961744
2025-04-23 05:00:00,-62.69740832945842
2025-04-23 06:00:00,-75.69183610924776
2025-04-23 07:00:00,-61.52333697102293
2025-04-23 08:00:00,-11.4668409353132
2025-04-23 09:00:00,-6.093857952991483
2025-04-23 10:00:00,-30.096098938284182
2025-04-23 11:00:00,-40.89606818044308
2025-04-23 12:00:00,-60.13529822495125
2025-04-23 13:00:00,-45.61949577273087
2025-04-23 14:00:00,202.62067765168874
2025-04-23 15:00:00,522.8105886588683
2025-04-23 16:00:00,290.9265795933048
2025-04-23 17:00:00,165.62390649627153
2025-04-23 18:00:00,69.24945791934218
2025-04-23 19:00:00,60.771435595197474
2025-04-23 20:00:00,45.52469241848307
2025-04-23 21:00:00,47.056122320439925
2025-04-23 22:00:00,44.08621210329812
2025-04-23 23:00:00,44.3197755044393
2025-04-24 00:00:00,21.268666025901453
2025-04-24 01:00:00,72.12933338316806
2025-04-24 02:00:00,105.66899934704665
2025-04-24 03:00:00,95.38129776706309
2025-04-24 04:00:00,-15.64158486104196
2025-04-24 05:00:00,-26.250837808994035
2025-04-24 06:00:00,-54.73696393553583
2025-04-24 07:00:00,-41.60435483981222
2025-04-24 08:00:00,-2.7734948933146533
2025-04-24 09:00:00,3.3908194958121376
2025-04-24 10:00:00,-31.56167259126999
2025-04-24 11:00:00,7.090273691484069
2025-04-24 12:00:00,21.3231429783081
2025-04-24 13:00:00,9.852174426444847
2025-04-24 14:00:00,158.09923570661692
2025-04-24 15:00:00,287.8754775075126
2025-04-24 16:00:00,215.2096269293602
2025-04-24 17:00:00,127.18092976686256
2025-04-24 18:00:00,61.01016454916888
2025-04-24 19:00:00,50.61253200010819
2025-04-24 20:00:00,32.98659249876476
2025-04-24 21:00:00,37.24331794665732
2025-04-24 22:00:00,35.11074249923441
2025-04-24 23:00:00,46.74947176781911
2025-04-25 00:00:00,76.580435496516
2025-04-25 01:00:00,196.54851382278576
2025-04-25 02:00:00,265.80066435666726
2025-04-25 03:00:00,537.1880851146525
2025-04-25 04:00:00,147.91315171541314
2025-04-25 05:00:00,49.38389954933365
2025-04-25 06:00:00,-12.787290137205385
2025-04-25 07:00:00,-32.03925092092055
2025-04-25 08:00:00,-33.107553378789305
2025-04-25 09:00:00,1.0319983418174496
2025-04-25 10:00:00,37.73900795546741
2025-04-25 11:00:00,35.40359304708264
2025-04-25 12:00:00,42.867714024052304
2025-04-25 13:00:00,9.93904988021747
2025-04-25 14:00:00,41.19792351279411
2025-04-25 15:00:00,63.295195114151376
2025-04-25 16:00:00,73.56175128717533
2025-04-25 17:00:00,25.443824088856555
2025-04-25 18:00:00,18.7827027651284
2025-04-25 19:00:00,-5.167411448553721
2025-04-25 20:00:00,-11.654102326533762
2025-04-25 21:00:00,-16.43457614145161
2025-04-25 22:00:00,-16.270368097194662
2025-04-25 23:00:00,-2.672841616576348
2025-04-26 00:00:00,59.95617107953595
2025-04-26 01:00:00,147.25288626727848
2025-04-26 02:00:00,223.1521507275219
2025-04-26 03:00:00,495.88098552167907
2025-04-26 04:00:00,133.33512361144017
2025-04-26 05:00:00,73.16366265226978
2025-04-26 06:00:00,29.74250406554805
2025-04-26 07:00:00,-1.8988851366500215
2025-04-26 08:00:00,-9.021837052948547
2025-04-26 09:00:00,7.469998894183295
2025-04-26 10:00:00,36.40826161686268
2025-04-26 11:00:00,-25.23373463300727
2025-04-26 12:00:00,-34.798564515456896
2025-04-26 13:00:00,-35.36186209704338
2025-04-26 14:00:00,25.08105867065957
2025-04-26 15:00:00,207.3282824128166
2025-04-26 16:00:00,200.76860599667418
2025-04-26 17:00:00,64.11234183931785
2025-04-26 18:00:00,31.66917304683965
2025-04-26 19:00:00,18.282304114069646
2025-04-26 20:00:00,12.484618637659775
2025-04-26 21:00:00,-0.9553434723969725
2025-04-26 22:00:00,-10.845158494740456
2025-04-26 23:00:00,-12.128900366492914
2025-04-27 00:00:00,-3.631568980177219
2025-04-27 01:00:00,5.6270422631898125
2025-04-27 02:00:00,45.31884267424362
2025-04-27 03:00:00,68.77973408868367
2025-04-27 04:00:00,-11.132828003927745
2025-04-27 05:00:00,-16.839267471852203
2025-04-27 06:00:00,-26.162630688890374
2025-04-27 07:00:00,-38.820208500990326
2025-04-27 08:00:00,-36.94991653256537
2025-04-27 09:00:00,-45.3463326614859
2025-04-27 10:00:00,-24.663112431348218
2025-04-27 11:00:00,-44.114370341766744
2025-04-27 12:00:00,-12.525699320501712
2025-04-27 13:00:00,77.05059911487713
2025-04-27 14:00:00,219.0459901341786
2025-04-27 15:00:00,399.43540327512915
2025-04-27 16:00:00,797.0862966369453
2025-04-27 17:00:00,207.1872687628349
2025-04-27 18:00:00,90.50104155553922
2025-04-27 19:00:00,61.24735466584704
2025-04-27 20:00:00,199.22671407573387
2025-04-27 21:00:00,100.32889084912352
2025-04-27 22:00:00,37.52784103553692
2025-04-27 23:00:00,23.392453412318016
2025-04-28 00:00:00,32.003245943078944
2025-04-28 01:00:00,51.244531988825585
2025-04-28 02:00:00,42.226338824763005
2025-04-28 03:00:00,-3.604923730035313
2025-04-28 04:00:00,-37.77304232551745
2025-04-28 05:00:00,-32.90527814199529
2025-04-28 06:00:00,-32.532918357321876
2025-04-28 07:00:00,-27.941868158701883
2025-04-28 08:00:00,-38.641037527461094
2025-04-28 09:00:00,-40.58601855850352
2025-04-28 10:00:00,1.863007725701991
2025-04-28 11:00:00,-5.991755482701981
2025-04-28 12:00:00,7.306249455868229
2025-04-28 13:00:00,63.56657482430797
2025-04-28 14:00:00,170.9579585352261
2025-04-28 15:00:00,214.79290194429007
2025-04-28 16:00:00,601.199221277073
2025-04-28 17:00:00,99.6147775333839
2025-04-28 18:00:00,52.53319129739349
2025-04-28 19:00:00,34.824762353163315
2025-04-28 20:00:00,156.55413490931073
2025-04-28 21:00:00,62.584495477501456
2025-04-28 22:00:00,15.370228979313152
2025-04-28 23:00:00,16.850743252399557
2025-04-29 00:00:00,31.747754683469502
2025-04-29 01:00:00,77.43236997927013
2025-04-29 02:00:00,65.69029400891425
2025-04-29 03:00:00,31.909613115178093
2025-04-29 04:00:00,14.88702544935047
2025-04-29 05:00:00,20.542661989563655
2025-04-29 06:00:00,24.755510199923748
2025-04-29 07:00:00,40.59697945187102
2025-04-29 08:00:00,-0.43478952990148073
2025-04-29 09:00:00,-1.677924232311578
2025-04-29 10:00:00,21.551379267824025
2025-04-29 11:00:00,27.627762851284196
2025-04-29 12:00:00,9.471377790766189
2025-04-29 13:00:00,61.28072917531609
2025-04-29 14:00:00,95.01065630085485
2025-04-29 15:00:00,126.6389134120105
2025-04-29 16:00:00,111.85316288596313
2025-04-29 17:00:00,41.06022429518304
2025-04-29 18:00:00,11.944806064803455
2025-04-29 19:00:00,20.895047337685074
2025-04-29 20:00:00,-3.8893371698811197
2025-04-29 21:00:00,-5.703753773835163
2025-04-29 22:00:00,-10.367684461017955
2025-04-29 23:00:00,0.5440416149754627
2025-04-30 00:00:00,41.61905310310942
2025-04-30 01:00:00,41.18436189691479
2025-04-30 02:00:00,45.9658142878347
2025-04-30 03:00:00,33.01404946082746
2025-04-30 04:00:00,21.684960435086364
2025-04-30 05:00:00,48.07282990455354
2025-04-30 06:00:00,13.677938960883113
2025-04-30 07:00:00,-15.04679763455468
2025-04-30 08:00:00,-44.96473113182703
2025-04-30 09:00:00,-9.198282593570179
2025-04-30 10:00:00,9.674975955388584
2025-04-30 11:00:00,11.975004293940005
2025-04-30 12:00:00,15.214134509928643
2025-04-30 13:00:00,75.79857353844865
2025-04-30 14:00:00,116.91574608207974
2025-04-30 15:00:00,285.42651279769876
2025-04-30 16:00:00,365.19814975271214
2025-04-30 17:00:00,195.09026897069933
2025-04-30 18:00:00,117.783757810016
2025-04-30 19:00:00,76.75593147486371
2025-04-30 20:00:00,69.24763161019187
2025-04-30 21:00:00,46.24997702190448
2025-04-30 22:00:00,41.287530807551505
2025-04-30 23:00:00,37.74469053152358
2025-05-01 00:00:00,65.09029052824454
2025-05-01 01:00:00,63.06831945996797
2025-05-01 02:00:00,128.27368646588846
2025-05-01 03:00:00,57.239591595523606
2025-05-01 04:00:00,40.94732696652112
2025-05-01 05:00:00,63.804862032483655
2025-05-01 06:00:00,32.921613169701345
2025-05-01 07:00:00,12.475526714959683
2025-05-01 08:00:00,42.66384652623896
2025-05-01 09:00:00,58.54939739557127
2025-05-01 10:00:00,58.73808686228484
2025-05-01 11:00:00,28.765071784645937
2025-05-01 12:00:00,11.3648017652653
2025-05-01 13:00:00,14.068227350188378
2025-05-01 14:00:00,88.72325735393342
2025-05-01 15:00:00,393.55984133403683
2025-05-01 16:00:00,533.8790488133168
2025-05-01 17:00:00,818.3029714529804
2025-05-01 18:00:00,443.00613152728494
2025-05-01 19:00:00,184.06747983241456
2025-05-01 20:00:00,131.46981809376783
2025-05-01 21:00:00,70.92365655241767
2025-05-01 22:00:00,51.781820213452995
2025-05-01 23:00:00,93.05796990464509
2025-05-02 00:00:00,133.8882657106209
2025-05-02 01:00:00,227.40362047308298
2025-05-02 02:00:00,286.4953537049209
2025-05-02 03:00:00,52.31921557000928
2025-05-02 04:00:00,13.882313527585248
2025-05-02 05:00:00,31.621445427262717
2025-05-02 06:00:00,35.51085508285955
2025-05-02 07:00:00,44.3045695670866
2025-05-02 08:00:00,58.836270533679354
2025-05-02 09:00:00,39.43143548192378
2025-05-02 10:00:00,40.7694255265113
2025-05-02 11:00:00,292.64179605726287
2025-05-02 12:00:00,406.00420481472446
2025-05-02 13:00:00,168.05901505613795
2025-05-02 14:00:00,115.48328269933003
2025-05-02 15:00:00,345.7518995303229
2025-05-02 16:00:00,286.3833892892869
2025-05-02 17:00:00,587.4511257881405
2025-05-02 18:00:00,256.9103953622738
2025-05-02 19:00:00,110.43390074810907
2025-05-02 20:00:00,73.92379700850806
2025-05-02 21:00:00,45.056406909001964
2025-05-02 22:00:00,40.50449667222253
2025-05-02 23:00:00,67.12398627281033
2025-05-03 00:00:00,114.18856129924995
2025-05-03 01:00:00,193.22552002447435
2025-05-03 02:00:00,185.1818595948301
2025-05-03 03:00:00,19.703748955794868
2025-05-03 04:00:00,-6.45372734932751
2025-05-03 05:00:00,16.54052466899973
2025-05-03 06:00:00,11.961641611552013
2025-05-03 07:00:00,11.377207749710461
2025-05-03 08:00:00,4.6776488190560785
2025-05-03 09:00:00,-13.435604829220036
2025-05-03 10:00:00,-1.2112285629144466
2025-05-03 11:00:00,242.81239584063954
2025-05-03 12:00:00,299.07441825586506
2025-05-03 13:00:00,75.7601801794753
2025-05-03 14:00:00,72.41736785257733
2025-05-03 15:00:00,213.02652446696123
2025-05-03 16:00:00,158.37849897711433
2025-05-03 17:00:00,96.06647816786335
2025-05-03 18:00:00,68.17481226577111
2025-05-03 19:00:00,46.196275063278584
2025-05-03 20:00:00,43.179481068196665
2025-05-03 21:00:00,22.18447525168546
2025-05-03 22:00:00,28.652078475247162
2025-05-03 23:00:00,26.68362581497662
2025-05-04 00:00:00,36.03483564198616
2025-05-04 01:00:00,37.95271382188111
2025-05-04 02:00:00,26.970631302962072
2025-05-04 03:00:00,-32.967552420041116
2025-05-04 04:00:00,-67.6426192176304
2025-05-04 05:00:00,-56.93891933122863
2025-05-04 06:00:00,-36.340285749436156
2025-05-04 07:00:00,-41.44137028641625
2025-05-04 08:00:00,-55.16910057655652
2025-05-04 09:00:00,-73.7260372657761
2025-05-04 10:00:00,-56.661213885731144
2025-05-04 11:00:00,-57.22290995317149
2025-05-04 12:00:00,-88.90535912656111
2025-05-04 13:00:00,-88.73707538696281
2025-05-04 14:00:00,15.921823758532318
2025-05-04 15:00:00,233.64054485197477
2025-05-04 16:00:00,260.41374529015263
2025-05-04 17:00:00,110.04854543876267
2025-05-04 18:00:00,51.48708832818769
2025-05-04 19:00:00,40.96485101664524
2025-05-04 20:00:00,53.1181777343036
2025-05-04 21:00:00,33.72637600806582
2025-05-04 22:00:00,39.80362195060679
2025-05-04 23:00:00,46.3208994166645
2025-05-05 00:00:00,45.01388823582651
2025-05-05 01:00:00,22.16659507753686
2025-05-05 02:00:00,27.80341061096306
2025-05-05 03:00:00,-72.8275382306097
2025-05-05 04:00:00,-112.26067586237893
2025-05-05 05:00:00,-106.01466791008977
2025-05-05 06:00:00,-80.56946968084885
2025-05-05 07:00:00,-89.43673507291477
2025-05-05 08:00:00,-102.962812689484
2025-05-05 09:00:00,-100.42251682945069
2025-05-05 10:00:00,-64.02161038411286
2025-05-05 11:00:00,-52.175853236945045
2025-05-05 12:00:00,-53.42074694609589
2025-05-05 13:00:00,-75.34528082815648
2025-05-05 14:00:00,59.23071507211826
2025-05-05 15:00:00,216.29760203991336
2025-05-05 16:00:00,200.99286093428802
2025-05-05 17:00:00,96.12154693370658
2025-05-05 18:00:00,66.27280365601186
2025-05-05 19:00:00,67.9922492447607
2025-05-05 20:00:00,63.09988165112681
2025-05-05 21:00:00,53.53304249115119
2025-05-05 22:00:00,41.45372556120612
2025-05-05 23:00:00,36.704765605666616
2025-05-06 00:00:00,39.09214615926054
2025-05-06 01:00:00,13.427115665877867
2025-05-06 02:00:00,18.6461017717677
2025-05-06 03:00:00,-68.94539989741625
2025-05-06 04:00:00,-85.06196884298147
2025-05-06 05:00:00,-80.656110911452
2025-05-06 06:00:00,-45.37379786271111
2025-05-06 07:00:00,-60.335925647690715
2025-05-06 08:00:00,-45.65513726314209
2025-05-06 09:00:00,-38.48549665709425
2025-05-06 10:00:00,-13.137523498060393
2025-05-06 11:00:00,-5.879999341537588
2025-05-06 12:00:00,-15.704372277129774
2025-05-06 13:00:00,-56.15191394225988
2025-05-06 14:00:00,26.09313292234704
2025-05-06 15:00:00,51.683711903148385
2025-05-06 16:00:00,57.879338663476695
2025-05-06 17:00:00,56.38983426053661
2025-05-06 18:00:00,28.911421558420848
2025-05-06 19:00:00,25.087517431638215
2025-05-06 20:00:00,18.448374560520225
2025-05-06 21:00:00,13.566477635074106
2025-05-06 22:00:00,5.136698668692601
2025-05-06 23:00:00,13.151421403497581
2025-05-07 00:00:00,14.109453148410983
2025-05-07 01:00:00,24.496491678197362
2025-05-07 02:00:00,74.20241104724387
2025-05-07 03:00:00,-134.4260611375943
2025-05-07 04:00:00,-11.182303734082591
2025-05-07 05:00:00,0.4979141101678815
2025-05-07 06:00:00,41.43319710567206
2025-05-07 07:00:00,2.894391666119251
2025-05-07 08:00:00,24.134265122125342
2025-05-07 09:00:00,14.535723571951683
2025-05-07 10:00:00,10.24521700888569
2025-05-07 11:00:00,10.048318159557658
2025-05-07 12:00:00,-3.3057917762970863
2025-05-07 13:00:00,-2.0791800282387616
2025-05-07 14:00:00,207.64730420351657
2025-05-07 15:00:00,353.11802270224575
2025-05-07 16:00:00,357.09835081665994
2025-05-07 17:00:00,331.8595872452694
2025-05-07 18:00:00,83.47745492800898
2025-05-07 19:00:00,53.222904687932434
2025-05-07 20:00:00,56.508838797490334
2025-05-07 21:00:00,42.33208965052249
2025-05-07 22:00:00,31.57237915166383
2025-05-07 23:00:00,23.250651605165203
2025-05-08 00:00:00,7.538483938653492
2025-05-08 01:00:00,28.137222032135575
2025-05-08 02:00:00,75.31620677755006
2025-05-08 03:00:00,-115.90939305413865
2025-05-08 04:00:00,-5.817673211433565
2025-05-08 05:00:00,-20.227155921613594
2025-05-08 06:00:00,-12.321012424864545
2025-05-08 07:00:00,-40.9046234709509
2025-05-08 08:00:00,-59.166700258537325
2025-05-08 09:00:00,-62.01901849805243
2025-05-08 10:00:00,-66.90150508882851
2025-05-08 11:00:00,-65.27997245113245
2025-05-08 12:00:00,-52.50416237193545
2025-05-08 13:00:00,-23.43274977841085
2025-05-08 14:00:00,245.60786297051442
2025-05-08 15:00:00,546.9955553357112
2025-05-08 16:00:00,501.72729087711497
2025-05-08 17:00:00,354.4590271751832
2025-05-08 18:00:00,98.53384725651915
2025-05-08 19:00:00,74.3090942283114
2025-05-08 20:00:00,75.65486518296854
2025-05-08 21:00:00,66.8451487369637
2025-05-08 22:00:00,56.81894887082573
2025-05-08 23:00:00,42.14392388811361
2025-05-09 00:00:00,37.33553497110173
2025-05-09 01:00:00,53.34419314429829
2025-05-09 02:00:00,44.632252448575606
2025-05-09 03:00:00,-4.793419239416119
2025-05-09 04:00:00,-31.13662994052665
2025-05-09 05:00:00,-27.152011444323875
2025-05-09 06:00:00,-25.862469582592215
2025-05-09 07:00:00,2.989425715304881
2025-05-09 08:00:00,-15.909818180598908
2025-05-09 09:00:00,-20.021102313313712
2025-05-09 10:00:00,13.454525033933178
2025-05-09 11:00:00,11.41254682504809
2025-05-09 12:00:00,148.97562996181097
2025-05-09 13:00:00,163.73249572914162
2025-05-09 14:00:00,447.78205655397414
2025-05-09 15:00:00,616.0282116299624
2025-05-09 16:00:00,4078.486994838414
2025-05-09 17:00:00,1007.5033561872161
2025-05-09 18:00:00,359.4600488757606
2025-05-09 19:00:00,261.4276474834011
2025-05-09 20:00:00,167.7132124834041
2025-05-09 21:00:00,109.56501170347185
2025-05-09 22:00:00,93.96377252710123
2025-05-09 23:00:00,86.00449019769505
2025-05-10 00:00:00,75.14190297675013
2025-05-10 01:00:00,98.66380895498713
2025-05-10 02:00:00,80.2040817855904
2025-05-10 03:00:00,28.76564709205269
2025-05-10 04:00:00,12.910162949966075
2025-05-10 05:00:00,19.030092980445787
2025-05-10 06:00:00,14.330420306918723
2025-05-10 07:00:00,45.9999253066045
2025-05-10 08:00:00,39.61263758008735
2025-05-10 09:00:00,41.60468980554844
2025-05-10 10:00:00,69.63032184938295
2025-05-10 11:00:00,77.99890038152567
2025-05-10 12:00:00,187.43221364803927
2025-05-10 13:00:00,176.85419636176005
2025-05-10 14:00:00,414.9715827249514
2025-05-10 15:00:00,527.8690366489031
2025-05-10 16:00:00,3589.930856412902
2025-05-10 17:00:00,677.1283073405061
2025-05-10 18:00:00,376.4846992850034
2025-05-10 19:00:00,253.13943292458836
2025-05-10 20:00:00,155.685318411337
2025-05-10 21:00:00,94.88209983300032
2025-05-10 22:00:00,73.12503316778546
2025-05-10 23:00:00,55.94718500873807
2025-05-11 00:00:00,39.20982255727539
2025-05-11 01:00:00,56.89008023788842
2025-05-11 02:00:00,46.551682935097006
2025-05-11 03:00:00,-11.42413385853011
2025-05-11 04:00:00,-19.190468717211516
2025-05-11 05:00:00,-22.907769554528073
2025-05-11 06:00:00,-45.79308171763666
2025-05-11 07:00:00,-57.41177135785187
2025-05-11 08:00:00,-58.34324339850041
2025-05-11 09:00:00,-38.43329462015347
2025-05-11 10:00:00,-37.56218594645425
2025-05-11 11:00:00,-2.244829326553126
2025-05-11 12:00:00,-32.378807197635545
2025-05-11 13:00:00,-55.43602734458908
2025-05-11 14:00:00,35.274290505163975
2025-05-11 15:00:00,235.81972615032143
2025-05-11 16:00:00,346.3793412721146
2025-05-11 17:00:00,335.5881166559465
2025-05-11 18:00:00,199.64644916400957
2025-05-11 19:00:00,131.65246220048127
2025-05-11 20:00:00,93.35863528331231
2025-05-11 21:00:00,84.50657795262494
2025-05-11 22:00:00,67.76424296594911
2025-05-11 23:00:00,55.020282278714106
2025-05-12 00:00:00,61.50875438110863
2025-05-12 01:00:00,80.26136949648121
2025-05-12 02:00:00,59.30993833671182
2025-05-12 03:00:00,-11.290025553702625
2025-05-12 04:00:00,-17.837716272988988
2025-05-12 05:00:00,-23.615630154436573
2025-05-12 06:00:00,-29.98547824566453
2025-05-12 07:00:00,-45.39671516829671
2025-05-12 08:00:00,-61.205740763240804
2025-05-12 09:00:00,-42.05071097985172
2025-05-12 10:00:00,-24.904483685953338
2025-05-12 11:00:00,2.3071473452173343
2025-05-12 12:00:00,-35.98000048695229
2025-05-12 13:00:00,-37.14003192309533
2025-05-12 14:00:00,122.9664848454805
2025-05-12 15:00:00,479.48521413212916
2025-05-12 16:00:00,613.5680859734724
2025-05-12 17:00:00,394.70722340492813
2025-05-12 18:00:00,169.14808840410947
2025-05-12 19:00:00,92.10406375076391
2025-05-12 20:00:00,78.18964736845062
2025-05-12 21:00:00,72.33482368859025
2025-05-12 22:00:00,57.241008717956774
2025-05-12 23:00:00,57.36557591745942
2025-05-13 00:00:00,64.75834939414128
2025-05-13 01:00:00,93.68191595358698
2025-05-13 02:00:00,63.181374057186396
2025-05-13 03:00:00,-16.66844221057237
2025-05-13 04:00:00,-28.51675612378315
2025-05-13 05:00:00,-35.245311201632575
2025-05-13 06:00:00,-27.931432800657642
2025-05-13 07:00:00,-22.123790553085936
2025-05-13 08:00:00,-27.671849716088406
2025-05-13 09:00:00,-22.68518003413471
2025-05-13 10:00:00,7.004690791707167
2025-05-13 11:00:00,12.974936121961663
2025-05-13 12:00:00,-25.26325896549551
2025-05-13 13:00:00,10.516754815088794
2025-05-13 14:00:00,264.0620586274872
2025-05-13 15:00:00,555.348623947632
2025-05-13 16:00:00,432.0343292146185
2025-05-13 17:00:00,267.9673709103515
2025-05-13 18:00:00,59.75531558588989
2025-05-13 19:00:00,38.755273154246765
2025-05-13 20:00:00,41.4578800667902
2025-05-13 21:00:00,-2.360154772964405
2025-05-13 22:00:00,-27.764165551615868
2025-05-13 23:00:00,-33.23836285109063
2025-05-14 00:00:00,-14.734953784084242
2025-05-14 01:00:00,49.66191228123501
2025-05-14 02:00:00,42.07401318670915
2025-05-14 03:00:00,-57.659045684504235
2025-05-14 04:00:00,-60.717576307513575
2025-05-14 05:00:00,-43.18617359146384
2025-05-14 06:00:00,-35.915937678283115
2025-05-14 07:00:00,-17.208791235510557
2025-05-14 08:00:00,-18.884282175290043
2025-05-14 09:00:00,-29.039578243074196
2025-05-14 10:00:00,6.719662674312301
2025-05-14 11:00:00,6.475340789274119
2025-05-14 12:00:00,-24.330702595063446
2025-05-14 13:00:00,1.900035028782254
2025-05-14 14:00:00,192.90914265744263
2025-05-14 15:00:00,252.57408996440833
2025-05-14 16:00:00,120.81168915416346
2025-05-14 17:00:00,71.44818115655968
2025-05-14 18:00:00,37.575350626238304
2025-05-14 19:00:00,52.120371567862875
2025-05-14 20:00:00,39.8200144878729
2025-05-14 21:00:00,7.565187537551063
2025-05-14 22:00:00,-15.612055764734292
2025-05-14 23:00:00,-20.208308057910283
2025-05-15 00:00:00,-10.974281539791377
2025-05-15 01:00:00,41.161448089024404
2025-05-15 02:00:00,38.63501987265955
2025-05-15 03:00:00,-44.09918196527375
2025-05-15 04:00:00,-62.10065112591896
2025-05-15 05:00:00,-32.40545255526494
2025-05-15 06:00:00,-13.04766915311729
2025-05-15 07:00:00,-20.101279184745795
2025-05-15 08:00:00,-31.31280475996073
2025-05-15 09:00:00,-21.501048469116288
2025-05-15 10:00:00,-17.3730351641583
2025-05-15 11:00:00,-20.597533302941184
2025-05-15 12:00:00,-34.82743690837299
2025-05-15 13:00:00,-14.172928391894995
2025-05-15 14:00:00,97.5064119113699
2025-05-15 15:00:00,120.93759795750775
2025-05-15 16:00:00,131.0495319893556
2025-05-15 17:00:00,106.13079359626543
2025-05-15 18:00:00,76.56031940814249
2025-05-15 19:00:00,72.14476459115804
2025-05-15 20:00:00,52.46377740295241
2025-05-15 21:00:00,38.426420393298066
2025-05-15 22:00:00,27.883315892128326
2025-05-15 23:00:00,26.081544899548103
2025-05-16 00:00:00,20.546094497393465
2025-05-16 01:00:00,29.306317029908683
2025-05-16 02:00:00,31.901452500339058
2025-05-16 03:00:00,-6.652685949624072
2025-05-16 04:00:00,-22.279946653159573
2025-05-16 05:00:00,-18.25375188511535
2025-05-16 06:00:00,15.945973657638143
2025-05-16 07:00:00,21.256784739489312
2025-05-16 08:00:00,46.29010810178142
2025-05-16 09:00:00,44.79243970125258
2025-05-16 10:00:00,27.59904333216707
2025-05-16 11:00:00,156.4992147434667
2025-05-16 12:00:00,314.7384978316385
2025-05-16 13:00:00,172.36981960129918
2025-05-16 14:00:00,212.17238242773126
2025-05-16 15:00:00,285.19935538562197
2025-05-16 16:00:00,243.6338003416821
2025-05-16 17:00:00,98.71004837352986
2025-05-16 18:00:00,57.050683202097744
2025-05-16 19:00:00,41.359254337455894
2025-05-16 20:00:00,15.41895632280608
2025-05-16 21:00:00,1.2405996980617133
2025-05-16 22:00:00,-0.8053810564347713
2025-05-16 23:00:00,1.1263618778941265
2025-05-17 00:00:00,4.816506471198054
2025-05-17 01:00:00,21.28986509686298
2025-05-17 02:00:00,28.110336322319245
2025-05-17 03:00:00,4.952413227891502
2025-05-17 04:00:00,9.52943635453518
2025-05-17 05:00:00,3.1955483716082234
2025-05-17 06:00:00,13.74115992699029
2025-05-17 07:00:00,50.23841839007094
2025-05-17 08:00:00,76.62116021653452
2025-05-17 09:00:00,82.67975349420546
2025-05-17 10:00:00,61.289766113605765
2025-05-17 11:00:00,414.6077584776461
2025-05-17 12:00:00,649.0946762220458
2025-05-17 13:00:00,898.304581120869
2025-05-17 14:00:00,2895.9484624444353
2025-05-17 15:00:00,2565.4851438978826
2025-05-17 16:00:00,880.1000781048008
2025-05-17 17:00:00,296.4498546275512
2025-05-17 18:00:00,102.81164113371055
2025-05-17 19:00:00,50.84835256077817
2025-05-17 20:00:00,30.64865664199308
2025-05-17 21:00:00,15.368173181473422
2025-05-17 22:00:00,8.426188321264428
2025-05-17 23:00:00,7.262091267193534
2025-05-18 00:00:00,14.355731592854587
2025-05-18 01:00:00,29.584956047741585
2025-05-18 02:00:00,34.63960628026773
2025-05-18 03:00:00,25.52080191151309
2025-05-18 04:00:00,24.584225052251735
2025-05-18 05:00:00,49.37650676604543
2025-05-18 06:00:00,47.371029792975115
2025-05-18 07:00:00,54.4467940593803
2025-05-18 08:00:00,61.15512181999507
2025-05-18 09:00:00,51.48657844508522
2025-05-18 10:00:00,43.85406417023143
2025-05-18 11:00:00,287.6574450920376
2025-05-18 12:00:00,390.10726270563134
2025-05-18 13:00:00,834.2837051443482
2025-05-18 14:00:00,2538.4185508305386
2025-05-18 15:00:00,2093.5256629549267
2025-05-18 16:00:00,646.0003436853906
2025-05-18 17:00:00,269.8480465508745
2025-05-18 18:00:00,94.18835019319158
2025-05-18 19:00:00,57.303325965617056
2025-05-18 20:00:00,64.88221716880197
2025-05-18 21:00:00,59.49798056298649
2025-05-18 22:00:00,71.25440787551953
2025-05-18 23:00:00,35.834159413642986
2025-05-19 00:00:00,33.76418566446915
2025-05-19 01:00:00,26.642007180158238
2025-05-19 02:00:00,28.16379715607069
2025-05-19 03:00:00,40.280898708575265
2025-05-19 04:00:00,13.533321892445608
2025-05-19 05:00:00,23.950017211596187
2025-05-19 06:00:00,32.66369302408462
2025-05-19 07:00:00,38.54731057445322
2025-05-19 08:00:00,44.73029407307754
2025-05-19 09:00:00,-2.8334621906451383
2025-05-19 10:00:00,19.630520185163327
2025-05-19 11:00:00,48.17301667433403
2025-05-19 12:00:00,53.15546247673398
2025-05-19 13:00:00,146.76712634999163
2025-05-19 14:00:00,165.52914216044837
2025-05-19 15:00:00,304.756552858815
2025-05-19 16:00:00,206.50304109454697
2025-05-19 17:00:00,83.57000320841634
2025-05-19 18:00:00,53.32765802480255
2025-05-19 19:00:00,50.511906665996854
2025-05-19 20:00:00,58.96072893149986
2025-05-19 21:00:00,55.49343544409414
2025-05-19 22:00:00,83.66989070493818
2025-05-19 23:00:00,73.77306709501215
2025-05-20 00:00:00,70.95696734314909
2025-05-20 01:00:00,144.48951171969406
2025-05-20 02:00:00,65.26736293568679
2025-05-20 03:00:00,41.35281374871386
2025-05-20 04:00:00,30.48329676712709
2025-05-20 05:00:00,27.73326920528099
2025-05-20 06:00:00,73.92489580151242
2025-05-20 07:00:00,56.41843830948325
2025-05-20 08:00:00,42.966437583664955
2025-05-20 09:00:00,21.8816466359217
2025-05-20 10:00:00,66.0391934809576
2025-05-20 11:00:00,33.194303944657236
2025-05-20 12:00:00,0.019996316446570028
2025-05-20 13:00:00,14.105671461389369
2025-05-20 14:00:00,30.147427791500704
2025-05-20 15:00:00,57.93904065702199
2025-05-20 16:00:00,86.21205917164097
2025-05-20 17:00:00,121.5283318716313
2025-05-20 18:00:00,97.10108995745537
2025-05-20 19:00:00,57.36811586915257
2025-05-20 20:00:00,39.9818659772704
2025-05-20 21:00:00,34.4957264052987
2025-05-20 22:00:00,32.030775592820724
2025-05-20 23:00:00,35.39570691520442
2025-05-21 00:00:00,42.001628414629
2025-05-21 01:00:00,121.12050929883495
2025-05-21 02:00:00,61.76324941575096
2025-05-21 03:00:00,8.960662818321124
2025-05-21 04:00:00,-10.548973634420841
2025-05-21 05:00:00,-57.91917373428298
2025-05-21 06:00:00,12.313475654132425
2025-05-21 07:00:00,-13.208004994413102
2025-05-21 08:00:00,-28.418104046002174
2025-05-21 09:00:00,-36.367992912836385
2025-05-21 10:00:00,0.2000342053354034
2025-05-21 11:00:00,-23.8860658290718
2025-05-21 12:00:00,-9.780503618712627
2025-05-21 13:00:00,-4.104199255918639
2025-05-21 14:00:00,112.46903026368324
2025-05-21 15:00:00,650.8523966818186
2025-05-21 16:00:00,320.8514805158016
2025-05-21 17:00:00,133.16490533445557
2025-05-21 18:00:00,75.3165302972454
2025-05-21 19:00:00,44.40800386922229
2025-05-21 20:00:00,32.8663287134872
2025-05-21 21:00:00,38.26346517220373
2025-05-21 22:00:00,20.7307285109435
2025-05-21 23:00:00,13.323097578657945
2025-05-22 00:00:00,18.717692603912848
2025-05-22 01:00:00,31.83578111634664
2025-05-22 02:00:00,36.899637686276016
2025-05-22 03:00:00,-28.196167888894042
2025-05-22 04:00:00,-80.01043012573403
2025-05-22 05:00:00,-136.75018702630615
2025-05-22 06:00:00,-98.37166649426825
2025-05-22 07:00:00,-82.55326013608494
2025-05-22 08:00:00,-88.8018157923477
2025-05-22 09:00:00,-90.3140233173352
2025-05-22 10:00:00,-62.10041607762757
2025-05-22 11:00:00,-35.51009511501074
2025-05-22 12:00:00,-7.44294617798908
2025-05-22 13:00:00,21.140186155842983
2025-05-22 14:00:00,295.0939201495798
2025-05-22 15:00:00,860.9155302109094
2025-05-22 16:00:00,290.07001936233485
2025-05-22 17:00:00,65.8276167704225
2025-05-22 18:00:00,44.6910979253811
2025-05-22 19:00:00,53.158432968296744
2025-05-22 20:00:00,34.86694565692444
2025-05-22 21:00:00,33.21727463343944
2025-05-22 22:00:00,21.906196700970387
2025-05-22 23:00:00,28.2198796214523
2025-05-23 00:00:00,48.3785071929498
2025-05-23 01:00:00,54.69144341160805
2025-05-23 02:00:00,69.05942893130819
2025-05-23 03:00:00,-7.976833622707783
2025-05-23 04:00:00,-36.60769807007722
2025-05-23 05:00:00,-67.91225309019121
2025-05-23 06:00:00,-66.84070434604736
2025-05-23 07:00:00,0.903053498863379
2025-05-23 08:00:00,-8.936708059575263
2025-05-23 09:00:00,77.88777842805105
2025-05-23 10:00:00,1.1787045938277925
2025-05-23 11:00:00,40.914606212508644
2025-05-23 12:00:00,-17.435714798184687
2025-05-23 13:00:00,-0.25394434232333446
2025-05-23 14:00:00,175.5052411935946
2025-05-23 15:00:00,313.5082363263754
2025-05-23 16:00:00,116.96784029548616
2025-05-23 17:00:00,142.17362368736508
2025-05-23 18:00:00,69.59395833876215
2025-05-23 19:00:00,71.82486467021603
2025-05-23 20:00:00,43.995305883732264
2025-05-23 21:00:00,41.38388061045989
2025-05-23 22:00:00,24.646160561083192
2025-05-23 23:00:00,37.18828667389058
2025-05-24 00:00:00,47.37959259762067
2025-05-24 01:00:00,50.04656855840639
2025-05-24 02:00:00,61.995830783034435
2025-05-24 03:00:00,-0.792552408803543
2025-05-24 04:00:00,-21.053642125891294
2025-05-24 05:00:00,-33.743086163574375
2025-05-24 06:00:00,-25.48364833893625
2025-05-24 07:00:00,48.13832450145187
2025-05-24 08:00:00,43.42803308389599
2025-05-24 09:00:00,186.12617472868624
2025-05-24 10:00:00,156.51882475096932
2025-05-24 11:00:00,89.82706549003116
2025-05-24 12:00:00,-10.158946203623225
2025-05-24 13:00:00,-11.47523523365536
2025-05-24 14:00:00,48.769797611199735
2025-05-24 15:00:00,113.6115119813371
2025-05-24 16:00:00,84.43506352861937
2025-05-24 17:00:00,151.97159207157296
2025-05-24 18:00:00,82.88808689482015
2025-05-24 19:00:00,85.22625542125536
2025-05-24 20:00:00,75.75544783665461
2025-05-24 21:00:00,77.18675244835656
2025-05-24 22:00:00,61.06773470175737
2025-05-24 23:00:00,66.0518609471336
2025-05-25 00:00:00,49.936337113626
2025-05-25 01:00:00,53.908572594590346
2025-05-25 02:00:00,29.45916140573216
2025-05-25 03:00:00,-1.404536714565639
2025-05-25 04:00:00,-24.89916066738049
2025-05-25 05:00:00,-19.736646998168975
2025-05-25 06:00:00,-13.771334811379967
2025-05-25 07:00:00,5.250109589890441
2025-05-25 08:00:00,-17.947908218038886
2025-05-25 09:00:00,47.863316716381156
2025-05-25 10:00:00,112.88222058799553
2025-05-25 11:00:00,15.233139633486717
2025-05-25 12:00:00,2.6663592704226864
2025-05-25 13:00:00,6.880986463091828
2025-05-25 14:00:00,62.29283985947351
2025-05-25 15:00:00,102.71533566061574
2025-05-25 16:00:00,111.97072902114103
2025-05-25 17:00:00,95.70566052982745
2025-05-25 18:00:00,88.12135494724834
2025-05-25 19:00:00,107.00902617840829
2025-05-25 20:00:00,101.07832841624997
2025-05-25 21:00:00,95.71985397387854
2025-05-25 22:00:00,85.60788653123419
2025-05-25 23:00:00,67.05212595374195
2025-05-26 00:00:00,62.6036901734729
2025-05-26 01:00:00,42.81043746823246
2025-05-26 02:00:00,22.401617037989926
2025-05-26 03:00:00,-34.240186719280786
2025-05-26 04:00:00,-51.72650948355255
2025-05-26 05:00:00,-22.880382150248813
2025-05-26 06:00:00,-15.81460261567288
2025-05-26 07:00:00,-8.227205368507613
2025-05-26 08:00:00,-40.99802118696011
2025-05-26 09:00:00,-10.222450848128581
2025-05-26 10:00:00,16.20236730726748
2025-05-26 11:00:00,13.869771122524979
2025-05-26 12:00:00,6.872332817158916
2025-05-26 13:00:00,36.03042923058318
2025-05-26 14:00:00,131.0711772967015
2025-05-26 15:00:00,220.18535770318022
2025-05-26 16:00:00,150.7600994814948
2025-05-26 17:00:00,153.8027003002415
2025-05-26 18:00:00,127.58858340371512
2025-05-26 19:00:00,158.21650975027842
2025-05-26 20:00:00,118.32913380179524
2025-05-26 21:00:00,105.65924730109606
2025-05-26 22:00:00,106.71196578961552
2025-05-26 23:00:00,108.23283754188978
2025-05-27 00:00:00,84.95700505687957
2025-05-27 01:00:00,58.01086930893109
2025-05-27 02:00:00,50.977372586586334
2025-05-27 03:00:00,2.691301939070215
2025-05-27 04:00:00,-6.347521680930878
2025-05-27 05:00:00,5.777579238307017
2025-05-27 06:00:00,15.07277479624017
2025-05-27 07:00:00,2.234030877061302
2025-05-27 08:00:00,-24.25379081672293
2025-05-27 09:00:00,2.9925034552886496
2025-05-27 10:00:00,4.2609337256207045
2025-05-27 11:00:00,10.212428564256692
2025-05-27 12:00:00,0.5149610117690373
2025-05-27 13:00:00,45.78888785626538
2025-05-27 14:00:00,123.12550779050541
2025-05-27 15:00:00,244.64408121648586
2025-05-27 16:00:00,366.82772586049924
2025-05-27 17:00:00,279.49415431492713
2025-05-27 18:00:00,121.18604608619556
2025-05-27 19:00:00,89.4501692079352
2025-05-27 20:00:00,44.875787370074306
2025-05-27 21:00:00,34.61497836071945
2025-05-27 22:00:00,44.51019929594017
2025-05-27 23:00:00,64.73299014494576
2025-05-28 00:00:00,54.71579473779678
2025-05-28 01:00:00,103.55393968209437
2025-05-28 02:00:00,97.10082240441518
2025-05-28 03:00:00,43.67903883271977
2025-05-28 04:00:00,16.443999301226786
2025-05-28 05:00:00,4.436242815762325
2025-05-28 06:00:00,11.8439331178842
2025-05-28 07:00:00,-1.510145798695317
2025-05-28 08:00:00,-17.112057167006554
2025-05-28 09:00:00,28.179299076516862
2025-05-28 10:00:00,53.5629709742491
2025-05-28 11:00:00,96.9918865788089
2025-05-28 12:00:00,107.66560929756326
2025-05-28 13:00:00,86.89626318331814
2025-05-28 14:00:00,311.37997462962846
2025-05-28 15:00:00,452.57785294401464
2025-05-28 16:00:00,735.7163770366332
2025-05-28 17:00:00,351.19280418403537
2025-05-28 18:00:00,144.38953439263966
2025-05-28 19:00:00,114.56539914467744
2025-05-28 20:00:00,93.1771939161864
2025-05-28 21:00:00,85.85903208661661
2025-05-28 22:00:00,88.19915096836515
2025-05-28 23:00:00,81.07382278514993
2025-05-29 00:00:00,128.31542927208716
2025-05-29 01:00:00,146.0789761025575
2025-05-29 02:00:00,121.58455046393681
2025-05-29 03:00:00,36.11061216890021
2025-05-29 04:00:00,-1.3481732359649192
2025-05-29 05:00:00,-13.915901151518902
2025-05-29 06:00:00,-22.745531879066675
2025-05-29 07:00:00,-24.654042161398117
2025-05-29 08:00:00,-22.05173628447421
2025-05-29 09:00:00,8.7664341320287
2025-05-29 10:00:00,33.851433231614855
2025-05-29 11:00:00,73.58172213140463
2025-05-29 12:00:00,84.62158811846633
2025-05-29 13:00:00,42.115861857503646
2025-05-29 14:00:00,258.26805821366577
2025-05-29 15:00:00,330.62864472835275
2025-05-29 16:00:00,428.03605816754913
2025-05-29 17:00:00,152.03119743159314
2025-05-29 18:00:00,64.92448661353208
2025-05-29 19:00:00,68.88118010656042
2025-05-29 20:00:00,58.485576081718314
2025-05-29 21:00:00,51.32439731401663
2025-05-29 22:00:00,52.85469663351343
2025-05-29 23:00:00,45.51790136471141
2025-05-30 00:00:00,92.27879395972883
2025-05-30 01:00:00,94.14206846530402
2025-05-30 02:00:00,97.00072959944775
2025-05-30 03:00:00,22.907169581894628
2025-05-30 04:00:00,-2.4503600115130997
2025-05-30 05:00:00,-18.864390380409493
2025-05-30 06:00:00,-9.331787589160273
2025-05-30 07:00:00,-23.867812954259662
2025-05-30 08:00:00,-22.64731014168792
2025-05-30 09:00:00,-17.718960210157242
2025-05-30 10:00:00,2.5767248260684195
2025-05-30 11:00:00,75.69461100601985
2025-05-30 12:00:00,24.560361797547046
2025-05-30 13:00:00,2.08612822426697
2025-05-30 14:00:00,83.37584527951272
2025-05-30 15:00:00,156.06202616092318
2025-05-30 16:00:00,193.0084593397073
2025-05-30 17:00:00,154.1245802015554
2025-05-30 18:00:00,101.17339996730233
2025-05-30 19:00:00,121.39315475134906
2025-05-30 20:00:00,132.4122786883633
2025-05-30 21:00:00,143.0594000570081
2025-05-30 22:00:00,88.28202254445442
2025-05-30 23:00:00,65.94685549607696
2025-05-31 00:00:00,53.12420411851466
2025-05-31 01:00:00,80.54363487090028
2025-05-31 02:00:00,80.42772999629005
2025-05-31 03:00:00,68.65792581179922
2025-05-31 04:00:00,39.91690462311359
2025-05-31 05:00:00,9.886525096202988
2025-05-31 06:00:00,7.292634271225428
2025-05-31 07:00:00,-19.080126534256795
2025-05-31 08:00:00,-31.52193049025026
2025-05-31 09:00:00,-15.585497128658405
2025-05-31 10:00:00,13.776985851113784
2025-05-31 11:00:00,75.38483762847741
2025-05-31 12:00:00,46.91065099320076
2025-05-31 13:00:00,58.10642070052439
2025-05-31 14:00:00,252.0221645812204
2025-05-31 15:00:00,537.2149013017837
2025-05-31 16:00:00,1438.6677162622652
2025-05-31 17:00:00,472.9072275662846
2025-05-31 18:00:00,276.40906355256465
2025-05-31 19:00:00,233.22220995545166
2025-05-31 20:00:00,131.76402499636137
2025-05-31 21:00:00,144.78661033702076
2025-05-31 22:00:00,98.3242694092573
2025-05-31 23:00:00,74.43209113930617
2025-06-01 00:00:00,51.48261386777476
2025-06-01 01:00:00,55.5649091205083
2025-06-01 02:00:00,37.43410323597246
2025-06-01 03:00:00,39.05957924519562
2025-06-01 04:00:00,13.262835059012597
2025-06-01 05:00:00,-11.233288118071346
2025-06-01 06:00:00,-25.95548054224004
2025-06-01 07:00:00,-28.424839552817495
2025-06-01 08:00:00,-34.60377960774542
2025-06-01 09:00:00,-17.07633822345395
2025-06-01 10:00:00,6.340931945094817
2025-06-01 11:00:00,23.663934916195114
2025-06-01 12:00:00,84.50131541128644
2025-06-01 13:00:00,131.9563418138878
2025-06-01 14:00:00,389.1945359257172
2025-06-01 15:00:00,639.0514241118018
2025-06-01 16:00:00,1328.494866441398
2025-06-01 17:00:00,290.7033026890189
2025-06-01 18:00:00,252.30610026048294
2025-06-01 19:00:00,170.6441002315297
2025-06-01 20:00:00,76.37897042072514
2025-06-01 21:00:00,77.96150910390159
2025-06-01 22:00:00,68.50363813309426
2025-06-01 23:00:00,52.55160089677256
2025-06-02 00:00:00,43.898152198157874
2025-06-02 01:00:00,46.49781427395727
2025-06-02 02:00:00,19.53151726336126
2025-06-02 03:00:00,-17.946712863289378
2025-06-02 04:00:00,-26.087924993579257
2025-06-02 05:00:00,-39.128357452751146
2025-06-02 06:00:00,-43.9988986046523
2025-06-02 07:00:00,-27.773375229981152
2025-06-02 08:00:00,-28.098673685626153
2025-06-02 09:00:00,-13.07001809203498
2025-06-02 10:00:00,1.3744306079115607
2025-06-02 11:00:00,27.493933415816663
2025-06-02 12:00:00,53.21713198134329
2025-06-02 13:00:00,112.92659722952787
2025-06-02 14:00:00,262.20958882983115
2025-06-02 15:00:00,401.792483908147
2025-06-02 16:00:00,272.45378008225765
2025-06-02 17:00:00,120.74260175367264
2025-06-02 18:00:00,92.18627620430516
2025-06-02 19:00:00,77.03552324708392
2025-06-02 20:00:00,77.71120968806743
2025-06-02 21:00:00,68.11627535917559
2025-06-02 22:00:00,59.362176472554346
2025-06-02 23:00:00,55.36961605965597
2025-06-03 00:00:00,43.602567059958226
2025-06-03 01:00:00,55.10038702255464
2025-06-03 02:00:00,36.2505405842583
2025-06-03 03:00:00,-2.470768811581183
2025-06-03 04:00:00,-15.625947739724202
2025-06-03 05:00:00,-27.943695628756178
2025-06-03 06:00:00,-31.649300902156657
2025-06-03 07:00:00,-20.924687830090694
2025-06-03 08:00:00,-41.45921784431423
2025-06-03 09:00:00,-33.410878799028374
2025-06-03 10:00:00,-27.41143474570211
2025-06-03 11:00:00,-13.65989493338764
2025-06-03 12:00:00,10.41258998844116
2025-06-03 13:00:00,48.54605125751584
2025-06-03 14:00:00,108.96324131144013
2025-06-03 15:00:00,297.18743889681815
2025-06-03 16:00:00,193.7442960766783
2025-06-03 17:00:00,109.46031076567441
2025-06-03 18:00:00,69.82532162114857
2025-06-03 19:00:00,83.40935621988538
2025-06-03 20:00:00,66.72613931130256
2025-06-03 21:00:00,59.06083265879049
2025-06-03 22:00:00,60.98319511886249
2025-06-03 23:00:00,63.6466180747537
2025-06-04 00:00:00,60.32957145101028
2025-06-04 01:00:00,66.26379697143099
2025-06-04 02:00:00,37.07955702851448
2025-06-04 03:00:00,-10.920311111192948
2025-06-04 04:00:00,-22.222816387304682
2025-06-04 05:00:00,-73.46479746030309
2025-06-04 06:00:00,-93.66677806857892
2025-06-04 07:00:00,-83.54389930713367
2025-06-04 08:00:00,-60.50865800833815
2025-06-04 09:00:00,-34.88032121340531
2025-06-04 10:00:00,-33.881670875637916
2025-06-04 11:00:00,-19.955681369196522
2025-06-04 12:00:00,-5.944172141105564
2025-06-04 13:00:00,7.889578497936444
2025-06-04 14:00:00,72.29656036250891
2025-06-04 15:00:00,272.94385012078595
2025-06-04 16:00:00,155.93086897401005
2025-06-04 17:00:00,80.7513923587408
2025-06-04 18:00:00,43.595594915380275
2025-06-04 19:00:00,52.673836725430924
2025-06-04 20:00:00,47.66982213843575
2025-06-04 21:00:00,53.743851394763205
2025-06-04 22:00:00,53.844994178552284
2025-06-04 23:00:00,51.440008192727646
2025-06-05 00:00:00,59.555288571015076
2025-06-05 01:00:00,68.09876787432749
2025-06-05 02:00:00,65.21375993495056
2025-06-05 03:00:00,12.322669777289404
2025-06-05 04:00:00,-10.387445774308572
2025-06-05 05:00:00,-47.51755205365933
2025-06-05 06:00:00,-64.67459149660233
2025-06-05 07:00:00,-59.190031865258604
2025-06-05 08:00:00,-47.61221282153822
2025-06-05 09:00:00,-27.596567080094207
2025-06-05 10:00:00,-15.992124703815687
2025-06-05 11:00:00,-14.54588503050662
2025-06-05 12:00:00,-29.865785130862104
2025-06-05 13:00:00,-3.5100015590040696
2025-06-05 14:00:00,96.81307501406847
2025-06-05 15:00:00,231.89435487955464
2025-06-05 16:00:00,148.2842239151613
2025-06-05 17:00:00,111.68149327481981
2025-06-05 18:00:00,47.965666546725096
2025-06-05 19:00:00,41.48972192175942
2025-06-05 20:00:00,36.99580121458299
2025-06-05 21:00:00,31.28282274960494
2025-06-05 22:00:00,28.698499733714396
2025-06-05 23:00:00,31.855204075573496
2025-06-06 00:00:00,47.46460117321312
2025-06-06 01:00:00,105.70001774174618
2025-06-06 02:00:00,88.84971529208809
2025-06-06 03:00:00,17.794453868462945
2025-06-06 04:00:00,-16.867930227975513
2025-06-06 05:00:00,-10.336554770322408
2025-06-06 06:00:00,-5.045170509313499
2025-06-06 07:00:00,-33.9634538402256
2025-06-06 08:00:00,-140.73792337251535
2025-06-06 09:00:00,-70.66212381205915
2025-06-06 10:00:00,-43.19957620636789
2025-06-06 11:00:00,-29.353145260636285
2025-06-06 12:00:00,-13.736064635662038
2025-06-06 13:00:00,12.742013920418076
2025-06-06 14:00:00,254.13586191110787
2025-06-06 15:00:00,378.4775183332289
2025-06-06 16:00:00,590.2736408035204
2025-06-06 17:00:00,498.59120134256585
2025-06-06 18:00:00,168.44591126103597
2025-06-06 19:00:00,120.7560146729455
2025-06-06 20:00:00,73.39454129275478
2025-06-06 21:00:00,63.12003051200355
2025-06-06 22:00:00,59.66148281477538
2025-06-06 23:00:00,111.93159777378413
2025-06-07 00:00:00,197.33778619334612
2025-06-07 01:00:00,276.7469974280076
2025-06-07 02:00:00,286.03399330295844
2025-06-07 03:00:00,75.25079274889066
2025-06-07 04:00:00,12.883252225367468
2025-06-07 05:00:00,5.576262767032437
2025-06-07 06:00:00,15.556408624513482
2025-06-07 07:00:00,-4.0459320590780505
2025-06-07 08:00:00,-60.99750004759473
2025-06-07 09:00:00,10.141912514544753
2025-06-07 10:00:00,-44.26035911231289
2025-06-07 11:00:00,-46.888877295126434
2025-06-07 12:00:00,-35.21516129613573
2025-06-07 13:00:00,-23.067189677424604
2025-06-07 14:00:00,185.29256685647346
2025-06-07 15:00:00,296.7651946052679
2025-06-07 16:00:00,505.4226523778239
2025-06-07 17:00:00,422.6006140705587
2025-06-07 18:00:00,121.76235723230023
2025-06-07 19:00:00,90.89141188960201
2025-06-07 20:00:00,56.334070507975476
2025-06-07 21:00:00,53.06091712946444
2025-06-07 22:00:00,42.00322364966177
2025-06-07 23:00:00,89.47995240141917
2025-06-08 00:00:00,172.21080366312918
2025-06-08 01:00:00,272.58285977679446
2025-06-08 02:00:00,240.8832435492538
2025-06-08 03:00:00,30.64507995494752
2025-06-08 04:00:00,-0.40743142546258104
2025-06-08 05:00:00,8.10622712709266
2025-06-08 06:00:00,6.170100248992423
2025-06-08 07:00:00,14.695726869961408
2025-06-08 08:00:00,36.889363814968796
2025-06-08 09:00:00,53.51931927819119
2025-06-08 10:00:00,12.25532075187173
2025-06-08 11:00:00,11.307111399200183
2025-06-08 12:00:00,-5.020851470399541
2025-06-08 13:00:00,-3.4398261805152814
2025-06-08 14:00:00,119.36593891724786
2025-06-08 15:00:00,301.84284656461375
2025-06-08 16:00:00,323.9859630877814
2025-06-08 17:00:00,206.69710146822325
2025-06-08 18:00:00,87.45596526086784
2025-06-08 19:00:00,132.6228798202961
2025-06-08 20:00:00,84.6808139896683
2025-06-08 21:00:00,66.45629456160054
2025-06-08 22:00:00,47.97969235266072
2025-06-08 23:00:00,41.30029190793427
2025-06-09 00:00:00,61.43382302809054
2025-06-09 01:00:00,132.20327206540003
2025-06-09 02:00:00,42.211568033339496
2025-06-09 03:00:00,-17.834995907416925
2025-06-09 04:00:00,-43.857063575536216
2025-06-09 05:00:00,-26.440953039324484
2025-06-09 06:00:00,-24.045212753874775
2025-06-09 07:00:00,-22.264971273175913
2025-06-09 08:00:00,-29.404136877008995
2025-06-09 09:00:00,-23.10990402577033
2025-06-09 10:00:00,-14.439247663294896
2025-06-09 11:00:00,-0.668065158676572
2025-06-09 12:00:00,-17.955778340285203
2025-06-09 13:00:00,14.736664540170635
2025-06-09 14:00:00,106.80597512768477
2025-06-09 15:00:00,241.4493463754363
2025-06-09 16:00:00,213.06728306204548
2025-06-09 17:00:00,116.63209444567218
2025-06-09 18:00:00,86.27290333802942
2025-06-09 19:00:00,129.95526861119558
2025-06-09 20:00:00,64.640212230253
2025-06-09 21:00:00,70.3091375173286
2025-06-09 22:00:00,72.81710395320918
2025-06-09 23:00:00,59.49025578650415
2025-06-10 00:00:00,56.132897070659965
2025-06-10 01:00:00,55.11663103782134
2025-06-10 02:00:00,32.55871206525969
2025-06-10 03:00:00,-10.573765155145724
2025-06-10 04:00:00,-53.95823204118798
2025-06-10 05:00:00,-52.20349817083326
2025-06-10 06:00:00,-34.81799513836443
2025-06-10 07:00:00,-27.297722625283317
2025-06-10 08:00:00,-31.169878241070712
2025-06-10 09:00:00,-20.937200631206025
2025-06-10 10:00:00,-22.313467875482
2025-06-10 11:00:00,-12.562521018236007
2025-06-10 12:00:00,-21.666457085130137
2025-06-10 13:00:00,14.754291422562074
2025-06-10 14:00:00,81.61953911201802
2025-06-10 15:00:00,318.3235596579461
2025-06-10 16:00:00,459.68920493633703
2025-06-10 17:00:00,253.10293542611478
2025-06-10 18:00:00,120.99675845621812
2025-06-10 19:00:00,84.66884342194588
2025-06-10 20:00:00,63.34202570767675
2025-06-10 21:00:00,84.68651836283634
2025-06-10 22:00:00,72.16510623190239
2025-06-10 23:00:00,41.702881725935825
2025-06-11 00:00:00,32.782787459878655
2025-06-11 01:00:00,43.80645072777039
2025-06-11 02:00:00,34.32230354829242
2025-06-11 03:00:00,-0.9254965945424045
2025-06-11 04:00:00,-10.564476727278077
2025-06-11 05:00:00,39.5681041794138
2025-06-11 06:00:00,22.698851455042774
2025-06-11 07:00:00,6.035532724585555
2025-06-11 08:00:00,-9.348729191339883
2025-06-11 09:00:00,7.075157560419577
2025-06-11 10:00:00,33.3727070489919
2025-06-11 11:00:00,144.5519399114013
2025-06-11 12:00:00,34.67580098921858
2025-06-11 13:00:00,39.22644925751662
2025-06-11 14:00:00,183.54671819060968
2025-06-11 15:00:00,339.4825333364643
2025-06-11 16:00:00,427.8003856660326
2025-06-11 17:00:00,264.7024118270527
2025-06-11 18:00:00,129.7472548231514
2025-06-11 19:00:00,104.01378624355853
2025-06-11 20:00:00,75.62421709991175
2025-06-11 21:00:00,105.94547114015457
2025-06-11 22:00:00,65.10169288078058
2025-06-11 23:00:00,48.48119483994952
2025-06-12 00:00:00,88.28828452521073
2025-06-12 01:00:00,107.51873942645734
2025-06-12 02:00:00,185.810190623101
2025-06-12 03:00:00,167.346361595566
2025-06-12 04:00:00,71.56386793514413
2025-06-12 05:00:00,95.92731757051864
2025-06-12 06:00:00,52.49374202359075
2025-06-12 07:00:00,14.136746827286832
2025-06-12 08:00:00,5.12424197784088
2025-06-12 09:00:00,8.790113813632146
2025-06-12 10:00:00,33.20709409053766
2025-06-12 11:00:00,157.13661729608012
2025-06-12 12:00:00,77.07061935899756
2025-06-12 13:00:00,26.4755843141165
2025-06-12 14:00:00,152.93926985130923
2025-06-12 15:00:00,261.5983359667511
2025-06-12 16:00:00,405.45120859713245
2025-06-12 17:00:00,382.7726987461219
2025-06-12 18:00:00,151.04441476418006
2025-06-12 19:00:00,80.13510401352121
2025-06-12 20:00:00,64.49791599505147
2025-06-12 21:00:00,77.3321375789258
2025-06-12 22:00:00,41.78629101769896
2025-06-12 23:00:00,42.17319901023786
2025-06-13 00:00:00,86.87018171034231
2025-06-13 01:00:00,146.53828621483768
2025-06-13 02:00:00,230.8951276124152
2025-06-13 03:00:00,155.22881496581599
2025-06-13 04:00:00,54.604181437651
2025-06-13 05:00:00,47.06288979730181
2025-06-13 06:00:00,30.11461456061843
2025-06-13 07:00:00,-0.2652328309684961
2025-06-13 08:00:00,-3.0239657614757536
2025-06-13 09:00:00,-5.836573280250633
2025-06-13 10:00:00,-4.3216200430158755
2025-06-13 11:00:00,26.442661963610647
2025-06-13 12:00:00,66.013928135877
2025-06-13 13:00:00,9.086541138324751
2025-06-13 14:00:00,64.3035175187259
2025-06-13 15:00:00,282.3031870964584
2025-06-13 16:00:00,327.96431997527407
2025-06-13 17:00:00,241.99137747229346
2025-06-13 18:00:00,60.17283817443204
2025-06-13 19:00:00,26.67653275657582
2025-06-13 20:00:00,34.74680272768811
2025-06-13 21:00:00,26.608236706367563
2025-06-13 22:00:00,13.12496775303583
2025-06-13 23:00:00,5.45063689212836
2025-06-14 00:00:00,12.758572537996223
2025-06-14 01:00:00,73.1890766468831
2025-06-14 02:00:00,65.07380110889288
2025-06-14 03:00:00,3.4575294665107292
2025-06-14 04:00:00,-27.770912555279924
2025-06-14 05:00:00,-66.61578737176566
2025-06-14 06:00:00,-27.075375777549688
2025-06-14 07:00:00,-18.000164606630882
2025-06-14 08:00:00,-21.99130415641701
2025-06-14 09:00:00,-14.95778456930459
2025-06-14 10:00:00,-10.197665072279628
2025-06-14 11:00:00,-4.4404753359487374
2025-06-14 12:00:00,18.280056420309634
2025-06-14 13:00:00,24.225019598320888
2025-06-14 14:00:00,107.88255630491928
2025-06-14 15:00:00,285.8072113634844
2025-06-14 16:00:00,252.63297550726455
2025-06-14 17:00:00,117.21947055678429
2025-06-14 18:00:00,70.25429340776434
2025-06-14 19:00:00,69.40120150729764
2025-06-14 20:00:00,58.79550282612421
2025-06-14 21:00:00,85.86038199004226
2025-06-14 22:00:00,51.713620882649536
2025-06-14 23:00:00,20.73351983524975
2025-06-15 00:00:00,15.52279112702366
2025-06-15 01:00:00,12.677227186247263
2025-06-15 02:00:00,1.1487884952967604
2025-06-15 03:00:00,-17.08889777253203
2025-06-15 04:00:00,-63.99980756853883
2025-06-15 05:00:00,-109.69585859231928
2025-06-15 06:00:00,-50.236862957603186
2025-06-15 07:00:00,-31.52145252150195
2025-06-15 08:00:00,-19.466094334454283
2025-06-15 09:00:00,-5.945087903871746
2025-06-15 10:00:00,-0.41600210141338173
2025-06-15 11:00:00,-21.903515963350813
2025-06-15 12:00:00,-18.659770675054776
2025-06-15 13:00:00,-13.779063624874743
2025-06-15 14:00:00,53.91170148736029
2025-06-15 15:00:00,192.3711881162396
2025-06-15 16:00:00,237.49407000037738
2025-06-15 17:00:00,93.8502700999161
2025-06-15 18:00:00,64.97849088323048
2025-06-15 19:00:00,52.17123646094305
2025-06-15 20:00:00,36.35057080293964
2025-06-15 21:00:00,62.044486214373244
2025-06-15 22:00:00,24.625944547173862
2025-06-15 23:00:00,-4.626145260078911
2025-06-16 00:00:00,7.140188977105327
2025-06-16 01:00:00,12.106607057592754
2025-06-16 02:00:00,2.7158500134953183
2025-06-16 03:00:00,-18.057074564326186
2025-06-16 04:00:00,-88.29371800960004
2025-06-16 05:00:00,-98.42014629449713
2025-06-16 06:00:00,-49.33959801998022
2025-06-16 07:00:00,-56.20343623717867
2025-06-16 08:00:00,-60.54643902074322
2025-06-16 09:00:00,-22.679488716252155
2025-06-16 10:00:00,-33.32122479185284
2025-06-16 11:00:00,-38.1353480977867
2025-06-16 12:00:00,-17.991052778892264
2025-06-16 13:00:00,5.078158981472545
2025-06-16 14:00:00,54.14190539376774
2025-06-16 15:00:00,136.70636286206187
2025-06-16 16:00:00,182.62744891875576
2025-06-16 17:00:00,113.3929334849066
2025-06-16 18:00:00,51.86058625973683
2025-06-16 19:00:00,29.165506106369275
2025-06-16 20:00:00,16.701319410132232
2025-06-16 21:00:00,9.412078601094612
2025-06-16 22:00:00,3.617454345786076
2025-06-16 23:00:00,-4.859065919989174
2025-06-17 00:00:00,4.325867293579552
2025-06-17 01:00:00,55.094246767106114
2025-06-17 02:00:00,22.502383614639562
2025-06-17 03:00:00,-17.39644256245691
2025-06-17 04:00:00,-77.0651570484263
2025-06-17 05:00:00,-80.83347883194483
2025-06-17 06:00:00,-46.82889573559967
2025-06-17 07:00:00,-52.61861781890583
2025-06-17 08:00:00,-62.3183286989317
2025-06-17 09:00:00,-41.95250061714676
2025-06-17 10:00:00,-62.90602466226637
2025-06-17 11:00:00,-36.798657739507696
2025-06-17 12:00:00,-27.84379176857079
2025-06-17 13:00:00,-0.2928767593536234
2025-06-17 14:00:00,123.02201076965072
2025-06-17 15:00:00,461.1465750443341
2025-06-17 16:00:00,406.01755261372244
2025-06-17 17:00:00,134.95370165473344
2025-06-17 18:00:00,58.20037321801144
2025-06-17 19:00:00,56.09555395103883
2025-06-17 20:00:00,56.960215349691985
2025-06-17 21:00:00,51.14325971518479
2025-06-17 22:00:00,44.14027350339849
2025-06-17 23:00:00,36.39200816935074
2025-06-18 00:00:00,45.842705149346315
2025-06-18 01:00:00,78.91074946064073
2025-06-18 02:00:00,33.862895926733714
2025-06-18 03:00:00,-21.143675197490154
2025-06-18 04:00:00,-63.221586421776706
2025-06-18 05:00:00,-48.650662004764676
2025-06-18 06:00:00,-16.27736425672732
2025-06-18 07:00:00,12.568636092413202
2025-06-18 08:00:00,10.42930172529744
2025-06-18 09:00:00,11.269720135618732
2025-06-18 10:00:00,-4.838607816174705
2025-06-18 11:00:00,2.567137129736312
2025-06-18 12:00:00,-2.0927617951755426
2025-06-18 13:00:00,14.378040690126069
2025-06-18 14:00:00,129.03068967067924
2025-06-18 15:00:00,475.4821487598189
2025-06-18 16:00:00,312.2603397994213
2025-06-18 17:00:00,85.43864878005267
2025-06-18 18:00:00,68.52351740366447
2025-06-18 19:00:00,65.12822746058482
2025-06-18 20:00:00,61.25088173316863
2025-06-18 21:00:00,61.199684731920435
2025-06-18 22:00:00,51.30363617349484
2025-06-18 23:00:00,39.548782569570065
2025-06-19 00:00:00,42.652925799437156
2025-06-19 01:00:00,56.16774579523969
2025-06-19 02:00:00,47.55438370589067
2025-06-19 03:00:00,-14.717676591482203
2025-06-19 04:00:00,-42.84762984691848
2025-06-19 05:00:00,-33.77547706951462
2025-06-19 06:00:00,-11.123641979778727
2025-06-19 07:00:00,18.678901274913017
2025-06-19 08:00:00,-4.686390641953946
2025-06-19 09:00:00,-17.180610628197
2025-06-19 10:00:00,-28.090424943964496
2025-06-19 11:00:00,-30.650152116151574
2025-06-19 12:00:00,-28.76733947854594
2025-06-19 13:00:00,-10.784402022331733
2025-06-19 14:00:00,64.08418981153078
2025-06-19 15:00:00,235.91748106097023
2025-06-19 16:00:00,258.046813803342
2025-06-19 17:00:00,136.5290381968384
2025-06-19 18:00:00,88.22079350965846
2025-06-19 19:00:00,70.49356216854017
2025-06-19 20:00:00,63.46653423680093
2025-06-19 21:00:00,62.08458410402136
2025-06-19 22:00:00,49.35400123759972
2025-06-19 23:00:00,41.67638334106317
2025-06-20 00:00:00,37.92725646134055
2025-06-20 01:00:00,51.05200413036291
2025-06-20 02:00:00,49.437832784051544
2025-06-20 03:00:00,-2.608131831641575
2025-06-20 04:00:00,-12.482713739383625
2025-06-20 05:00:00,-23.75109639008484
2025-06-20 06:00:00,-12.067423749231684
2025-06-20 07:00:00,31.102403609053336
2025-06-20 08:00:00,68.78781641999376
2025-06-20 09:00:00,23.09551931650821
2025-06-20 10:00:00,2.0981937493078906
2025-06-20 11:00:00,-12.297708260126663
2025-06-20 12:00:00,-21.126364218850423
2025-06-20 13:00:00,-3.2983867969160117
2025-06-20 14:00:00,99.89254975256314
2025-06-20 15:00:00,326.0060552633922
2025-06-20 16:00:00,500.8141409090371
2025-06-20 17:00:00,204.54249511299722
2025-06-20 18:00:00,114.3913996213474
2025-06-20 19:00:00,64.65641156457666
2025-06-20 20:00:00,60.03962376682545
2025-06-20 21:00:00,58.34740218041314
2025-06-20 22:00:00,49.71672197998811
2025-06-20 23:00:00,42.03717882923312
2025-06-21 00:00:00,43.46820188598262
2025-06-21 01:00:00,87.10468876782146
2025-06-21 02:00:00,65.3687703796528
2025-06-21 03:00:00,3.560448556991319
2025-06-21 04:00:00,-9.70307679630678
2025-06-21 05:00:00,-14.158535204951056
2025-06-21 06:00:00,5.646835640543299
2025-06-21 07:00:00,115.71525965332741
2025-06-21 08:00:00,178.83890023484597
2025-06-21 09:00:00,46.11208023919779
2025-06-21 10:00:00,29.727213292347336
2025-06-21 11:00:00,45.999443814491244
2025-06-21 12:00:00,28.23713181849933
2025-06-21 13:00:00,25.634009892415666
2025-06-21 14:00:00,225.7411453422465
2025-06-21 15:00:00,1004.1557783644511
2025-06-21 16:00:00,534.3159210645641
2025-06-21 17:00:00,190.22774212583076
2025-06-21 18:00:00,163.3036456033972
2025-06-21 19:00:00,71.59061179180927
2025-06-21 20:00:00,55.220181621161494
2025-06-21 21:00:00,54.91412862578194
2025-06-21 22:00:00,48.682541428169586
2025-06-21 23:00:00,37.964973862404996
2025-06-22 00:00:00,32.90646099232423
2025-06-22 01:00:00,72.10906653286699
2025-06-22 02:00:00,51.44889387787837
2025-06-22 03:00:00,-6.177548189761614
2025-06-22 04:00:00,-5.927328345650404
2025-06-22 05:00:00,-3.9999999648737328
2025-06-22 06:00:00,12.070458950995427
2025-06-22 07:00:00,88.57920564041954
2025-06-22 08:00:00,92.70478384936432
2025-06-22 09:00:00,2.3583334630756694
2025-06-22 10:00:00,20.387586375176983
2025-06-22 11:00:00,53.39590494136678
2025-06-22 12:00:00,43.57943826557275
2025-06-22 13:00:00,39.036851749625924
2025-06-22 14:00:00,226.65836515226633
2025-06-22 15:00:00,829.9033334568624
2025-06-22 16:00:00,234.30057496191583
2025-06-22 17:00:00,113.71827714000923
2025-06-22 18:00:00,112.1847262910276
2025-06-22 19:00:00,59.99175974273843
2025-06-22 20:00:00,53.12157898194384
2025-06-22 21:00:00,43.70885695970911
2025-06-22 22:00:00,32.56967625818574
2025-06-22 23:00:00,22.95382191873859
2025-06-23 00:00:00,22.85646972449205
2025-06-23 01:00:00,21.001118755258126
2025-06-23 02:00:00,8.028825834318441
2025-06-23 03:00:00,-67.3624616322696
2025-06-23 04:00:00,-81.66714345005393
2025-06-23 05:00:00,-79.88366606910692
2025-06-23 06:00:00,-35.06230727887064
2025-06-23 07:00:00,-8.9696222402506
2025-06-23 08:00:00,-10.78002146030359
2025-06-23 09:00:00,-0.8463463092004756
2025-06-23 10:00:00,8.375142109487415
2025-06-23 11:00:00,20.94753052003643
2025-06-23 12:00:00,10.214016528824592
2025-06-23 13:00:00,25.677021206209613
2025-06-23 14:00:00,121.68676298584685
2025-06-23 15:00:00,179.39128679802005
2025-06-23 16:00:00,164.24473699528713
2025-06-23 17:00:00,106.34615699872465
2025-06-23 18:00:00,76.86216810555575
2025-06-23 19:00:00,78.12076357283026
2025-06-23 20:00:00,79.41348347144238
2025-06-23 21:00:00,79.08973182409584
2025-06-23 22:00:00,59.028822839143196
2025-06-23 23:00:00,48.11451820098175
2025-06-24 00:00:00,41.511859846496115
2025-06-24 01:00:00,39.24785512618508
2025-06-24 02:00:00,15.864298739876933
2025-06-24 03:00:00,-63.560136167701216
2025-06-24 04:00:00,-79.34907584850096
2025-06-24 05:00:00,-80.69574638895484
2025-06-24 06:00:00,-40.283685507399255
2025-06-24 07:00:00,-24.568968768812095
2025-06-24 08:00:00,-14.675778692016067
2025-06-24 09:00:00,5.314887068402575
2025-06-24 10:00:00,-7.530174378972239
2025-06-24 11:00:00,5.031542990328931
2025-06-24 12:00:00,5.392128368496267
2025-06-24 13:00:00,11.575649442934187
2025-06-24 14:00:00,125.30330826263967
2025-06-24 15:00:00,182.80697768609025
2025-06-24 16:00:00,202.37634623347236
2025-06-24 17:00:00,138.91930916930355
2025-06-24 18:00:00,89.15559599612708
2025-06-24 19:00:00,70.73717173196648
2025-06-24 20:00:00,68.12575698653296
2025-06-24 21:00:00,61.72967096590344
2025-06-24 22:00:00,49.11305372081242
2025-06-24 23:00:00,42.6693018511348
2025-06-25 00:00:00,37.97098998313727
2025-06-25 01:00:00,41.733311092888094
2025-06-25 02:00:00,26.967254784152658
2025-06-25 03:00:00,-29.386027269132338
2025-06-25 04:00:00,-61.55363608681613
2025-06-25 05:00:00,-55.45967792924583
2025-06-25 06:00:00,-37.46434092213757
2025-06-25 07:00:00,-15.663330735139043
2025-06-25 08:00:00,-3.459770988228518
2025-06-25 09:00:00,-10.335365901249205
2025-06-25 10:00:00,-30.715411971828495
2025-06-25 11:00:00,-9.877679584641003
2025-06-25 12:00:00,-0.10722371780404183
2025-06-25 13:00:00,0.06940137554055267
2025-06-25 14:00:00,111.37323427149407
2025-06-25 15:00:00,188.04961426905408
2025-06-25 16:00:00,196.3481731339797
2025-06-25 17:00:00,142.20958211925264
2025-06-25 18:00:00,93.18122914262295
2025-06-25 19:00:00,56.41748876763149
2025-06-25 20:00:00,47.636269714648364
2025-06-25 21:00:00,37.76198119224625
2025-06-25 22:00:00,33.355605685134016
2025-06-25 23:00:00,32.65182075264505
2025-06-26 00:00:00,31.048144936212072
2025-06-26 01:00:00,43.34105521675753
2025-06-26 02:00:00,35.66954050817467
2025-06-26 03:00:00,-17.746457524574982
2025-06-26 04:00:00,-62.82330528718045
2025-06-26 05:00:00,-58.562255004014716
2025-06-26 06:00:00,-42.947855561197805
2025-06-26 07:00:00,-33.43030455575968
2025-06-26 08:00:00,-21.579299163635355
2025-06-26 09:00:00,-22.776655453494026
2025-06-26 10:00:00,-7.479764817524844
2025-06-26 11:00:00,12.308926843346375
2025-06-26 12:00:00,19.476611658212803
2025-06-26 13:00:00,26.47692892889475
2025-06-26 14:00:00,78.72796889333364
2025-06-26 15:00:00,112.1605843211779
2025-06-26 16:00:00,109.53650552851376
2025-06-26 17:00:00,78.66037482023017
2025-06-26 18:00:00,57.488071915948694
2025-06-26 19:00:00,38.123305663357925
2025-06-26 20:00:00,31.66200364757015
2025-06-26 21:00:00,28.779165563176207
2025-06-26 22:00:00,24.821812890507633
2025-06-26 23:00:00,19.532093810424747
2025-06-27 00:00:00,18.897390024587516
2025-06-27 01:00:00,36.10754526569623
2025-06-27 02:00:00,23.040617455815692
2025-06-27 03:00:00,-14.20182432687209
2025-06-27 04:00:00,-41.38234172866721
2025-06-27 05:00:00,-32.859353355016765
2025-06-27 06:00:00,-25.77528389103285
2025-06-27 07:00:00,17.424512310220248
2025-06-27 08:00:00,44.84760055157742
2025-06-27 09:00:00,30.06314666735403
2025-06-27 10:00:00,33.75768948826237
2025-06-27 11:00:00,42.14421042882242
2025-06-27 12:00:00,66.97297682603508
2025-06-27 13:00:00,45.449361449536056
2025-06-27 14:00:00,60.21172309826698
2025-06-27 15:00:00,106.54894026920816
2025-06-27 16:00:00,91.43976197370075
2025-06-27 17:00:00,90.27279487990742
2025-06-27 18:00:00,71.35656869394124
2025-06-27 19:00:00,68.19646260610295
2025-06-27 20:00:00,49.91907378992536
2025-06-27 21:00:00,46.63142145526557
2025-06-27 22:00:00,41.933339371452874
2025-06-27 23:00:00,27.09991928585244
2025-06-28 00:00:00,29.99893081047318
2025-06-28 01:00:00,73.85847214772639
2025-06-28 02:00:00,45.64675436237932
2025-06-28 03:00:00,-11.234907361476617
2025-06-28 04:00:00,-32.938831545223636
2025-06-28 05:00:00,-27.861278671649632
2025-06-28 06:00:00,-24.170752597495316
2025-06-28 07:00:00,37.99620923114484
2025-06-28 08:00:00,50.34885675803652
2025-06-28 09:00:00,19.94458924305018
2025-06-28 10:00:00,12.443154874821444
2025-06-28 11:00:00,25.21194632093788
2025-06-28 12:00:00,175.5217800061385
2025-06-28 13:00:00,63.455642161543814
2025-06-28 14:00:00,282.44135092094797
2025-06-28 15:00:00,549.6497684000366
2025-06-28 16:00:00,442.3886418885351
2025-06-28 17:00:00,236.28316104223964
2025-06-28 18:00:00,129.94815484918604
2025-06-28 19:00:00,90.23662319256067
2025-06-28 20:00:00,65.5489088014385
2025-06-28 21:00:00,57.634312588886935
2025-06-28 22:00:00,45.7761843506752
2025-06-28 23:00:00,33.916958147071185
2025-06-29 00:00:00,35.35316786289151
2025-06-29 01:00:00,68.38775868393596
2025-06-29 02:00:00,42.09946796334745
2025-06-29 03:00:00,-18.34893998210648
2025-06-29 04:00:00,-42.11435703193651
2025-06-29 05:00:00,-72.35681877226396
2025-06-29 06:00:00,-36.61602780778288
2025-06-29 07:00:00,-7.752523155828749
2025-06-29 08:00:00,-8.634416259177051
2025-06-29 09:00:00,17.804518736595973
2025-06-29 10:00:00,9.443231829226447
2025-06-29 11:00:00,44.69137324477144
2025-06-29 12:00:00,168.70988659582315
2025-06-29 13:00:00,105.10961961606625
2025-06-29 14:00:00,283.471129136396
2025-06-29 15:00:00,583.6333677671629
2025-06-29 16:00:00,507.6260431648231
2025-06-29 17:00:00,191.8920852721555
2025-06-29 18:00:00,99.67647508677337
2025-06-29 19:00:00,65.83114350604951
2025-06-29 20:00:00,63.674673165309265
2025-06-29 21:00:00,55.76941414444934
2025-06-29 22:00:00,44.77740724033776
2025-06-29 23:00:00,34.14544045061211
2025-06-30 00:00:00,39.93972356798622
2025-06-30 01:00:00,35.26225197867479
2025-06-30 02:00:00,21.781230795970732
2025-06-30 03:00:00,-22.488952316410913
2025-06-30 04:00:00,-35.28423442938641
2025-06-30 05:00:00,-63.79705290534785
2025-06-30 06:00:00,-26.169990631123873
2025-06-30 07:00:00,11.182775380990664
2025-06-30 08:00:00,-17.034562588863952
2025-06-30 09:00:00,19.488413540915616
2025-06-30 10:00:00,8.37732727141306
2025-06-30 11:00:00,96.44354914985114
2025-06-30 12:00:00,111.7086082930965
2025-06-30 13:00:00,93.00590801362105
2025-06-30 14:00:00,65.54366295032827
2025-06-30 15:00:00,204.29194790620147
2025-06-30 16:00:00,215.72957064796915
2025-06-30 17:00:00,94.18871725496118
2025-06-30 18:00:00,63.96202964929023
2025-06-30 19:00:00,53.190484209635684
2025-06-30 20:00:00,58.222034089260546
2025-06-30 21:00:00,53.38624797149461
2025-06-30 22:00:00,48.98925854819929
2025-06-30 23:00:00,39.6006889677706
2025-07-01 00:00:00,41.778102868131555
2025-07-01 01:00:00,40.64528695213776
2025-07-01 02:00:00,26.399003538163544
2025-07-01 03:00:00,-9.233864979026363
2025-07-01 04:00:00,-20.552655889322008
2025-07-01 05:00:00,-20.830442308698803
2025-07-01 06:00:00,-4.230215995693998
2025-07-01 07:00:00,57.26013625312733
2025-07-01 08:00:00,32.10246020975657
2025-07-01 09:00:00,108.47867961871582
2025-07-01 10:00:00,121.80673570133901
2025-07-01 11:00:00,76.4833229992026
2025-07-01 12:00:00,90.57619673860565
2025-07-01 13:00:00,38.00570113837991
2025-07-01 14:00:00,86.50745843334818
2025-07-01 15:00:00,76.07910338481166
2025-07-01 16:00:00,109.2940797526406
2025-07-01 17:00:00,149.56545414133157
2025-07-01 18:00:00,105.5295783706786
2025-07-01 19:00:00,156.77420935298468
2025-07-01 20:00:00,129.51250629082432
2025-07-01 21:00:00,73.83751202547828
2025-07-01 22:00:00,50.45712733726557
2025-07-01 23:00:00,36.062878919553356
2025-07-02 00:00:00,31.74614924495334
2025-07-02 01:00:00,48.804004197887814
2025-07-02 02:00:00,35.92833492630341
2025-07-02 03:00:00,11.830295268661418
2025-07-02 04:00:00,6.129836339431299
2025-07-02 05:00:00,23.878609782243164
2025-07-02 06:00:00,31.680378579206142
2025-07-02 07:00:00,87.10375188397761
2025-07-02 08:00:00,77.52968617480525
2025-07-02 09:00:00,198.28173914591216
2025-07-02 10:00:00,195.10476308859415
2025-07-02 11:00:00,113.41335706298622
2025-07-02 12:00:00,309.75083439879313
2025-07-02 13:00:00,319.7539629782761
2025-07-02 14:00:00,368.0887448746912
2025-07-02 15:00:00,666.8222166558804
2025-07-02 16:00:00,1250.792227914643
2025-07-02 17:00:00,538.3261975129741
2025-07-02 18:00:00,358.24766974634963
2025-07-02 19:00:00,356.5057807774208
2025-07-02 20:00:00,206.26718925318852
2025-07-02 21:00:00,135.08676164615255
2025-07-02 22:00:00,101.49765455088166
2025-07-02 23:00:00,78.47073219469175
2025-07-03 00:00:00,82.78711869362651
2025-07-03 01:00:00,164.04245375651044
2025-07-03 02:00:00,128.50059150062305
2025-07-03 03:00:00,32.326805469422574
2025-07-03 04:00:00,16.212626333671988
2025-07-03 05:00:00,15.963213695706536
2025-07-03 06:00:00,18.348184021708715
2025-07-03 07:00:00,92.75089764043051
2025-07-03 08:00:00,63.86517467751792
2025-07-03 09:00:00,107.67731027688109
2025-07-03 10:00:00,83.77752538060581
2025-07-03 11:00:00,102.22195023747973
2025-07-03 12:00:00,266.7971363049644
2025-07-03 13:00:00,284.3039239475633
2025-07-03 14:00:00,310.81717217958413
2025-07-03 15:00:00,613.5708368858853
2025-07-03 16:00:00,1051.3189538268243
2025-07-03 17:00:00,352.3613903456426
2025-07-03 18:00:00,314.5504854675452
2025-07-03 19:00:00,253.2132842652795
2025-07-03 20:00:00,153.24918246620467
2025-07-03 21:00:00,128.0814217270965
2025-07-03 22:00:00,104.09841289650737
2025-07-03 23:00:00,85.67455687110251
2025-07-04 00:00:00,92.60018948125563
2025-07-04 01:00:00,145.69792572407988
2025-07-04 02:00:00,112.83728316608288
2025-07-04 03:00:00,37.26155046631923
2025-07-04 04:00:00,6.690192563304984
2025-07-04 05:00:00,-6.701356085267877
2025-07-04 06:00:00,-4.318957289986267
2025-07-04 07:00:00,74.12931561788683
2025-07-04 08:00:00,43.67848049245112
2025-07-04 09:00:00,42.41865614939364
2025-07-04 10:00:00,53.72186612254199
2025-07-04 11:00:00,76.16947648479294
2025-07-04 12:00:00,68.04713102608872
2025-07-04 13:00:00,100.17777429883625
2025-07-04 14:00:00,89.3901079473171
2025-07-04 15:00:00,84.81625153045427
2025-07-04 16:00:00,95.00671544000932
2025-07-04 17:00:00,112.38601844012658
2025-07-04 18:00:00,89.3594820587355
2025-07-04 19:00:00,80.85811343070353
2025-07-04 20:00:00,75.57846350747685
2025-07-04 21:00:00,49.61950079177119
2025-07-04 22:00:00,40.732174950260216
2025-07-04 23:00:00,31.04567958935947
2025-07-05 00:00:00,31.016007027554355
2025-07-05 01:00:00,31.130248433091964
2025-07-05 02:00:00,29.059359546251667
2025-07-05 03:00:00,34.562527579996775
2025-07-05 04:00:00,12.649808285252556
2025-07-05 05:00:00,-4.250391818893638
2025-07-05 06:00:00,-10.09406410230583
2025-07-05 07:00:00,15.944119514222823
2025-07-05 08:00:00,1.7522518211107405
2025-07-05 09:00:00,14.668199500302162
2025-07-05 10:00:00,38.769985077404584
2025-07-05 11:00:00,63.059324925900164
2025-07-05 12:00:00,54.18438867602432
2025-07-05 13:00:00,57.13955767032837
2025-07-05 14:00:00,43.0624269932304
2025-07-05 15:00:00,50.03822921746705
2025-07-05 16:00:00,56.987985898494884
2025-07-05 17:00:00,60.19495629738464
2025-07-05 18:00:00,28.13450894850783
2025-07-05 19:00:00,49.02341863646004
2025-07-05 20:00:00,50.46451448967714
2025-07-05 21:00:00,35.34943792301869
2025-07-05 22:00:00,31.3187217963857
2025-07-05 23:00:00,32.274203236648106
2025-07-06 00:00:00,48.662666056122625
2025-07-06 01:00:00,56.00758467134839
2025-07-06 02:00:00,58.67495777741528
2025-07-06 03:00:00,31.50112336307463
2025-07-06 04:00:00,20.08775033528496
2025-07-06 05:00:00,8.593872436982162
2025-07-06 06:00:00,6.1579522750199285
2025-07-06 07:00:00,-2.551804242364169
2025-07-06 08:00:00,-7.4118453586829975
2025-07-06 09:00:00,7.062113998116761
2025-07-06 10:00:00,3.5612213589190898
2025-07-06 11:00:00,16.975961559266665
2025-07-06 12:00:00,21.86975657171649
2025-07-06 13:00:00,19.646328196056594
2025-07-06 14:00:00,29.740242591238644
2025-07-06 15:00:00,62.972520098038665
2025-07-06 16:00:00,97.54827998031995
2025-07-06 17:00:00,103.92458318397543
2025-07-06 18:00:00,71.7334772826759
2025-07-06 19:00:00,58.746294696047215
2025-07-06 20:00:00,47.628322882251396
2025-07-06 21:00:00,42.67465241297823
2025-07-06 22:00:00,37.731222569712514
2025-07-06 23:00:00,39.003568010509866
2025-07-07 00:00:00,63.319307449318906
2025-07-07 01:00:00,53.43206062830565
2025-07-07 02:00:00,49.17265306155178
2025-07-07 03:00:00,13.77573543259093
2025-07-07 04:00:00,7.063433480189125
2025-07-07 05:00:00,7.244577812528604
2025-07-07 06:00:00,4.059950891379142
2025-07-07 07:00:00,-7.973349966632623
2025-07-07 08:00:00,-12.725555298744485
2025-07-07 09:00:00,-15.238407127050417
2025-07-07 10:00:00,-10.584930630903063
2025-07-07 11:00:00,-12.901234923390533
2025-07-07 12:00:00,1.589501953089675
2025-07-07 13:00:00,13.36216640130898
2025-07-07 14:00:00,49.71544340746774
2025-07-07 15:00:00,162.09106057043462
2025-07-07 16:00:00,314.4321051960696
2025-07-07 17:00:00,310.88101704322025
2025-07-07 18:00:00,145.32484283105876
2025-07-07 19:00:00,95.42020974550644
2025-07-07 20:00:00,71.64413371991887
2025-07-07 21:00:00,70.2807258358713
2025-07-07 22:00:00,67.421172726253
2025-07-07 23:00:00,67.38720316733338
2025-07-08 00:00:00,74.96097421315689
2025-07-08 01:00:00,87.71039185964092
2025-07-08 02:00:00,37.48824179627116
2025-07-08 03:00:00,13.43878384621688
2025-07-08 04:00:00,1.5865177876283296
2025-07-08 05:00:00,-5.650948077237868
2025-07-08 06:00:00,-6.781862979426036
2025-07-08 07:00:00,-13.375296375087176
2025-07-08 08:00:00,-5.786013298122134
2025-07-08 09:00:00,24.121703792512683
2025-07-08 10:00:00,0.8994743876838256
2025-07-08 11:00:00,40.350612226611915
2025-07-08 12:00:00,18.250716165425253
2025-07-08 13:00:00,29.746592446176614
2025-07-08 14:00:00,124.46431339126387
2025-07-08 15:00:00,303.593927527518
2025-07-08 16:00:00,348.1687375559855
2025-07-08 17:00:00,252.4573804204723
2025-07-08 18:00:00,94.05642235415425
2025-07-08 19:00:00,71.32158223099401
2025-07-08 20:00:00,72.36835117151003
2025-07-08 21:00:00,59.5952049964746
2025-07-08 22:00:00,51.16937068738811
2025-07-08 23:00:00,51.23266823423146
2025-07-09 00:00:00,48.7798494361802
2025-07-09 01:00:00,69.54393436667296
2025-07-09 02:00:00,26.93463197856161
2025-07-09 03:00:00,21.343393039427454
2025-07-09 04:00:00,-2.0518086447751944
2025-07-09 05:00:00,-18.19954857413889
2025-07-09 06:00:00,-10.791732230071123
2025-07-09 07:00:00,14.303816782207663
2025-07-09 08:00:00,44.71191907652289
2025-07-09 09:00:00,71.09050903011499
2025-07-09 10:00:00,90.78773589126497
2025-07-09 11:00:00,206.2291720751137
2025-07-09 12:00:00,445.78695066529315
2025-07-09 13:00:00,268.1373083921734
2025-07-09 14:00:00,320.17887498428524
2025-07-09 15:00:00,355.3536489223614
2025-07-09 16:00:00,261.3925708040915
2025-07-09 17:00:00,119.5302153430289
2025-07-09 18:00:00,55.46931402279762
2025-07-09 19:00:00,46.93348305523594
2025-07-09 20:00:00,43.24435680551788
2025-07-09 21:00:00,9.945045055396994
2025-07-09 22:00:00,-1.1223965064541608
2025-07-09 23:00:00,6.806875292465081
2025-07-10 00:00:00,9.870590332208694
2025-07-10 01:00:00,14.171011802992316
2025-07-10 02:00:00,5.809288086327203
2025-07-10 03:00:00,10.062761785529357
2025-07-10 04:00:00,0.6045999915340785
2025-07-10 05:00:00,7.233538086632792
2025-07-10 06:00:00,48.270151413411725
2025-07-10 07:00:00,82.7780983524015
2025-07-10 08:00:00,97.64950426983664
2025-07-10 09:00:00,69.33499471995997
2025-07-10 10:00:00,160.57247144103073
2025-07-10 11:00:00,231.9905483743944
2025-07-10 12:00:00,548.0817888682748
2025-07-10 13:00:00,317.7644879782103
2025-07-10 14:00:00,345.46638767346536
2025-07-10 15:00:00,348.93247626301786
2025-07-10 16:00:00,337.6196674041351
2025-07-10 17:00:00,123.69314797262717
2025-07-10 18:00:00,48.49609536916874
2025-07-10 19:00:00,41.277620602021585
2025-07-10 20:00:00,37.79554042099259
2025-07-10 21:00:00,12.832383577013603
2025-07-10 22:00:00,4.767187071657706
2025-07-10 23:00:00,10.707162234681245
2025-07-11 00:00:00,15.208851125291192
2025-07-11 01:00:00,14.161676324072188
2025-07-11 02:00:00,1.943842968611048
2025-07-11 03:00:00,-17.97247174742252
2025-07-11 04:00:00,-31.21046159117405
2025-07-11 05:00:00,-31.68994243089838
2025-07-11 06:00:00,21.40950740819926
2025-07-11 07:00:00,37.62458325785861
2025-07-11 08:00:00,30.419798210624066
2025-07-11 09:00:00,-5.473461859990895
2025-07-11 10:00:00,54.41342639209864
2025-07-11 11:00:00,49.78878991115006
2025-07-11 12:00:00,151.3264045172069
2025-07-11 13:00:00,123.48075550862235
2025-07-11 14:00:00,190.99214836649742
2025-07-11 15:00:00,393.8296639099477
2025-07-11 16:00:00,306.08396446173504
2025-07-11 17:00:00,103.77624858945455
2025-07-11 18:00:00,64.5142882357397
2025-07-11 19:00:00,59.868325645771776
2025-07-11 20:00:00,67.38673988766047
2025-07-11 21:00:00,57.56551038555943
2025-07-11 22:00:00,52.59202793625803
2025-07-11 23:00:00,54.55016125702621
2025-07-12 00:00:00,60.640340292427496
2025-07-12 01:00:00,66.93424781172699
2025-07-12 02:00:00,48.104782146699115
2025-07-12 03:00:00,8.336366329463598
2025-07-12 04:00:00,-36.11134593941508
2025-07-12 05:00:00,-54.17003698209077
2025-07-12 06:00:00,-20.743949589688736
2025-07-12 07:00:00,1.8003789267270187
2025-07-12 08:00:00,71.28337945356537
2025-07-12 09:00:00,-4.353831795453755
2025-07-12 10:00:00,10.316597060880353
2025-07-12 11:00:00,43.34643104708332
2025-07-12 12:00:00,55.942825863698154
2025-07-12 13:00:00,33.813123216918385
2025-07-12 14:00:00,151.0259233140196
2025-07-12 15:00:00,451.8873994874549
2025-07-12 16:00:00,6286.690747218196
2025-07-12 17:00:00,1016.601618158244
2025-07-12 18:00:00,146.65140662679272
2025-07-12 19:00:00,133.60813752071115
2025-07-12 20:00:00,139.56075507822254
2025-07-12 21:00:00,134.52074627469437
2025-07-12 22:00:00,139.6594946250717
2025-07-12 23:00:00,154.7534684592676
2025-07-13 00:00:00,276.27053351827215
2025-07-13 01:00:00,203.03443608438238
2025-07-13 02:00:00,154.74347245656338
2025-07-13 03:00:00,164.39474386215932
2025-07-13 04:00:00,129.92335866932328
2025-07-13 05:00:00,100.91203842923674
2025-07-13 06:00:00,121.7825126956584
2025-07-13 07:00:00,174.10552328812716
2025-07-13 08:00:00,230.72833559818514
2025-07-13 09:00:00,305.2501938964757
2025-07-13 10:00:00,406.17803464012025
2025-07-13 11:00:00,338.00393315928545
2025-07-13 12:00:00,437.47447044351287
2025-07-13 13:00:00,471.2501494753435
2025-07-13 14:00:00,484.6566279741616
2025-07-13 15:00:00,903.0495907778156
2025-07-13 16:00:00,5726.6764986840635
2025-07-13 17:00:00,853.2258397063248
2025-07-13 18:00:00,394.8664071915806
2025-07-13 19:00:00,137.29516534616647
2025-07-13 20:00:00,98.65436301132674
2025-07-13 21:00:00,76.54692468649468
2025-07-13 22:00:00,44.27048844957165
2025-07-13 23:00:00,37.5690781674395
2025-07-14 00:00:00,148.92615534805986
2025-07-14 01:00:00,81.02766240776019
2025-07-14 02:00:00,42.72147782612795
2025-07-14 03:00:00,49.32656195591402
2025-07-14 04:00:00,10.235071755357218
2025-07-14 05:00:00,-18.74189101096979
2025-07-14 06:00:00,-0.0193987689389009
2025-07-14 07:00:00,38.965278109626226
2025-07-14 08:00:00,38.047969406944944
2025-07-14 09:00:00,221.47172580271214
2025-07-14 10:00:00,309.5795251142013
2025-07-14 11:00:00,261.9510082037281
2025-07-14 12:00:00,459.05692803451495
2025-07-14 13:00:00,446.4469166543114
2025-07-14 14:00:00,404.45113964488627
2025-07-14 15:00:00,624.0111662715304
2025-07-14 16:00:00,353.4271370823477
2025-07-14 17:00:00,697.5351325185721
2025-07-14 18:00:00,297.7922307012834
2025-07-14 19:00:00,119.26919953601855
2025-07-14 20:00:00,105.29600555429597
2025-07-14 21:00:00,86.94749548277008
2025-07-14 22:00:00,72.6957785128818
2025-07-14 23:00:00,58.54498707508477
2025-07-15 00:00:00,76.9866913889676
2025-07-15 01:00:00,142.78607021609855
2025-07-15 02:00:00,131.46760894379824
2025-07-15 03:00:00,46.879796505753006
2025-07-15 04:00:00,-11.639317043130196
2025-07-15 05:00:00,-32.38837207528349
2025-07-15 06:00:00,-33.135647422935904
2025-07-15 07:00:00,-29.97148797042615
2025-07-15 08:00:00,-26.951852083337492
2025-07-15 09:00:00,26.203786074737003
2025-07-15 10:00:00,27.787546092816033
2025-07-15 11:00:00,94.06333089471194
2025-07-15 12:00:00,177.3483396530833
2025-07-15 13:00:00,146.13933379351857
2025-07-15 14:00:00,205.04257388584983
2025-07-15 15:00:00,247.66903117446586
2025-07-15 16:00:00,209.84749679232795
2025-07-15 17:00:00,133.85251207803196
2025-07-15 18:00:00,112.45332524519682
2025-07-15 19:00:00,115.19958435243073
2025-07-15 20:00:00,69.08174741814182
2025-07-15 21:00:00,52.008117470392015
2025-07-15 22:00:00,49.16764497686631
2025-07-15 23:00:00,41.89342099641513
2025-07-16 00:00:00,61.87526341977818
2025-07-16 01:00:00,108.87621916865248
2025-07-16 02:00:00,101.47910416745678
2025-07-16 03:00:00,28.557511621832603
2025-07-16 04:00:00,-14.03510191898433
2025-07-16 05:00:00,-34.54659620590833
2025-07-16 06:00:00,-41.541133294029784
2025-07-16 07:00:00,-40.30641812646463
2025-07-16 08:00:00,-39.77804389904485
2025-07-16 09:00:00,-36.211065449933635
2025-07-16 10:00:00,-42.67525704768914
2025-07-16 11:00:00,-12.796365204250227
2025-07-16 12:00:00,6.883919948602167
2025-07-16 13:00:00,28.95501107258129
2025-07-16 14:00:00,102.3321676786697
2025-07-16 15:00:00,201.06213754180823
2025-07-16 16:00:00,161.85009561418954
2025-07-16 17:00:00,118.70350613218079
2025-07-16 18:00:00,84.42835670765933
2025-07-16 19:00:00,90.0815302963859
2025-07-16 20:00:00,52.58916996723414
2025-07-16 21:00:00,43.31237203248252
2025-07-16 22:00:00,39.89123777501932
2025-07-16 23:00:00,31.537994637950902
2025-07-17 00:00:00,33.22564223626956
2025-07-17 01:00:00,33.58637940543113
2025-07-17 02:00:00,26.743684997916066
2025-07-17 03:00:00,-11.874314255154752
2025-07-17 04:00:00,-52.9023072172076
2025-07-17 05:00:00,-74.1628613494507
2025-07-17 06:00:00,-59.726822639499396
2025-07-17 07:00:00,-47.05248856074243
2025-07-17 08:00:00,-10.002884441261726
2025-07-17 09:00:00,-11.331516014946867
2025-07-17 10:00:00,-18.120854351709664
2025-07-17 11:00:00,-5.550502047666361
2025-07-17 12:00:00,-3.222861558557212
2025-07-17 13:00:00,-0.8589051335797234
2025-07-17 14:00:00,54.66796001322848
2025-07-17 15:00:00,137.00087260721293
2025-07-17 16:00:00,136.80233981285267
2025-07-17 17:00:00,115.8265080635276
2025-07-17 18:00:00,81.1681501516517
2025-07-17 19:00:00,61.935697761102354
2025-07-17 20:00:00,55.00593985127774
2025-07-17 21:00:00,51.110969322129904
2025-07-17 22:00:00,42.18122927283256
2025-07-17 23:00:00,36.96009844714222
2025-07-18 00:00:00,29.2086869010417
2025-07-18 01:00:00,31.14510721548816
2025-07-18 02:00:00,26.180353729023118
2025-07-18 03:00:00,-14.284498148903534
2025-07-18 04:00:00,-47.12115424806678
2025-07-18 05:00:00,-59.384656952917446
2025-07-18 06:00:00,-34.90105924031409
2025-07-18 07:00:00,-22.12375074110683
2025-07-18 08:00:00,9.366257159707153
2025-07-18 09:00:00,14.176317863520731
2025-07-18 10:00:00,-11.019174438454053
2025-07-18 11:00:00,-22.220038370211647
2025-07-18 12:00:00,-19.295693473115595
2025-07-18 13:00:00,-12.240172617344998
2025-07-18 14:00:00,63.26201129974382
2025-07-18 15:00:00,151.17393121061136
2025-07-18 16:00:00,200.92271067932307
2025-07-18 17:00:00,143.91798446334008
2025-07-18 18:00:00,87.80080784818362
2025-07-18 19:00:00,57.70384029587255
2025-07-18 20:00:00,53.086179857371924
2025-07-18 21:00:00,43.211033400237994
2025-07-18 22:00:00,34.66321898646273
2025-07-18 23:00:00,32.55990265004332
2025-07-19 00:00:00,32.276041263994614
2025-07-19 01:00:00,49.42583395713076
2025-07-19 02:00:00,49.88973566077514
2025-07-19 03:00:00,16.004730761675816
2025-07-19 04:00:00,-4.104268306941178
2025-07-19 05:00:00,-16.55222332668568
2025-07-19 06:00:00,-11.877229115365639
2025-07-19 07:00:00,-11.559276389193624
2025-07-19 08:00:00,12.40757904146298
2025-07-19 09:00:00,17.27522025698172
2025-07-19 10:00:00,-14.706742464219934
2025-07-19 11:00:00,-8.119621007216542
2025-07-19 12:00:00,32.85795173036179
2025-07-19 13:00:00,69.98740747569467
2025-07-19 14:00:00,152.57598501753085
2025-07-19 15:00:00,187.24420145951663
2025-07-19 16:00:00,179.25844723470982
2025-07-19 17:00:00,121.25116056044376
2025-07-19 18:00:00,67.83515698361013
2025-07-19 19:00:00,57.40291210409782
2025-07-19 20:00:00,47.909509956215615
2025-07-19 21:00:00,36.13268066610972
2025-07-19 22:00:00,34.99236177768109
2025-07-19 23:00:00,33.75435278517984
2025-07-20 00:00:00,27.418907958164308
2025-07-20 01:00:00,40.529094669245545
2025-07-20 02:00:00,38.40510939216308
2025-07-20 03:00:00,4.310759499972299
2025-07-20 04:00:00,-41.70154792678564
2025-07-20 05:00:00,-69.23826008527504
2025-07-20 06:00:00,-58.338055486084855
2025-07-20 07:00:00,-36.89508558144508
2025-07-20 08:00:00,-0.9046196542189816
2025-07-20 09:00:00,-0.9484681673034222
2025-07-20 10:00:00,-8.036266213592898
2025-07-20 11:00:00,12.143568040400014
2025-07-20 12:00:00,40.3062034165008
2025-07-20 13:00:00,62.915413824816994
2025-07-20 14:00:00,114.03659210354316
2025-07-20 15:00:00,149.8769338054904
2025-07-20 16:00:00,109.28183431377192
2025-07-20 17:00:00,77.06127020091036
2025-07-20 18:00:00,51.81028231940154
2025-07-20 19:00:00,64.16989669792817
2025-07-20 20:00:00,53.303000130647746
2025-07-20 21:00:00,43.188495073521736
2025-07-20 22:00:00,40.450423134746046
2025-07-20 23:00:00,37.66940007146132
2025-07-21 00:00:00,33.932314462215
2025-07-21 01:00:00,30.048889812789856
2025-07-21 02:00:00,14.798888825359525
2025-07-21 03:00:00,-10.547622406176778
2025-07-21 04:00:00,-78.07736747926963
2025-07-21 05:00:00,-84.77934555000176
2025-07-21 06:00:00,-59.2183912338076
2025-07-21 07:00:00,-25.718300310449855
2025-07-21 08:00:00,-3.9071297958704334
2025-07-21 09:00:00,6.605738017122688
2025-07-21 10:00:00,-5.686893742892324
2025-07-21 11:00:00,10.629618843485362
2025-07-21 12:00:00,4.564069439229059
2025-07-21 13:00:00,3.8483275143896174
2025-07-21 14:00:00,54.0755219130137
2025-07-21 15:00:00,120.3592254321721
2025-07-21 16:00:00,99.17581732947691
2025-07-21 17:00:00,67.72099106128809
2025-07-21 18:00:00,55.8007265812797
2025-07-21 19:00:00,76.06231351179979
2025-07-21 20:00:00,66.46318819131764
2025-07-21 21:00:00,60.474192401269185
2025-07-21 22:00:00,53.098962453864495
2025-07-21 23:00:00,49.58845999868684
2025-07-22 00:00:00,45.978466768867115
2025-07-22 01:00:00,77.87112690308784
2025-07-22 02:00:00,56.58905132157337
2025-07-22 03:00:00,29.311167093023915
2025-07-22 04:00:00,-40.88911803092309
2025-07-22 05:00:00,-42.4175596424541
2025-07-22 06:00:00,-16.400528346066668
2025-07-22 07:00:00,-11.430994706006688
2025-07-22 08:00:00,9.122870473033755
2025-07-22 09:00:00,-3.5306146557052593
2025-07-22 10:00:00,-8.548827735719522
2025-07-22 11:00:00,-0.5917799055403049
2025-07-22 12:00:00,0.051420212208528236
2025-07-22 13:00:00,20.253981657817693
2025-07-22 14:00:00,177.0565634666394
2025-07-22 15:00:00,239.9089374140139
2025-07-22 16:00:00,200.3566026823191
2025-07-22 17:00:00,124.65069258388117
2025-07-22 18:00:00,78.09528262461154
2025-07-22 19:00:00,77.1855124852485
2025-07-22 20:00:00,69.56972524002424
2025-07-22 21:00:00,63.65239573794712
2025-07-22 22:00:00,52.79810145006735
2025-07-22 23:00:00,46.91593069853285
2025-07-23 00:00:00,45.72782277011625
2025-07-23 01:00:00,75.53587762735692
2025-07-23 02:00:00,54.938381989257046
2025-07-23 03:00:00,15.226633250988671
2025-07-23 04:00:00,-73.7293480446833
2025-07-23 05:00:00,-90.14636395880316
2025-07-23 06:00:00,-42.193574193316515
2025-07-23 07:00:00,-36.22673393995023
2025-07-23 08:00:00,-7.596297054885776
2025-07-23 09:00:00,-18.142777194247685
2025-07-23 10:00:00,-22.81226617803197
2025-07-23 11:00:00,-21.851588180457142
2025-07-23 12:00:00,-9.336292041542324
2025-07-23 13:00:00,26.132832460288668
2025-07-23 14:00:00,166.8345299553742
2025-07-23 15:00:00,237.82864105547867
2025-07-23 16:00:00,204.83862305001404
2025-07-23 17:00:00,192.79967856753754
2025-07-23 18:00:00,130.84554648459834
2025-07-23 19:00:00,83.06934734624514
2025-07-23 20:00:00,71.27091521386082
2025-07-23 21:00:00,62.95351316907326
2025-07-23 22:00:00,54.32425810694452
2025-07-23 23:00:00,53.33096041179788
2025-07-24 00:00:00,47.31503919126842
2025-07-24 01:00:00,66.27156642058297
2025-07-24 02:00:00,39.610870877673925
2025-07-24 03:00:00,-9.355761419578505
2025-07-24 04:00:00,-78.49312980984284
2025-07-24 05:00:00,-119.32636987527805
2025-07-24 06:00:00,-77.61521846827777
2025-07-24 07:00:00,-72.37533976282621
2025-07-24 08:00:00,-51.19700648668407
2025-07-24 09:00:00,-35.68890292847324
2025-07-24 10:00:00,-44.003775703471256
2025-07-24 11:00:00,-52.14801068519726
2025-07-24 12:00:00,-49.29784028012619
2025-07-24 13:00:00,-24.48712677786367
2025-07-24 14:00:00,50.0164188889157
2025-07-24 15:00:00,146.80561667592582
2025-07-24 16:00:00,120.82957325498339
2025-07-24 17:00:00,137.59749333071437
2025-07-24 18:00:00,96.52723511457383
2025-07-24 19:00:00,66.1231765775591
2025-07-24 20:00:00,55.164946965171076
2025-07-24 21:00:00,49.4933617363519
2025-07-24 22:00:00,51.60020636112502
2025-07-24 23:00:00,51.227985507473534
2025-07-25 00:00:00,45.57115197684315
2025-07-25 01:00:00,63.44896986631429
2025-07-25 02:00:00,38.18030117873693
2025-07-25 03:00:00,-7.195150053099176
2025-07-25 04:00:00,-61.275605934107155
2025-07-25 05:00:00,-96.86674186925039
2025-07-25 06:00:00,-61.32619097311728
2025-07-25 07:00:00,-47.84512586934038
2025-07-25 08:00:00,-28.548902032942685
2025-07-25 09:00:00,-31.11563018921483
2025-07-25 10:00:00,-26.54593005747126
2025-07-25 11:00:00,-45.504681765301605
2025-07-25 12:00:00,-45.34271855510903
2025-07-25 13:00:00,-37.52397961245629
2025-07-25 14:00:00,46.82038460438472
2025-07-25 15:00:00,137.94448652641364
2025-07-25 16:00:00,84.1783457129987
2025-07-25 17:00:00,63.74050499028533
2025-07-25 18:00:00,46.428499298838084
2025-07-25 19:00:00,55.343019732717515
2025-07-25 20:00:00,51.77349279781972
2025-07-25 21:00:00,59.749998800642956
2025-07-25 22:00:00,72.9906872016711
2025-07-25 23:00:00,57.73830072812568
2025-07-26 00:00:00,66.7439410527701
2025-07-26 01:00:00,68.90684700248272
2025-07-26 02:00:00,50.38309772066852
2025-07-26 03:00:00,-3.4616735071785554
2025-07-26 04:00:00,-41.23695339717936
2025-07-26 05:00:00,-49.9456729187371
2025-07-26 06:00:00,-25.924741831395252
2025-07-26 07:00:00,1.0577600641318112
2025-07-26 08:00:00,74.63739293604795
2025-07-26 09:00:00,37.95684123353493
2025-07-26 10:00:00,168.4668166669029
2025-07-26 11:00:00,70.63068417676233
2025-07-26 12:00:00,70.28519824023655
2025-07-26 13:00:00,129.18927472405096
2025-07-26 14:00:00,120.74896563102597
2025-07-26 15:00:00,167.7826232720789
2025-07-26 16:00:00,114.72235454718302
2025-07-26 17:00:00,109.27312761353316
2025-07-26 18:00:00,71.34426187061018
2025-07-26 19:00:00,74.63739780786527
2025-07-26 20:00:00,60.95398103715196
2025-07-26 21:00:00,54.6890973488017
2025-07-26 22:00:00,61.810034581296506
2025-07-26 23:00:00,41.66008717157864
2025-07-27 00:00:00,56.55659716849091
2025-07-27 01:00:00,64.28663757400011
2025-07-27 02:00:00,43.1969129969202
2025-07-27 03:00:00,2.7873203013815107
2025-07-27 04:00:00,-9.110537639026267
2025-07-27 05:00:00,-42.70587156709175
2025-07-27 06:00:00,-17.217562879465092
2025-07-27 07:00:00,16.033643700407218
2025-07-27 08:00:00,130.7798237359651
2025-07-27 09:00:00,167.09589067321588
2025-07-27 10:00:00,234.35988017464464
2025-07-27 11:00:00,125.38283284623334
2025-07-27 12:00:00,200.67976458820618
2025-07-27 13:00:00,155.1170538441823
2025-07-27 14:00:00,93.73847191003634
2025-07-27 15:00:00,118.37752255225806
2025-07-27 16:00:00,126.97293568592295
2025-07-27 17:00:00,128.1841496969131
2025-07-27 18:00:00,73.15890699700874
2025-07-27 19:00:00,74.52021344338584
2025-07-27 20:00:00,60.00360275679149
2025-07-27 21:00:00,36.65979637074556
2025-07-27 22:00:00,27.20774979189473
2025-07-27 23:00:00,19.530978673026638
2025-07-28 00:00:00,41.19068498967592
2025-07-28 01:00:00,47.6352219406571
2025-07-28 02:00:00,35.458430177555634
2025-07-28 03:00:00,-3.8415048519541473
2025-07-28 04:00:00,-35.78432419343009
2025-07-28 05:00:00,-103.85161574705226
2025-07-28 06:00:00,-62.40138255983564
2025-07-28 07:00:00,-31.372278188473274
2025-07-28 08:00:00,30.479740056420603
2025-07-28 09:00:00,82.51484393508021
2025-07-28 10:00:00,58.62295495881517
2025-07-28 11:00:00,53.582946364162815
2025-07-28 12:00:00,118.39233276881487
2025-07-28 13:00:00,20.089730060161347
2025-07-28 14:00:00,41.47628137710155
2025-07-28 15:00:00,92.13885073249541
2025-07-28 16:00:00,159.75637900034766
2025-07-28 17:00:00,138.4917526079545
2025-07-28 18:00:00,82.909612138529
2025-07-28 19:00:00,69.12108332056367
2025-07-28 20:00:00,62.498972737806184
2025-07-28 21:00:00,54.54852521401959
2025-07-28 22:00:00,33.47372270652164
2025-07-28 23:00:00,22.640660610225737
2025-07-29 00:00:00,31.470272075627403
2025-07-29 01:00:00,44.72440552399355
2025-07-29 02:00:00,37.1598043353013
2025-07-29 03:00:00,-17.512188091780008
2025-07-29 04:00:00,-59.43068489398507
2025-07-29 05:00:00,-101.31870953564132
2025-07-29 06:00:00,-81.92700788543496
2025-07-29 07:00:00,-55.29694180918364
2025-07-29 08:00:00,-49.649532009686
2025-07-29 09:00:00,-53.36034950566924
2025-07-29 10:00:00,-28.21547218066113
2025-07-29 11:00:00,-28.598786200027572
2025-07-29 12:00:00,-7.981720102136385
2025-07-29 13:00:00,-5.7420351138884005
2025-07-29 14:00:00,93.44067582650621
2025-07-29 15:00:00,276.8516222841201
2025-07-29 16:00:00,365.71066428849764
2025-07-29 17:00:00,202.37484604089596
2025-07-29 18:00:00,125.23257052815228
2025-07-29 19:00:00,83.15404693187674
2025-07-29 20:00:00,59.569502337571244
2025-07-29 21:00:00,56.998284708276955
2025-07-29 22:00:00,46.09021935979935
2025-07-29 23:00:00,45.62144244266935
2025-07-30 00:00:00,45.98138277959486
2025-07-30 01:00:00,52.48858492501945
2025-07-30 02:00:00,42.530658424392186
2025-07-30 03:00:00,-12.426705035291873
2025-07-30 04:00:00,-46.98713225415451
2025-07-30 05:00:00,-52.63419265032019
2025-07-30 06:00:00,-55.54025200901344
2025-07-30 07:00:00,-26.36620259295229
2025-07-30 08:00:00,-3.307579479735536
2025-07-30 09:00:00,-17.337734109008327
2025-07-30 10:00:00,-35.489884656040005
2025-07-30 11:00:00,-35.38340469798324
2025-07-30 12:00:00,-12.984205783710804
2025-07-30 13:00:00,-0.0026178786496890327
2025-07-30 14:00:00,288.6481155282824
2025-07-30 15:00:00,537.9601986816833
2025-07-30 16:00:00,485.40304882502153
2025-07-30 17:00:00,225.68349037802037
2025-07-30 18:00:00,126.66998128755463
2025-07-30 19:00:00,88.0476886382316
2025-07-30 20:00:00,49.919341683900726
2025-07-30 21:00:00,42.12001024817219
2025-07-30 22:00:00,40.19070821734979
2025-07-30 23:00:00,40.28196980800648
2025-07-31 00:00:00,36.596398591640515
2025-07-31 01:00:00,36.79121163378366
2025-07-31 02:00:00,37.93829861769985
2025-07-31 03:00:00,-3.9952088024929377
2025-07-31 04:00:00,-28.000205104820015
2025-07-31 05:00:00,-36.922479400016144
2025-07-31 06:00:00,-35.21653094660815
2025-07-31 07:00:00,-7.885677405363842
2025-07-31 08:00:00,41.521451658673755
2025-07-31 09:00:00,26.63528776573276
2025-07-31 10:00:00,2.3452832282235274
2025-07-31 11:00:00,-0.14650709911039672
2025-07-31 12:00:00,35.70374649102857
2025-07-31 13:00:00,45.75900058777024
2025-07-31 14:00:00,784.5002373289324
2025-07-31 15:00:00,1397.0891933180294
2025-07-31 16:00:00,748.7311468457559
2025-07-31 17:00:00,398.7824338158922
2025-07-31 18:00:00,185.09335184405344
2025-07-31 19:00:00,119.53007207249479
2025-07-31 20:00:00,79.03163836470891
2025-07-31 21:00:00,59.079364720512
2025-07-31 22:00:00,53.420281876226326
2025-07-31 23:00:00,53.76654644636158
2025-08-01 00:00:00,70.2851533107794
2025-08-01 01:00:00,87.39139457232203
2025-08-01 02:00:00,80.77430278075582
2025-08-01 03:00:00,19.427536250019074
2025-08-01 04:00:00,-5.0410684816173825
2025-08-01 05:00:00,-15.32914333570015
2025-08-01 06:00:00,-2.019382417567601
2025-08-01 07:00:00,51.69983772444937
2025-08-01 08:00:00,56.99545438290111
2025-08-01 09:00:00,18.584226559109755
2025-08-01 10:00:00,15.833626602257246
2025-08-01 11:00:00,27.60565431351634
2025-08-01 12:00:00,54.98378205948855
2025-08-01 13:00:00,59.201313743000334
2025-08-01 14:00:00,744.3838206734703
2025-08-01 15:00:00,1227.987608516029
2025-08-01 16:00:00,865.8737156369191
2025-08-01 17:00:00,669.7034286756011
2025-08-01 18:00:00,245.18064140274478
2025-08-01 19:00:00,142.74398283544602
2025-08-01 20:00:00,153.49586788292706
2025-08-01 21:00:00,136.63000998751562
2025-08-01 22:00:00,139.96893344849968
2025-08-01 23:00:00,134.7071852926741
2025-08-02 00:00:00,153.65885913980478
2025-08-02 01:00:00,150.89996440780226
2025-08-02 02:00:00,156.68435521598778
2025-08-02 03:00:00,78.8896441243854
2025-08-02 04:00:00,25.50725960810486
2025-08-02 05:00:00,8.177075883803786
2025-08-02 06:00:00,5.868520823630911
2025-08-02 07:00:00,46.61602750394825
2025-08-02 08:00:00,5.567318603644095
2025-08-02 09:00:00,-12.406538637369245
2025-08-02 10:00:00,-3.757893431165154
2025-08-02 11:00:00,52.65923136139244
2025-08-02 12:00:00,196.60290208760688
2025-08-02 13:00:00,100.49462152093776
2025-08-02 14:00:00,605.78378340976
2025-08-02 15:00:00,605.5984717609756
2025-08-02 16:00:00,726.4236757982889
2025-08-02 17:00:00,578.0832443388095
2025-08-02 18:00:00,191.83213974783143
2025-08-02 19:00:00,132.55159040310878
2025-08-02 20:00:00,164.08361337632576
2025-08-02 21:00:00,146.93531110974337
2025-08-02 22:00:00,135.37966885037653
2025-08-02 23:00:00,114.5883425620279
2025-08-03 00:00:00,121.09735585068941
2025-08-03 01:00:00,121.2241369510644
2025-08-03 02:00:00,186.55243995782732
2025-08-03 03:00:00,79.10765571852617
2025-08-03 04:00:00,27.447825457871115
2025-08-03 05:00:00,8.879242290855862
2025-08-03 06:00:00,-4.806163658507806
2025-08-03 07:00:00,1.771538487672095
2025-08-03 08:00:00,-24.104287085028307
2025-08-03 09:00:00,-34.34711736408817
2025-08-03 10:00:00,-17.85199018826463
2025-08-03 11:00:00,87.14695597820663
2025-08-03 12:00:00,208.97373607117183
2025-08-03 13:00:00,104.16647164695785
2025-08-03 14:00:00,418.7264166591244
2025-08-03 15:00:00,332.68800690901594
2025-08-03 16:00:00,304.49245655676197
2025-08-03 17:00:00,223.76144840020316
2025-08-03 18:00:00,100.37079282656892
2025-08-03 19:00:00,77.51649526382054
2025-08-03 20:00:00,81.60444724608358
2025-08-03 21:00:00,69.55197391647901
2025-08-03 22:00:00,53.882474058903576
2025-08-03 23:00:00,45.068451139888445
2025-08-04 00:00:00,45.947670591889406
2025-08-04 01:00:00,63.85526049239727
2025-08-04 02:00:00,91.74085080805182
2025-08-04 03:00:00,0.24644418486492145
2025-08-04 04:00:00,-17.59987780992433
2025-08-04 05:00:00,-25.763055679620994
2025-08-04 06:00:00,-37.17289241951335
2025-08-04 07:00:00,-43.51574450127459
2025-08-04 08:00:00,-47.74783113452883
2025-08-04 09:00:00,-50.61989738892538
2025-08-04 10:00:00,-10.671467375527026
2025-08-04 11:00:00,58.44779985940539
2025-08-04 12:00:00,38.6346384859632
2025-08-04 13:00:00,70.86991326017234
2025-08-04 14:00:00,178.51188563301304
2025-08-04 15:00:00,338.82418497567284
2025-08-04 16:00:00,323.62670343471206
2025-08-04 17:00:00,137.47573107613005
2025-08-04 18:00:00,85.45246186570174
2025-08-04 19:00:00,72.93185239002736
2025-08-04 20:00:00,70.18830119496552
2025-08-04 21:00:00,69.13891731847062
2025-08-04 22:00:00,69.22713568246171
2025-08-04 23:00:00,64.26966476399396
2025-08-05 00:00:00,49.71985423948139
2025-08-05 01:00:00,59.614300492526915
2025-08-05 02:00:00,38.928637407310156
2025-08-05 03:00:00,6.246350049132453
2025-08-05 04:00:00,-13.71280381749288
2025-08-05 05:00:00,-21.37387684804602
2025-08-05 06:00:00,-38.43578220396036
2025-08-05 07:00:00,-55.90879097750928
2025-08-05 08:00:00,-68.12857304673881
2025-08-05 09:00:00,-80.47678491406474
2025-08-05 10:00:00,-38.70478201396724
2025-08-05 11:00:00,-27.563745582327723
2025-08-05 12:00:00,-18.564847483320044
2025-08-05 13:00:00,25.862321155811042
2025-08-05 14:00:00,142.75052610771198
2025-08-05 15:00:00,269.07630831024886
2025-08-05 16:00:00,233.0833995037658
2025-08-05 17:00:00,62.04351916829032
2025-08-05 18:00:00,42.61050882717141
2025-08-05 19:00:00,42.57329068494465
2025-08-05 20:00:00,41.80291394897871
2025-08-05 21:00:00,37.518587319078996
2025-08-05 22:00:00,36.19611396689963
2025-08-05 23:00:00,28.700383526719637
2025-08-06 00:00:00,25.131054814966358
2025-08-06 01:00:00,29.78001238904536
2025-08-06 02:00:00,21.913441922687024
2025-08-06 03:00:00,-10.957637736069671
2025-08-06 04:00:00,-27.6481870111892
2025-08-06 05:00:00,-36.41025504753559
2025-08-06 06:00:00,-46.40967519373442
2025-08-06 07:00:00,-40.19390704382252
2025-08-06 08:00:00,-45.03779360856932
2025-08-06 09:00:00,-53.50524735824497
2025-08-06 10:00:00,-40.28778955712682
2025-08-06 11:00:00,-36.430720923074645
2025-08-06 12:00:00,-25.20624877982288
2025-08-06 13:00:00,8.741044681850031
2025-08-06 14:00:00,84.41835623631835
2025-08-06 15:00:00,121.54209054075064
2025-08-06 16:00:00,97.40492106079604
2025-08-06 17:00:00,53.31833844382743
2025-08-06 18:00:00,47.005069743650424
2025-08-06 19:00:00,49.05062487894276
2025-08-06 20:00:00,48.52456096469466
2025-08-06 21:00:00,40.73836129053581
2025-08-06 22:00:00,29.167566885315164
2025-08-06 23:00:00,19.554278726758465
2025-08-07 00:00:00,25.02641061555439
2025-08-07 01:00:00,32.633151167385975
2025-08-07 02:00:00,26.52315349992763
2025-08-07 03:00:00,-23.731106402184228
2025-08-07 04:00:00,-41.70655708052214
2025-08-07 05:00:00,-62.850037789014216
2025-08-07 06:00:00,-57.496654626624895
2025-08-07 07:00:00,-33.28737333855107
2025-08-07 08:00:00,-41.12271885106509
2025-08-07 09:00:00,-36.566992505069514
2025-08-07 10:00:00,-30.963809807933153
2025-08-07 11:00:00,-28.654139947669083
2025-08-07 12:00:00,-35.807055354790876
2025-08-07 13:00:00,-13.408425735321876
2025-08-07 14:00:00,100.22862023498747
2025-08-07 15:00:00,307.32531841472525
2025-08-07 16:00:00,425.00667184769844
2025-08-07 17:00:00,125.48465257814038
2025-08-07 18:00:00,63.153311356828794
2025-08-07 19:00:00,63.43564084479929
2025-08-07 20:00:00,48.553404765995985
2025-08-07 21:00:00,39.799549208341126
2025-08-07 22:00:00,26.611902028978225
2025-08-07 23:00:00,22.464741027874208
2025-08-08 00:00:00,29.005091845695624
2025-08-08 01:00:00,41.23216762878368
2025-08-08 02:00:00,45.31691680129415
2025-08-08 03:00:00,-10.127594911275745
2025-08-08 04:00:00,-28.631734586687504
2025-08-08 05:00:00,-41.64499063365052
2025-08-08 06:00:00,-22.053124044352792
2025-08-08 07:00:00,-0.8951774930780296
2025-08-08 08:00:00,-36.17840666252915
2025-08-08 09:00:00,-43.532728090294476
2025-08-08 10:00:00,-38.17823843179638
2025-08-08 11:00:00,-30.631185636290905
2025-08-08 12:00:00,-30.675270247450737
2025-08-08 13:00:00,-5.929083343611089
2025-08-08 14:00:00,127.78340186767396
2025-08-08 15:00:00,520.9051513638894
2025-08-08 16:00:00,495.4940251169836
2025-08-08 17:00:00,126.59996809823382
2025-08-08 18:00:00,86.68478301926415
2025-08-08 19:00:00,64.82948142921133
2025-08-08 20:00:00,44.7438596337888
2025-08-08 21:00:00,35.14837999874572
2025-08-08 22:00:00,25.471864558884704
2025-08-08 23:00:00,23.443270319266237
2025-08-09 00:00:00,33.3433989136657
2025-08-09 01:00:00,46.29784572383531
2025-08-09 02:00:00,50.46026833937272
2025-08-09 03:00:00,-2.778317670207612
2025-08-09 04:00:00,-23.83687834555
2025-08-09 05:00:00,-24.43174773366778
2025-08-09 06:00:00,-16.884297579712978
2025-08-09 07:00:00,-11.64403387819045
2025-08-09 08:00:00,-35.13046288064877
2025-08-09 09:00:00,-44.330399330143386
2025-08-09 10:00:00,-43.22990023519015
2025-08-09 11:00:00,-33.50816820309144
2025-08-09 12:00:00,-28.94749305882345
2025-08-09 13:00:00,-0.8582352540754475
2025-08-09 14:00:00,100.65019763095736
2025-08-09 15:00:00,411.425683602032
2025-08-09 16:00:00,202.8499015162395
2025-08-09 17:00:00,94.73284006984287
2025-08-09 18:00:00,73.31966377660855
2025-08-09 19:00:00,52.475782219397026
2025-08-09 20:00:00,50.44331415854973
2025-08-09 21:00:00,44.22792017856345
2025-08-09 22:00:00,34.50656435827777
2025-08-09 23:00:00,20.558068685292742
2025-08-10 00:00:00,21.77614270523683
2025-08-10 01:00:00,35.283852689236035
2025-08-10 02:00:00,38.3846049860491
2025-08-10 03:00:00,-12.868039749966526
2025-08-10 04:00:00,-40.52417545187091
2025-08-10 05:00:00,-73.0606932705941
2025-08-10 06:00:00,-61.358027633181784
2025-08-10 07:00:00,-58.1535637538632
2025-08-10 08:00:00,-57.352063393047246
2025-08-10 09:00:00,-55.46406699275623
2025-08-10 10:00:00,-63.554583348694585
2025-08-10 11:00:00,-54.885975872302225
2025-08-10 12:00:00,-50.79696431118635
2025-08-10 13:00:00,-15.698195141280753
2025-08-10 14:00:00,70.5128501204061
2025-08-10 15:00:00,161.5152565861063
2025-08-10 16:00:00,85.4192461213289
2025-08-10 17:00:00,53.31336309272902
2025-08-10 18:00:00,43.404113983409395
2025-08-10 19:00:00,45.429733518996194
2025-08-10 20:00:00,47.02238848382967
2025-08-10 21:00:00,41.57239591143379
2025-08-10 22:00:00,32.87135376542819
2025-08-10 23:00:00,22.979755657782878
2025-08-11 00:00:00,31.427160331378722
2025-08-11 01:00:00,44.1035957813913
2025-08-11 02:00:00,49.80546813919167
2025-08-11 03:00:00,-5.781016595498382
2025-08-11 04:00:00,-32.237234581021966
2025-08-11 05:00:00,-61.911536424354665
2025-08-11 06:00:00,-20.664516146542102
2025-08-11 07:00:00,-19.082682648486017
2025-08-11 08:00:00,-40.62839901547667
2025-08-11 09:00:00,-26.177359985368902
2025-08-11 10:00:00,11.570448049628727
2025-08-11 11:00:00,51.779735932570134
2025-08-11 12:00:00,-24.09280534904127
2025-08-11 13:00:00,-8.640147061713158
2025-08-11 14:00:00,72.59549234208863
2025-08-11 15:00:00,92.88109849824642
2025-08-11 16:00:00,95.58853476764067
2025-08-11 17:00:00,48.16416489584811
2025-08-11 18:00:00,62.411186126252396
2025-08-11 19:00:00,74.0870813647724
2025-08-11 20:00:00,92.26175782408755
2025-08-11 21:00:00,107.62484005539454
2025-08-11 22:00:00,70.57141072985662
2025-08-11 23:00:00,58.654730980531994
2025-08-12 00:00:00,54.41029904393988
2025-08-12 01:00:00,57.31997382687265
2025-08-12 02:00:00,58.247289075124684
2025-08-12 03:00:00,-1.3675839132457976
2025-08-12 04:00:00,-21.064183126506805
2025-08-12 05:00:00,-20.070673890299766
2025-08-12 06:00:00,15.556061832458271
2025-08-12 07:00:00,57.90785751999802
2025-08-12 08:00:00,-6.320825632865893
2025-08-12 09:00:00,-6.071580256890888
2025-08-12 10:00:00,26.93915214776235
2025-08-12 11:00:00,65.32903366996194
2025-08-12 12:00:00,-13.285126995347843
2025-08-12 13:00:00,-2.20131049211941
2025-08-12 14:00:00,188.3843595217167
2025-08-12 15:00:00,277.4687370322949
2025-08-12 16:00:00,343.40159604564144
2025-08-12 17:00:00,329.6424486855055
2025-08-12 18:00:00,191.87570203634058
2025-08-12 19:00:00,104.49463611819563
2025-08-12 20:00:00,94.55526788356666
2025-08-12 21:00:00,96.6820591096256
2025-08-12 22:00:00,65.49873568899524
2025-08-12 23:00:00,53.96545843977314
2025-08-13 00:00:00,67.28488305083569
2025-08-13 01:00:00,96.30845747305494
2025-08-13 02:00:00,108.06587892928339
2025-08-13 03:00:00,20.836042813593334
2025-08-13 04:00:00,-4.38841257728751
2025-08-13 05:00:00,-9.151068925221042
2025-08-13 06:00:00,-0.7220589546947181
2025-08-13 07:00:00,35.02558207626842
2025-08-13 08:00:00,5.63534406182231
2025-08-13 09:00:00,14.64928414118742
2025-08-13 10:00:00,-9.895774273450117
2025-08-13 11:00:00,12.664359262341476
2025-08-13 12:00:00,22.399828280660927
2025-08-13 13:00:00,173.64895691343676
2025-08-13 14:00:00,394.7451935373682
2025-08-13 15:00:00,395.9459068674731
2025-08-13 16:00:00,375.7809932987088
2025-08-13 17:00:00,331.729441231152
2025-08-13 18:00:00,167.55222512904757
2025-08-13 19:00:00,106.59404401468925
2025-08-13 20:00:00,81.90848341360036
2025-08-13 21:00:00,68.55533387231895
2025-08-13 22:00:00,61.34187701974016
2025-08-13 23:00:00,62.02642913245478
2025-08-14 00:00:00,81.28612029288468
2025-08-14 01:00:00,147.68843115944262
2025-08-14 02:00:00,151.53979837812577
2025-08-14 03:00:00,29.001075696455548
2025-08-14 04:00:00,-4.155772862282688
2025-08-14 05:00:00,-5.88939112218329
2025-08-14 06:00:00,-15.244670162146281
2025-08-14 07:00:00,12.509841183503601
2025-08-14 08:00:00,21.359924045214658
2025-08-14 09:00:00,15.042124458831521
2025-08-14 10:00:00,28.574018202517944
2025-08-14 11:00:00,91.54068333640927
2025-08-14 12:00:00,60.25610557654846
2025-08-14 13:00:00,206.809514717478
2025-08-14 14:00:00,377.00553410770283
2025-08-14 15:00:00,349.60529298153807
2025-08-14 16:00:00,271.02982783552795
2025-08-14 17:00:00,130.63685227221004
2025-08-14 18:00:00,94.90917770813978
2025-08-14 19:00:00,95.22348218984024
2025-08-14 20:00:00,73.97105930656043
2025-08-14 21:00:00,72.38246240305268
2025-08-14 22:00:00,63.55275352230672
2025-08-14 23:00:00,67.56175503483128
2025-08-15 00:00:00,69.14630297918589
2025-08-15 01:00:00,123.91888262593997
2025-08-15 02:00:00,110.89491654264806
2025-08-15 03:00:00,21.253730290236174
2025-08-15 04:00:00,-7.296581151153335
2025-08-15 05:00:00,-8.179088760111505
2025-08-15 06:00:00,-8.551577450973275
2025-08-15 07:00:00,48.47857179723945
2025-08-15 08:00:00,63.39356697389215
2025-08-15 09:00:00,30.384238418960337
2025-08-15 10:00:00,45.646149368848214
2025-08-15 11:00:00,94.04726776125007
2025-08-15 12:00:00,38.34782303987189
2025-08-15 13:00:00,70.95515747436436
2025-08-15 14:00:00,265.3065907261675
2025-08-15 15:00:00,384.66086684213957
2025-08-15 16:00:00,374.4513242758674
2025-08-15 17:00:00,116.0454462536174
2025-08-15 18:00:00,77.17173165922226
2025-08-15 19:00:00,76.89603039210206
2025-08-15 20:00:00,62.25205497214889
2025-08-15 21:00:00,58.31636412758918
2025-08-15 22:00:00,55.661544008010324
2025-08-15 23:00:00,50.31706483553633
2025-08-16 00:00:00,56.78982282908231
2025-08-16 01:00:00,110.33206111272928
2025-08-16 02:00:00,108.49951465789066
2025-08-16 03:00:00,23.583021136133883
2025-08-16 04:00:00,-21.131848660171812
2025-08-16 05:00:00,-35.70410994351176
2025-08-16 06:00:00,-22.089785143847177
2025-08-16 07:00:00,-0.3340588576870697
2025-08-16 08:00:00,19.88907584502092
2025-08-16 09:00:00,13.525041339551802
2025-08-16 10:00:00,-4.839145443393627
2025-08-16 11:00:00,11.784028767597121
2025-08-16 12:00:00,5.744899969118135
2025-08-16 13:00:00,45.29380593128299
2025-08-16 14:00:00,193.0516411158133
2025-08-16 15:00:00,355.70235047605433
2025-08-16 16:00:00,381.7176345376459
2025-08-16 17:00:00,173.2822750510242
2025-08-16 18:00:00,76.51674313686814
2025-08-16 19:00:00,48.55822754615797
2025-08-16 20:00:00,39.366219336414765
2025-08-16 21:00:00,35.58599607560608
2025-08-16 22:00:00,35.523823307606996
2025-08-16 23:00:00,34.23540921693234
2025-08-17 00:00:00,38.37820089387491
2025-08-17 01:00:00,77.17989961421961
2025-08-17 02:00:00,84.34833310367908
2025-08-17 03:00:00,13.62491700771316
2025-08-17 04:00:00,-22.608527952787966
2025-08-17 05:00:00,-36.741148452516065
2025-08-17 06:00:00,-20.83571304417959
2025-08-17 07:00:00,-17.567780482773355
2025-08-17 08:00:00,12.458220140680842
2025-08-17 09:00:00,12.644345618218582
2025-08-17 10:00:00,56.02080778356081
2025-08-17 11:00:00,54.72983541436957
2025-08-17 12:00:00,74.00266141723507
2025-08-17 13:00:00,55.462781605816595
2025-08-17 14:00:00,187.45157399967843
2025-08-17 15:00:00,333.00860249082217
2025-08-17 16:00:00,446.28162063509
2025-08-17 17:00:00,225.0903281972603
2025-08-17 18:00:00,96.70068608033226
2025-08-17 19:00:00,64.71337493083927
2025-08-17 20:00:00,65.09741276775789
2025-08-17 21:00:00,52.06587621392467
2025-08-17 22:00:00,39.52288516789011
2025-08-17 23:00:00,28.733087385118218
2025-08-18 00:00:00,31.854221165118584
2025-08-18 01:00:00,31.553282553931655
2025-08-18 02:00:00,31.151386387368316
2025-08-18 03:00:00,-1.341246939524651
2025-08-18 04:00:00,-29.860829939471806
2025-08-18 05:00:00,-47.33798360512779
2025-08-18 06:00:00,-58.43191307044032
2025-08-18 07:00:00,-19.00361870589743
2025-08-18 08:00:00,38.96047323258032
2025-08-18 09:00:00,17.43417131825279
2025-08-18 10:00:00,55.97999003796749
2025-08-18 11:00:00,45.19748465424671
2025-08-18 12:00:00,88.56686873700218
2025-08-18 13:00:00,59.282134420948395
2025-08-18 14:00:00,299.30412331326033
2025-08-18 15:00:00,371.99016380422256
2025-08-18 16:00:00,565.1731606746542
2025-08-18 17:00:00,311.4910375532981
2025-08-18 18:00:00,148.24635471198562
2025-08-18 19:00:00,107.21355433695001
2025-08-18 20:00:00,99.42337049972696
2025-08-18 21:00:00,75.73593801751952
2025-08-18 22:00:00,66.47581034757827
2025-08-18 23:00:00,52.7487812693612
2025-08-19 00:00:00,53.40565664486061
2025-08-19 01:00:00,62.816166368293565
2025-08-19 02:00:00,87.13069923829988
2025-08-19 03:00:00,11.711391577350062
2025-08-19 04:00:00,-29.89076222522661
2025-08-19 05:00:00,-51.61721065983406
2025-08-19 06:00:00,-63.86868258720622
2025-08-19 07:00:00,-4.040694424364957
2025-08-19 08:00:00,6.420417038942967
2025-08-19 09:00:00,-34.10510798233263
2025-08-19 10:00:00,-36.7922486454364
2025-08-19 11:00:00,-34.8563857211721
2025-08-19 12:00:00,-1.9643675067116375
2025-08-19 13:00:00,28.621688190798157
2025-08-19 14:00:00,410.37119650920795
2025-08-19 15:00:00,419.21158910348674
2025-08-19 16:00:00,617.7896881098552
2025-08-19 17:00:00,388.6699634895907
2025-08-19 18:00:00,274.04770464094395
2025-08-19 19:00:00,162.9124848225854
2025-08-19 20:00:00,127.75662411882318
2025-08-19 21:00:00,120.49698537285349
2025-08-19 22:00:00,118.71229353848007
2025-08-19 23:00:00,100.474762686179
2025-08-20 00:00:00,95.16128121504708
2025-08-20 01:00:00,213.4173575542458
2025-08-20 02:00:00,229.7376021637063
2025-08-20 03:00:00,55.56358213505206
2025-08-20 04:00:00,11.738563709537901
2025-08-20 05:00:00,25.856986568718398
2025-08-20 06:00:00,41.449853121409305
2025-08-20 07:00:00,83.82577890337495
2025-08-20 08:00:00,164.85264109664317
2025-08-20 09:00:00,62.61584502898764
2025-08-20 10:00:00,151.11890877460797
2025-08-20 11:00:00,215.09812819511234
2025-08-20 12:00:00,264.2993317181269
2025-08-20 13:00:00,54.964253128997036
2025-08-20 14:00:00,439.06185711972006
2025-08-20 15:00:00,485.5066912666495
2025-08-20 16:00:00,499.81080816163126
2025-08-20 17:00:00,427.51627211818726
2025-08-20 18:00:00,319.3240531422727
2025-08-20 19:00:00,143.13977907037474
2025-08-20 20:00:00,118.27615460498485
2025-08-20 21:00:00,107.90022850905302
2025-08-20 22:00:00,95.63763809837843
2025-08-20 23:00:00,74.74791192612486
2025-08-21 00:00:00,57.02356102291576
2025-08-21 01:00:00,155.98484962197847
2025-08-21 02:00:00,138.80184605116298
2025-08-21 03:00:00,17.70111132440067
2025-08-21 04:00:00,-11.585252326549481
2025-08-21 05:00:00,0.4993453907340207
2025-08-21 06:00:00,-13.947612074248967
2025-08-21 07:00:00,17.229943670367255
2025-08-21 08:00:00,103.75958016254172
2025-08-21 09:00:00,42.31592043705316
2025-08-21 10:00:00,153.4509045189171
2025-08-21 11:00:00,243.92628698172106
2025-08-21 12:00:00,346.51338169923264
2025-08-21 13:00:00,95.41005019075068
2025-08-21 14:00:00,435.0170407064635
2025-08-21 15:00:00,644.7363596360275
2025-08-21 16:00:00,1298.6340326191287
2025-08-21 17:00:00,679.3240849079845
2025-08-21 18:00:00,339.6457720493422
2025-08-21 19:00:00,157.89253909268177
2025-08-21 20:00:00,141.90434226576116
2025-08-21 21:00:00,113.21811115447913
2025-08-21 22:00:00,96.20265386734698
2025-08-21 23:00:00,80.26685752408191
2025-08-22 00:00:00,75.74963408613073
2025-08-22 01:00:00,89.70551967182288
2025-08-22 02:00:00,125.54010802039782
2025-08-22 03:00:00,20.246472709307415
2025-08-22 04:00:00,-24.893252960247207
2025-08-22 05:00:00,-41.25957818998673
2025-08-22 06:00:00,-55.75715834644261
2025-08-22 07:00:00,16.753209324827697
2025-08-22 08:00:00,25.00796116866903
2025-08-22 09:00:00,19.787517260425975
2025-08-22 10:00:00,44.170209363708615
2025-08-22 11:00:00,98.13074447118969
2025-08-22 12:00:00,130.2280328746388
2025-08-22 13:00:00,91.52772050894905
2025-08-22 14:00:00,360.7489154699836
2025-08-22 15:00:00,517.8862764324252
2025-08-22 16:00:00,1042.754144067976
2025-08-22 17:00:00,346.5106420760058
2025-08-22 18:00:00,216.33526028797124
2025-08-22 19:00:00,109.50443727814698
2025-08-22 20:00:00,106.09329963247528
2025-08-22 21:00:00,84.87119797560815
2025-08-22 22:00:00,70.46837116067097
2025-08-22 23:00:00,64.12132410377335
2025-08-23 00:00:00,87.56305661560509
2025-08-23 01:00:00,97.71741009656364
2025-08-23 02:00:00,175.6443664835224
2025-08-23 03:00:00,19.57079651283634
2025-08-23 04:00:00,-28.58640984953118
2025-08-23 05:00:00,-35.14027713402811
2025-08-23 06:00:00,-23.138852999243568
2025-08-23 07:00:00,31.344702585686317
2025-08-23 08:00:00,43.196604989121354
2025-08-23 09:00:00,65.38503121785791
2025-08-23 10:00:00,39.99765316042892
2025-08-23 11:00:00,45.66948360607997
2025-08-23 12:00:00,36.77744818418231
2025-08-23 13:00:00,69.76138866792819
2025-08-23 14:00:00,276.04093757202486
2025-08-23 15:00:00,378.6365007152241
2025-08-23 16:00:00,188.41411611221488
2025-08-23 17:00:00,123.3186928517948
2025-08-23 18:00:00,96.42782144993261
2025-08-23 19:00:00,76.45534639204995
2025-08-23 20:00:00,72.64778537504597
2025-08-23 21:00:00,64.36666382539175
2025-08-23 22:00:00,57.71793245099464
2025-08-23 23:00:00,57.42510785268215
2025-08-24 00:00:00,63.38262015322764
2025-08-24 01:00:00,58.482933194046
2025-08-24 02:00:00,92.92472718488602
2025-08-24 03:00:00,8.189730092511263
2025-08-24 04:00:00,-39.96012747242454
2025-08-24 05:00:00,-44.62986647443467
2025-08-24 06:00:00,-31.54527973791981
2025-08-24 07:00:00,-24.09201072650793
2025-08-24 08:00:00,-22.03104780301953
2025-08-24 09:00:00,2.6724145024335493
2025-08-24 10:00:00,-24.817278131511458
2025-08-24 11:00:00,-21.332545879533573
2025-08-24 12:00:00,2.4171400977321023
2025-08-24 13:00:00,35.65007235254904
2025-08-24 14:00:00,246.74290390736337
2025-08-24 15:00:00,604.9032926920485
2025-08-24 16:00:00,410.8487646976673
2025-08-24 17:00:00,218.62369663439247
2025-08-24 18:00:00,134.2177393322628
2025-08-24 19:00:00,133.47202291785703
2025-08-24 20:00:00,89.53154187661582
2025-08-24 21:00:00,69.67084302352916
2025-08-24 22:00:00,69.77852928916585
2025-08-24 23:00:00,62.30529813377545
2025-08-25 00:00:00,60.85908777697891
2025-08-25 01:00:00,58.95208661993912
2025-08-25 02:00:00,45.60006130170854
2025-08-25 03:00:00,7.600735667881135
2025-08-25 04:00:00,-37.419083130549055
2025-08-25 05:00:00,-43.15582602208347
2025-08-25 06:00:00,-40.15809214747487
2025-08-25 07:00:00,-15.002055274669996
2025-08-25 08:00:00,3.414332028773932
2025-08-25 09:00:00,29.418232973257542
2025-08-25 10:00:00,23.836882484539263
2025-08-25 11:00:00,56.6689924139312
2025-08-25 12:00:00,73.53545871438378
2025-08-25 13:00:00,97.75539747252763
2025-08-25 14:00:00,589.3317873731324
2025-08-25 15:00:00,708.1296782518524
2025-08-25 16:00:00,856.4127255513021
2025-08-25 17:00:00,323.85146688335425
2025-08-25 18:00:00,148.50225247498057
2025-08-25 19:00:00,134.61148718119512
2025-08-25 20:00:00,96.91270955118408
2025-08-25 21:00:00,81.35103498796784
2025-08-25 22:00:00,77.48201906459609
2025-08-25 23:00:00,68.33365892508496
2025-08-26 00:00:00,61.19540683918338
2025-08-26 01:00:00,59.18747233708005
2025-08-26 02:00:00,52.08457252561619
2025-08-26 03:00:00,15.319007333527212
2025-08-26 04:00:00,-19.486287072016705
2025-08-26 05:00:00,-27.375463597529922
2025-08-26 06:00:00,-51.53433981826722
2025-08-26 07:00:00,-4.605160793929821
2025-08-26 08:00:00,35.461443511455556
2025-08-26 09:00:00,62.29417139051321
2025-08-26 10:00:00,40.51173314504645
2025-08-26 11:00:00,58.418216284306595
2025-08-26 12:00:00,112.8730986963547
2025-08-26 13:00:00,130.367393425295
2025-08-26 14:00:00,584.5456333830871
2025-08-26 15:00:00,472.2327724731269
2025-08-26 16:00:00,578.2287502665847
2025-08-26 17:00:00,168.2710377235216
2025-08-26 18:00:00,102.36043666211872
2025-08-26 19:00:00,79.61736002538927
2025-08-26 20:00:00,74.76086695273008
2025-08-26 21:00:00,72.04632171530147
2025-08-26 22:00:00,60.156659373406626
2025-08-26 23:00:00,56.84904489171068
