timestamp,price_q55
2025-01-03 00:00:00,18.61080533313282
2025-01-03 01:00:00,18.529152651739686
2025-01-03 02:00:00,18.121439242207423
2025-01-03 03:00:00,14.737321522839288
2025-01-03 04:00:00,15.157129889637933
2025-01-03 05:00:00,15.805610356414995
2025-01-03 06:00:00,16.11527496491929
2025-01-03 07:00:00,16.949486522951773
2025-01-03 08:00:00,16.65631026531014
2025-01-03 09:00:00,14.453222258011726
2025-01-03 10:00:00,15.950293558597956
2025-01-03 11:00:00,21.240432242448293
2025-01-03 12:00:00,28.35004526604142
2025-01-03 13:00:00,30.416277967166486
2025-01-03 14:00:00,25.31802595397278
2025-01-03 15:00:00,20.642554519243365
2025-01-03 16:00:00,19.606988106670148
2025-01-03 17:00:00,21.4912634491388
2025-01-03 18:00:00,20.70237088373511
2025-01-03 19:00:00,19.53486502771218
2025-01-03 20:00:00,19.35754437809775
2025-01-03 21:00:00,18.767058927674096
2025-01-03 22:00:00,19.123530503113837
2025-01-03 23:00:00,19.20916714182026
2025-01-04 00:00:00,19.18334685643933
2025-01-04 01:00:00,18.473707376046445
2025-01-04 02:00:00,19.820721758855015
2025-01-04 03:00:00,16.530667890950507
2025-01-04 04:00:00,16.574431908155393
2025-01-04 05:00:00,17.066707820834743
2025-01-04 06:00:00,16.788353399204354
2025-01-04 07:00:00,15.315181574921676
2025-01-04 08:00:00,14.267453170859987
2025-01-04 09:00:00,11.675795574151548
2025-01-04 10:00:00,12.866032103424075
2025-01-04 11:00:00,18.652311356318503
2025-01-04 12:00:00,21.636935095218085
2025-01-04 13:00:00,19.8363652234613
2025-01-04 14:00:00,16.83738821095545
2025-01-04 15:00:00,14.233849769618931
2025-01-04 16:00:00,15.744568118498997
2025-01-04 17:00:00,18.8466478456995
2025-01-04 18:00:00,18.005443628196478
2025-01-04 19:00:00,16.11268707383261
2025-01-04 20:00:00,15.349006032891324
2025-01-04 21:00:00,15.122350390504884
2025-01-04 22:00:00,14.936601180718014
2025-01-04 23:00:00,15.306285566342048
2025-01-05 00:00:00,15.410508357509277
2025-01-05 01:00:00,14.745589892349114
2025-01-05 02:00:00,14.613985532505975
2025-01-05 03:00:00,11.842581760860744
2025-01-05 04:00:00,8.692249594430244
2025-01-05 05:00:00,6.956994519847681
2025-01-05 06:00:00,5.559440154354001
2025-01-05 07:00:00,4.938764122093479
2025-01-05 08:00:00,2.014439815589437
2025-01-05 09:00:00,0.12124125225181685
2025-01-05 10:00:00,0.7560264865129207
2025-01-05 11:00:00,5.19269948057194
2025-01-05 12:00:00,8.31080896010988
2025-01-05 13:00:00,10.047624269394161
2025-01-05 14:00:00,9.98125310846792
2025-01-05 15:00:00,10.816157477590057
2025-01-05 16:00:00,9.274060634170318
2025-01-05 17:00:00,7.382553192510277
2025-01-05 18:00:00,4.7582342129203345
2025-01-05 19:00:00,2.7909960536211993
2025-01-05 20:00:00,2.588490409962299
2025-01-05 21:00:00,2.3312182714768444
2025-01-05 22:00:00,2.6518252463917036
2025-01-05 23:00:00,2.3471258139535585
2025-01-06 00:00:00,3.9119614510046463
2025-01-06 01:00:00,3.538498063214829
2025-01-06 02:00:00,3.5671715386552223
2025-01-06 03:00:00,1.152350938923289
2025-01-06 04:00:00,-1.334089809658933
2025-01-06 05:00:00,-0.8476766633070593
2025-01-06 06:00:00,-0.09909135673282149
2025-01-06 07:00:00,2.705421789062464
2025-01-06 08:00:00,2.2907224549105485
2025-01-06 09:00:00,-0.8131150421228805
2025-01-06 10:00:00,-1.6325298347664345
2025-01-06 11:00:00,4.299327312891843
2025-01-06 12:00:00,9.39815406880034
2025-01-06 13:00:00,10.819004903507825
2025-01-06 14:00:00,11.213703494953691
2025-01-06 15:00:00,11.805599944447714
2025-01-06 16:00:00,14.086698113132348
2025-01-06 17:00:00,17.25742659836224
2025-01-06 18:00:00,17.610977197713865
2025-01-06 19:00:00,16.640080815280605
2025-01-06 20:00:00,17.46477585516612
2025-01-06 21:00:00,19.53650469741954
2025-01-06 22:00:00,20.701323109860695
2025-01-06 23:00:00,23.63423517162889
2025-01-07 00:00:00,26.338501793991163
2025-01-07 01:00:00,26.604322631715107
2025-01-07 02:00:00,26.19326033531669
2025-01-07 03:00:00,22.53540051078373
2025-01-07 04:00:00,22.713086903324438
2025-01-07 05:00:00,23.22397194668983
2025-01-07 06:00:00,23.719705260066647
2025-01-07 07:00:00,23.1458742584141
2025-01-07 08:00:00,19.359309683763694
2025-01-07 09:00:00,17.339368989180876
2025-01-07 10:00:00,20.6226997268903
2025-01-07 11:00:00,32.2909550734535
2025-01-07 12:00:00,34.332268240796
2025-01-07 13:00:00,30.65215762374723
2025-01-07 14:00:00,28.123766782989307
2025-01-07 15:00:00,26.038292640692827
2025-01-07 16:00:00,26.45722946750641
2025-01-07 17:00:00,30.173864805664135
2025-01-07 18:00:00,28.80917983106348
2025-01-07 19:00:00,25.973641075513907
2025-01-07 20:00:00,25.415706339955296
2025-01-07 21:00:00,27.379468209719665
2025-01-07 22:00:00,29.534386861941194
2025-01-07 23:00:00,32.4788277932259
2025-01-08 00:00:00,35.060678380438176
2025-01-08 01:00:00,31.45627138816045
2025-01-08 02:00:00,29.286084427489953
2025-01-08 03:00:00,25.132207079329607
2025-01-08 04:00:00,23.09490300941558
2025-01-08 05:00:00,22.388563907563757
2025-01-08 06:00:00,21.96278754119692
2025-01-08 07:00:00,20.724371833145096
2025-01-08 08:00:00,18.523514882441578
2025-01-08 09:00:00,13.460445662702462
2025-01-08 10:00:00,18.063589259734208
2025-01-08 11:00:00,25.940430467028907
2025-01-08 12:00:00,27.256992680186407
2025-01-08 13:00:00,27.475284074139598
2025-01-08 14:00:00,25.421184041545043
2025-01-08 15:00:00,23.501534009852307
2025-01-08 16:00:00,24.53012288563457
2025-01-08 17:00:00,26.860896783198328
2025-01-08 18:00:00,25.095877143993036
2025-01-08 19:00:00,22.735280243541343
2025-01-08 20:00:00,21.989175863515076
2025-01-08 21:00:00,23.69110957168065
2025-01-08 22:00:00,25.057437596437783
2025-01-08 23:00:00,27.242469023854063
2025-01-09 00:00:00,29.264130739403004
2025-01-09 01:00:00,29.478968436570753
2025-01-09 02:00:00,32.27024852654189
2025-01-09 03:00:00,25.121240746665112
2025-01-09 04:00:00,23.063540079827224
2025-01-09 05:00:00,22.850044014468992
2025-01-09 06:00:00,22.86814256293157
2025-01-09 07:00:00,20.762724900572827
2025-01-09 08:00:00,20.690670779349787
2025-01-09 09:00:00,22.85301166858396
2025-01-09 10:00:00,25.24362315686093
2025-01-09 11:00:00,31.36231169797239
2025-01-09 12:00:00,34.00195211566358
2025-01-09 13:00:00,33.01568064063553
2025-01-09 14:00:00,33.569516229229386
2025-01-09 15:00:00,32.66420497351222
2025-01-09 16:00:00,30.036800338117644
2025-01-09 17:00:00,30.21508545529249
2025-01-09 18:00:00,27.71876969678876
2025-01-09 19:00:00,25.78536916880201
2025-01-09 20:00:00,26.310833606067582
2025-01-09 21:00:00,27.0267709453504
2025-01-09 22:00:00,28.334102425590082
2025-01-09 23:00:00,30.08038136035838
2025-01-10 00:00:00,31.62842470300594
2025-01-10 01:00:00,32.93763595089186
2025-01-10 02:00:00,31.099331160264885
2025-01-10 03:00:00,27.638266940000875
2025-01-10 04:00:00,26.872955267084798
2025-01-10 05:00:00,25.378383128226655
2025-01-10 06:00:00,24.893771386725312
2025-01-10 07:00:00,24.87030428635374
2025-01-10 08:00:00,26.916566211413414
2025-01-10 09:00:00,28.56538111667478
2025-01-10 10:00:00,28.008455891815455
2025-01-10 11:00:00,30.486137914211806
2025-01-10 12:00:00,32.44202080471244
2025-01-10 13:00:00,34.14330478210565
2025-01-10 14:00:00,34.8371562264166
2025-01-10 15:00:00,35.06906397581028
2025-01-10 16:00:00,35.25441570853534
2025-01-10 17:00:00,34.27704830869852
2025-01-10 18:00:00,31.69579009084648
2025-01-10 19:00:00,30.749759124049234
2025-01-10 20:00:00,30.876291835337494
2025-01-10 21:00:00,31.092374187287902
2025-01-10 22:00:00,31.06261413329348
2025-01-10 23:00:00,30.85827099561554
2025-01-11 00:00:00,30.08295580332616
2025-01-11 01:00:00,28.719369892647624
2025-01-11 02:00:00,26.122856897690824
2025-01-11 03:00:00,24.46908810991849
2025-01-11 04:00:00,23.348430485676936
2025-01-11 05:00:00,22.415665322227678
2025-01-11 06:00:00,21.664642821763895
2025-01-11 07:00:00,20.64819844800174
2025-01-11 08:00:00,19.35683712729916
2025-01-11 09:00:00,19.557834294682962
2025-01-11 10:00:00,20.170985694512655
2025-01-11 11:00:00,24.479423810766804
2025-01-11 12:00:00,28.10138895804915
2025-01-11 13:00:00,26.454124745829056
2025-01-11 14:00:00,27.011014015322058
2025-01-11 15:00:00,26.629968039435468
2025-01-11 16:00:00,27.515795247765826
2025-01-11 17:00:00,30.77670168639327
2025-01-11 18:00:00,28.958128209210756
2025-01-11 19:00:00,25.863884570604334
2025-01-11 20:00:00,25.450260736984376
2025-01-11 21:00:00,24.829963885534184
2025-01-11 22:00:00,24.86193929911824
2025-01-11 23:00:00,24.677228327817016
2025-01-12 00:00:00,24.72176863410564
2025-01-12 01:00:00,25.421846001403665
2025-01-12 02:00:00,22.46595262437393
2025-01-12 03:00:00,19.190397773557812
2025-01-12 04:00:00,18.983207806943238
2025-01-12 05:00:00,17.466431361919614
2025-01-12 06:00:00,15.14793983052818
2025-01-12 07:00:00,13.390450971566153
2025-01-12 08:00:00,8.50390293740919
2025-01-12 09:00:00,5.291621571794306
2025-01-12 10:00:00,6.483675336488427
2025-01-12 11:00:00,15.042290234365158
2025-01-12 12:00:00,19.549708940506065
2025-01-12 13:00:00,17.91561559225126
2025-01-12 14:00:00,14.887609976266273
2025-01-12 15:00:00,12.846961474038588
2025-01-12 16:00:00,13.787334958138592
2025-01-12 17:00:00,18.590212624564433
2025-01-12 18:00:00,18.48989397194698
2025-01-12 19:00:00,16.481873491893843
2025-01-12 20:00:00,15.229854726746932
2025-01-12 21:00:00,16.627524615387674
2025-01-12 22:00:00,17.90075550501205
2025-01-12 23:00:00,20.313606560652886
2025-01-13 00:00:00,22.685405743130058
2025-01-13 01:00:00,24.82983975510955
2025-01-13 02:00:00,24.25050652353838
2025-01-13 03:00:00,19.314501408133545
2025-01-13 04:00:00,17.505674671805156
2025-01-13 05:00:00,16.083749215863516
2025-01-13 06:00:00,14.78303906583184
2025-01-13 07:00:00,15.256704738461664
2025-01-13 08:00:00,9.492104034059691
2025-01-13 09:00:00,5.947827087150679
2025-01-13 10:00:00,9.858723843131633
2025-01-13 11:00:00,17.217905345115607
2025-01-13 12:00:00,20.76055092438119
2025-01-13 13:00:00,20.302617098458068
2025-01-13 14:00:00,18.007445541285154
2025-01-13 15:00:00,17.077040866629186
2025-01-13 16:00:00,18.191060202456036
2025-01-13 17:00:00,21.72905883429114
2025-01-13 18:00:00,20.912311376561636
2025-01-13 19:00:00,18.74554736137399
2025-01-13 20:00:00,18.201209469854987
2025-01-13 21:00:00,19.060591307306744
2025-01-13 22:00:00,21.009507701646076
2025-01-13 23:00:00,24.951865958229483
2025-01-14 00:00:00,34.36403889534455
2025-01-14 01:00:00,54.88720140110271
2025-01-14 02:00:00,43.79661098976083
2025-01-14 03:00:00,21.247983046318243
2025-01-14 04:00:00,19.12323992498922
2025-01-14 05:00:00,19.23717037114251
2025-01-14 06:00:00,19.331486006742807
2025-01-14 07:00:00,17.4238080794558
2025-01-14 08:00:00,15.538056088686252
2025-01-14 09:00:00,14.26904436970257
2025-01-14 10:00:00,16.830666952504863
2025-01-14 11:00:00,24.059087160017818
2025-01-14 12:00:00,33.759063454955815
2025-01-14 13:00:00,36.69249664479028
2025-01-14 14:00:00,34.137045843000756
2025-01-14 15:00:00,23.501669143284584
2025-01-14 16:00:00,19.12022649830351
2025-01-14 17:00:00,23.964980324767158
2025-01-14 18:00:00,24.40735373411106
2025-01-14 19:00:00,21.351752112712624
2025-01-14 20:00:00,20.93041638788621
2025-01-14 21:00:00,21.06277412481459
2025-01-14 22:00:00,21.713109161769914
2025-01-14 23:00:00,24.515560970065938
2025-01-15 00:00:00,28.22083164536814
2025-01-15 01:00:00,34.74881188922768
2025-01-15 02:00:00,31.237720433834863
2025-01-15 03:00:00,24.10905655615865
2025-01-15 04:00:00,24.02960755570411
2025-01-15 05:00:00,23.03959819984048
2025-01-15 06:00:00,23.814618745253018
2025-01-15 07:00:00,23.12713169922488
2025-01-15 08:00:00,23.19772127877405
2025-01-15 09:00:00,24.58834922360321
2025-01-15 10:00:00,26.00741829450057
2025-01-15 11:00:00,31.446361382317885
2025-01-15 12:00:00,41.46428511834096
2025-01-15 13:00:00,42.68998541285193
2025-01-15 14:00:00,40.68839495494514
2025-01-15 15:00:00,33.42482108908396
2025-01-15 16:00:00,28.686610549413654
2025-01-15 17:00:00,29.51451432663733
2025-01-15 18:00:00,29.533321447262217
2025-01-15 19:00:00,31.597008145301405
2025-01-15 20:00:00,30.60303990336974
2025-01-15 21:00:00,28.6214200480884
2025-01-15 22:00:00,29.42536788264299
2025-01-15 23:00:00,35.65660002441001
2025-01-16 00:00:00,91.60285153126163
2025-01-16 01:00:00,515.1324272815853
2025-01-16 02:00:00,91.70042434310734
2025-01-16 03:00:00,18.314746093440803
2025-01-16 04:00:00,14.703835178572541
2025-01-16 05:00:00,12.834861905941626
2025-01-16 06:00:00,12.395393782152768
2025-01-16 07:00:00,10.956367897676069
2025-01-16 08:00:00,10.955161877898023
2025-01-16 09:00:00,10.660908959931096
2025-01-16 10:00:00,11.625367814095933
2025-01-16 11:00:00,17.447421665531742
2025-01-16 12:00:00,22.607882440603394
2025-01-16 13:00:00,21.459455026099548
2025-01-16 14:00:00,21.51919601848197
2025-01-16 15:00:00,24.001584320468798
2025-01-16 16:00:00,24.16961944466399
2025-01-16 17:00:00,24.730802884948712
2025-01-16 18:00:00,19.601225332145972
2025-01-16 19:00:00,17.96174286351139
2025-01-16 20:00:00,17.55114846683986
2025-01-16 21:00:00,15.100427467773281
2025-01-16 22:00:00,17.08446607327106
2025-01-16 23:00:00,20.89787904438188
2025-01-17 00:00:00,36.37506806332026
2025-01-17 01:00:00,149.8625662993184
2025-01-17 02:00:00,38.88908701418804
2025-01-17 03:00:00,23.033359018328415
2025-01-17 04:00:00,20.647934016813203
2025-01-17 05:00:00,21.10375480720885
2025-01-17 06:00:00,20.471624290179488
2025-01-17 07:00:00,18.756082867542453
2025-01-17 08:00:00,16.088649652234412
2025-01-17 09:00:00,15.067085664009053
2025-01-17 10:00:00,17.713182643467952
2025-01-17 11:00:00,25.7363205123679
2025-01-17 12:00:00,28.305756197614457
2025-01-17 13:00:00,24.381530982656063
2025-01-17 14:00:00,21.555557960247704
2025-01-17 15:00:00,19.194127266559715
2025-01-17 16:00:00,19.047823915603132
2025-01-17 17:00:00,21.749054190406635
2025-01-17 18:00:00,19.501750298821573
2025-01-17 19:00:00,17.23171245955452
2025-01-17 20:00:00,16.467585337539862
2025-01-17 21:00:00,16.201097652953273
2025-01-17 22:00:00,16.607167568164055
2025-01-17 23:00:00,18.867458532182404
2025-01-18 00:00:00,21.31456495949575
2025-01-18 01:00:00,22.74900511074899
2025-01-18 02:00:00,19.678639917354452
2025-01-18 03:00:00,16.486774394408126
2025-01-18 04:00:00,16.338853342445297
2025-01-18 05:00:00,16.22304910680556
2025-01-18 06:00:00,14.403113951146583
2025-01-18 07:00:00,13.765263810243644
2025-01-18 08:00:00,13.404823738988298
2025-01-18 09:00:00,10.443508448953626
2025-01-18 10:00:00,14.372168072051267
2025-01-18 11:00:00,19.274507529388842
2025-01-18 12:00:00,20.56881183351633
2025-01-18 13:00:00,20.290445592877244
2025-01-18 14:00:00,19.521361190634998
2025-01-18 15:00:00,19.30986869977314
2025-01-18 16:00:00,19.487627591816565
2025-01-18 17:00:00,19.643565513370064
2025-01-18 18:00:00,17.220288445386277
2025-01-18 19:00:00,13.680649400523592
2025-01-18 20:00:00,15.878995208215702
2025-01-18 21:00:00,15.64652814997827
2025-01-18 22:00:00,15.778420978717135
2025-01-18 23:00:00,16.750695318448606
2025-01-19 00:00:00,16.90782723810648
2025-01-19 01:00:00,17.184893483359488
2025-01-19 02:00:00,16.3731810992751
2025-01-19 03:00:00,10.296545628414423
2025-01-19 04:00:00,9.632916666603583
2025-01-19 05:00:00,8.655756337329917
2025-01-19 06:00:00,8.267251221994924
2025-01-19 07:00:00,7.819118075305099
2025-01-19 08:00:00,5.71255187978645
2025-01-19 09:00:00,2.8893390794057328
2025-01-19 10:00:00,2.3472235590886026
2025-01-19 11:00:00,8.409243650056316
2025-01-19 12:00:00,12.22521017099119
2025-01-19 13:00:00,11.395037451160961
2025-01-19 14:00:00,10.899865659936422
2025-01-19 15:00:00,10.876898697958742
2025-01-19 16:00:00,11.444920765867534
2025-01-19 17:00:00,13.561459587431656
2025-01-19 18:00:00,12.69341014462842
2025-01-19 19:00:00,11.941154535003223
2025-01-19 20:00:00,13.841949595037875
2025-01-19 21:00:00,16.778562544409446
2025-01-19 22:00:00,18.762661542112873
2025-01-19 23:00:00,22.234996158243344
2025-01-20 00:00:00,25.329068685993978
2025-01-20 01:00:00,29.022937966042157
2025-01-20 02:00:00,28.31289140453874
2025-01-20 03:00:00,22.89474526024506
2025-01-20 04:00:00,20.80547649091147
2025-01-20 05:00:00,22.04438749650868
2025-01-20 06:00:00,23.74276549321537
2025-01-20 07:00:00,24.506240109745818
2025-01-20 08:00:00,20.48802439298827
2025-01-20 09:00:00,15.41872912479079
2025-01-20 10:00:00,18.660477869814866
2025-01-20 11:00:00,30.4630354713932
2025-01-20 12:00:00,37.68761931934405
2025-01-20 13:00:00,39.565873238584444
2025-01-20 14:00:00,37.8726709368149
2025-01-20 15:00:00,35.90200876150582
2025-01-20 16:00:00,34.5249296996936
2025-01-20 17:00:00,39.998165334095226
2025-01-20 18:00:00,33.562589777968576
2025-01-20 19:00:00,30.127811428798417
2025-01-20 20:00:00,30.426177564055106
2025-01-20 21:00:00,32.09418983696318
2025-01-20 22:00:00,32.58181468071277
2025-01-20 23:00:00,35.355271018703704
2025-01-21 00:00:00,37.504395643542466
2025-01-21 01:00:00,38.94721819347662
2025-01-21 02:00:00,40.504549082466355
2025-01-21 03:00:00,35.21183155483029
2025-01-21 04:00:00,33.52436038498702
2025-01-21 05:00:00,35.57196276921429
2025-01-21 06:00:00,36.35428006461086
2025-01-21 07:00:00,36.62631110677948
2025-01-21 08:00:00,37.51217970236756
2025-01-21 09:00:00,40.65284334899693
2025-01-21 10:00:00,39.287479874845246
2025-01-21 11:00:00,41.376241386735245
2025-01-21 12:00:00,47.161014498638835
2025-01-21 13:00:00,46.42583117477279
2025-01-21 14:00:00,45.24868513580851
2025-01-21 15:00:00,43.866356613964356
2025-01-21 16:00:00,38.36053616191851
2025-01-21 17:00:00,36.82246968602464
2025-01-21 18:00:00,35.09131354132322
2025-01-21 19:00:00,33.39703518152021
2025-01-21 20:00:00,35.68421963877442
2025-01-21 21:00:00,36.47672691672832
2025-01-21 22:00:00,36.186758501694115
2025-01-21 23:00:00,42.64062996455663
2025-01-22 00:00:00,46.65366751808836
2025-01-22 01:00:00,45.03845768411286
2025-01-22 02:00:00,50.31472109251523
2025-01-22 03:00:00,39.373571535929315
2025-01-22 04:00:00,32.42607977630442
2025-01-22 05:00:00,31.272062011715807
2025-01-22 06:00:00,29.533942341304225
2025-01-22 07:00:00,28.041719427147754
2025-01-22 08:00:00,26.297835763828182
2025-01-22 09:00:00,22.302780481085293
2025-01-22 10:00:00,20.457338604287422
2025-01-22 11:00:00,27.45444370121075
2025-01-22 12:00:00,34.736110533880534
2025-01-22 13:00:00,30.930700887751392
2025-01-22 14:00:00,28.159658376616562
2025-01-22 15:00:00,25.194828689812407
2025-01-22 16:00:00,24.50099535766217
2025-01-22 17:00:00,27.89170761817948
2025-01-22 18:00:00,26.540765954506952
2025-01-22 19:00:00,21.720967375410304
2025-01-22 20:00:00,21.84899235483723
2025-01-22 21:00:00,22.585501493482337
2025-01-22 22:00:00,24.35627811767751
2025-01-22 23:00:00,29.029921121358917
2025-01-23 00:00:00,36.94500380874488
2025-01-23 01:00:00,40.09527306662803
2025-01-23 02:00:00,33.59590709712603
2025-01-23 03:00:00,23.96238705152158
2025-01-23 04:00:00,23.212408437827037
2025-01-23 05:00:00,22.519875574844612
2025-01-23 06:00:00,20.1362807453682
2025-01-23 07:00:00,19.01163699522061
2025-01-23 08:00:00,15.362052326149824
2025-01-23 09:00:00,11.812583627062672
2025-01-23 10:00:00,15.260541208230272
2025-01-23 11:00:00,23.854674454651672
2025-01-23 12:00:00,28.834717424786792
2025-01-23 13:00:00,27.418579945313983
2025-01-23 14:00:00,22.72305846118411
2025-01-23 15:00:00,20.03173536574503
2025-01-23 16:00:00,18.77465564169592
2025-01-23 17:00:00,21.92459714393883
2025-01-23 18:00:00,23.25223642850776
2025-01-23 19:00:00,20.398568442111543
2025-01-23 20:00:00,21.49887716693352
2025-01-23 21:00:00,21.407925354386204
2025-01-23 22:00:00,25.02569273957763
2025-01-23 23:00:00,30.056356711948116
2025-01-24 00:00:00,30.2583662296014
2025-01-24 01:00:00,31.745197417179156
2025-01-24 02:00:00,27.72497257397702
2025-01-24 03:00:00,21.041585072074543
2025-01-24 04:00:00,20.303244566917723
2025-01-24 05:00:00,18.17239106817002
2025-01-24 06:00:00,14.976109565667429
2025-01-24 07:00:00,13.699153335398899
2025-01-24 08:00:00,10.862370129973964
2025-01-24 09:00:00,10.33051299141078
2025-01-24 10:00:00,12.80020486445995
2025-01-24 11:00:00,22.471900423836033
2025-01-24 12:00:00,30.831191823630007
2025-01-24 13:00:00,29.261975503278123
2025-01-24 14:00:00,39.11709447100385
2025-01-24 15:00:00,48.03119018083022
2025-01-24 16:00:00,58.884504546508886
2025-01-24 17:00:00,50.74225623210879
2025-01-24 18:00:00,40.76947648660049
2025-01-24 19:00:00,28.129370919119953
2025-01-24 20:00:00,24.654547996351017
2025-01-24 21:00:00,23.16016796472879
2025-01-24 22:00:00,23.970428840883116
2025-01-24 23:00:00,25.57923222302371
2025-01-25 00:00:00,25.957707905870617
2025-01-25 01:00:00,28.716020906499946
2025-01-25 02:00:00,23.792612977978614
2025-01-25 03:00:00,19.79008440877227
2025-01-25 04:00:00,20.464198634179443
2025-01-25 05:00:00,19.012258064921877
2025-01-25 06:00:00,16.066662162985406
2025-01-25 07:00:00,14.945582108156884
2025-01-25 08:00:00,10.887632787667743
2025-01-25 09:00:00,9.457493343660929
2025-01-25 10:00:00,13.912818271017672
2025-01-25 11:00:00,23.848640716306093
2025-01-25 12:00:00,27.977204097135246
2025-01-25 13:00:00,27.662076726380974
2025-01-25 14:00:00,27.91533411951274
2025-01-25 15:00:00,27.577582806022402
2025-01-25 16:00:00,28.363027520323392
2025-01-25 17:00:00,28.037196530655024
2025-01-25 18:00:00,26.384579847983716
2025-01-25 19:00:00,21.07245100848905
2025-01-25 20:00:00,18.54145354477734
2025-01-25 21:00:00,19.281460730071228
2025-01-25 22:00:00,18.900874498336446
2025-01-25 23:00:00,20.322827445730336
2025-01-26 00:00:00,21.6019660834998
2025-01-26 01:00:00,23.169586975364727
2025-01-26 02:00:00,20.454270151110578
2025-01-26 03:00:00,16.54108443485604
2025-01-26 04:00:00,16.806204441924166
2025-01-26 05:00:00,16.363629039666908
2025-01-26 06:00:00,16.608064683797316
2025-01-26 07:00:00,18.112125588734955
2025-01-26 08:00:00,18.987966006879653
2025-01-26 09:00:00,19.952950380657274
2025-01-26 10:00:00,25.747907437033007
2025-01-26 11:00:00,28.826125278896505
2025-01-26 12:00:00,30.165253710581414
2025-01-26 13:00:00,25.891192092600967
2025-01-26 14:00:00,23.869076345742606
2025-01-26 15:00:00,23.875722827497828
2025-01-26 16:00:00,23.551735791477928
2025-01-26 17:00:00,22.27374791490766
2025-01-26 18:00:00,21.331194665439746
2025-01-26 19:00:00,18.43386341291813
2025-01-26 20:00:00,17.086051986993194
2025-01-26 21:00:00,17.89350787350412
2025-01-26 22:00:00,18.740035829025818
2025-01-26 23:00:00,19.77981389822158
2025-01-27 00:00:00,20.5180503074979
2025-01-27 01:00:00,18.637818716615325
2025-01-27 02:00:00,19.52483150725636
2025-01-27 03:00:00,19.79973154592261
2025-01-27 04:00:00,17.364056628062798
2025-01-27 05:00:00,16.413595965603506
2025-01-27 06:00:00,16.722060905168416
2025-01-27 07:00:00,17.020824011893254
2025-01-27 08:00:00,17.512182482835424
2025-01-27 09:00:00,16.390656470435502
2025-01-27 10:00:00,16.005072008294505
2025-01-27 11:00:00,20.704596618643976
2025-01-27 12:00:00,25.319056896821493
2025-01-27 13:00:00,22.718657032579806
2025-01-27 14:00:00,23.166060979440008
2025-01-27 15:00:00,22.51543516428545
2025-01-27 16:00:00,22.310592285652486
2025-01-27 17:00:00,24.174954131808548
2025-01-27 18:00:00,23.35321953838119
2025-01-27 19:00:00,22.382722090687647
2025-01-27 20:00:00,21.7052667062056
2025-01-27 21:00:00,23.06808581436235
2025-01-27 22:00:00,23.334572942047497
2025-01-27 23:00:00,24.054491694945067
2025-01-28 00:00:00,25.405064096069236
2025-01-28 01:00:00,26.532400750685333
2025-01-28 02:00:00,27.379785732339297
2025-01-28 03:00:00,31.573063771135025
2025-01-28 04:00:00,23.948906452320166
2025-01-28 05:00:00,21.080088525450925
2025-01-28 06:00:00,19.5327503664521
2025-01-28 07:00:00,19.174614255190704
2025-01-28 08:00:00,18.644237867061094
2025-01-28 09:00:00,19.35627810367268
2025-01-28 10:00:00,21.025289185873344
2025-01-28 11:00:00,26.105902823456834
2025-01-28 12:00:00,31.046449741503427
2025-01-28 13:00:00,33.14168146369341
2025-01-28 14:00:00,29.916782730990953
2025-01-28 15:00:00,25.70350760989547
2025-01-28 16:00:00,26.324227342521976
2025-01-28 17:00:00,27.471377696446936
2025-01-28 18:00:00,26.657395480949514
2025-01-28 19:00:00,25.0436615441255
2025-01-28 20:00:00,24.72245052581619
2025-01-28 21:00:00,25.673120384336347
2025-01-28 22:00:00,29.944955051194874
2025-01-28 23:00:00,34.593658239250736
2025-01-29 00:00:00,37.87028061183141
2025-01-29 01:00:00,38.316073818411994
2025-01-29 02:00:00,37.81259103457398
2025-01-29 03:00:00,32.41104106025582
2025-01-29 04:00:00,24.307841403961753
2025-01-29 05:00:00,23.0590329907884
2025-01-29 06:00:00,21.374898014573763
2025-01-29 07:00:00,19.32131847357991
2025-01-29 08:00:00,20.533608800681282
2025-01-29 09:00:00,22.591509140597807
2025-01-29 10:00:00,28.011008459171077
2025-01-29 11:00:00,27.076120704048392
2025-01-29 12:00:00,31.917264059441834
2025-01-29 13:00:00,33.76285955083837
2025-01-29 14:00:00,30.668496086631823
2025-01-29 15:00:00,27.361444386769882
2025-01-29 16:00:00,29.454923638467914
2025-01-29 17:00:00,28.47869271971908
2025-01-29 18:00:00,27.43586893978262
2025-01-29 19:00:00,26.470014486826294
2025-01-29 20:00:00,26.399210908526957
2025-01-29 21:00:00,25.44886483184671
2025-01-29 22:00:00,25.501051165786524
2025-01-29 23:00:00,26.361900875378154
2025-01-30 00:00:00,28.202251979049496
2025-01-30 01:00:00,29.107460274488993
2025-01-30 02:00:00,28.184005303956813
2025-01-30 03:00:00,25.949059388204496
2025-01-30 04:00:00,24.991725645279026
2025-01-30 05:00:00,22.60332777451416
2025-01-30 06:00:00,21.347532069074433
2025-01-30 07:00:00,19.817024393900187
2025-01-30 08:00:00,18.963607611670174
2025-01-30 09:00:00,19.57931721824573
2025-01-30 10:00:00,22.07776232633867
2025-01-30 11:00:00,23.868496793902455
2025-01-30 12:00:00,28.120851698092572
2025-01-30 13:00:00,33.78909017390783
2025-01-30 14:00:00,31.827766587000994
2025-01-30 15:00:00,26.643711023009494
2025-01-30 16:00:00,25.469229876294552
2025-01-30 17:00:00,25.103092787136102
2025-01-30 18:00:00,24.32331658981675
2025-01-30 19:00:00,22.051210820802126
2025-01-30 20:00:00,21.08072417743256
2025-01-30 21:00:00,21.51276890937558
2025-01-30 22:00:00,21.06281037409598
2025-01-30 23:00:00,20.827579330342807
2025-01-31 00:00:00,21.54279643388597
2025-01-31 01:00:00,20.720531780194985
2025-01-31 02:00:00,18.506278801431325
2025-01-31 03:00:00,17.23814952549385
2025-01-31 04:00:00,17.629425028239996
2025-01-31 05:00:00,15.575911389966896
2025-01-31 06:00:00,13.531732144473427
2025-01-31 07:00:00,11.055599046870114
2025-01-31 08:00:00,11.16859894400323
2025-01-31 09:00:00,12.13466091245183
2025-01-31 10:00:00,12.644676158749292
2025-01-31 11:00:00,13.270551068046704
2025-01-31 12:00:00,14.170941095937708
2025-01-31 13:00:00,16.690583079110713
2025-01-31 14:00:00,15.410470077055356
2025-01-31 15:00:00,13.719835660033521
2025-01-31 16:00:00,14.951270291357995
2025-01-31 17:00:00,16.905987120207705
2025-01-31 18:00:00,18.178931044829415
2025-01-31 19:00:00,16.386147066155427
2025-01-31 20:00:00,15.56406129820321
2025-01-31 21:00:00,14.86160716776024
2025-01-31 22:00:00,15.590057539981558
2025-01-31 23:00:00,15.701091664013434
2025-02-01 00:00:00,17.698501008220447
2025-02-01 01:00:00,16.98281945687833
2025-02-01 02:00:00,13.70529639207084
2025-02-01 03:00:00,8.612664740612727
2025-02-01 04:00:00,8.007727271008838
2025-02-01 05:00:00,7.326114035084635
2025-02-01 06:00:00,6.70552637932284
2025-02-01 07:00:00,4.96091922657267
2025-02-01 08:00:00,1.7005081074903985
2025-02-01 09:00:00,0.6062086667303106
2025-02-01 10:00:00,0.8393584719421417
2025-02-01 11:00:00,9.570299879768362
2025-02-01 12:00:00,16.363735030741587
2025-02-01 13:00:00,16.05641801180038
2025-02-01 14:00:00,16.726795023420802
2025-02-01 15:00:00,18.32485328342332
2025-02-01 16:00:00,16.88600955811729
2025-02-01 17:00:00,19.42665481616497
2025-02-01 18:00:00,20.922988807636123
2025-02-01 19:00:00,18.72395212939196
2025-02-01 20:00:00,18.165759639655015
2025-02-01 21:00:00,18.270027056533387
2025-02-01 22:00:00,18.10821363457151
2025-02-01 23:00:00,18.82437477948113
2025-02-02 00:00:00,18.898681808209354
2025-02-02 01:00:00,19.504529129039554
2025-02-02 02:00:00,16.793913600566963
2025-02-02 03:00:00,12.102685184129177
2025-02-02 04:00:00,12.404468924902101
2025-02-02 05:00:00,8.953297928012287
2025-02-02 06:00:00,8.3894456487029
2025-02-02 07:00:00,7.945883266835835
2025-02-02 08:00:00,1.7660146657161426
2025-02-02 09:00:00,-1.7274194073981792
2025-02-02 10:00:00,0.808144087870071
2025-02-02 11:00:00,8.910102217950344
2025-02-02 12:00:00,12.165307717059354
2025-02-02 13:00:00,11.501844292304204
2025-02-02 14:00:00,9.134492599441266
2025-02-02 15:00:00,9.640473934950531
2025-02-02 16:00:00,9.741265854378325
2025-02-02 17:00:00,12.183158201952333
2025-02-02 18:00:00,13.773714976465296
2025-02-02 19:00:00,12.3802896160173
2025-02-02 20:00:00,10.263987932129396
2025-02-02 21:00:00,10.781909575371081
2025-02-02 22:00:00,10.566377504537938
2025-02-02 23:00:00,12.913725934920057
2025-02-03 00:00:00,13.844790394175716
2025-02-03 01:00:00,15.445365662597293
2025-02-03 02:00:00,12.849797749797125
2025-02-03 03:00:00,8.047852825731598
2025-02-03 04:00:00,8.47286837885934
2025-02-03 05:00:00,8.107620921572646
2025-02-03 06:00:00,8.946316037585609
2025-02-03 07:00:00,8.76341352234731
2025-02-03 08:00:00,3.0717540944080275
2025-02-03 09:00:00,-1.1466625841094942
2025-02-03 10:00:00,-1.206829482423998
2025-02-03 11:00:00,6.270194198150849
2025-02-03 12:00:00,11.210400307357343
2025-02-03 13:00:00,10.805831355848031
2025-02-03 14:00:00,9.522129322330155
2025-02-03 15:00:00,7.958805657071673
2025-02-03 16:00:00,8.00093167658815
2025-02-03 17:00:00,11.642554152136933
2025-02-03 18:00:00,13.880433550610727
2025-02-03 19:00:00,11.424898074626288
2025-02-03 20:00:00,10.334134548727377
2025-02-03 21:00:00,10.69770678561123
2025-02-03 22:00:00,11.501904362391189
2025-02-03 23:00:00,13.060843840685898
2025-02-04 00:00:00,14.67779742179549
2025-02-04 01:00:00,16.014681366876484
2025-02-04 02:00:00,13.387751843749088
2025-02-04 03:00:00,9.04053997877215
2025-02-04 04:00:00,10.509115854418424
2025-02-04 05:00:00,11.908158236775467
2025-02-04 06:00:00,11.446697908524765
2025-02-04 07:00:00,9.33255668125936
2025-02-04 08:00:00,7.58375159241442
2025-02-04 09:00:00,6.502568454914846
2025-02-04 10:00:00,6.321251353298568
2025-02-04 11:00:00,13.250493021347115
2025-02-04 12:00:00,15.369476449688122
2025-02-04 13:00:00,13.687529788348165
2025-02-04 14:00:00,12.805439947109475
2025-02-04 15:00:00,11.886737257616593
2025-02-04 16:00:00,12.313595711323378
2025-02-04 17:00:00,16.99944783574423
2025-02-04 18:00:00,20.11773796042532
2025-02-04 19:00:00,19.52054397446937
2025-02-04 20:00:00,18.864679874054833
2025-02-04 21:00:00,19.429611849043102
2025-02-04 22:00:00,19.16115260855666
2025-02-04 23:00:00,19.127952765486267
2025-02-05 00:00:00,19.4927972632853
2025-02-05 01:00:00,19.5332605698883
2025-02-05 02:00:00,16.48254942950188
2025-02-05 03:00:00,15.694864843190341
2025-02-05 04:00:00,14.29884799930903
2025-02-05 05:00:00,14.189553846866957
2025-02-05 06:00:00,13.036466838519642
2025-02-05 07:00:00,12.52786015848741
2025-02-05 08:00:00,13.382445882008176
2025-02-05 09:00:00,13.906243151719458
2025-02-05 10:00:00,13.897948352950095
2025-02-05 11:00:00,17.079560539340243
2025-02-05 12:00:00,29.363355814583404
2025-02-05 13:00:00,29.831016957001932
2025-02-05 14:00:00,51.41755160338254
2025-02-05 15:00:00,42.78462261983194
2025-02-05 16:00:00,27.105445128010405
2025-02-05 17:00:00,36.1154073310417
2025-02-05 18:00:00,33.72943806233471
2025-02-05 19:00:00,28.147148315145337
2025-02-05 20:00:00,40.68884864951439
2025-02-05 21:00:00,37.21133920619231
2025-02-05 22:00:00,30.879588406995374
2025-02-05 23:00:00,26.88843468831994
2025-02-06 00:00:00,37.58459643466406
2025-02-06 01:00:00,50.31642251956093
2025-02-06 02:00:00,33.97227717886721
2025-02-06 03:00:00,21.517499028964224
2025-02-06 04:00:00,18.361584580471035
2025-02-06 05:00:00,15.047301569157307
2025-02-06 06:00:00,13.915668055634173
2025-02-06 07:00:00,13.281474168807938
2025-02-06 08:00:00,12.927240814260111
2025-02-06 09:00:00,12.396760515352497
2025-02-06 10:00:00,10.692892777107891
2025-02-06 11:00:00,12.280166889155096
2025-02-06 12:00:00,17.827061579927125
2025-02-06 13:00:00,17.737836969020794
2025-02-06 14:00:00,22.6372247888741
2025-02-06 15:00:00,20.218322997485764
2025-02-06 16:00:00,16.452452836357516
2025-02-06 17:00:00,20.2597943790249
2025-02-06 18:00:00,20.283719540933255
2025-02-06 19:00:00,18.148044967966314
2025-02-06 20:00:00,20.0592085267674
2025-02-06 21:00:00,18.437419080168834
2025-02-06 22:00:00,16.72921584883152
2025-02-06 23:00:00,16.57036384602616
2025-02-07 00:00:00,19.379414449689662
2025-02-07 01:00:00,21.7850764110678
2025-02-07 02:00:00,16.51586369129638
2025-02-07 03:00:00,13.034679271239936
2025-02-07 04:00:00,10.974293950930504
2025-02-07 05:00:00,11.089586324507364
2025-02-07 06:00:00,9.74192083000286
2025-02-07 07:00:00,9.91411365718374
2025-02-07 08:00:00,8.830097478581102
2025-02-07 09:00:00,8.389205026202994
2025-02-07 10:00:00,4.363063192130865
2025-02-07 11:00:00,8.398484993348372
2025-02-07 12:00:00,9.14489472838217
2025-02-07 13:00:00,10.109413383603732
2025-02-07 14:00:00,9.711777499286372
2025-02-07 15:00:00,10.147452221205379
2025-02-07 16:00:00,12.407812792254301
2025-02-07 17:00:00,18.133899524017597
2025-02-07 18:00:00,21.85626409613739
2025-02-07 19:00:00,23.84961913454232
2025-02-07 20:00:00,25.19225333650333
2025-02-07 21:00:00,24.633876667324444
2025-02-07 22:00:00,23.19720970558601
2025-02-07 23:00:00,23.496600505415113
2025-02-08 00:00:00,23.944272201083425
2025-02-08 01:00:00,23.248754098003108
2025-02-08 02:00:00,21.72479869534569
2025-02-08 03:00:00,18.970230330359303
2025-02-08 04:00:00,16.341889607795135
2025-02-08 05:00:00,15.747214818922071
2025-02-08 06:00:00,14.456717222488658
2025-02-08 07:00:00,12.705192570404616
2025-02-08 08:00:00,11.56787588172444
2025-02-08 09:00:00,10.167956432349369
2025-02-08 10:00:00,10.442189903621093
2025-02-08 11:00:00,12.917020581983579
2025-02-08 12:00:00,13.84062493374793
2025-02-08 13:00:00,12.769538457455681
2025-02-08 14:00:00,10.305907718710273
2025-02-08 15:00:00,10.419248503247342
2025-02-08 16:00:00,12.961154488462592
2025-02-08 17:00:00,17.342676340077272
2025-02-08 18:00:00,21.477091136409673
2025-02-08 19:00:00,19.677492627237964
2025-02-08 20:00:00,17.843611268172634
2025-02-08 21:00:00,16.099397730089137
2025-02-08 22:00:00,15.511844090292588
2025-02-08 23:00:00,15.362097940434031
2025-02-09 00:00:00,15.612928080281566
2025-02-09 01:00:00,15.410203122159608
2025-02-09 02:00:00,14.080846546397366
2025-02-09 03:00:00,12.378730185775687
2025-02-09 04:00:00,9.129510133934271
2025-02-09 05:00:00,7.647726042463299
2025-02-09 06:00:00,7.459265017410192
2025-02-09 07:00:00,6.79973555355343
2025-02-09 08:00:00,4.791972736836128
2025-02-09 09:00:00,2.0859974827594883
2025-02-09 10:00:00,-1.5417738251837236
2025-02-09 11:00:00,1.0109079877954052
2025-02-09 12:00:00,6.672362061656087
2025-02-09 13:00:00,7.775629466622181
2025-02-09 14:00:00,9.810707594254222
2025-02-09 15:00:00,11.446513723212806
2025-02-09 16:00:00,15.433953045910323
2025-02-09 17:00:00,19.815182857678433
2025-02-09 18:00:00,23.152441937080702
2025-02-09 19:00:00,23.551604746776693
2025-02-09 20:00:00,21.99502385096602
2025-02-09 21:00:00,20.19725834072303
2025-02-09 22:00:00,18.03883280390999
2025-02-09 23:00:00,16.51952213087213
2025-02-10 00:00:00,18.137481337175608
2025-02-10 01:00:00,17.461776876171236
2025-02-10 02:00:00,16.961170134697436
2025-02-10 03:00:00,14.286546353297421
2025-02-10 04:00:00,13.512909184456356
2025-02-10 05:00:00,14.08022269052614
2025-02-10 06:00:00,14.491349900958667
2025-02-10 07:00:00,14.422609587846148
2025-02-10 08:00:00,13.967055408122862
2025-02-10 09:00:00,11.946029822843906
2025-02-10 10:00:00,10.960463123669955
2025-02-10 11:00:00,12.464857335507165
2025-02-10 12:00:00,16.310141902944366
2025-02-10 13:00:00,18.361793299096703
2025-02-10 14:00:00,19.069241691783624
2025-02-10 15:00:00,19.54011618786463
2025-02-10 16:00:00,21.545990401907535
2025-02-10 17:00:00,23.042741594056253
2025-02-10 18:00:00,25.30264418194599
2025-02-10 19:00:00,25.73091124335827
2025-02-10 20:00:00,25.57693734900695
2025-02-10 21:00:00,24.355438956596313
2025-02-10 22:00:00,23.344770934542975
2025-02-10 23:00:00,22.84844841359902
2025-02-11 00:00:00,23.831868216604363
2025-02-11 01:00:00,23.617970011943992
2025-02-11 02:00:00,24.590153608555834
2025-02-11 03:00:00,25.397498139131375
2025-02-11 04:00:00,22.905543201187403
2025-02-11 05:00:00,25.400609511301685
2025-02-11 06:00:00,20.270707349286553
2025-02-11 07:00:00,19.200562909492053
2025-02-11 08:00:00,19.16080766853226
2025-02-11 09:00:00,20.287856714474863
2025-02-11 10:00:00,21.435146164407897
2025-02-11 11:00:00,23.477237879996867
2025-02-11 12:00:00,25.777348471174943
2025-02-11 13:00:00,24.846483629700934
2025-02-11 14:00:00,28.947451917337556
2025-02-11 15:00:00,28.86038787361142
2025-02-11 16:00:00,24.743461663599692
2025-02-11 17:00:00,27.19762475388357
2025-02-11 18:00:00,27.643263714420222
2025-02-11 19:00:00,26.281414703857646
2025-02-11 20:00:00,25.268506762007615
2025-02-11 21:00:00,25.0553669349709
2025-02-11 22:00:00,24.474066244744627
2025-02-11 23:00:00,25.14281365799312
2025-02-12 00:00:00,27.0219784373858
2025-02-12 01:00:00,27.283977250267565
2025-02-12 02:00:00,27.180294060968446
2025-02-12 03:00:00,23.176356339400026
2025-02-12 04:00:00,20.557294395866897
2025-02-12 05:00:00,20.71275092845957
2025-02-12 06:00:00,19.181629805941192
2025-02-12 07:00:00,17.76039553155205
2025-02-12 08:00:00,17.721933224526516
2025-02-12 09:00:00,18.414113057100366
2025-02-12 10:00:00,19.444752783531975
2025-02-12 11:00:00,23.76104440519147
2025-02-12 12:00:00,25.043081861285653
2025-02-12 13:00:00,24.534660742995353
2025-02-12 14:00:00,27.510657975383314
2025-02-12 15:00:00,26.747657698643646
2025-02-12 16:00:00,25.58770987894859
2025-02-12 17:00:00,29.6844223988548
2025-02-12 18:00:00,31.119022430934805
2025-02-12 19:00:00,33.02243003115138
2025-02-12 20:00:00,28.676510915711336
2025-02-12 21:00:00,34.54704016833167
2025-02-12 22:00:00,37.55903276387758
2025-02-12 23:00:00,39.69150877275564
2025-02-13 00:00:00,43.8360256945148
2025-02-13 01:00:00,36.61041825132762
2025-02-13 02:00:00,37.72870618919227
2025-02-13 03:00:00,27.176042970525845
2025-02-13 04:00:00,27.41486383997134
2025-02-13 05:00:00,22.23011577811694
2025-02-13 06:00:00,21.769921091660944
2025-02-13 07:00:00,18.547076900990863
2025-02-13 08:00:00,18.259701058281077
2025-02-13 09:00:00,19.856394897721504
2025-02-13 10:00:00,21.21731094873054
2025-02-13 11:00:00,20.412192353409935
2025-02-13 12:00:00,19.293444808773906
2025-02-13 13:00:00,21.072541681033975
2025-02-13 14:00:00,24.0588095768505
2025-02-13 15:00:00,34.71046971351109
2025-02-13 16:00:00,34.39657039554332
2025-02-13 17:00:00,26.258821510724694
2025-02-13 18:00:00,27.290932292841273
2025-02-13 19:00:00,26.688519259267522
2025-02-13 20:00:00,25.339871409361105
2025-02-13 21:00:00,27.266572691124267
2025-02-13 22:00:00,28.505022364437565
2025-02-13 23:00:00,29.902294487231284
2025-02-14 00:00:00,36.060685049184876
2025-02-14 01:00:00,39.62580679457658
2025-02-14 02:00:00,32.05574736930783
2025-02-14 03:00:00,24.257173628583413
2025-02-14 04:00:00,23.513835926650508
2025-02-14 05:00:00,21.45542496053803
2025-02-14 06:00:00,20.82024971025016
2025-02-14 07:00:00,18.70352822820092
2025-02-14 08:00:00,18.31081665897895
2025-02-14 09:00:00,19.960801359347634
2025-02-14 10:00:00,22.52411799008604
2025-02-14 11:00:00,26.26044998603037
2025-02-14 12:00:00,30.467772368164905
2025-02-14 13:00:00,29.548710569425953
2025-02-14 14:00:00,28.533252316562063
2025-02-14 15:00:00,29.880334577866005
2025-02-14 16:00:00,27.30091614988738
2025-02-14 17:00:00,24.28242754049209
2025-02-14 18:00:00,23.248759175850594
2025-02-14 19:00:00,20.718218747588057
2025-02-14 20:00:00,20.56524433418078
2025-02-14 21:00:00,21.282578642994967
2025-02-14 22:00:00,22.175804512687066
2025-02-14 23:00:00,23.037251809162957
2025-02-15 00:00:00,23.698538750968662
2025-02-15 01:00:00,24.307262654716496
2025-02-15 02:00:00,21.428091240959844
2025-02-15 03:00:00,18.0676140722561
2025-02-15 04:00:00,17.60000913718451
2025-02-15 05:00:00,16.912716867345477
2025-02-15 06:00:00,16.17636255737044
2025-02-15 07:00:00,14.615565261364974
2025-02-15 08:00:00,13.775080796052942
2025-02-15 09:00:00,14.715848268125137
2025-02-15 10:00:00,16.99400562618438
2025-02-15 11:00:00,19.141311194259288
2025-02-15 12:00:00,20.997015985104277
2025-02-15 13:00:00,21.458669644269154
2025-02-15 14:00:00,21.884790761750406
2025-02-15 15:00:00,21.17810584693447
2025-02-15 16:00:00,20.448098845095217
2025-02-15 17:00:00,20.019656883291635
2025-02-15 18:00:00,19.948624655715214
2025-02-15 19:00:00,18.784415053254268
2025-02-15 20:00:00,18.703586845034536
2025-02-15 21:00:00,19.19681832069351
2025-02-15 22:00:00,19.66917777309537
2025-02-15 23:00:00,21.053251048255635
2025-02-16 00:00:00,21.897217089935765
2025-02-16 01:00:00,19.541568189260477
2025-02-16 02:00:00,18.70174166785566
2025-02-16 03:00:00,17.283711086884136
2025-02-16 04:00:00,15.0120390694369
2025-02-16 05:00:00,14.976721817057921
2025-02-16 06:00:00,14.648411641198479
2025-02-16 07:00:00,9.188512247701857
2025-02-16 08:00:00,7.659462424596053
2025-02-16 09:00:00,6.764719121704033
2025-02-16 10:00:00,6.983403180900661
2025-02-16 11:00:00,8.887229555491455
2025-02-16 12:00:00,12.36832625265259
2025-02-16 13:00:00,15.57639262441608
2025-02-16 14:00:00,13.070891143166039
2025-02-16 15:00:00,12.916813498682693
2025-02-16 16:00:00,17.298948610262357
2025-02-16 17:00:00,18.505490836450306
2025-02-16 18:00:00,18.960293756644983
2025-02-16 19:00:00,16.122030818390353
2025-02-16 20:00:00,15.3775589982251
2025-02-16 21:00:00,16.503606692261663
2025-02-16 22:00:00,16.70259610116545
2025-02-16 23:00:00,17.999780978115865
2025-02-17 00:00:00,20.18571412687413
2025-02-17 01:00:00,21.02860980771475
2025-02-17 02:00:00,20.654956411068373
2025-02-17 03:00:00,16.844883510296118
2025-02-17 04:00:00,15.48956187912736
2025-02-17 05:00:00,15.726754458493069
2025-02-17 06:00:00,16.59061420216349
2025-02-17 07:00:00,16.135626009650963
2025-02-17 08:00:00,11.556583875617719
2025-02-17 09:00:00,8.965773735610153
2025-02-17 10:00:00,8.28501929018748
2025-02-17 11:00:00,13.112043383733933
2025-02-17 12:00:00,21.89373098065718
2025-02-17 13:00:00,22.796924798103944
2025-02-17 14:00:00,19.899040625530883
2025-02-17 15:00:00,18.163878075792606
2025-02-17 16:00:00,15.43282846277505
2025-02-17 17:00:00,18.518588360972558
2025-02-17 18:00:00,21.762146034772368
2025-02-17 19:00:00,19.443753475201344
2025-02-17 20:00:00,18.117648518827078
2025-02-17 21:00:00,18.230308632980726
2025-02-17 22:00:00,19.678009469405193
2025-02-17 23:00:00,21.475361939761683
2025-02-18 00:00:00,22.42848030412699
2025-02-18 01:00:00,22.629079263281312
2025-02-18 02:00:00,19.770482085644236
2025-02-18 03:00:00,15.213778939830227
2025-02-18 04:00:00,16.30848396965806
2025-02-18 05:00:00,14.322532462849345
2025-02-18 06:00:00,13.907872894006543
2025-02-18 07:00:00,12.146962456248266
2025-02-18 08:00:00,7.77024159094192
2025-02-18 09:00:00,7.519480307399499
2025-02-18 10:00:00,10.250990943548649
2025-02-18 11:00:00,12.620673939439753
2025-02-18 12:00:00,19.777699055576914
2025-02-18 13:00:00,19.672350261036247
2025-02-18 14:00:00,17.628291274726944
2025-02-18 15:00:00,15.328555800464823
2025-02-18 16:00:00,15.210263895187468
2025-02-18 17:00:00,16.336010227100406
2025-02-18 18:00:00,17.468158587264764
2025-02-18 19:00:00,14.640162854768395
2025-02-18 20:00:00,9.957067171151925
2025-02-18 21:00:00,13.361111414221332
2025-02-18 22:00:00,14.494189065995537
2025-02-18 23:00:00,16.640775720675276
2025-02-19 00:00:00,18.039022005757722
2025-02-19 01:00:00,17.072497871495923
2025-02-19 02:00:00,15.737878716871608
2025-02-19 03:00:00,13.277767806829544
2025-02-19 04:00:00,14.19778020625054
2025-02-19 05:00:00,14.140466233341765
2025-02-19 06:00:00,13.33809234431382
2025-02-19 07:00:00,11.95755125804093
2025-02-19 08:00:00,12.326328408488331
2025-02-19 09:00:00,12.9430135863778
2025-02-19 10:00:00,14.320021275419757
2025-02-19 11:00:00,15.957770657724515
2025-02-19 12:00:00,19.467700677309235
2025-02-19 13:00:00,21.95174414059683
2025-02-19 14:00:00,21.90040349437189
2025-02-19 15:00:00,23.590752772724038
2025-02-19 16:00:00,24.43520995262821
2025-02-19 17:00:00,25.19495594706421
2025-02-19 18:00:00,28.930862910988754
2025-02-19 19:00:00,27.23124063391785
2025-02-19 20:00:00,28.371409718933467
2025-02-19 21:00:00,34.366375222971314
2025-02-19 22:00:00,38.8190041121063
2025-02-19 23:00:00,43.681417975055744
2025-02-20 00:00:00,72.29545721744634
2025-02-20 01:00:00,96.43821591740448
2025-02-20 02:00:00,110.64432189708383
2025-02-20 03:00:00,98.02692173976904
2025-02-20 04:00:00,72.44767751783178
2025-02-20 05:00:00,64.14896211874992
2025-02-20 06:00:00,47.020532005949775
2025-02-20 07:00:00,41.48032830715384
2025-02-20 08:00:00,36.58167993821019
2025-02-20 09:00:00,36.54654507270252
2025-02-20 10:00:00,38.63281542638584
2025-02-20 11:00:00,40.80571099125501
2025-02-20 12:00:00,69.91494853572442
2025-02-20 13:00:00,88.47149809289785
2025-02-20 14:00:00,97.79587040435649
2025-02-20 15:00:00,101.27149972565083
2025-02-20 16:00:00,76.72573205420827
2025-02-20 17:00:00,62.325084633284916
2025-02-20 18:00:00,61.40726878471938
2025-02-20 19:00:00,63.63931165051677
2025-02-20 20:00:00,54.433468821490756
2025-02-20 21:00:00,49.80042632675345
2025-02-20 22:00:00,54.529673850876634
2025-02-20 23:00:00,84.41797929768475
2025-02-21 00:00:00,116.04942734474457
2025-02-21 01:00:00,127.01059061073515
2025-02-21 02:00:00,67.03192331018487
2025-02-21 03:00:00,53.825036092181094
2025-02-21 04:00:00,44.66682969466949
2025-02-21 05:00:00,40.468083614812244
2025-02-21 06:00:00,35.41375818825432
2025-02-21 07:00:00,30.594594173250073
2025-02-21 08:00:00,24.777380775118516
2025-02-21 09:00:00,23.531763637165994
2025-02-21 10:00:00,25.519267407305936
2025-02-21 11:00:00,31.3172103117884
2025-02-21 12:00:00,45.4632797284377
2025-02-21 13:00:00,54.65186590567604
2025-02-21 14:00:00,58.2273015981125
2025-02-21 15:00:00,57.69127164424246
2025-02-21 16:00:00,47.271261942974725
2025-02-21 17:00:00,44.641238191932466
2025-02-21 18:00:00,47.146714104191894
2025-02-21 19:00:00,41.30892028086992
2025-02-21 20:00:00,36.46354259042669
2025-02-21 21:00:00,38.77289208908842
2025-02-21 22:00:00,43.46463159121227
2025-02-21 23:00:00,59.796599763120376
2025-02-22 00:00:00,71.14448489154687
2025-02-22 01:00:00,69.18256851680631
2025-02-22 02:00:00,53.01862320104959
2025-02-22 03:00:00,40.58616409706423
2025-02-22 04:00:00,33.06456854537716
2025-02-22 05:00:00,30.426109732719528
2025-02-22 06:00:00,30.539900417059716
2025-02-22 07:00:00,29.175731532101157
2025-02-22 08:00:00,29.51228021552524
2025-02-22 09:00:00,32.13450871563902
2025-02-22 10:00:00,33.93276443094535
2025-02-22 11:00:00,37.196291398326785
2025-02-22 12:00:00,50.0969559493348
2025-02-22 13:00:00,46.15556887984786
2025-02-22 14:00:00,43.60812211777398
2025-02-22 15:00:00,42.35252400116083
2025-02-22 16:00:00,39.627050954653996
2025-02-22 17:00:00,39.69910117483475
2025-02-22 18:00:00,37.81575207111772
2025-02-22 19:00:00,35.707543158120075
2025-02-22 20:00:00,32.97551544322154
2025-02-22 21:00:00,32.727980013225576
2025-02-22 22:00:00,35.13773035066555
2025-02-22 23:00:00,39.16456559087184
2025-02-23 00:00:00,40.86257953931551
2025-02-23 01:00:00,39.87781692379119
2025-02-23 02:00:00,35.28880283649708
2025-02-23 03:00:00,28.29835462145692
2025-02-23 04:00:00,25.404167708930846
2025-02-23 05:00:00,24.448812354835553
2025-02-23 06:00:00,24.21147892128336
2025-02-23 07:00:00,22.286767415340396
2025-02-23 08:00:00,20.184328946939026
2025-02-23 09:00:00,18.09507020745877
2025-02-23 10:00:00,19.9064879515315
2025-02-23 11:00:00,24.17249758969363
2025-02-23 12:00:00,34.59341918983887
2025-02-23 13:00:00,29.05124075214126
2025-02-23 14:00:00,31.03427869348438
2025-02-23 15:00:00,28.979087040067796
2025-02-23 16:00:00,27.74381350478386
2025-02-23 17:00:00,30.724534315564892
2025-02-23 18:00:00,27.852764124646455
2025-02-23 19:00:00,25.835918881982845
2025-02-23 20:00:00,23.010956211674234
2025-02-23 21:00:00,23.229722748625267
2025-02-23 22:00:00,25.198409459281965
2025-02-23 23:00:00,25.9535999906759
2025-02-24 00:00:00,28.52816141221534
2025-02-24 01:00:00,29.542992683403128
2025-02-24 02:00:00,25.969410570691046
2025-02-24 03:00:00,24.612584198081723
2025-02-24 04:00:00,22.935413215726708
2025-02-24 05:00:00,21.278233621797703
2025-02-24 06:00:00,20.851510958481487
2025-02-24 07:00:00,19.50980099040373
2025-02-24 08:00:00,17.82968107557174
2025-02-24 09:00:00,15.174253693828849
2025-02-24 10:00:00,12.878704043718495
2025-02-24 11:00:00,14.307172564417243
2025-02-24 12:00:00,27.521207972586772
2025-02-24 13:00:00,22.637652222758398
2025-02-24 14:00:00,22.73177870355549
2025-02-24 15:00:00,20.40556738246353
2025-02-24 16:00:00,17.987280045991298
2025-02-24 17:00:00,22.303603949077306
2025-02-24 18:00:00,25.212095839312557
2025-02-24 19:00:00,22.81471138925008
2025-02-24 20:00:00,20.990160000574477
2025-02-24 21:00:00,20.781599055604396
2025-02-24 22:00:00,20.945012614599754
2025-02-24 23:00:00,23.05716998083575
2025-02-25 00:00:00,31.186634822647793
2025-02-25 01:00:00,51.04203671579789
2025-02-25 02:00:00,24.860014656537412
2025-02-25 03:00:00,18.97456988710127
2025-02-25 04:00:00,19.04819618118388
2025-02-25 05:00:00,17.39994875915548
2025-02-25 06:00:00,16.174602126096207
2025-02-25 07:00:00,12.320863314758023
2025-02-25 08:00:00,7.391876985946723
2025-02-25 09:00:00,5.548340397130241
2025-02-25 10:00:00,7.995970227910585
2025-02-25 11:00:00,13.676730161095978
2025-02-25 12:00:00,26.550467364804884
2025-02-25 13:00:00,24.229468755419553
2025-02-25 14:00:00,16.929810249980353
2025-02-25 15:00:00,13.750857925401712
2025-02-25 16:00:00,12.323781930817477
2025-02-25 17:00:00,15.353649038266607
2025-02-25 18:00:00,19.552632374201806
2025-02-25 19:00:00,17.62413705913644
2025-02-25 20:00:00,15.271369693831488
2025-02-25 21:00:00,15.16402622999602
2025-02-25 22:00:00,17.08760561088318
2025-02-25 23:00:00,19.705948126288693
2025-02-26 00:00:00,24.563096216488695
2025-02-26 01:00:00,30.074341639051656
2025-02-26 02:00:00,17.424356950328963
2025-02-26 03:00:00,14.454785612694577
2025-02-26 04:00:00,13.611060368282567
2025-02-26 05:00:00,11.219619330087406
2025-02-26 06:00:00,10.652122779810572
2025-02-26 07:00:00,6.618765532600782
2025-02-26 08:00:00,1.647296902868249
2025-02-26 09:00:00,1.7468565561809244
2025-02-26 10:00:00,1.4380994530924582
2025-02-26 11:00:00,5.163243746300801
2025-02-26 12:00:00,15.490844883456985
2025-02-26 13:00:00,15.495678670347663
2025-02-26 14:00:00,11.501846807167478
2025-02-26 15:00:00,9.490788117263504
2025-02-26 16:00:00,8.524851510416683
2025-02-26 17:00:00,11.594564728622837
2025-02-26 18:00:00,17.643963828157915
2025-02-26 19:00:00,16.61498611307859
2025-02-26 20:00:00,14.495265647489552
2025-02-26 21:00:00,13.62307000805512
2025-02-26 22:00:00,12.940169041423188
2025-02-26 23:00:00,16.254216027504107
2025-02-27 00:00:00,17.75976264997458
2025-02-27 01:00:00,17.289402544981275
2025-02-27 02:00:00,11.794137328321687
2025-02-27 03:00:00,8.263862809435444
2025-02-27 04:00:00,6.667656392082164
2025-02-27 05:00:00,6.558067443227241
2025-02-27 06:00:00,5.801686658678885
2025-02-27 07:00:00,3.3420953143890326
2025-02-27 08:00:00,1.4740589057340858
2025-02-27 09:00:00,1.5060638031853342
2025-02-27 10:00:00,1.0768013491537598
2025-02-27 11:00:00,6.455751751326531
2025-02-27 12:00:00,11.433673622941562
2025-02-27 13:00:00,12.920177130744388
2025-02-27 14:00:00,10.095871032201295
2025-02-27 15:00:00,9.53066567554401
2025-02-27 16:00:00,10.292233348784029
2025-02-27 17:00:00,12.891452723894616
2025-02-27 18:00:00,16.92931560322609
2025-02-27 19:00:00,16.993769017646127
2025-02-27 20:00:00,15.735293846351336
2025-02-27 21:00:00,16.85368805054388
2025-02-27 22:00:00,15.85838546623288
2025-02-27 23:00:00,16.448493391326497
2025-02-28 00:00:00,17.844604336258566
2025-02-28 01:00:00,16.193740779326088
2025-02-28 02:00:00,13.792491817048656
2025-02-28 03:00:00,13.305597943083015
2025-02-28 04:00:00,10.020371343088947
2025-02-28 05:00:00,6.421727615690721
2025-02-28 06:00:00,5.354886913224878
2025-02-28 07:00:00,5.295063500330494
2025-02-28 08:00:00,6.151687130042724
2025-02-28 09:00:00,6.803243484685717
2025-02-28 10:00:00,8.094306127222028
2025-02-28 11:00:00,11.26761280780844
2025-02-28 12:00:00,19.595512696983647
2025-02-28 13:00:00,26.611019627865637
2025-02-28 14:00:00,32.05165303671482
2025-02-28 15:00:00,28.92021405018827
2025-02-28 16:00:00,21.26707252092839
2025-02-28 17:00:00,20.923923718944895
2025-02-28 18:00:00,21.56342528109356
2025-02-28 19:00:00,19.558352084736526
2025-02-28 20:00:00,19.065196029590098
2025-02-28 21:00:00,18.802504410556196
2025-02-28 22:00:00,19.225144484096276
2025-02-28 23:00:00,20.436399694268392
2025-03-01 00:00:00,23.088832560391797
2025-03-01 01:00:00,22.55326588279276
2025-03-01 02:00:00,17.543388192554936
2025-03-01 03:00:00,16.143695480161764
2025-03-01 04:00:00,13.995372689835753
2025-03-01 05:00:00,11.890958728447961
2025-03-01 06:00:00,10.605317588115991
2025-03-01 07:00:00,7.60447453581235
2025-03-01 08:00:00,3.8785646445574473
2025-03-01 09:00:00,5.499947232721025
2025-03-01 10:00:00,8.55549652152755
2025-03-01 11:00:00,11.81058579398528
2025-03-01 12:00:00,23.367633751593008
2025-03-01 13:00:00,22.668946195822073
2025-03-01 14:00:00,24.296058018388944
2025-03-01 15:00:00,18.903649655179276
2025-03-01 16:00:00,17.888387513039987
2025-03-01 17:00:00,19.878287454325886
2025-03-01 18:00:00,28.75136694928787
2025-03-01 19:00:00,32.14635964827172
2025-03-01 20:00:00,25.942164258276406
2025-03-01 21:00:00,29.208369450054676
2025-03-01 22:00:00,35.70282533066078
2025-03-01 23:00:00,39.588590335162394
2025-03-02 00:00:00,32.15391463388335
2025-03-02 01:00:00,70.0268832379605
2025-03-02 02:00:00,21.1636580835502
2025-03-02 03:00:00,13.926100707803313
2025-03-02 04:00:00,12.430160955365789
2025-03-02 05:00:00,12.09821086771454
2025-03-02 06:00:00,12.37362799599232
2025-03-02 07:00:00,11.075018999922124
2025-03-02 08:00:00,8.56870569165568
2025-03-02 09:00:00,4.849550127254031
2025-03-02 10:00:00,5.188659810142671
2025-03-02 11:00:00,15.689610461881648
2025-03-02 12:00:00,55.83514170517413
2025-03-02 13:00:00,31.438029117357242
2025-03-02 14:00:00,19.823697304948137
2025-03-02 15:00:00,14.800512150598875
2025-03-02 16:00:00,14.23749599298412
2025-03-02 17:00:00,18.239046889317216
2025-03-02 18:00:00,22.863844285100477
2025-03-02 19:00:00,24.99046127909929
2025-03-02 20:00:00,21.218014962672346
2025-03-02 21:00:00,20.88437542529474
2025-03-02 22:00:00,21.18361293615732
2025-03-02 23:00:00,20.349392822152197
2025-03-03 00:00:00,20.531336556398657
2025-03-03 01:00:00,29.146678420204264
2025-03-03 02:00:00,11.600758210600635
2025-03-03 03:00:00,9.450013732885823
2025-03-03 04:00:00,8.204329717463084
2025-03-03 05:00:00,6.950290504657496
2025-03-03 06:00:00,6.54072596154157
2025-03-03 07:00:00,6.190871716545295
2025-03-03 08:00:00,2.1130593621927103
2025-03-03 09:00:00,-1.394702285788936
2025-03-03 10:00:00,1.2989724323796743
2025-03-03 11:00:00,9.740024932000592
2025-03-03 12:00:00,26.76323545666693
2025-03-03 13:00:00,34.43730585931703
2025-03-03 14:00:00,34.80251478000092
2025-03-03 15:00:00,29.705822013081868
2025-03-03 16:00:00,19.787382758482863
2025-03-03 17:00:00,21.613243017587592
2025-03-03 18:00:00,24.38715185728862
2025-03-03 19:00:00,23.3753350663293
2025-03-03 20:00:00,22.02335612172741
2025-03-03 21:00:00,21.32889431726934
2025-03-03 22:00:00,20.376329519760663
2025-03-03 23:00:00,20.8416506743594
2025-03-04 00:00:00,21.92821541143225
2025-03-04 01:00:00,20.87256760769329
2025-03-04 02:00:00,18.22543714861554
2025-03-04 03:00:00,20.761460994234
2025-03-04 04:00:00,19.058876964247762
2025-03-04 05:00:00,14.55346452413116
2025-03-04 06:00:00,14.062904684629956
2025-03-04 07:00:00,14.708610545293414
2025-03-04 08:00:00,14.970667237265177
2025-03-04 09:00:00,25.2582455533783
2025-03-04 10:00:00,20.421993659012102
2025-03-04 11:00:00,16.4251335713519
2025-03-04 12:00:00,18.133103079516992
2025-03-04 13:00:00,24.36674901185281
2025-03-04 14:00:00,27.426286746144186
2025-03-04 15:00:00,26.110599236635007
2025-03-04 16:00:00,21.937678803142067
2025-03-04 17:00:00,25.263815281687343
2025-03-04 18:00:00,23.844116564467303
2025-03-04 19:00:00,22.959502867453654
2025-03-04 20:00:00,23.424266030113884
2025-03-04 21:00:00,22.27069666616196
2025-03-04 22:00:00,20.66320286760744
2025-03-04 23:00:00,22.44726561370663
2025-03-05 00:00:00,20.531799963775867
2025-03-05 01:00:00,20.058512536804937
2025-03-05 02:00:00,18.302006061004285
2025-03-05 03:00:00,15.160603508674042
2025-03-05 04:00:00,11.851153920250066
2025-03-05 05:00:00,10.489072373421072
2025-03-05 06:00:00,8.782567277490624
2025-03-05 07:00:00,6.894469723869447
2025-03-05 08:00:00,5.116789382986132
2025-03-05 09:00:00,8.934712508526195
2025-03-05 10:00:00,9.405957827302098
2025-03-05 11:00:00,5.767444881419271
2025-03-05 12:00:00,11.463094636564673
2025-03-05 13:00:00,14.473415109637347
2025-03-05 14:00:00,17.387465456930595
2025-03-05 15:00:00,16.15478131084206
2025-03-05 16:00:00,16.250832630966354
2025-03-05 17:00:00,17.12613736005951
2025-03-05 18:00:00,18.187479264810218
2025-03-05 19:00:00,17.63277095914895
2025-03-05 20:00:00,18.169223922324903
2025-03-05 21:00:00,18.314473318204424
2025-03-05 22:00:00,19.17241429922195
2025-03-05 23:00:00,18.9596696872864
2025-03-06 00:00:00,21.005079346451744
2025-03-06 01:00:00,20.126214175877436
2025-03-06 02:00:00,14.673461131051747
2025-03-06 03:00:00,8.7446479656998
2025-03-06 04:00:00,7.23867313062236
2025-03-06 05:00:00,6.486798891313034
2025-03-06 06:00:00,7.258783959416928
2025-03-06 07:00:00,8.852310522591917
2025-03-06 08:00:00,3.252088797995588
2025-03-06 09:00:00,3.3852210265802167
2025-03-06 10:00:00,5.848374674528325
2025-03-06 11:00:00,10.793770175898283
2025-03-06 12:00:00,24.241361429726986
2025-03-06 13:00:00,31.690777905864827
2025-03-06 14:00:00,20.57825480973146
2025-03-06 15:00:00,13.370113255620232
2025-03-06 16:00:00,12.275011420051182
2025-03-06 17:00:00,14.547613319155728
2025-03-06 18:00:00,18.747500549334962
2025-03-06 19:00:00,20.959452312390997
2025-03-06 20:00:00,19.08294175760459
2025-03-06 21:00:00,18.917588479258715
2025-03-06 22:00:00,18.775513637032038
2025-03-06 23:00:00,21.347447933500554
2025-03-07 00:00:00,27.68886418693887
2025-03-07 01:00:00,40.408112159307564
2025-03-07 02:00:00,19.541144511389763
2025-03-07 03:00:00,11.304864949906877
2025-03-07 04:00:00,9.520034742866061
2025-03-07 05:00:00,8.640264317235566
2025-03-07 06:00:00,8.854509450879105
2025-03-07 07:00:00,5.705935455709034
2025-03-07 08:00:00,1.7408409328007548
2025-03-07 09:00:00,3.217461533338994
2025-03-07 10:00:00,7.347163896250551
2025-03-07 11:00:00,14.304986088966867
2025-03-07 12:00:00,20.12731586678494
2025-03-07 13:00:00,22.809009540850685
2025-03-07 14:00:00,23.381980349275583
2025-03-07 15:00:00,20.815510919540145
2025-03-07 16:00:00,16.322437052160282
2025-03-07 17:00:00,15.968387360750503
2025-03-07 18:00:00,18.014494711185066
2025-03-07 19:00:00,17.757068519395332
2025-03-07 20:00:00,17.238816421097823
2025-03-07 21:00:00,17.98771574373568
2025-03-07 22:00:00,18.15237764121569
2025-03-07 23:00:00,20.496271415179685
2025-03-08 00:00:00,23.078500199293167
2025-03-08 01:00:00,29.608776170473547
2025-03-08 02:00:00,18.060202316865237
2025-03-08 03:00:00,15.68224203790959
2025-03-08 04:00:00,13.517751869520275
2025-03-08 05:00:00,13.283926155979874
2025-03-08 06:00:00,13.468710581033825
2025-03-08 07:00:00,11.337998486046532
2025-03-08 08:00:00,10.339549570563797
2025-03-08 09:00:00,10.457577396433154
2025-03-08 10:00:00,10.534007951058213
2025-03-08 11:00:00,12.980193000574106
2025-03-08 12:00:00,20.84414509004327
2025-03-08 13:00:00,19.194782678010924
2025-03-08 14:00:00,17.20238003613422
2025-03-08 15:00:00,16.48116317964525
2025-03-08 16:00:00,13.980969095205625
2025-03-08 17:00:00,16.099615122210835
2025-03-08 18:00:00,19.049748278869856
2025-03-08 19:00:00,20.543974383020846
2025-03-08 21:00:00,17.613059278996495
2025-03-08 22:00:00,15.818544246478918
2025-03-08 23:00:00,16.20980339813063
2025-03-09 00:00:00,15.117979147137698
2025-03-09 01:00:00,17.391122351667043
2025-03-09 03:00:00,17.4069113105782
2025-03-09 04:00:00,14.821563076650252
2025-03-09 05:00:00,13.135164959658262
2025-03-09 06:00:00,14.99384160643607
2025-03-09 07:00:00,14.24410377453212
2025-03-09 08:00:00,15.31166286038046
2025-03-09 09:00:00,14.805515200311598
2025-03-09 10:00:00,15.33063381648403
2025-03-09 11:00:00,15.383822034079492
2025-03-09 12:00:00,9.594776497602789
2025-03-09 13:00:00,9.720302934541932
2025-03-09 14:00:00,14.191009211812355
2025-03-09 15:00:00,18.50110866914689
2025-03-09 16:00:00,17.903771842543566
2025-03-09 17:00:00,19.747703377283358
2025-03-09 18:00:00,19.462724486173617
2025-03-09 19:00:00,21.775285434965483
2025-03-09 20:00:00,25.11443890556971
2025-03-09 21:00:00,24.60658550042498
2025-03-09 22:00:00,21.356299516452154
2025-03-09 23:00:00,22.43874712043955
2025-03-10 00:00:00,23.3415595492064
2025-03-10 01:00:00,23.08144003256651
2025-03-10 02:00:00,24.4712966120337
2025-03-10 03:00:00,24.325771518226876
2025-03-10 04:00:00,20.135287241724043
2025-03-10 05:00:00,19.036779399632096
2025-03-10 06:00:00,20.560886137841834
2025-03-10 07:00:00,17.97455400851096
2025-03-10 08:00:00,16.488901194546976
2025-03-10 09:00:00,13.019334655748482
2025-03-10 10:00:00,10.457329970761378
2025-03-10 11:00:00,7.980481794694282
2025-03-10 12:00:00,6.0809730310057235
2025-03-10 13:00:00,6.481799341576362
2025-03-10 14:00:00,17.821757587440107
2025-03-10 15:00:00,22.090661780013928
2025-03-10 16:00:00,22.363798537639244
2025-03-10 17:00:00,21.7757085948415
2025-03-10 18:00:00,19.603346489564284
2025-03-10 19:00:00,23.23889186928247
2025-03-10 20:00:00,23.03737251302849
2025-03-10 21:00:00,21.07288380625434
2025-03-10 22:00:00,20.19500196710323
2025-03-10 23:00:00,19.936753222311946
2025-03-11 00:00:00,22.258656747092648
2025-03-11 01:00:00,26.545719253319884
2025-03-11 02:00:00,27.82774997053581
2025-03-11 03:00:00,55.17766048764282
2025-03-11 04:00:00,19.24279210357369
2025-03-11 05:00:00,16.855367766371273
2025-03-11 06:00:00,16.611072269686684
2025-03-11 07:00:00,15.410679822815181
2025-03-11 08:00:00,11.39499634122273
2025-03-11 09:00:00,3.287117765246437
2025-03-11 10:00:00,1.9674704085536443
2025-03-11 11:00:00,3.1674026532395994
2025-03-11 12:00:00,4.458504405194482
2025-03-11 13:00:00,8.293429762566063
2025-03-11 14:00:00,19.005994694254003
2025-03-11 15:00:00,20.655010401703247
2025-03-11 16:00:00,12.443459117862295
2025-03-11 17:00:00,9.734982327961239
2025-03-11 18:00:00,11.172533825371545
2025-03-11 19:00:00,17.752874666970857
2025-03-11 20:00:00,19.26356852952331
2025-03-11 21:00:00,17.49625156749605
2025-03-11 22:00:00,15.758079060670543
2025-03-11 23:00:00,15.216853382505038
2025-03-12 00:00:00,16.322987136369193
2025-03-12 01:00:00,18.645667126752752
2025-03-12 02:00:00,22.35566769318845
2025-03-12 03:00:00,34.48449833800393
2025-03-12 04:00:00,8.980042374798726
2025-03-12 05:00:00,7.692816770844898
2025-03-12 06:00:00,7.030255422432927
2025-03-12 07:00:00,6.1359700289564705
2025-03-12 08:00:00,3.522620008481905
2025-03-12 09:00:00,-0.6605938229307573
2025-03-12 10:00:00,1.014909045745568
2025-03-12 11:00:00,2.9122905637547585
2025-03-12 12:00:00,5.589855065448901
2025-03-12 13:00:00,7.5132376918373565
2025-03-12 14:00:00,21.82841793452074
2025-03-12 15:00:00,33.440289505696434
2025-03-12 16:00:00,17.40443530365193
2025-03-12 17:00:00,12.430613172761205
2025-03-12 18:00:00,12.854894979050794
2025-03-12 19:00:00,16.39753515041829
2025-03-12 20:00:00,17.217253300627767
2025-03-12 21:00:00,16.12702028677041
2025-03-12 22:00:00,14.732189944095223
2025-03-12 23:00:00,14.5066662795464
2025-03-13 00:00:00,17.548678165515213
2025-03-13 01:00:00,16.970072546634903
2025-03-13 02:00:00,19.856995149818427
2025-03-13 03:00:00,22.75170092766287
2025-03-13 04:00:00,12.454625258250227
2025-03-13 05:00:00,11.004487299899107
2025-03-13 06:00:00,10.497327738604664
2025-03-13 07:00:00,6.399668983591435
2025-03-13 08:00:00,4.801534634930815
2025-03-13 09:00:00,4.522991962086145
2025-03-13 10:00:00,2.7773319888020933
2025-03-13 11:00:00,3.608234523319961
2025-03-13 12:00:00,11.509981695983093
2025-03-13 13:00:00,10.73740671350364
2025-03-13 14:00:00,16.286592948611307
2025-03-13 15:00:00,23.552223986459147
2025-03-13 16:00:00,19.402560383591073
2025-03-13 17:00:00,16.737317994853914
2025-03-13 18:00:00,17.106301829078337
2025-03-13 19:00:00,21.711759895267924
2025-03-13 20:00:00,23.373036356991776
2025-03-13 21:00:00,23.512469362125145
2025-03-13 22:00:00,21.92127067289061
2025-03-13 23:00:00,21.658493731562757
2025-03-14 00:00:00,23.49258770615036
2025-03-14 01:00:00,26.35506232709753
2025-03-14 02:00:00,28.83020747617212
2025-03-14 03:00:00,37.17790252905735
2025-03-14 04:00:00,17.51896924515658
2025-03-14 05:00:00,14.80729104591451
2025-03-14 06:00:00,15.173856156318356
2025-03-14 07:00:00,12.593617496761418
2025-03-14 08:00:00,9.266789091021323
2025-03-14 09:00:00,5.697989683452736
2025-03-14 10:00:00,1.9003127515956904
2025-03-14 11:00:00,2.9088577946748826
2025-03-14 12:00:00,8.320575414455616
2025-03-14 13:00:00,10.508209187468353
2025-03-14 14:00:00,13.676108400902422
2025-03-14 15:00:00,18.540112199427952
2025-03-14 16:00:00,18.421353498366518
2025-03-14 17:00:00,18.126171941659596
2025-03-14 18:00:00,21.09500478579407
2025-03-14 19:00:00,26.66322619139497
2025-03-14 20:00:00,27.385493655344398
2025-03-14 21:00:00,26.47413523397437
2025-03-14 22:00:00,23.34443233261842
2025-03-14 23:00:00,21.746325969772176
2025-03-15 00:00:00,21.27648703412703
2025-03-15 01:00:00,21.4365159898535
2025-03-15 02:00:00,20.60819224611288
2025-03-15 03:00:00,21.574048237076187
2025-03-15 04:00:00,15.574205851138673
2025-03-15 05:00:00,13.91603154764904
2025-03-15 06:00:00,12.235436494591
2025-03-15 07:00:00,11.858094665166755
2025-03-15 08:00:00,12.844452509344608
2025-03-15 09:00:00,10.491304480406964
2025-03-15 10:00:00,9.528065732603645
2025-03-15 11:00:00,8.683288672946746
2025-03-15 12:00:00,9.888070260542706
2025-03-15 13:00:00,11.664280821281022
2025-03-15 14:00:00,13.982061281929992
2025-03-15 15:00:00,15.981032957568068
2025-03-15 16:00:00,18.85137753359548
2025-03-15 17:00:00,21.573235775194423
2025-03-15 18:00:00,21.172965608103343
2025-03-15 19:00:00,32.99529369068634
2025-03-15 20:00:00,33.33080312558698
2025-03-15 21:00:00,50.44094593586452
2025-03-15 22:00:00,36.90768717607803
2025-03-15 23:00:00,28.894287443083464
2025-03-16 00:00:00,26.912843206049978
2025-03-16 01:00:00,25.295147836311166
2025-03-16 02:00:00,23.47045174047464
2025-03-16 03:00:00,27.67887229241271
2025-03-16 04:00:00,15.973204752564767
2025-03-16 05:00:00,7.505408240851211
2025-03-16 06:00:00,4.713784759843129
2025-03-16 07:00:00,4.021588350603321
2025-03-16 08:00:00,2.7916286812797817
2025-03-16 09:00:00,-0.9698035604505596
2025-03-16 10:00:00,-1.2778732680611755
2025-03-16 11:00:00,0.17643559505828793
2025-03-16 12:00:00,3.24684078413521
2025-03-16 13:00:00,6.542337454678388
2025-03-16 14:00:00,18.469768159280346
2025-03-16 15:00:00,26.816716131541344
2025-03-16 16:00:00,26.557222777407056
2025-03-16 17:00:00,30.868416832334688
2025-03-16 18:00:00,30.509446611539353
2025-03-16 19:00:00,32.096005548907634
2025-03-16 20:00:00,32.64682194055693
2025-03-16 21:00:00,34.648665086444375
2025-03-16 22:00:00,28.166794096249475
2025-03-16 23:00:00,24.49128486722583
2025-03-17 00:00:00,24.370956874221836
2025-03-17 01:00:00,23.042381175429245
2025-03-17 02:00:00,22.01250253039493
2025-03-17 03:00:00,22.003658968526537
2025-03-17 04:00:00,15.40791337046723
2025-03-17 05:00:00,11.26543510297998
2025-03-17 06:00:00,11.127925180738563
2025-03-17 07:00:00,11.075856987334113
2025-03-17 08:00:00,7.090277254795694
2025-03-17 09:00:00,0.09847078366869498
2025-03-17 10:00:00,-1.7486868896076582
2025-03-17 11:00:00,-0.47441199246192695
2025-03-17 12:00:00,1.5031350362596798
2025-03-17 13:00:00,7.44418974109121
2025-03-17 14:00:00,20.117966073935737
2025-03-17 15:00:00,33.948382835388585
2025-03-17 16:00:00,20.63708789374856
2025-03-17 17:00:00,16.370385392344975
2025-03-17 18:00:00,14.767997643021998
2025-03-17 19:00:00,18.750956659143174
2025-03-17 20:00:00,20.560749228712925
2025-03-17 21:00:00,19.62108207687441
2025-03-17 22:00:00,18.519363259634666
2025-03-17 23:00:00,16.910721870671747
2025-03-18 00:00:00,16.418974358828553
2025-03-18 01:00:00,16.39058004165212
2025-03-18 02:00:00,15.766187091334233
2025-03-18 03:00:00,14.361916883812693
2025-03-18 04:00:00,7.479699641856858
2025-03-18 05:00:00,6.0497041475673905
2025-03-18 06:00:00,6.115649630224131
2025-03-18 07:00:00,5.085224515749356
2025-03-18 08:00:00,3.150300067994565
2025-03-18 09:00:00,0.754564162802577
2025-03-18 10:00:00,1.6143995576035892
2025-03-18 11:00:00,7.040319254354852
2025-03-18 12:00:00,10.479856080416482
2025-03-18 13:00:00,13.036101249506586
2025-03-18 14:00:00,19.628118228568137
2025-03-18 15:00:00,21.802788530321298
2025-03-18 16:00:00,17.156997548130146
2025-03-18 17:00:00,16.527560972234472
2025-03-18 18:00:00,16.06755041210965
2025-03-18 19:00:00,19.661726523888774
2025-03-18 20:00:00,20.715382151681613
2025-03-18 21:00:00,18.99190179516899
2025-03-18 22:00:00,18.775416039281673
2025-03-18 23:00:00,18.5744237649591
2025-03-19 00:00:00,18.62800190379097
2025-03-19 01:00:00,18.83280936055079
2025-03-19 02:00:00,18.47466669984298
2025-03-19 03:00:00,14.769745452958672
2025-03-19 04:00:00,6.664392344983646
2025-03-19 05:00:00,6.406144168019803
2025-03-19 06:00:00,6.625685064806421
2025-03-19 07:00:00,6.900657503273299
2025-03-19 08:00:00,4.1333371590706465
2025-03-19 09:00:00,3.3055709298996687
2025-03-19 10:00:00,3.6420779669066103
2025-03-19 11:00:00,6.133899783748267
2025-03-19 12:00:00,7.03235351948019
2025-03-19 13:00:00,12.534463370679214
2025-03-19 14:00:00,21.27531110342276
2025-03-19 15:00:00,26.65401847584059
2025-03-19 16:00:00,22.625866418838807
2025-03-19 17:00:00,20.060269577068844
2025-03-19 18:00:00,19.557328524209982
2025-03-19 19:00:00,23.805055779319964
2025-03-19 20:00:00,24.97864104208503
2025-03-19 21:00:00,23.77936941497042
2025-03-19 22:00:00,22.906302082471832
2025-03-19 23:00:00,22.523839806152726
2025-03-20 00:00:00,22.62828323138488
2025-03-20 01:00:00,26.88587994478115
2025-03-20 02:00:00,46.19310780723366
2025-03-20 03:00:00,42.20608144350977
2025-03-20 04:00:00,12.278562715412473
2025-03-20 05:00:00,7.828516557721454
2025-03-20 06:00:00,7.568620871457432
2025-03-20 07:00:00,5.101201734685928
2025-03-20 08:00:00,3.0889162335347193
2025-03-20 09:00:00,0.47541471671583285
2025-03-20 10:00:00,-0.5849031362847349
2025-03-20 11:00:00,-0.23980029893188207
2025-03-20 12:00:00,0.49040409560744697
2025-03-20 13:00:00,2.172087218345482
2025-03-20 14:00:00,11.268383995023735
2025-03-20 15:00:00,15.231783551399007
2025-03-20 16:00:00,14.982354271367866
2025-03-20 17:00:00,16.4402709958381
2025-03-20 18:00:00,15.94678484692678
2025-03-20 19:00:00,20.536958838085148
2025-03-20 20:00:00,21.004350835765553
2025-03-20 21:00:00,18.853824516598245
2025-03-20 22:00:00,19.52801924650421
2025-03-20 23:00:00,19.646540102621877
2025-03-21 00:00:00,21.22134696918255
2025-03-21 01:00:00,22.79240229925878
2025-03-21 02:00:00,29.09333944715313
2025-03-21 03:00:00,26.816063034715782
2025-03-21 04:00:00,14.823749099448715
2025-03-21 05:00:00,14.597248536413595
2025-03-21 06:00:00,13.473355149848526
2025-03-21 07:00:00,11.64271239954532
2025-03-21 08:00:00,6.757050299347865
2025-03-21 09:00:00,0.764544121939908
2025-03-21 10:00:00,-1.4695997605444004
2025-03-21 11:00:00,0.2636789422278506
2025-03-21 12:00:00,1.6734846999880564
2025-03-21 13:00:00,4.792746213263566
2025-03-21 14:00:00,11.56149071912442
2025-03-21 15:00:00,13.146233257669127
2025-03-21 16:00:00,10.916191213207231
2025-03-21 17:00:00,7.82565271447928
2025-03-21 18:00:00,8.838667763764395
2025-03-21 19:00:00,15.219567936577153
2025-03-21 20:00:00,16.3879796989538
2025-03-21 21:00:00,15.66288138919195
2025-03-21 22:00:00,14.97272937374435
2025-03-21 23:00:00,16.112369894532662
2025-03-22 00:00:00,16.596975449094256
2025-03-22 01:00:00,17.90334366695335
2025-03-22 02:00:00,20.068334032819724
2025-03-22 03:00:00,15.783541477560657
2025-03-22 04:00:00,8.425311751036
2025-03-22 05:00:00,7.046713288827826
2025-03-22 06:00:00,5.029841916299567
2025-03-22 07:00:00,4.826121211939429
2025-03-22 08:00:00,2.7895061591888077
2025-03-22 09:00:00,-0.38523698954581564
2025-03-22 10:00:00,1.7199826793857564
2025-03-22 11:00:00,4.332853700009182
2025-03-22 12:00:00,5.186189538250805
2025-03-22 13:00:00,10.176750223938864
2025-03-22 14:00:00,17.53867651796218
2025-03-22 15:00:00,20.738627374521403
2025-03-22 16:00:00,11.726755863204561
2025-03-22 17:00:00,8.496416843046738
2025-03-22 18:00:00,9.686338247175541
2025-03-22 19:00:00,15.258414683560856
2025-03-22 20:00:00,17.76328858437955
2025-03-22 21:00:00,15.991358831219168
2025-03-22 22:00:00,14.664701299277263
2025-03-22 23:00:00,14.089073486484663
2025-03-23 00:00:00,16.217122855363634
2025-03-23 01:00:00,16.188545829342345
2025-03-23 02:00:00,15.622191099750498
2025-03-23 03:00:00,14.052743333207898
2025-03-23 04:00:00,7.505485346287417
2025-03-23 05:00:00,6.48071879666146
2025-03-23 06:00:00,5.834999562176436
2025-03-23 07:00:00,5.080131774966829
2025-03-23 08:00:00,1.6251724048909775
2025-03-23 09:00:00,-1.947750485799109
2025-03-23 10:00:00,-2.970226503627154
2025-03-23 11:00:00,-1.8240167607589792
2025-03-23 12:00:00,0.6368314473795881
2025-03-23 13:00:00,6.364337545222765
2025-03-23 14:00:00,12.208493090142344
2025-03-23 15:00:00,13.415804321420993
2025-03-23 16:00:00,12.356797381762023
2025-03-23 17:00:00,10.73909505243776
2025-03-23 18:00:00,12.947834011591752
2025-03-23 19:00:00,18.96233045138567
2025-03-23 20:00:00,19.80110255707463
2025-03-23 21:00:00,18.490644457893065
2025-03-23 22:00:00,18.614957601463008
2025-03-23 23:00:00,18.270520834722717
2025-03-24 00:00:00,19.23332089309393
2025-03-24 01:00:00,19.123651727698178
2025-03-24 02:00:00,18.243214189794795
2025-03-24 03:00:00,17.18868560754475
2025-03-24 04:00:00,14.078837059623297
2025-03-24 05:00:00,11.393803233380549
2025-03-24 06:00:00,8.463087390757716
2025-03-24 07:00:00,11.421044668161862
2025-03-24 08:00:00,10.728703102812462
2025-03-24 09:00:00,7.1151406946308775
2025-03-24 10:00:00,4.618320819772189
2025-03-24 11:00:00,5.394532452387952
2025-03-24 12:00:00,2.680753979241968
2025-03-24 13:00:00,7.594543646473737
2025-03-24 14:00:00,15.468506169648876
2025-03-24 15:00:00,18.850309035317828
2025-03-24 16:00:00,22.34917725031756
2025-03-24 17:00:00,23.416347477308463
2025-03-24 18:00:00,23.279081647123043
2025-03-24 19:00:00,25.912713971834826
2025-03-24 20:00:00,27.06592613112875
2025-03-24 21:00:00,25.05583535273657
2025-03-24 22:00:00,24.232992759988754
2025-03-24 23:00:00,23.365228384164315
2025-03-25 00:00:00,23.691311523572292
2025-03-25 01:00:00,24.07453181245517
2025-03-25 02:00:00,22.599938621574324
2025-03-25 03:00:00,18.214109877528436
2025-03-25 04:00:00,13.832480711260665
2025-03-25 05:00:00,10.728010294279956
2025-03-25 06:00:00,10.210314237194321
2025-03-25 07:00:00,9.028110776455557
2025-03-25 08:00:00,4.842394806168573
2025-03-25 09:00:00,1.6775151677942068
2025-03-25 10:00:00,0.5473024371126511
2025-03-25 11:00:00,4.2084139945131
2025-03-25 12:00:00,5.573529579752985
2025-03-25 13:00:00,9.520321421245495
2025-03-25 14:00:00,29.82853837811559
2025-03-25 15:00:00,74.93681986584707
2025-03-25 16:00:00,33.37570620793624
2025-03-25 17:00:00,16.503661451417955
2025-03-25 18:00:00,18.334630597502844
2025-03-25 19:00:00,23.689600560291506
2025-03-25 20:00:00,27.453340186305653
2025-03-25 21:00:00,27.165362595592914
2025-03-25 22:00:00,24.87903198828977
2025-03-25 23:00:00,23.675624420877455
2025-03-26 00:00:00,22.151271719108866
2025-03-26 01:00:00,22.58062308470232
2025-03-26 02:00:00,22.258859718026486
2025-03-26 03:00:00,17.85732985704338
2025-03-26 04:00:00,14.428448764605921
2025-03-26 05:00:00,9.76555083295315
2025-03-26 06:00:00,8.516161190939432
2025-03-26 07:00:00,7.631059973811009
2025-03-26 08:00:00,6.135338138382956
2025-03-26 09:00:00,4.97794688022931
2025-03-26 10:00:00,4.643849193330949
2025-03-26 11:00:00,7.2966760569255715
2025-03-26 12:00:00,9.495781821188945
2025-03-26 13:00:00,21.01791887662488
2025-03-26 14:00:00,31.968755707015422
2025-03-26 15:00:00,46.04061207394761
2025-03-26 16:00:00,24.86258604759737
2025-03-26 17:00:00,19.392587093432144
2025-03-26 18:00:00,22.926740294944835
2025-03-26 19:00:00,29.537842029023253
2025-03-26 20:00:00,32.44578964975324
2025-03-26 21:00:00,29.463177425567153
2025-03-26 22:00:00,27.907186389275388
2025-03-26 23:00:00,26.556811618025023
2025-03-27 00:00:00,26.33189148872691
2025-03-27 01:00:00,28.196624780313382
2025-03-27 02:00:00,27.412954482742773
2025-03-27 03:00:00,25.471446169175767
2025-03-27 04:00:00,21.31683878174041
2025-03-27 05:00:00,16.737853765282573
2025-03-27 06:00:00,15.503283980726431
2025-03-27 07:00:00,14.174101232370784
2025-03-27 08:00:00,10.94854286091334
2025-03-27 09:00:00,9.299448569232492
2025-03-27 10:00:00,7.537274126648272
2025-03-27 11:00:00,9.632805090582186
2025-03-27 12:00:00,11.584828207586709
2025-03-27 13:00:00,15.796339940125225
2025-03-27 14:00:00,19.849955918931148
2025-03-27 15:00:00,22.768428142276928
2025-03-27 16:00:00,20.144758968081447
2025-03-27 17:00:00,18.334293421775676
2025-03-27 18:00:00,18.256675132827983
2025-03-27 19:00:00,20.785515470658176
2025-03-27 20:00:00,21.592376619430567
2025-03-27 21:00:00,19.73052589746097
2025-03-27 22:00:00,19.312050442489742
2025-03-27 23:00:00,20.1643803476197
2025-03-28 00:00:00,21.355859472369144
2025-03-28 01:00:00,23.765617923231535
2025-03-28 02:00:00,25.528278477420596
2025-03-28 03:00:00,22.367074025757386
2025-03-28 04:00:00,19.74198840656106
2025-03-28 05:00:00,15.559737490389827
2025-03-28 06:00:00,13.937827624497922
2025-03-28 07:00:00,12.024864341589149
2025-03-28 08:00:00,10.627626474710171
2025-03-28 09:00:00,11.135163304949137
2025-03-28 10:00:00,10.183251982572367
2025-03-28 11:00:00,10.451938082197628
2025-03-28 12:00:00,11.987722566479922
2025-03-28 13:00:00,13.365982506670091
2025-03-28 14:00:00,16.22394808622644
2025-03-28 15:00:00,18.856871931197087
2025-03-28 16:00:00,23.062681965396326
2025-03-28 17:00:00,23.96064442257752
2025-03-28 18:00:00,22.46881205461204
2025-03-28 19:00:00,24.218573833915162
2025-03-28 20:00:00,26.463147197640392
2025-03-28 21:00:00,23.836516493399003
2025-03-28 22:00:00,21.947383836031772
2025-03-28 23:00:00,21.982465001782447
2025-03-29 00:00:00,22.32426497165996
2025-03-29 01:00:00,24.11043590669211
2025-03-29 02:00:00,24.14513594604765
2025-03-29 03:00:00,26.004021585419565
2025-03-29 04:00:00,18.587984001571026
2025-03-29 05:00:00,16.34833243686747
2025-03-29 06:00:00,16.010398710180546
2025-03-29 07:00:00,14.878794517056948
2025-03-29 08:00:00,15.631716657902642
2025-03-29 09:00:00,17.513806919204484
2025-03-29 10:00:00,18.176851680629756
2025-03-29 11:00:00,15.93479956360169
2025-03-29 12:00:00,14.210571581379154
2025-03-29 13:00:00,14.245685824102091
2025-03-29 14:00:00,17.248634532888808
2025-03-29 15:00:00,18.464987373789207
2025-03-29 16:00:00,16.291914047916862
2025-03-29 17:00:00,16.03390704310556
2025-03-29 18:00:00,17.830132541444037
2025-03-29 19:00:00,21.087194145370116
2025-03-29 20:00:00,22.749010269559832
2025-03-29 21:00:00,20.55583639402119
2025-03-29 22:00:00,20.300250599672186
2025-03-29 23:00:00,18.895381507835573
2025-03-30 00:00:00,17.916970318606076
2025-03-30 01:00:00,19.55304344194706
2025-03-30 02:00:00,18.72060482578148
2025-03-30 03:00:00,18.17688578520752
2025-03-30 04:00:00,16.017808172556922
2025-03-30 05:00:00,14.654082678670738
2025-03-30 06:00:00,13.292708222624212
2025-03-30 07:00:00,12.620182888264717
2025-03-30 08:00:00,13.424402407052748
2025-03-30 09:00:00,13.156613083465162
2025-03-30 10:00:00,10.09203540512318
2025-03-30 11:00:00,6.538548920202335
2025-03-30 12:00:00,1.5010269619057235
2025-03-30 13:00:00,6.614713503667886
2025-03-30 14:00:00,13.19290294981107
2025-03-30 15:00:00,15.446811304855942
2025-03-30 16:00:00,23.48023843913051
2025-03-30 17:00:00,36.679479459977415
2025-03-30 18:00:00,36.07304514758898
2025-03-30 19:00:00,38.00401366147673
2025-03-30 20:00:00,37.76337792380485
2025-03-30 21:00:00,34.20119522392894
2025-03-30 22:00:00,32.33023012163093
2025-03-30 23:00:00,28.585361688622456
2025-03-31 00:00:00,26.998677082611483
2025-03-31 01:00:00,26.381949658452577
2025-03-31 02:00:00,24.09736213809251
2025-03-31 03:00:00,22.02468793640931
2025-03-31 04:00:00,18.192153599677184
2025-03-31 05:00:00,15.716474584233708
2025-03-31 06:00:00,15.517479648258853
2025-03-31 07:00:00,15.042393217900067
2025-03-31 08:00:00,15.138887008295455
2025-03-31 09:00:00,13.293852962743403
2025-03-31 10:00:00,18.169752424992083
2025-03-31 11:00:00,12.161173199773751
2025-03-31 12:00:00,17.444833165020537
2025-03-31 13:00:00,24.423796192198882
2025-03-31 14:00:00,38.152839177562036
2025-03-31 15:00:00,45.39363453180593
2025-03-31 16:00:00,34.24720765906437
2025-03-31 17:00:00,26.35243210951063
2025-03-31 18:00:00,27.228081148248066
2025-03-31 19:00:00,31.347988686030533
2025-03-31 20:00:00,34.91409701303789
2025-03-31 21:00:00,35.492161224246466
2025-03-31 22:00:00,38.95609784531833
2025-03-31 23:00:00,35.50153943492668
2025-04-01 00:00:00,33.84722771729277
2025-04-01 01:00:00,30.843629115688387
2025-04-01 02:00:00,31.724091187329236
2025-04-01 03:00:00,27.715715007112276
2025-04-01 04:00:00,20.90575576800637
2025-04-01 05:00:00,17.46499742186268
2025-04-01 06:00:00,16.214534152408103
2025-04-01 07:00:00,14.271313485854375
2025-04-01 08:00:00,11.840276978060325
2025-04-01 09:00:00,11.155738803907456
2025-04-01 10:00:00,11.297976579859627
2025-04-01 11:00:00,9.694910511505864
2025-04-01 12:00:00,11.213272502614627
2025-04-01 13:00:00,16.696394866235206
2025-04-01 14:00:00,34.82101105009707
2025-04-01 15:00:00,44.4937045816881
2025-04-01 16:00:00,26.0578384825108
2025-04-01 17:00:00,17.76855037536184
2025-04-01 18:00:00,20.111447125119525
2025-04-01 19:00:00,26.530815085060052
2025-04-01 20:00:00,30.787517926436628
2025-04-01 21:00:00,30.22487231494623
2025-04-01 22:00:00,27.521447307334963
2025-04-01 23:00:00,25.548817593623987
2025-04-02 00:00:00,26.326045561751528
2025-04-02 01:00:00,30.04599265887957
2025-04-02 02:00:00,33.97713439596548
2025-04-02 03:00:00,24.070208925807908
2025-04-02 04:00:00,18.96969742599739
2025-04-02 05:00:00,16.917712459759297
2025-04-02 06:00:00,16.163019210868224
2025-04-02 07:00:00,13.37506477042093
2025-04-02 08:00:00,10.851035151267585
2025-04-02 09:00:00,10.215585700304139
2025-04-02 10:00:00,10.49513147385798
2025-04-02 11:00:00,10.461336878301307
2025-04-02 12:00:00,13.349912033924493
2025-04-02 13:00:00,15.879482448392372
2025-04-02 14:00:00,23.043006251889317
2025-04-02 15:00:00,28.32842739494094
2025-04-02 16:00:00,30.568960719095525
2025-04-02 17:00:00,23.76386764408878
2025-04-02 18:00:00,22.813550127284355
2025-04-02 19:00:00,24.894285002038842
2025-04-02 20:00:00,26.13102670073833
2025-04-02 21:00:00,25.360936387832137
2025-04-02 22:00:00,24.912542943419087
2025-04-02 23:00:00,24.78411023507633
2025-04-03 00:00:00,24.336084809147327
2025-04-03 01:00:00,25.119028974864687
2025-04-03 02:00:00,27.564185032820983
2025-04-03 03:00:00,28.44778625920691
2025-04-03 04:00:00,21.112022339787867
2025-04-03 05:00:00,19.246344848944204
2025-04-03 06:00:00,18.220633226375988
2025-04-03 07:00:00,18.726654889165022
2025-04-03 08:00:00,22.38277866906955
2025-04-03 09:00:00,21.2695137491187
2025-04-03 10:00:00,19.444525727553113
2025-04-03 11:00:00,20.241688441930393
2025-04-03 12:00:00,30.85440162536115
2025-04-03 13:00:00,38.86091940830934
2025-04-03 14:00:00,47.18273991504235
2025-04-03 15:00:00,47.294284367612114
2025-04-03 16:00:00,40.474775126486705
2025-04-03 17:00:00,25.957121653767743
2025-04-03 18:00:00,25.14172069200877
2025-04-03 19:00:00,26.40040793461099
2025-04-03 20:00:00,25.876067895671056
2025-04-03 21:00:00,22.938334319089503
2025-04-03 22:00:00,21.14028349267014
2025-04-03 23:00:00,19.82152173388047
2025-04-04 00:00:00,19.718704583607067
2025-04-04 01:00:00,20.26778624146159
2025-04-04 02:00:00,19.625749601222676
2025-04-04 03:00:00,19.33369632067762
2025-04-04 04:00:00,17.356391305974885
2025-04-04 05:00:00,16.52029177025658
2025-04-04 06:00:00,16.423509500400492
2025-04-04 07:00:00,11.540252726658622
2025-04-04 08:00:00,10.616886710701221
2025-04-04 09:00:00,11.514215032350293
2025-04-04 10:00:00,10.510156479373224
2025-04-04 11:00:00,11.882148665685612
2025-04-04 12:00:00,12.018481705637333
2025-04-04 13:00:00,17.634743128872454
2025-04-04 14:00:00,22.2211904846409
2025-04-04 15:00:00,22.156838399756566
2025-04-04 16:00:00,21.485762277068932
2025-04-04 17:00:00,21.31272905055311
2025-04-04 18:00:00,22.892910969478162
2025-04-04 19:00:00,26.467630721075505
2025-04-04 20:00:00,27.473323523424835
2025-04-04 21:00:00,24.821008276963113
2025-04-04 22:00:00,25.102024899797925
2025-04-04 23:00:00,25.18613681974862
2025-04-05 00:00:00,27.76426188602327
2025-04-05 01:00:00,30.37623359696655
2025-04-05 02:00:00,28.715979961675977
2025-04-05 03:00:00,23.908926682618798
2025-04-05 04:00:00,19.874625875084092
2025-04-05 05:00:00,17.962143260476836
2025-04-05 06:00:00,16.29446992028904
2025-04-05 07:00:00,14.019231632414366
2025-04-05 08:00:00,13.102351770161741
2025-04-05 09:00:00,12.935853949680963
2025-04-05 10:00:00,13.387214677783543
2025-04-05 11:00:00,13.234806319729193
2025-04-05 12:00:00,14.08236886356579
2025-04-05 13:00:00,16.97796802947583
2025-04-05 14:00:00,19.18146408092825
2025-04-05 15:00:00,21.354096237993783
2025-04-05 16:00:00,22.556736362823084
2025-04-05 17:00:00,20.824463064705622
2025-04-05 18:00:00,21.862137282931084
2025-04-05 19:00:00,23.799333673647492
2025-04-05 20:00:00,24.54782799630576
2025-04-05 21:00:00,24.299986818853515
2025-04-05 22:00:00,24.17301227318705
2025-04-05 23:00:00,22.4292946354518
2025-04-06 00:00:00,22.260960938208818
2025-04-06 01:00:00,22.423719373587534
2025-04-06 02:00:00,23.40627127978478
2025-04-06 03:00:00,21.422399331976816
2025-04-06 04:00:00,20.654484894788062
2025-04-06 05:00:00,19.425623594452073
2025-04-06 06:00:00,18.03791835996917
2025-04-06 07:00:00,16.322498923277198
2025-04-06 08:00:00,15.40806693242163
2025-04-06 09:00:00,12.283840819901558
2025-04-06 10:00:00,13.09156619451245
2025-04-06 11:00:00,12.255260984974118
2025-04-06 12:00:00,11.840593838551086
2025-04-06 13:00:00,12.668818088019579
2025-04-06 14:00:00,13.47101809717291
2025-04-06 15:00:00,15.250973650580445
2025-04-06 16:00:00,15.012837738525636
2025-04-06 17:00:00,13.875630656623281
2025-04-06 18:00:00,14.738844172746369
2025-04-06 19:00:00,16.405372773594387
2025-04-06 20:00:00,16.21696479642471
2025-04-06 21:00:00,16.191053046204388
2025-04-06 22:00:00,17.339415830145654
2025-04-06 23:00:00,17.889161571659308
2025-04-07 00:00:00,19.686300927033926
2025-04-07 01:00:00,20.702295635004653
2025-04-07 02:00:00,19.938069376842584
2025-04-07 03:00:00,21.002182501532808
2025-04-07 04:00:00,16.83841670427354
2025-04-07 05:00:00,15.483051161347086
2025-04-07 06:00:00,13.857123098490558
2025-04-07 07:00:00,13.747469178829375
2025-04-07 08:00:00,10.19980637067955
2025-04-07 09:00:00,7.717935954871854
2025-04-07 10:00:00,8.594022020165417
2025-04-07 11:00:00,6.82159349840606
2025-04-07 12:00:00,7.746406051910967
2025-04-07 13:00:00,6.708285868738589
2025-04-07 14:00:00,15.607316569178964
2025-04-07 15:00:00,37.339842566039955
2025-04-07 16:00:00,43.29811238451458
2025-04-07 17:00:00,68.61143589588488
2025-04-07 18:00:00,67.27317600263528
2025-04-07 19:00:00,41.18580603472925
2025-04-07 20:00:00,36.133979787330844
2025-04-07 21:00:00,38.75356990279583
2025-04-07 22:00:00,47.83802623027317
2025-04-07 23:00:00,54.344784711722816
2025-04-08 00:00:00,54.00950127617599
2025-04-08 01:00:00,141.91741330995313
2025-04-08 02:00:00,146.0445327883928
2025-04-08 03:00:00,32.81832704329427
2025-04-08 04:00:00,18.737882509603583
2025-04-08 05:00:00,20.833248289185555
2025-04-08 06:00:00,20.02790144799831
2025-04-08 07:00:00,17.662555573803616
2025-04-08 08:00:00,11.748943302978173
2025-04-08 09:00:00,7.125603511816292
2025-04-08 10:00:00,7.938860482274549
2025-04-08 11:00:00,6.226978430562597
2025-04-08 12:00:00,5.820248716239229
2025-04-08 13:00:00,8.589471292357759
2025-04-08 14:00:00,21.308085246970684
2025-04-08 15:00:00,32.70737506368218
2025-04-08 16:00:00,46.54275275670951
2025-04-08 17:00:00,36.17894314270963
2025-04-08 18:00:00,27.22136782200065
2025-04-08 19:00:00,24.796892933434947
2025-04-08 20:00:00,25.49088982650044
2025-04-08 21:00:00,24.275554000721637
2025-04-08 22:00:00,25.333546370270913
2025-04-08 23:00:00,25.901630067539706
2025-04-09 00:00:00,26.198324671862366
2025-04-09 01:00:00,51.01448781039189
2025-04-09 02:00:00,52.67524343754491
2025-04-09 03:00:00,16.823463325675878
2025-04-09 04:00:00,12.647850723621284
2025-04-09 05:00:00,14.707471514509082
2025-04-09 06:00:00,13.901860048456987
2025-04-09 07:00:00,11.450498710430956
2025-04-09 08:00:00,5.610553106405524
2025-04-09 09:00:00,3.171146483913272
2025-04-09 10:00:00,2.8063374725189507
2025-04-09 11:00:00,3.5337153404415846
2025-04-09 12:00:00,3.2258217080886693
2025-04-09 13:00:00,4.508797924516822
2025-04-09 14:00:00,13.24595191350571
2025-04-09 15:00:00,17.30560862551923
2025-04-09 16:00:00,16.586561546576256
2025-04-09 17:00:00,12.096280326102262
2025-04-09 18:00:00,12.602318614806798
2025-04-09 19:00:00,19.720492594915413
2025-04-09 20:00:00,21.23673954524207
2025-04-09 21:00:00,18.649379650313357
2025-04-09 22:00:00,17.562056539359936
2025-04-09 23:00:00,16.899379164478894
2025-04-10 00:00:00,17.14535907131104
2025-04-10 01:00:00,18.074667174506008
2025-04-10 02:00:00,18.267423155873946
2025-04-10 03:00:00,9.822530927096494
2025-04-10 04:00:00,6.327753792057443
2025-04-10 05:00:00,5.932144624020923
2025-04-10 06:00:00,5.195651264641364
2025-04-10 07:00:00,3.1208488797265126
2025-04-10 08:00:00,0.21000518497348417
2025-04-10 09:00:00,-0.6767243775798881
2025-04-10 10:00:00,2.782580490526617
2025-04-10 11:00:00,5.9385860403933135
2025-04-10 12:00:00,7.4972837777923615
2025-04-10 13:00:00,7.477020319550865
2025-04-10 14:00:00,16.86264213564476
2025-04-10 15:00:00,26.321310845200255
2025-04-10 16:00:00,13.643341101502042
2025-04-10 17:00:00,10.300682275313743
2025-04-10 18:00:00,13.313285183651596
2025-04-10 19:00:00,22.669090054747244
2025-04-10 20:00:00,25.996536704550742
2025-04-10 21:00:00,25.903694437711756
2025-04-10 22:00:00,23.504794067006713
2025-04-10 23:00:00,21.89441615664242
2025-04-11 00:00:00,22.273067648271727
2025-04-11 01:00:00,23.434359653305773
2025-04-11 02:00:00,27.809871187454835
2025-04-11 03:00:00,16.178185174259518
2025-04-11 04:00:00,13.914540780092777
2025-04-11 05:00:00,13.519322785829587
2025-04-11 06:00:00,13.304193066744395
2025-04-11 07:00:00,9.535455613053918
2025-04-11 08:00:00,4.410029730122325
2025-04-11 09:00:00,1.5551277068373794
2025-04-11 10:00:00,2.7395442045232152
2025-04-11 11:00:00,6.220247857933267
2025-04-11 12:00:00,7.759313719299918
2025-04-11 13:00:00,9.250764636848055
2025-04-11 14:00:00,25.134971321088447
2025-04-11 15:00:00,27.944402766605926
2025-04-11 16:00:00,17.62531182134908
2025-04-11 17:00:00,14.961678135388185
2025-04-11 18:00:00,19.021963352487532
2025-04-11 19:00:00,27.68264262857177
2025-04-11 20:00:00,32.09956756282619
2025-04-11 21:00:00,31.757746085481088
2025-04-11 22:00:00,28.50811439971444
2025-04-11 23:00:00,26.488026570473448
2025-04-12 00:00:00,28.120331838346246
2025-04-12 01:00:00,28.90698624478053
2025-04-12 02:00:00,32.896438775432856
2025-04-12 03:00:00,21.29893306559214
2025-04-12 04:00:00,17.775460384093737
2025-04-12 05:00:00,15.395153643428142
2025-04-12 06:00:00,14.32190936340894
2025-04-12 07:00:00,11.850437929463348
2025-04-12 08:00:00,6.933590962649016
2025-04-12 09:00:00,3.620856593504556
2025-04-12 10:00:00,6.467996875698515
2025-04-12 11:00:00,9.478170560680267
2025-04-12 12:00:00,7.768196196302968
2025-04-12 13:00:00,10.320638665606621
2025-04-12 14:00:00,22.42439706088359
2025-04-12 15:00:00,26.740378229124577
2025-04-12 16:00:00,18.04764211021598
2025-04-12 17:00:00,13.756611544630083
2025-04-12 18:00:00,15.84072890948078
2025-04-12 19:00:00,23.514420684114196
2025-04-12 20:00:00,28.31110243585853
2025-04-12 21:00:00,26.968961178029275
2025-04-12 22:00:00,25.14460086334351
2025-04-12 23:00:00,22.005198778781565
2025-04-13 00:00:00,20.71969217732721
2025-04-13 01:00:00,19.80367121382457
2025-04-13 02:00:00,19.825476089393657
2025-04-13 03:00:00,12.593411949338622
2025-04-13 04:00:00,9.088742896086082
2025-04-13 05:00:00,6.898397111070039
2025-04-13 06:00:00,5.424310741132993
2025-04-13 07:00:00,3.9561530422298987
2025-04-13 08:00:00,0.01533851589652706
2025-04-13 09:00:00,-3.6708719321447987
2025-04-13 10:00:00,-2.49772890948419
2025-04-13 11:00:00,-0.19826322490321105
2025-04-13 12:00:00,1.3678668096057418
2025-04-13 13:00:00,4.098193903359462
2025-04-13 14:00:00,11.357505452172024
2025-04-13 15:00:00,12.911470983956995
2025-04-13 16:00:00,11.87403153691054
2025-04-13 17:00:00,11.246355269393401
2025-04-13 18:00:00,13.431470527207988
2025-04-13 19:00:00,20.64889762492619
2025-04-13 20:00:00,25.02571282325616
2025-04-13 21:00:00,24.198519895241695
2025-04-13 22:00:00,23.38358801015475
2025-04-13 23:00:00,22.004111958228762
2025-04-14 00:00:00,21.580771301241835
2025-04-14 01:00:00,20.926604111173678
2025-04-14 02:00:00,18.874234071437698
2025-04-14 03:00:00,11.339970840333294
2025-04-14 04:00:00,8.146216611848448
2025-04-14 05:00:00,7.708440888086799
2025-04-14 06:00:00,6.7549714852649165
2025-04-14 07:00:00,5.8640546408405685
2025-04-14 08:00:00,4.019724743843819
2025-04-14 09:00:00,1.511394082531629
2025-04-14 10:00:00,2.682628804940066
2025-04-14 11:00:00,3.7903083685457464
2025-04-14 12:00:00,4.35630835043116
2025-04-14 13:00:00,8.412396332430616
2025-04-14 14:00:00,13.883177054436228
2025-04-14 15:00:00,13.037333987871328
2025-04-14 16:00:00,14.375664427254662
2025-04-14 17:00:00,14.193029688994935
2025-04-14 18:00:00,17.549556413162247
2025-04-14 19:00:00,25.29221213897747
2025-04-14 20:00:00,28.979612998154394
2025-04-14 21:00:00,28.35194602289958
2025-04-14 22:00:00,26.865014126791664
2025-04-14 23:00:00,25.50271768441907
2025-04-15 00:00:00,25.36969320393486
2025-04-15 01:00:00,24.839917871262976
2025-04-15 02:00:00,22.458263796720445
2025-04-15 03:00:00,16.65175877523584
2025-04-15 04:00:00,13.281199268160638
2025-04-15 05:00:00,11.192381998438192
2025-04-15 06:00:00,12.889370170236656
2025-04-15 07:00:00,11.07456270067712
2025-04-15 08:00:00,8.19546037229494
2025-04-15 09:00:00,8.528098409067848
2025-04-15 10:00:00,9.04348007802029
2025-04-15 11:00:00,9.537280570843722
2025-04-15 12:00:00,9.10448513242623
2025-04-15 13:00:00,17.85139167838848
2025-04-15 14:00:00,23.76121164893177
2025-04-15 15:00:00,29.291255326143123
2025-04-15 16:00:00,31.996848033438066
2025-04-15 17:00:00,20.752856209943197
2025-04-15 18:00:00,23.454264757016485
2025-04-15 19:00:00,28.510781202502795
2025-04-15 20:00:00,32.282761891699984
2025-04-15 21:00:00,30.526018921309042
2025-04-15 22:00:00,28.846417223174587
2025-04-15 23:00:00,27.0957909364525
2025-04-16 00:00:00,24.89629168492337
2025-04-16 01:00:00,26.636379959891695
2025-04-16 02:00:00,24.571350863397427
2025-04-16 03:00:00,22.76776624284073
2025-04-16 04:00:00,15.513241304831457
2025-04-16 05:00:00,12.311302257993443
2025-04-16 06:00:00,11.348856960346547
2025-04-16 07:00:00,11.193149180375842
2025-04-16 08:00:00,10.068100333267251
2025-04-16 09:00:00,7.624633277994681
2025-04-16 10:00:00,5.372099385919256
2025-04-16 11:00:00,8.361588523016014
2025-04-16 12:00:00,7.215990656999781
2025-04-16 13:00:00,9.24546346295783
2025-04-16 14:00:00,20.47443151320603
2025-04-16 15:00:00,32.2566750485686
2025-04-16 16:00:00,23.72011744530223
2025-04-16 17:00:00,16.076012060396152
2025-04-16 18:00:00,15.489698739696214
2025-04-16 19:00:00,21.090174537239264
2025-04-16 20:00:00,24.073877193489903
2025-04-16 21:00:00,22.531950148297128
2025-04-16 22:00:00,21.497451612360134
2025-04-16 23:00:00,20.617262008401223
2025-04-17 00:00:00,19.42479878039652
2025-04-17 01:00:00,20.13683194044786
2025-04-17 02:00:00,19.456664086815742
2025-04-17 03:00:00,18.99792904391216
2025-04-17 04:00:00,14.02228881834885
2025-04-17 05:00:00,13.02157923433594
2025-04-17 06:00:00,10.264035663876438
2025-04-17 07:00:00,9.916004279283237
2025-04-17 08:00:00,8.594277789775651
2025-04-17 09:00:00,6.75741230783724
2025-04-17 10:00:00,4.870471974808405
2025-04-17 11:00:00,8.085371962940137
2025-04-17 12:00:00,10.029704778758186
2025-04-17 13:00:00,11.055520075539311
2025-04-17 14:00:00,20.001771469442396
2025-04-17 15:00:00,39.337691436551495
2025-04-17 16:00:00,42.6107241890958
2025-04-17 17:00:00,21.493084927356136
2025-04-17 18:00:00,20.081527394250575
2025-04-17 19:00:00,28.043519176706795
2025-04-17 20:00:00,29.509175963338727
2025-04-17 21:00:00,28.798814052212308
2025-04-17 22:00:00,27.389031210775205
2025-04-17 23:00:00,26.158806383231436
2025-04-18 00:00:00,26.498991036093344
2025-04-18 01:00:00,29.922438628304604
2025-04-18 02:00:00,38.32541386515545
2025-04-18 03:00:00,22.468269778433168
2025-04-18 04:00:00,17.258502121108325
2025-04-18 05:00:00,15.144893608384509
2025-04-18 06:00:00,12.607145773868355
2025-04-18 07:00:00,10.472066087394543
2025-04-18 08:00:00,9.233226079484293
2025-04-18 09:00:00,7.244675933825199
2025-04-18 10:00:00,5.766559118243939
2025-04-18 11:00:00,5.788997398934459
2025-04-18 12:00:00,7.8011990073622695
2025-04-18 13:00:00,10.804246872466267
2025-04-18 14:00:00,15.535182685553943
2025-04-18 15:00:00,19.41895341405991
2025-04-18 16:00:00,24.48796961031805
2025-04-18 17:00:00,20.28960314371112
2025-04-18 18:00:00,21.127736476146374
2025-04-18 19:00:00,26.116143568151653
2025-04-18 20:00:00,27.828284128776946
2025-04-18 21:00:00,26.441580290921443
2025-04-18 22:00:00,23.814660149664597
2025-04-18 23:00:00,22.55056115367981
2025-04-19 00:00:00,20.997421711808038
2025-04-19 01:00:00,22.285768373800853
2025-04-19 02:00:00,22.908076898272725
2025-04-19 03:00:00,16.543839059627796
2025-04-19 04:00:00,14.317077462649449
2025-04-19 05:00:00,10.877738893332264
2025-04-19 06:00:00,9.97534860105315
2025-04-19 07:00:00,10.485993590752635
2025-04-19 08:00:00,8.536603359374762
2025-04-19 09:00:00,6.396703502838069
2025-04-19 10:00:00,5.966067325578432
2025-04-19 11:00:00,13.574029522914408
2025-04-19 12:00:00,15.17523741142144
2025-04-19 13:00:00,14.25458791102178
2025-04-19 14:00:00,16.71787488684167
2025-04-19 15:00:00,17.82088738853452
2025-04-19 16:00:00,19.720528112278316
2025-04-19 17:00:00,20.307699556193597
2025-04-19 18:00:00,22.90045718246074
2025-04-19 19:00:00,26.336657981938522
2025-04-19 20:00:00,25.640927953748363
2025-04-19 21:00:00,23.794509325832266
2025-04-19 22:00:00,21.88076111207688
2025-04-19 23:00:00,19.866285351447743
2025-04-20 00:00:00,18.111778682326587
2025-04-20 01:00:00,18.407819878846187
2025-04-20 02:00:00,16.744715699658013
2025-04-20 03:00:00,15.182281356732922
2025-04-20 04:00:00,13.278394220333436
2025-04-20 05:00:00,12.268734355078067
2025-04-20 06:00:00,12.597611426730014
2025-04-20 07:00:00,12.47624455980127
2025-04-20 08:00:00,9.745766710747395
2025-04-20 09:00:00,7.663438539241691
2025-04-20 10:00:00,5.683639751587511
2025-04-20 11:00:00,7.834875467005129
2025-04-20 12:00:00,9.750583391027321
2025-04-20 13:00:00,12.084625090833493
2025-04-20 14:00:00,14.536534372352392
2025-04-20 15:00:00,16.438834131801187
2025-04-20 16:00:00,16.778380482480777
2025-04-20 17:00:00,17.44272191184347
2025-04-20 18:00:00,18.849778716290608
2025-04-20 19:00:00,19.982935993879245
2025-04-20 20:00:00,20.41356853897427
2025-04-20 21:00:00,19.206678593200273
2025-04-20 22:00:00,20.21499541093206
2025-04-20 23:00:00,21.741355611793757
2025-04-21 00:00:00,21.468721679946132
2025-04-21 01:00:00,18.67745230777034
2025-04-21 02:00:00,18.226544944559834
2025-04-21 03:00:00,15.539719583097048
2025-04-21 04:00:00,13.615990341406304
2025-04-21 05:00:00,11.737977190065926
2025-04-21 06:00:00,11.209622789819072
2025-04-21 07:00:00,10.482364101166974
2025-04-21 08:00:00,8.369545903447728
2025-04-21 09:00:00,5.027148686068343
2025-04-21 10:00:00,3.6319990762576424
2025-04-21 11:00:00,3.004294327966305
2025-04-21 12:00:00,5.880258820164083
2025-04-21 13:00:00,8.602961626257528
2025-04-21 14:00:00,19.486618956598534
2025-04-21 15:00:00,36.26930877643189
2025-04-21 16:00:00,47.76250872517367
2025-04-21 17:00:00,65.95464970341172
2025-04-21 18:00:00,22.996957653332878
2025-04-21 19:00:00,21.71720023548826
2025-04-21 20:00:00,23.059772033935772
2025-04-21 21:00:00,22.670698149059277
2025-04-21 22:00:00,22.121431060352837
2025-04-21 23:00:00,21.026447776713077
2025-04-22 00:00:00,18.19602728035652
2025-04-22 01:00:00,18.839766276054913
2025-04-22 02:00:00,18.3650855065772
2025-04-22 03:00:00,15.062858786606748
2025-04-22 04:00:00,12.68610420514618
2025-04-22 05:00:00,12.00987453049583
2025-04-22 06:00:00,9.292629167705934
2025-04-22 07:00:00,6.573922144317934
2025-04-22 08:00:00,2.8788822748985674
2025-04-22 09:00:00,-0.6511873423409514
2025-04-22 10:00:00,0.874395158900059
2025-04-22 11:00:00,3.1419554824995215
2025-04-22 12:00:00,3.263833916283604
2025-04-22 13:00:00,4.726273977529387
2025-04-22 14:00:00,16.621442022727578
2025-04-22 15:00:00,32.29375104679896
2025-04-22 16:00:00,23.060219676930636
2025-04-22 17:00:00,24.682634549919726
2025-04-22 18:00:00,16.188159610067533
2025-04-22 19:00:00,24.028419878091505
2025-04-22 20:00:00,28.662367887644855
2025-04-22 21:00:00,28.210373544884735
2025-04-22 22:00:00,26.270987564521924
2025-04-22 23:00:00,23.449845457641608
2025-04-23 00:00:00,23.415491401467648
2025-04-23 01:00:00,23.12327947175839
2025-04-23 02:00:00,21.50632741414786
2025-04-23 03:00:00,17.035601511802977
2025-04-23 04:00:00,13.416122665242105
2025-04-23 05:00:00,13.296725954718998
2025-04-23 06:00:00,12.368833065554885
2025-04-23 07:00:00,10.94068925758932
2025-04-23 08:00:00,11.010476085711687
2025-04-23 09:00:00,9.576717431065505
2025-04-23 10:00:00,7.3504495611615
2025-04-23 11:00:00,8.290906864670353
2025-04-23 12:00:00,8.289588564731005
2025-04-23 13:00:00,10.897977098363146
2025-04-23 14:00:00,21.470664818281755
2025-04-23 15:00:00,36.612953786014444
2025-04-23 16:00:00,31.574046864881502
2025-04-23 17:00:00,26.774637213896817
2025-04-23 18:00:00,24.64013848896957
2025-04-23 19:00:00,30.07947477925705
2025-04-23 20:00:00,32.64657774755631
2025-04-23 21:00:00,32.031943067129376
2025-04-23 22:00:00,29.789155833940804
2025-04-23 23:00:00,29.161705921412267
2025-04-24 00:00:00,26.505637152036005
2025-04-24 01:00:00,28.98985138245721
2025-04-24 02:00:00,28.652541444422216
2025-04-24 03:00:00,27.874020180966546
2025-04-24 04:00:00,19.036182963911404
2025-04-24 05:00:00,18.36856712280945
2025-04-24 06:00:00,15.94353597217841
2025-04-24 07:00:00,13.700142031319897
2025-04-24 08:00:00,12.35544660322436
2025-04-24 09:00:00,9.671870921828601
2025-04-24 10:00:00,7.250960574736044
2025-04-24 11:00:00,9.912781152258747
2025-04-24 12:00:00,12.462015704843413
2025-04-24 13:00:00,12.849481725604239
2025-04-24 14:00:00,19.100901469207106
2025-04-24 15:00:00,23.787386384463176
2025-04-24 16:00:00,22.678981129254506
2025-04-24 17:00:00,22.58331361462251
2025-04-24 18:00:00,23.738109244074792
2025-04-24 19:00:00,26.19779433258426
2025-04-24 20:00:00,27.11176955045675
2025-04-24 21:00:00,25.720288087724107
2025-04-24 22:00:00,24.5525785940452
2025-04-24 23:00:00,24.542108047452924
2025-04-25 00:00:00,27.965658034219775
2025-04-25 01:00:00,32.63466846757958
2025-04-25 02:00:00,34.022553744511086
2025-04-25 03:00:00,47.03781800097046
2025-04-25 04:00:00,24.984127047385527
2025-04-25 05:00:00,18.177595518102144
2025-04-25 06:00:00,15.803552291515432
2025-04-25 07:00:00,13.174953563799935
2025-04-25 08:00:00,10.561737805736882
2025-04-25 09:00:00,13.74168256549794
2025-04-25 10:00:00,16.103297017664097
2025-04-25 11:00:00,14.351724688207108
2025-04-25 12:00:00,14.600162659889458
2025-04-25 13:00:00,15.620016870095318
2025-04-25 14:00:00,17.68490043664826
2025-04-25 15:00:00,22.02533143406162
2025-04-25 16:00:00,23.327294591501847
2025-04-25 17:00:00,19.60981530303849
2025-04-25 18:00:00,21.16820570911914
2025-04-25 19:00:00,23.203078054809705
2025-04-25 20:00:00,23.25474015125451
2025-04-25 21:00:00,21.554369380186554
2025-04-25 22:00:00,19.97731885728432
2025-04-25 23:00:00,20.262932678461503
2025-04-26 00:00:00,20.40702768826539
2025-04-26 01:00:00,22.275865215757726
2025-04-26 02:00:00,23.87495898170259
2025-04-26 03:00:00,29.74256412415357
2025-04-26 04:00:00,19.467596170471577
2025-04-26 05:00:00,17.335400557034934
2025-04-26 06:00:00,16.34185458352081
2025-04-26 07:00:00,12.90385609810039
2025-04-26 08:00:00,11.800180845666494
2025-04-26 09:00:00,10.759955197906034
2025-04-26 10:00:00,10.508133452964138
2025-04-26 11:00:00,9.192991709127082
2025-04-26 12:00:00,7.635247947296346
2025-04-26 13:00:00,9.596015588242608
2025-04-26 14:00:00,12.901667511191357
2025-04-26 15:00:00,24.20157219980437
2025-04-26 16:00:00,24.35690659532403
2025-04-26 17:00:00,19.71403009863616
2025-04-26 18:00:00,21.607647317756562
2025-04-26 19:00:00,25.935895671597258
2025-04-26 20:00:00,28.291461093471632
2025-04-26 21:00:00,27.135812780053346
2025-04-26 22:00:00,24.777072308581246
2025-04-26 23:00:00,23.008130455045055
2025-04-27 00:00:00,22.241423120448513
2025-04-27 01:00:00,20.929515994209027
2025-04-27 02:00:00,19.895017304477385
2025-04-27 03:00:00,16.93111474096175
2025-04-27 04:00:00,14.136611536715385
2025-04-27 05:00:00,12.981895368845779
2025-04-27 06:00:00,11.487393453188888
2025-04-27 07:00:00,10.415335211261949
2025-04-27 08:00:00,8.991852723243055
2025-04-27 09:00:00,6.356014544206886
2025-04-27 10:00:00,4.512089993657522
2025-04-27 11:00:00,3.779653113289703
2025-04-27 12:00:00,7.062762070007495
2025-04-27 13:00:00,13.549610733914784
2025-04-27 14:00:00,21.707101869126777
2025-04-27 15:00:00,28.413020372517103
2025-04-27 16:00:00,56.03823423027059
2025-04-27 17:00:00,25.30359566297214
2025-04-27 18:00:00,23.750705152447967
2025-04-27 19:00:00,25.72952611803936
2025-04-27 20:00:00,37.60171682078912
2025-04-27 21:00:00,29.42026206873233
2025-04-27 22:00:00,25.603623676454806
2025-04-27 23:00:00,22.42621954149632
2025-04-28 00:00:00,22.703626656550398
2025-04-28 01:00:00,23.574469832036485
2025-04-28 02:00:00,22.79939627287614
2025-04-28 03:00:00,19.078141204791855
2025-04-28 04:00:00,16.391868845250087
2025-04-28 05:00:00,15.516580490927124
2025-04-28 06:00:00,14.98647536173903
2025-04-28 07:00:00,14.180675330857829
2025-04-28 08:00:00,11.56596816662288
2025-04-28 09:00:00,7.724080701381917
2025-04-28 10:00:00,7.818402738534511
2025-04-28 11:00:00,7.1027479796396396
2025-04-28 12:00:00,7.909755927886467
2025-04-28 13:00:00,11.367138576594886
2025-04-28 14:00:00,16.2576018577792
2025-04-28 15:00:00,19.346685757020893
2025-04-28 16:00:00,29.296284573658756
2025-04-28 17:00:00,21.20725788523257
2025-04-28 18:00:00,21.984964389092195
2025-04-28 19:00:00,25.984670157669726
2025-04-28 20:00:00,29.643542643962405
2025-04-28 21:00:00,27.429205301589487
2025-04-28 22:00:00,24.321109457269348
2025-04-28 23:00:00,23.57306315629199
2025-04-29 00:00:00,24.288833253848928
2025-04-29 01:00:00,25.84868468246931
2025-04-29 02:00:00,24.088682297011573
2025-04-29 03:00:00,20.25831138430325
2025-04-29 04:00:00,17.699707013486144
2025-04-29 05:00:00,16.783162350754484
2025-04-29 06:00:00,16.700297840784188
2025-04-29 07:00:00,15.788101777331567
2025-04-29 08:00:00,13.005037724755397
2025-04-29 09:00:00,12.590618099765162
2025-04-29 10:00:00,11.83889306809651
2025-04-29 11:00:00,11.266688824906439
2025-04-29 12:00:00,11.923352527797332
2025-04-29 13:00:00,17.702800879155575
2025-04-29 14:00:00,20.70151112378209
2025-04-29 15:00:00,23.26019583506567
2025-04-29 16:00:00,22.365779181357503
2025-04-29 17:00:00,19.46073830033875
2025-04-29 18:00:00,20.591435132478388
2025-04-29 19:00:00,25.73943571388126
2025-04-29 20:00:00,26.320953789274718
2025-04-29 21:00:00,25.18941009771386
2025-04-29 22:00:00,23.84766098264878
2025-04-29 23:00:00,23.642219220466654
2025-04-30 00:00:00,26.351660007826435
2025-04-30 01:00:00,24.04527641501376
2025-04-30 02:00:00,23.303066829354343
2025-04-30 03:00:00,20.391388684407424
2025-04-30 04:00:00,18.034664283054745
2025-04-30 05:00:00,19.439476449618198
2025-04-30 06:00:00,15.428593573485506
2025-04-30 07:00:00,11.088681596784614
2025-04-30 08:00:00,8.78697902830144
2025-04-30 09:00:00,10.03969539147424
2025-04-30 10:00:00,10.170935030635079
2025-04-30 11:00:00,8.860107825655687
2025-04-30 12:00:00,8.321794630953123
2025-04-30 13:00:00,11.582396982304587
2025-04-30 14:00:00,16.102731353034418
2025-04-30 15:00:00,27.125809670354833
2025-04-30 16:00:00,32.392565763863445
2025-04-30 17:00:00,25.775466118002363
2025-04-30 18:00:00,25.04261462368728
2025-04-30 19:00:00,27.027324140586327
2025-04-30 20:00:00,29.93306192329958
2025-04-30 21:00:00,28.19399991618214
2025-04-30 22:00:00,26.56956458537433
2025-04-30 23:00:00,25.0703878577115
2025-05-01 00:00:00,24.938513434972865
2025-05-01 01:00:00,25.790231530773823
2025-05-01 02:00:00,28.107550890220033
2025-05-01 03:00:00,21.200732677005394
2025-05-01 04:00:00,19.023825988897304
2025-05-01 05:00:00,18.805028762812775
2025-05-01 06:00:00,18.338915519480604
2025-05-01 07:00:00,17.137947581095613
2025-05-01 08:00:00,17.41493520506003
2025-05-01 09:00:00,16.355128927390275
2025-05-01 10:00:00,15.780520038088767
2025-05-01 11:00:00,15.289605653288893
2025-05-01 12:00:00,15.158312097835868
2025-05-01 13:00:00,16.986161734401524
2025-05-01 14:00:00,21.415363549813605
2025-05-01 15:00:00,36.0765554878556
2025-05-01 16:00:00,41.2191991102035
2025-05-01 17:00:00,65.15454752966495
2025-05-01 18:00:00,44.67429190388194
2025-05-01 19:00:00,34.028993425543
2025-05-01 20:00:00,32.4334835671786
2025-05-01 21:00:00,29.194288272904668
2025-05-01 22:00:00,26.84674003604826
2025-05-01 23:00:00,30.514715814251215
2025-05-02 00:00:00,30.856397688120488
2025-05-02 01:00:00,36.06746110435269
2025-05-02 02:00:00,35.48634234723391
2025-05-02 03:00:00,21.365861195141868
2025-05-02 04:00:00,18.176214593197297
2025-05-02 05:00:00,19.348111724759786
2025-05-02 06:00:00,18.63870692724301
2025-05-02 07:00:00,16.942520850940124
2025-05-02 08:00:00,15.081815541711393
2025-05-02 09:00:00,11.825332993998467
2025-05-02 10:00:00,12.492087423985197
2025-05-02 11:00:00,29.42950836802053
2025-05-02 12:00:00,38.30843782837011
2025-05-02 13:00:00,23.79757146400658
2025-05-02 14:00:00,21.301227898516444
2025-05-02 15:00:00,29.904524045107014
2025-05-02 16:00:00,26.239286571499285
2025-05-02 17:00:00,31.24661555411267
2025-05-02 18:00:00,28.01356069597372
2025-05-02 19:00:00,27.472424154104186
2025-05-02 20:00:00,29.539937957289386
2025-05-02 21:00:00,27.554219534185435
2025-05-02 22:00:00,25.522781157423893
2025-05-02 23:00:00,24.567523220677995
2025-05-03 00:00:00,24.994829782534275
2025-05-03 01:00:00,26.740596542413837
2025-05-03 02:00:00,23.44753095896012
2025-05-03 03:00:00,17.64494410001115
2025-05-03 04:00:00,16.596057206617456
2025-05-03 05:00:00,16.112605178598006
2025-05-03 06:00:00,15.183701083846493
2025-05-03 07:00:00,11.89518922258744
2025-05-03 08:00:00,9.41587523828215
2025-05-03 09:00:00,5.852469813307242
2025-05-03 10:00:00,5.836370065422925
2025-05-03 11:00:00,11.865000899588686
2025-05-03 12:00:00,13.394578719417217
2025-05-03 13:00:00,11.323029824797834
2025-05-03 14:00:00,14.135863747830877
2025-05-03 15:00:00,21.110692986767695
2025-05-03 16:00:00,22.766436317782425
2025-05-03 17:00:00,21.276750420499717
2025-05-03 18:00:00,22.796104383426854
2025-05-03 19:00:00,23.7696492199089
2025-05-03 20:00:00,24.53906406846218
2025-05-03 21:00:00,22.446723949832414
2025-05-03 22:00:00,21.238388115029657
2025-05-03 23:00:00,21.980016464790708
2025-05-04 00:00:00,21.5276582750381
2025-05-04 01:00:00,20.59144231591388
2025-05-04 02:00:00,19.412607443264417
2025-05-04 03:00:00,15.215368177291877
2025-05-04 04:00:00,11.787668620741607
2025-05-04 05:00:00,11.907692391632962
2025-05-04 06:00:00,12.03656141318887
2025-05-04 07:00:00,9.71151675677647
2025-05-04 08:00:00,4.658246800368449
2025-05-04 09:00:00,-0.14721947595568433
2025-05-04 10:00:00,0.6039876288305613
2025-05-04 11:00:00,0.8150058326560563
2025-05-04 12:00:00,0.844946284463832
2025-05-04 13:00:00,2.15441240101212
2025-05-04 14:00:00,6.881902433194435
2025-05-04 15:00:00,17.948385678524144
2025-05-04 16:00:00,17.699513175420133
2025-05-04 17:00:00,10.722886188917135
2025-05-04 18:00:00,12.633030951961778
2025-05-04 19:00:00,19.0237637305779
2025-05-04 20:00:00,24.119613234695283
2025-05-04 21:00:00,23.876348004375874
2025-05-04 22:00:00,23.037889236698465
2025-05-04 23:00:00,21.294566335387305
2025-05-05 00:00:00,21.07994004939697
2025-05-05 01:00:00,19.31849028284406
2025-05-05 02:00:00,19.169638602404625
2025-05-05 03:00:00,12.853138110855493
2025-05-05 04:00:00,10.27288946788944
2025-05-05 05:00:00,8.80366337003944
2025-05-05 06:00:00,8.63590661257897
2025-05-05 07:00:00,6.534343149006485
2025-05-05 08:00:00,2.7169803612523515
2025-05-05 09:00:00,-1.1908864653854077
2025-05-05 10:00:00,-0.09682420449662787
2025-05-05 11:00:00,2.1894869277301434
2025-05-05 12:00:00,3.2231741063618577
2025-05-05 13:00:00,3.3205212298108444
2025-05-05 14:00:00,9.99531475685946
2025-05-05 15:00:00,13.879876158584043
2025-05-05 16:00:00,15.03780401050855
2025-05-05 17:00:00,14.335352778020162
2025-05-05 18:00:00,15.303212306103662
2025-05-05 19:00:00,21.915082347125534
2025-05-05 20:00:00,25.885270292759056
2025-05-05 21:00:00,25.693916101879474
2025-05-05 22:00:00,24.173723682141365
2025-05-05 23:00:00,23.245436787724937
2025-05-06 00:00:00,23.58380071818196
2025-05-06 01:00:00,21.888704793686177
2025-05-06 02:00:00,19.857795518077577
2025-05-06 03:00:00,14.774180671960325
2025-05-06 04:00:00,12.139913486891926
2025-05-06 05:00:00,12.018836999323435
2025-05-06 06:00:00,12.69019100676432
2025-05-06 07:00:00,9.439852491405388
2025-05-06 08:00:00,9.841641833000276
2025-05-06 09:00:00,8.5583668140486
2025-05-06 10:00:00,9.999494610118196
2025-05-06 11:00:00,13.083146030809688
2025-05-06 12:00:00,13.803933078195742
2025-05-06 13:00:00,14.104447776600846
2025-05-06 14:00:00,18.140107418998145
2025-05-06 15:00:00,19.571892962893408
2025-05-06 16:00:00,20.420787092634043
2025-05-06 17:00:00,19.832357173294124
2025-05-06 18:00:00,20.211886803048053
2025-05-06 19:00:00,21.629975659310368
2025-05-06 20:00:00,21.594663956370077
2025-05-06 21:00:00,20.097339823849897
2025-05-06 22:00:00,19.33853594443996
2025-05-06 23:00:00,20.467603309777015
2025-05-07 00:00:00,20.25520201175673
2025-05-07 01:00:00,20.979448561073198
2025-05-07 02:00:00,22.2311329492242
2025-05-07 03:00:00,8.043239118134956
2025-05-07 04:00:00,15.689395086582842
2025-05-07 05:00:00,14.524020914028274
2025-05-07 06:00:00,15.863380190463111
2025-05-07 07:00:00,13.06781118881728
2025-05-07 08:00:00,14.54746347122624
2025-05-07 09:00:00,14.780428648089561
2025-05-07 10:00:00,14.449841672920133
2025-05-07 11:00:00,15.16579861018673
2025-05-07 12:00:00,13.886170848773974
2025-05-07 13:00:00,12.827351022062423
2025-05-07 14:00:00,23.523377560354007
2025-05-07 15:00:00,34.022640052667775
2025-05-07 16:00:00,35.38153053800209
2025-05-07 17:00:00,34.89802888829092
2025-05-07 18:00:00,21.841578630310494
2025-05-07 19:00:00,25.26488293670878
2025-05-07 20:00:00,28.377697196519936
2025-05-07 21:00:00,29.05584133021606
2025-05-07 22:00:00,27.05288956614032
2025-05-07 23:00:00,25.123230397311335
2025-05-08 00:00:00,23.411228066226887
2025-05-08 01:00:00,23.577042806184938
2025-05-08 02:00:00,22.999550197762005
2025-05-08 03:00:00,17.28977168697159
2025-05-08 04:00:00,16.058841062192666
2025-05-08 05:00:00,14.920057408076216
2025-05-08 06:00:00,14.538263268164162
2025-05-08 07:00:00,11.559789460267021
2025-05-08 08:00:00,7.584235386063179
2025-05-08 09:00:00,6.837524644628745
2025-05-08 10:00:00,5.915537253553864
2025-05-08 11:00:00,5.569591555518786
2025-05-08 12:00:00,5.614001106199002
2025-05-08 13:00:00,6.078806424180405
2025-05-08 14:00:00,16.07550520367992
2025-05-08 15:00:00,30.294068902499692
2025-05-08 16:00:00,28.52998363887125
2025-05-08 17:00:00,22.04745242337845
2025-05-08 18:00:00,20.044396208326162
2025-05-08 19:00:00,25.309581106708492
2025-05-08 20:00:00,29.779088710519048
2025-05-08 21:00:00,29.963990280551993
2025-05-08 22:00:00,28.262398459687855
2025-05-08 23:00:00,27.294333910157167
2025-05-09 00:00:00,25.906115506511465
2025-05-09 01:00:00,25.933245517271903
2025-05-09 02:00:00,24.185104693077083
2025-05-09 03:00:00,19.58144435197639
2025-05-09 04:00:00,17.382557977238353
2025-05-09 05:00:00,16.546588413591518
2025-05-09 06:00:00,15.742428404267566
2025-05-09 07:00:00,14.561062513299603
2025-05-09 08:00:00,10.288712482399365
2025-05-09 09:00:00,7.181596169635614
2025-05-09 10:00:00,9.871723252635137
2025-05-09 11:00:00,11.463716070319558
2025-05-09 12:00:00,21.78756449680902
2025-05-09 13:00:00,24.067947977837783
2025-05-09 14:00:00,40.65341721240126
2025-05-09 15:00:00,45.359899639822125
2025-05-09 16:00:00,262.25728193688377
2025-05-09 17:00:00,64.6571352548008
2025-05-09 18:00:00,37.902305627134915
2025-05-09 19:00:00,36.428180530170785
2025-05-09 20:00:00,34.36349455729425
2025-05-09 21:00:00,28.27203306995589
2025-05-09 22:00:00,25.792225501301736
2025-05-09 23:00:00,23.84508963957942
2025-05-10 00:00:00,21.298424877282667
2025-05-10 01:00:00,21.531315561404742
2025-05-10 02:00:00,19.69443479466364
2025-05-10 03:00:00,15.119559783263652
2025-05-10 04:00:00,12.546122971627277
2025-05-10 05:00:00,11.85639601288705
2025-05-10 06:00:00,10.2669042903903
2025-05-10 07:00:00,8.09624413255622
2025-05-10 08:00:00,3.178646201495319
2025-05-10 09:00:00,1.5395045661463846
2025-05-10 10:00:00,2.3873810191349447
2025-05-10 11:00:00,3.473154957595653
2025-05-10 12:00:00,6.746578883554988
2025-05-10 13:00:00,7.533364485074628
2025-05-10 14:00:00,15.804417561196175
2025-05-10 15:00:00,25.23555718046942
2025-05-10 16:00:00,85.99154508981744
2025-05-10 17:00:00,42.29874193253014
2025-05-10 18:00:00,31.26245213184445
2025-05-10 19:00:00,30.238278785787113
2025-05-10 20:00:00,30.9538408694063
2025-05-10 21:00:00,29.905376381419725
2025-05-10 22:00:00,27.602139644567156
2025-05-10 23:00:00,25.419742258051752
2025-05-11 00:00:00,23.837853685443026
2025-05-11 01:00:00,23.209238691011347
2025-05-11 02:00:00,21.390307985331905
2025-05-11 03:00:00,17.58345302901811
2025-05-11 04:00:00,15.803459211582858
2025-05-11 05:00:00,13.972990407953173
2025-05-11 06:00:00,11.819329504674403
2025-05-11 07:00:00,8.70755435530172
2025-05-11 08:00:00,4.893909405918156
2025-05-11 09:00:00,1.5709992463393059
2025-05-11 10:00:00,0.9710147646201249
2025-05-11 11:00:00,3.319184335274399
2025-05-11 12:00:00,3.749244863520706
2025-05-11 13:00:00,3.2679807269667593
2025-05-11 14:00:00,9.905400195784399
2025-05-11 15:00:00,18.825261376181288
2025-05-11 16:00:00,28.03653583313713
2025-05-11 17:00:00,23.712770990348062
2025-05-11 18:00:00,23.81857018735519
2025-05-11 19:00:00,27.16234479950633
2025-05-11 20:00:00,29.327373777025475
2025-05-11 21:00:00,28.77197825595688
2025-05-11 22:00:00,26.36195282074401
2025-05-11 23:00:00,25.326634586047636
2025-05-12 00:00:00,25.742190507712518
2025-05-12 01:00:00,26.216511234000595
2025-05-12 02:00:00,24.29817226149792
2025-05-12 03:00:00,19.78743004597116
2025-05-12 04:00:00,17.488920868225737
2025-05-12 05:00:00,16.243792087551856
2025-05-12 06:00:00,15.398184242158594
2025-05-12 07:00:00,12.787897781892681
2025-05-12 08:00:00,5.682098221907437
2025-05-12 09:00:00,1.415226030715557
2025-05-12 10:00:00,1.9061251386098421
2025-05-12 11:00:00,4.547193731015641
2025-05-12 12:00:00,4.757707812680515
2025-05-12 13:00:00,6.381565116756321
2025-05-12 14:00:00,14.849014303175268
2025-05-12 15:00:00,35.42603832440987
2025-05-12 16:00:00,41.37679521082477
2025-05-12 17:00:00,33.912625812115
2025-05-12 18:00:00,21.30013199870239
2025-05-12 19:00:00,24.15156568194393
2025-05-12 20:00:00,28.38942073943086
2025-05-12 21:00:00,29.448985670340885
2025-05-12 22:00:00,27.34174988032986
2025-05-12 23:00:00,27.046066052456613
2025-05-13 00:00:00,26.133650036799484
2025-05-13 01:00:00,26.804268740296916
2025-05-13 02:00:00,24.041392211512466
2025-05-13 03:00:00,19.11423032990332
2025-05-13 04:00:00,17.69249373288795
2025-05-13 05:00:00,15.888267597530398
2025-05-13 06:00:00,15.503947345797506
2025-05-13 07:00:00,11.383862521038036
2025-05-13 08:00:00,5.619190672324758
2025-05-13 09:00:00,2.9272749322663376
2025-05-13 10:00:00,5.423647164361089
2025-05-13 11:00:00,8.31016205496015
2025-05-13 12:00:00,8.942832024944698
2025-05-13 13:00:00,11.589237524071237
2025-05-13 14:00:00,23.642197368700725
2025-05-13 15:00:00,32.08591037529261
2025-05-13 16:00:00,23.548893159607847
2025-05-13 17:00:00,20.111313027411185
2025-05-13 18:00:00,19.238148968877606
2025-05-13 19:00:00,26.37446793885762
2025-05-13 20:00:00,31.519750153734147
2025-05-13 21:00:00,28.891560271521243
2025-05-13 22:00:00,24.65044479243473
2025-05-13 23:00:00,23.06100934782829
2025-05-14 00:00:00,22.82826729692516
2025-05-14 01:00:00,24.664415756044157
2025-05-14 02:00:00,21.8553448997522
2025-05-14 03:00:00,14.453905389379116
2025-05-14 04:00:00,11.866441982221748
2025-05-14 05:00:00,12.517814567757132
2025-05-14 06:00:00,11.19615779207743
2025-05-14 07:00:00,8.558397647007405
2025-05-14 08:00:00,4.160540698338415
2025-05-14 09:00:00,2.3636886485908244
2025-05-14 10:00:00,4.521291470297464
2025-05-14 11:00:00,5.581488642038906
2025-05-14 12:00:00,6.130547742691476
2025-05-14 13:00:00,8.187115667141226
2025-05-14 14:00:00,16.483477454088806
2025-05-14 15:00:00,20.479814690814596
2025-05-14 16:00:00,21.401743754613815
2025-05-14 17:00:00,22.554971404727464
2025-05-14 18:00:00,24.200450863749385
2025-05-14 19:00:00,30.90372541392829
2025-05-14 20:00:00,34.63265316572993
2025-05-14 21:00:00,34.12861976156792
2025-05-14 22:00:00,31.452190663500335
2025-05-14 23:00:00,30.185734728274298
2025-05-15 00:00:00,29.13321975837501
2025-05-15 01:00:00,28.58532257991034
2025-05-15 02:00:00,25.884283157043345
2025-05-15 03:00:00,20.164373176756932
2025-05-15 04:00:00,16.083582733496204
2025-05-15 05:00:00,15.642145220947302
2025-05-15 06:00:00,15.20463733787194
2025-05-15 07:00:00,11.174270323459286
2025-05-15 08:00:00,8.111868336164079
2025-05-15 09:00:00,6.307949116904502
2025-05-15 10:00:00,5.794358851527121
2025-05-15 11:00:00,7.230912680099154
2025-05-15 12:00:00,7.353801654869508
2025-05-15 13:00:00,9.926730609532184
2025-05-15 14:00:00,16.55984399327552
2025-05-15 15:00:00,18.545748941545096
2025-05-15 16:00:00,22.994790295619694
2025-05-15 17:00:00,25.707978058878872
2025-05-15 18:00:00,29.959380009624663
2025-05-15 19:00:00,34.977099672838946
2025-05-15 20:00:00,37.07239299074366
2025-05-15 21:00:00,36.170478688239044
2025-05-15 22:00:00,33.40724396080538
2025-05-15 23:00:00,31.410083428391864
2025-05-16 00:00:00,28.48147501646065
2025-05-16 01:00:00,27.301769102396023
2025-05-16 02:00:00,25.268041441745396
2025-05-16 03:00:00,19.925629344685568
2025-05-16 04:00:00,18.06290386446708
2025-05-16 05:00:00,15.916786870089275
2025-05-16 06:00:00,16.263328124184298
2025-05-16 07:00:00,14.66898822042301
2025-05-16 08:00:00,13.652945405060112
2025-05-16 09:00:00,11.793722238654576
2025-05-16 10:00:00,11.489654362016104
2025-05-16 11:00:00,20.4443455298714
2025-05-16 12:00:00,29.97495356851145
2025-05-16 13:00:00,21.63044034987141
2025-05-16 14:00:00,23.811622160826868
2025-05-16 15:00:00,31.10043354620005
2025-05-16 16:00:00,31.654650879217197
2025-05-16 17:00:00,25.619602291976936
2025-05-16 18:00:00,27.80048026269142
2025-05-16 19:00:00,32.204906163615505
2025-05-16 20:00:00,33.55391204981668
2025-05-16 21:00:00,32.47765431447977
2025-05-16 22:00:00,29.86333592154997
2025-05-16 23:00:00,27.910287491529015
2025-05-17 00:00:00,26.035746533375054
2025-05-17 01:00:00,26.01406520039587
2025-05-17 02:00:00,24.029983182267827
2025-05-17 03:00:00,20.724428359212585
2025-05-17 04:00:00,18.78491095413315
2025-05-17 05:00:00,16.984647886926993
2025-05-17 06:00:00,16.256190130605702
2025-05-17 07:00:00,16.075595268303054
2025-05-17 08:00:00,15.574643568626689
2025-05-17 09:00:00,15.425489168943287
2025-05-17 10:00:00,13.22248881344111
2025-05-17 11:00:00,29.34948417414599
2025-05-17 12:00:00,38.9193729868871
2025-05-17 13:00:00,63.17560769595405
2025-05-17 14:00:00,186.53464640370944
2025-05-17 15:00:00,160.39048456562776
2025-05-17 16:00:00,59.530477126311986
2025-05-17 17:00:00,36.60168488621932
2025-05-17 18:00:00,30.43172892945223
2025-05-17 19:00:00,32.78965448501322
2025-05-17 20:00:00,35.67186952150341
2025-05-17 21:00:00,32.74742726717894
2025-05-17 22:00:00,28.88238468669441
2025-05-17 23:00:00,25.991298677144943
2025-05-18 00:00:00,24.73218838209752
2025-05-18 01:00:00,23.836052713649178
2025-05-18 02:00:00,22.264449488386283
2025-05-18 03:00:00,20.50243949155152
2025-05-18 04:00:00,18.556859041846433
2025-05-18 05:00:00,18.338404636937057
2025-05-18 06:00:00,17.550611202253094
2025-05-18 07:00:00,15.770302044014839
2025-05-18 08:00:00,12.736750002474334
2025-05-18 09:00:00,7.820623897435681
2025-05-18 10:00:00,5.993935898815692
2025-05-18 11:00:00,10.542486918358346
2025-05-18 12:00:00,14.198803023598158
2025-05-18 13:00:00,27.65270839023365
2025-05-18 14:00:00,60.53040190313859
2025-05-18 15:00:00,64.58549730698918
2025-05-18 16:00:00,39.14671932854533
2025-05-18 17:00:00,28.968599580276926
2025-05-18 18:00:00,28.165953185606348
2025-05-18 19:00:00,32.465307887299936
2025-05-18 20:00:00,36.05235748740485
2025-05-18 21:00:00,36.076272832195144
2025-05-18 22:00:00,33.912100061183494
2025-05-18 23:00:00,28.84520868888966
2025-05-19 00:00:00,27.49422105538433
2025-05-19 01:00:00,26.63337987877077
2025-05-19 02:00:00,24.56910966615605
2025-05-19 03:00:00,23.534000499693626
2025-05-19 04:00:00,20.022095748943467
2025-05-19 05:00:00,18.22279939276597
2025-05-19 06:00:00,17.659181118327922
2025-05-19 07:00:00,17.481206247647837
2025-05-19 08:00:00,16.33395249480207
2025-05-19 09:00:00,11.274267270216626
2025-05-19 10:00:00,10.084238445190595
2025-05-19 11:00:00,9.603677863221455
2025-05-19 12:00:00,8.950258291468604
2025-05-19 13:00:00,13.85004641177017
2025-05-19 14:00:00,17.71105921254603
2025-05-19 15:00:00,22.46568621171771
2025-05-19 16:00:00,22.66941073508548
2025-05-19 17:00:00,22.21294638197128
2025-05-19 18:00:00,24.224883591718083
2025-05-19 19:00:00,27.40620432243532
2025-05-19 20:00:00,30.543816474357854
2025-05-19 21:00:00,29.012719008020387
2025-05-19 22:00:00,28.69367371870429
2025-05-19 23:00:00,28.99733564485009
2025-05-20 00:00:00,28.40243400719237
2025-05-20 01:00:00,32.14896679992811
2025-05-20 02:00:00,25.072072560369215
2025-05-20 03:00:00,21.725928499788576
2025-05-20 04:00:00,20.804395479614172
2025-05-20 05:00:00,19.855964105449008
2025-05-20 06:00:00,21.08835592631066
2025-05-20 07:00:00,16.886048994864865
2025-05-20 08:00:00,15.168704085513932
2025-05-20 09:00:00,14.537424181320764
2025-05-20 10:00:00,16.20914758218659
2025-05-20 11:00:00,13.433858061393806
2025-05-20 12:00:00,12.89847014901075
2025-05-20 13:00:00,15.04786009477083
2025-05-20 14:00:00,17.030425203428777
2025-05-20 15:00:00,19.07353115772366
2025-05-20 16:00:00,22.27904054566277
2025-05-20 17:00:00,26.664714934878422
2025-05-20 18:00:00,27.564038187804744
2025-05-20 19:00:00,28.591790608843954
2025-05-20 20:00:00,31.165047697752133
2025-05-20 21:00:00,30.76731073301755
2025-05-20 22:00:00,29.085594937385075
2025-05-20 23:00:00,27.4841781492266
2025-05-21 00:00:00,28.43687360147017
2025-05-21 01:00:00,29.01039904288856
2025-05-21 02:00:00,26.36865153533248
2025-05-21 03:00:00,19.75800506677538
2025-05-21 04:00:00,16.569158767640033
2025-05-21 05:00:00,12.735363266587337
2025-05-21 06:00:00,15.428880286162423
2025-05-21 07:00:00,12.594939063328788
2025-05-21 08:00:00,8.957071554675872
2025-05-21 09:00:00,5.851807458823038
2025-05-21 10:00:00,5.820090620499503
2025-05-21 11:00:00,6.223990693923048
2025-05-21 12:00:00,7.983340590931724
2025-05-21 13:00:00,9.284069636409749
2025-05-21 14:00:00,17.040507280600327
2025-05-21 15:00:00,50.7756319523809
2025-05-21 16:00:00,29.2183058060656
2025-05-21 17:00:00,19.62658373971675
2025-05-21 18:00:00,19.279381172569316
2025-05-21 19:00:00,25.401902264718093
2025-05-21 20:00:00,30.880016061630762
2025-05-21 21:00:00,32.47393843487603
2025-05-21 22:00:00,28.227514384092775
2025-05-21 23:00:00,26.165466318891493
2025-05-22 00:00:00,23.6451273745689
2025-05-22 01:00:00,23.626918100185534
2025-05-22 02:00:00,21.94174655069162
2025-05-22 03:00:00,17.138881145634905
2025-05-22 04:00:00,12.88682675575071
2025-05-22 05:00:00,9.064805092219162
2025-05-22 06:00:00,9.589041316041023
2025-05-22 07:00:00,7.464053738427874
2025-05-22 08:00:00,3.4831826135617323
2025-05-22 09:00:00,1.106488994073617
2025-05-22 10:00:00,3.087799665827118
2025-05-22 11:00:00,6.343642924379695
2025-05-22 12:00:00,8.38444247880031
2025-05-22 13:00:00,11.43516961499311
2025-05-22 14:00:00,24.49543310861907
2025-05-22 15:00:00,40.33894795310619
2025-05-22 16:00:00,24.021014351313195
2025-05-22 17:00:00,19.580771584762548
2025-05-22 18:00:00,22.845654405982316
2025-05-22 19:00:00,28.875507994465217
2025-05-22 20:00:00,32.70107655368172
2025-05-22 21:00:00,32.97568526083855
2025-05-22 22:00:00,30.087547572399505
2025-05-22 23:00:00,29.160343194205833
2025-05-23 00:00:00,28.943743322754507
2025-05-23 01:00:00,27.43926915755583
2025-05-23 02:00:00,26.020369226283496
2025-05-23 03:00:00,20.733395571621458
2025-05-23 04:00:00,18.04043215385078
2025-05-23 05:00:00,16.154537787711153
2025-05-23 06:00:00,15.763613058066062
2025-05-23 07:00:00,17.261512224069154
2025-05-23 08:00:00,14.172373204681458
2025-05-23 09:00:00,16.918950549461798
2025-05-23 10:00:00,8.386514251510194
2025-05-23 11:00:00,12.937349373700005
2025-05-23 12:00:00,11.180793954629324
2025-05-23 13:00:00,13.116160766874723
2025-05-23 14:00:00,18.233991221514813
2025-05-23 15:00:00,25.1841634702457
2025-05-23 16:00:00,24.066862195487147
2025-05-23 17:00:00,30.366631843370545
2025-05-23 18:00:00,29.314918714433222
2025-05-23 19:00:00,35.697871793805795
2025-05-23 20:00:00,37.95856251585765
2025-05-23 21:00:00,36.64941659784767
2025-05-23 22:00:00,34.12751192227436
2025-05-23 23:00:00,32.28806958554723
2025-05-24 00:00:00,30.56810710878209
2025-05-24 01:00:00,28.87626664611387
2025-05-24 02:00:00,26.74545284358009
2025-05-24 03:00:00,21.796808656476866
2025-05-24 04:00:00,19.212422111720056
2025-05-24 05:00:00,17.231616855115142
2025-05-24 06:00:00,16.43075930259285
2025-05-24 07:00:00,15.321594915601613
2025-05-24 08:00:00,10.720809992827059
2025-05-24 09:00:00,12.134759612882467
2025-05-24 10:00:00,13.853210507127313
2025-05-24 11:00:00,8.515944707959465
2025-05-24 12:00:00,6.7573436961467115
2025-05-24 13:00:00,9.229975291089593
2025-05-24 14:00:00,14.239472669534685
2025-05-24 15:00:00,18.85526484153339
2025-05-24 16:00:00,21.17228480045475
2025-05-24 17:00:00,24.782238274818713
2025-05-24 18:00:00,26.937990956415483
2025-05-24 19:00:00,33.80516074742622
2025-05-24 20:00:00,38.09275205748655
2025-05-24 21:00:00,37.18341903515212
2025-05-24 22:00:00,33.95834817616249
2025-05-24 23:00:00,32.81309251755345
2025-05-25 00:00:00,30.433433773426984
2025-05-25 01:00:00,29.232586256066824
2025-05-25 02:00:00,26.094867184763352
2025-05-25 03:00:00,22.780494920685726
2025-05-25 04:00:00,20.08345066269441
2025-05-25 05:00:00,18.540999901665515
2025-05-25 06:00:00,16.86949023573805
2025-05-25 07:00:00,15.1190854392334
2025-05-25 08:00:00,10.611551188631646
2025-05-25 09:00:00,8.087004074187295
2025-05-25 10:00:00,7.328180436056791
2025-05-25 11:00:00,5.629514285147239
2025-05-25 12:00:00,8.737862339918976
2025-05-25 13:00:00,10.746577765755069
2025-05-25 14:00:00,15.042982343305535
2025-05-25 15:00:00,17.470824349328126
2025-05-25 16:00:00,20.252281678098008
2025-05-25 17:00:00,21.316234972761226
2025-05-25 18:00:00,24.200817092457342
2025-05-25 19:00:00,31.74062523213222
2025-05-25 20:00:00,34.64438734846536
2025-05-25 21:00:00,34.83915377144929
2025-05-25 22:00:00,32.92946906446103
2025-05-25 23:00:00,30.795706218365197
2025-05-26 00:00:00,30.426960894038363
2025-05-26 01:00:00,27.186565367888505
2025-05-26 02:00:00,25.740788434140345
2025-05-26 03:00:00,20.221839422780242
2025-05-26 04:00:00,17.364503964503236
2025-05-26 05:00:00,17.684082171551804
2025-05-26 06:00:00,15.46045110166282
2025-05-26 07:00:00,14.511627698716246
2025-05-26 08:00:00,9.993272120594677
2025-05-26 09:00:00,6.059664094520134
2025-05-26 10:00:00,6.543513251338452
2025-05-26 11:00:00,7.182068219622174
2025-05-26 12:00:00,8.527596585012914
2025-05-26 13:00:00,12.679720142476148
2025-05-26 14:00:00,19.429187259304506
2025-05-26 15:00:00,25.90051197537672
2025-05-26 16:00:00,21.639315709062902
2025-05-26 17:00:00,25.583844957861018
2025-05-26 18:00:00,27.39415949940158
2025-05-26 19:00:00,34.75776217061119
2025-05-26 20:00:00,36.662361852334556
2025-05-26 21:00:00,35.977035896685464
2025-05-26 22:00:00,34.5907196553902
2025-05-26 23:00:00,34.1378221270321
2025-05-27 00:00:00,31.79370189045971
2025-05-27 01:00:00,29.992260014771304
2025-05-27 02:00:00,29.747901652998348
2025-05-27 03:00:00,27.245384105072397
2025-05-27 04:00:00,25.41216577838148
2025-05-27 05:00:00,21.373000461033538
2025-05-27 06:00:00,20.586926314994322
2025-05-27 07:00:00,17.258433838829948
2025-05-27 08:00:00,14.21878209791628
2025-05-27 09:00:00,12.445524849633953
2025-05-27 10:00:00,10.532171242687314
2025-05-27 11:00:00,10.619628271815637
2025-05-27 12:00:00,10.525316053328982
2025-05-27 13:00:00,13.817269896492165
2025-05-27 14:00:00,19.40227922627579
2025-05-27 15:00:00,25.777679341290234
2025-05-27 16:00:00,37.62120985716784
2025-05-27 17:00:00,31.518405672660858
2025-05-27 18:00:00,24.342506361768827
2025-05-27 19:00:00,24.550517185622926
2025-05-27 20:00:00,26.214188082099515
2025-05-27 21:00:00,25.487989180137074
2025-05-27 22:00:00,25.98438036620709
2025-05-27 23:00:00,25.80191210565682
2025-05-28 00:00:00,24.838269113459873
2025-05-28 01:00:00,27.507110210481382
2025-05-28 02:00:00,24.24735132030865
2025-05-28 03:00:00,20.463079996663293
2025-05-28 04:00:00,17.940859230351435
2025-05-28 05:00:00,17.46969213431807
2025-05-28 06:00:00,15.792356859262965
2025-05-28 07:00:00,13.51414579437135
2025-05-28 08:00:00,10.022208099304251
2025-05-28 09:00:00,9.753568937265955
2025-05-28 10:00:00,11.535627409351514
2025-05-28 11:00:00,14.472845698944548
2025-05-28 12:00:00,17.52011703432514
2025-05-28 13:00:00,17.89349377329909
2025-05-28 14:00:00,34.45682975849452
2025-05-28 15:00:00,41.21843762859987
2025-05-28 16:00:00,52.13331057114624
2025-05-28 17:00:00,36.08283538726077
2025-05-28 18:00:00,31.100927592746615
2025-05-28 19:00:00,36.27749783874174
2025-05-28 20:00:00,38.76084132725307
2025-05-28 21:00:00,38.938515644975475
2025-05-28 22:00:00,37.55634764639672
2025-05-28 23:00:00,33.533446645988654
2025-05-29 00:00:00,34.67970392920308
2025-05-29 01:00:00,33.54689376590955
2025-05-29 02:00:00,30.95789007684794
2025-05-29 03:00:00,25.79263055903769
2025-05-29 04:00:00,22.36513076918204
2025-05-29 05:00:00,20.530458393985896
2025-05-29 06:00:00,18.54098534832772
2025-05-29 07:00:00,15.920979113057879
2025-05-29 08:00:00,13.420563810204666
2025-05-29 09:00:00,12.96920329996674
2025-05-29 10:00:00,13.41668083780262
2025-05-29 11:00:00,14.468330867241386
2025-05-29 12:00:00,14.032125518943712
2025-05-29 13:00:00,13.894382682596724
2025-05-29 14:00:00,19.348821860248606
2025-05-29 15:00:00,22.27798956942574
2025-05-29 16:00:00,25.17426953309809
2025-05-29 17:00:00,21.36565944770789
2025-05-29 18:00:00,19.504376006036136
2025-05-29 19:00:00,25.041995111797352
2025-05-29 20:00:00,29.304529457821957
2025-05-29 21:00:00,30.385842300449806
2025-05-29 22:00:00,28.289130987563738
2025-05-29 23:00:00,27.136557910819743
2025-05-30 00:00:00,27.670516250026793
2025-05-30 01:00:00,27.718318945994255
2025-05-30 02:00:00,25.961463969014947
2025-05-30 03:00:00,20.729428210908814
2025-05-30 04:00:00,19.22423446787744
2025-05-30 05:00:00,17.544420252742317
2025-05-30 06:00:00,17.81413131367307
2025-05-30 07:00:00,14.869335530736576
2025-05-30 08:00:00,13.200883990394317
2025-05-30 09:00:00,10.788427682697069
2025-05-30 10:00:00,10.9303768636646
2025-05-30 11:00:00,16.16182609610203
2025-05-30 12:00:00,11.218374888366398
2025-05-30 13:00:00,12.89401799548511
2025-05-30 14:00:00,18.841704908419143
2025-05-30 15:00:00,23.791847224451587
2025-05-30 16:00:00,28.4406130531583
2025-05-30 17:00:00,27.524360193346986
2025-05-30 18:00:00,29.504292894937848
2025-05-30 19:00:00,37.299895161056845
2025-05-30 20:00:00,42.03735053168001
2025-05-30 21:00:00,42.86726023623096
2025-05-30 22:00:00,37.573220520274276
2025-05-30 23:00:00,34.98059363862076
2025-05-31 00:00:00,32.118695319382844
2025-05-31 01:00:00,32.094507557616765
2025-05-31 02:00:00,30.61235124752079
2025-05-31 03:00:00,28.760194721747705
2025-05-31 04:00:00,24.55780341517432
2025-05-31 05:00:00,21.56037712446615
2025-05-31 06:00:00,19.916493111324854
2025-05-31 07:00:00,18.37428680115346
2025-05-31 08:00:00,15.748720602850451
2025-05-31 09:00:00,15.042249785346268
2025-05-31 10:00:00,13.047910933995185
2025-05-31 11:00:00,13.214178752972822
2025-05-31 12:00:00,15.89291993830321
2025-05-31 13:00:00,17.997724905273568
2025-05-31 14:00:00,29.36196443093427
2025-05-31 15:00:00,44.85210732163532
2025-05-31 16:00:00,100.3872276637412
2025-05-31 17:00:00,40.541930246290974
2025-05-31 18:00:00,35.300164859730295
2025-05-31 19:00:00,35.83726544520042
2025-05-31 20:00:00,32.46605979903558
2025-05-31 21:00:00,33.37066331115505
2025-05-31 22:00:00,32.11171740657997
2025-05-31 23:00:00,28.248150146082416
2025-06-01 00:00:00,25.464546187541792
2025-06-01 01:00:00,24.11256747237778
2025-06-01 02:00:00,21.80827088130183
2025-06-01 03:00:00,19.048216882502945
2025-06-01 04:00:00,16.857426543761907
2025-06-01 05:00:00,14.92975020516096
2025-06-01 06:00:00,14.18492633442316
2025-06-01 07:00:00,12.48629960596529
2025-06-01 08:00:00,7.747662834017557
2025-06-01 09:00:00,4.070849492818555
2025-06-01 10:00:00,2.6231973635686603
2025-06-01 11:00:00,5.067435785294485
2025-06-01 12:00:00,10.576746221467518
2025-06-01 13:00:00,15.540055044868346
2025-06-01 14:00:00,28.544989103757356
2025-06-01 15:00:00,35.352607210195266
2025-06-01 16:00:00,48.50306157144808
2025-06-01 17:00:00,28.60733995039971
2025-06-01 18:00:00,30.198050115282467
2025-06-01 19:00:00,32.56738579516716
2025-06-01 20:00:00,35.79738679816061
2025-06-01 21:00:00,36.43587766323949
2025-06-01 22:00:00,32.73832893693587
2025-06-01 23:00:00,30.460130958937942
2025-06-02 00:00:00,29.085328995524602
2025-06-02 01:00:00,27.682895907034013
2025-06-02 02:00:00,25.130074977293347
2025-06-02 03:00:00,22.754890584074943
2025-06-02 04:00:00,20.290372348509045
2025-06-02 05:00:00,17.90972857637485
2025-06-02 06:00:00,15.810617818252785
2025-06-02 07:00:00,14.384192172351932
2025-06-02 08:00:00,10.18563172373059
2025-06-02 09:00:00,5.881006069282664
2025-06-02 10:00:00,4.803238509570256
2025-06-02 11:00:00,9.33251522754704
2025-06-02 12:00:00,12.197224061823881
2025-06-02 13:00:00,17.136173939275434
2025-06-02 14:00:00,22.346100816462762
2025-06-02 15:00:00,32.06602104837676
2025-06-02 16:00:00,27.631371536112884
2025-06-02 17:00:00,24.746080339498846
2025-06-02 18:00:00,28.833127963421695
2025-06-02 19:00:00,34.1176440207394
2025-06-02 20:00:00,37.94711232859533
2025-06-02 21:00:00,37.89128867720261
2025-06-02 22:00:00,34.98404970918782
2025-06-02 23:00:00,33.98440964825105
2025-06-03 00:00:00,32.68971460752654
2025-06-03 01:00:00,32.28307440455056
2025-06-03 02:00:00,29.741673879182276
2025-06-03 03:00:00,25.306056593117425
2025-06-03 04:00:00,22.374718912206227
2025-06-03 05:00:00,19.369720242945437
2025-06-03 06:00:00,17.690311265204
2025-06-03 07:00:00,15.539472077017846
2025-06-03 08:00:00,10.490254618516909
2025-06-03 09:00:00,6.836092555358411
2025-06-03 10:00:00,4.339471048206579
2025-06-03 11:00:00,5.1562835854268245
2025-06-03 12:00:00,8.786610297733088
2025-06-03 13:00:00,11.478887446312882
2025-06-03 14:00:00,16.87713328878678
2025-06-03 15:00:00,27.437067609863117
2025-06-03 16:00:00,28.132653556516104
2025-06-03 17:00:00,27.318189655622465
2025-06-03 18:00:00,29.278725589019075
2025-06-03 19:00:00,33.227851778828644
2025-06-03 20:00:00,35.421017079686564
2025-06-03 21:00:00,34.996291070265855
2025-06-03 22:00:00,33.22036479092449
2025-06-03 23:00:00,32.33242032344116
2025-06-04 00:00:00,31.799177525857974
2025-06-04 01:00:00,30.048029465325246
2025-06-04 02:00:00,26.57186262747598
2025-06-04 03:00:00,22.00491978500907
2025-06-04 04:00:00,19.404473001548695
2025-06-04 05:00:00,14.249342847813649
2025-06-04 06:00:00,11.60397675637941
2025-06-04 07:00:00,9.427352676808699
2025-06-04 08:00:00,9.619151734607044
2025-06-04 09:00:00,8.152718815745393
2025-06-04 10:00:00,6.4693757547371895
2025-06-04 11:00:00,8.725831278189997
2025-06-04 12:00:00,10.21806915380156
2025-06-04 13:00:00,12.501462734051056
2025-06-04 14:00:00,16.96281240878227
2025-06-04 15:00:00,27.95500001513763
2025-06-04 16:00:00,22.84946231346476
2025-06-04 17:00:00,21.51446551489546
2025-06-04 18:00:00,23.406904566414475
2025-06-04 19:00:00,28.960196711659147
2025-06-04 20:00:00,32.62932419616958
2025-06-04 21:00:00,33.823623802439684
2025-06-04 22:00:00,30.76134099596567
2025-06-04 23:00:00,29.984608219455485
2025-06-05 00:00:00,29.129496540314754
2025-06-05 01:00:00,28.823073802014665
2025-06-05 02:00:00,28.087309896345467
2025-06-05 03:00:00,22.43795015224698
2025-06-05 04:00:00,19.70363729467475
2025-06-05 05:00:00,18.776717909854817
2025-06-05 06:00:00,17.244654726660013
2025-06-05 07:00:00,15.876721627125516
2025-06-05 08:00:00,12.646077228559067
2025-06-05 09:00:00,11.973244692732564
2025-06-05 10:00:00,13.441962662968514
2025-06-05 11:00:00,13.270025812862174
2025-06-05 12:00:00,12.20082412313903
2025-06-05 13:00:00,12.466619024035346
2025-06-05 14:00:00,17.86596312447112
2025-06-05 15:00:00,22.02643132176549
2025-06-05 16:00:00,23.108755859680958
2025-06-05 17:00:00,23.372383830918178
2025-06-05 18:00:00,22.735522913720995
2025-06-05 19:00:00,27.439993881426435
2025-06-05 20:00:00,31.579622054394697
2025-06-05 21:00:00,31.444907355448706
2025-06-05 22:00:00,29.777589219328462
2025-06-05 23:00:00,28.470796504310574
2025-06-06 00:00:00,28.87456456670183
2025-06-06 01:00:00,31.31409511156548
2025-06-06 02:00:00,28.07067853143331
2025-06-06 03:00:00,22.793320949591234
2025-06-06 04:00:00,18.965553286703937
2025-06-06 05:00:00,17.42070720022305
2025-06-06 06:00:00,16.492701549588997
2025-06-06 07:00:00,12.96259019494743
2025-06-06 08:00:00,4.386623199559957
2025-06-06 09:00:00,6.01353075458102
2025-06-06 10:00:00,5.814204113694528
2025-06-06 11:00:00,7.737187765704218
2025-06-06 12:00:00,9.931366984771115
2025-06-06 13:00:00,11.249581519731668
2025-06-06 14:00:00,24.245745935221834
2025-06-06 15:00:00,34.138542900065964
2025-06-06 16:00:00,49.30115695356051
2025-06-06 17:00:00,45.4082140302959
2025-06-06 18:00:00,29.994170823973626
2025-06-06 19:00:00,33.51984461044549
2025-06-06 20:00:00,35.50337732765867
2025-06-06 21:00:00,36.3485851497162
2025-06-06 22:00:00,33.949114688610905
2025-06-06 23:00:00,35.75376235717467
2025-06-07 00:00:00,38.71795577022139
2025-06-07 01:00:00,39.15690108099701
2025-06-07 02:00:00,40.14736765615145
2025-06-07 03:00:00,26.986144534075844
2025-06-07 04:00:00,23.193660882344727
2025-06-07 05:00:00,21.070998444249888
2025-06-07 06:00:00,19.062227528549432
2025-06-07 07:00:00,17.444791985876424
2025-06-07 08:00:00,14.235535064633353
2025-06-07 09:00:00,11.853343863090936
2025-06-07 10:00:00,5.689530770083418
2025-06-07 11:00:00,4.8914547972017
2025-06-07 12:00:00,8.885784115916971
2025-06-07 13:00:00,11.507889820136134
2025-06-07 14:00:00,19.81424981946398
2025-06-07 15:00:00,23.103073374275365
2025-06-07 16:00:00,31.122099267893724
2025-06-07 17:00:00,33.25958004661886
2025-06-07 18:00:00,29.171297757796378
2025-06-07 19:00:00,31.349844030140716
2025-06-07 20:00:00,33.11380390250774
2025-06-07 21:00:00,33.18672399803388
2025-06-07 22:00:00,31.85526311340417
2025-06-07 23:00:00,31.933301703557337
2025-06-08 00:00:00,32.73022044703914
2025-06-08 01:00:00,36.07102086397743
2025-06-08 02:00:00,30.836220476143346
2025-06-08 03:00:00,22.543955690557283
2025-06-08 04:00:00,19.799896907095405
2025-06-08 05:00:00,19.71096425240674
2025-06-08 06:00:00,17.878957685281193
2025-06-08 07:00:00,15.123679615204951
2025-06-08 08:00:00,11.258381772612259
2025-06-08 09:00:00,6.785774933865618
2025-06-08 10:00:00,3.4342488411955903
2025-06-08 11:00:00,5.9564447262478035
2025-06-08 12:00:00,7.982199899687136
2025-06-08 13:00:00,10.65936083810801
2025-06-08 14:00:00,18.77217227579564
2025-06-08 15:00:00,31.029685318641896
2025-06-08 16:00:00,32.896285085427294
2025-06-08 17:00:00,26.867348943388546
2025-06-08 18:00:00,25.727860407926233
2025-06-08 19:00:00,34.174555964093805
2025-06-08 20:00:00,34.502393654374586
2025-06-08 21:00:00,35.15875455603239
2025-06-08 22:00:00,32.39690472743511
2025-06-08 23:00:00,30.87573094842943
2025-06-09 00:00:00,31.263133110267294
2025-06-09 01:00:00,30.96629169914122
2025-06-09 02:00:00,26.761996186562634
2025-06-09 03:00:00,22.59806785574401
2025-06-09 04:00:00,18.54804094650277
2025-06-09 05:00:00,17.930668783865112
2025-06-09 06:00:00,17.743310710109565
2025-06-09 07:00:00,14.805525386518553
2025-06-09 08:00:00,9.247830327409844
2025-06-09 09:00:00,4.240517617298175
2025-06-09 10:00:00,3.76420373659675
2025-06-09 11:00:00,5.253169603006428
2025-06-09 12:00:00,5.940610173384235
2025-06-09 13:00:00,9.96617926014305
2025-06-09 14:00:00,13.814547032824834
2025-06-09 15:00:00,17.9619440072149
2025-06-09 16:00:00,20.93485983273907
2025-06-09 17:00:00,22.97753579628071
2025-06-09 18:00:00,28.06091235495781
2025-06-09 19:00:00,32.36330384278099
2025-06-09 20:00:00,32.40477783535226
2025-06-09 21:00:00,33.646194981812336
2025-06-09 22:00:00,34.8791917730443
2025-06-09 23:00:00,33.92844473313782
2025-06-10 00:00:00,33.16833447021388
2025-06-10 01:00:00,31.35589413462818
2025-06-10 02:00:00,29.281270750458187
2025-06-10 03:00:00,24.897662939263054
2025-06-10 04:00:00,20.327016152761963
2025-06-10 05:00:00,18.16091343196421
2025-06-10 06:00:00,16.984758130144503
2025-06-10 07:00:00,15.174478475626788
2025-06-10 08:00:00,12.060769518648137
2025-06-10 09:00:00,8.900727842338307
2025-06-10 10:00:00,9.35906755423336
2025-06-10 11:00:00,9.39505416892888
2025-06-10 12:00:00,8.851949321188943
2025-06-10 13:00:00,10.899238868384172
2025-06-10 14:00:00,15.66524237730955
2025-06-10 15:00:00,30.951232207839894
2025-06-10 16:00:00,42.46306045175201
2025-06-10 17:00:00,32.30205116453462
2025-06-10 18:00:00,28.990204409162207
2025-06-10 19:00:00,33.051067759935336
2025-06-10 20:00:00,36.8395705783859
2025-06-10 21:00:00,38.33955643302134
2025-06-10 22:00:00,34.240612366023306
2025-06-10 23:00:00,31.98578371404903
2025-06-11 00:00:00,29.53627204101127
2025-06-11 01:00:00,30.14164599586627
2025-06-11 02:00:00,27.45496026677569
2025-06-11 03:00:00,23.5696969965201
2025-06-11 04:00:00,21.503562708553122
2025-06-11 05:00:00,22.854362147384204
2025-06-11 06:00:00,20.162891455799915
2025-06-11 07:00:00,16.942886670634984
2025-06-11 08:00:00,13.53965068716136
2025-06-11 09:00:00,14.438259046574947
2025-06-11 10:00:00,16.070163633458318
2025-06-11 11:00:00,23.818403210035793
2025-06-11 12:00:00,17.497455427462576
2025-06-11 13:00:00,19.00169235865716
2025-06-11 14:00:00,26.20276284762869
2025-06-11 15:00:00,27.72237394379963
2025-06-11 16:00:00,30.75978355074949
2025-06-11 17:00:00,29.463469392792128
2025-06-11 18:00:00,27.159030558293107
2025-06-11 19:00:00,31.4911948656679
2025-06-11 20:00:00,34.43621248317779
2025-06-11 21:00:00,36.78469088736422
2025-06-11 22:00:00,33.50444907417645
2025-06-11 23:00:00,32.74864588565779
2025-06-12 00:00:00,34.384715256982226
2025-06-12 01:00:00,33.66387121551617
2025-06-12 02:00:00,37.71806046159313
2025-06-12 03:00:00,35.178409314393626
2025-06-12 04:00:00,26.67264853819929
2025-06-12 05:00:00,24.88433364249697
2025-06-12 06:00:00,22.480423559731076
2025-06-12 07:00:00,19.902952275016357
2025-06-12 08:00:00,18.73652396271745
2025-06-12 09:00:00,16.050324438502773
2025-06-12 10:00:00,14.737267056330586
2025-06-12 11:00:00,17.44860799753896
2025-06-12 12:00:00,17.429795545799678
2025-06-12 13:00:00,16.20068997522035
2025-06-12 14:00:00,20.889875745776433
2025-06-12 15:00:00,30.362009726760878
2025-06-12 16:00:00,40.26925349394225
2025-06-12 17:00:00,38.24342146569206
2025-06-12 18:00:00,26.967048621813657
2025-06-12 19:00:00,28.385338252286832
2025-06-12 20:00:00,31.936892997728147
2025-06-12 21:00:00,31.896633944413647
2025-06-12 22:00:00,29.531806171945675
2025-06-12 23:00:00,27.911126962589332
2025-06-13 00:00:00,28.24479634893825
2025-06-13 01:00:00,31.93863554702494
2025-06-13 02:00:00,31.410745161303545
2025-06-13 03:00:00,25.277835924711763
2025-06-13 04:00:00,22.253911774279093
2025-06-13 05:00:00,21.93046918525771
2025-06-13 06:00:00,21.108467152236596
2025-06-13 07:00:00,17.679757679944437
2025-06-13 08:00:00,14.975271563343664
2025-06-13 09:00:00,12.630283557402041
2025-06-13 10:00:00,11.843687931281961
2025-06-13 11:00:00,13.061946402708896
2025-06-13 12:00:00,15.542258024175995
2025-06-13 13:00:00,13.657669346635473
2025-06-13 14:00:00,15.302820647039054
2025-06-13 15:00:00,23.38002698550107
2025-06-13 16:00:00,21.619475387773086
2025-06-13 17:00:00,19.96363624811601
2025-06-13 18:00:00,16.98682071774094
2025-06-13 19:00:00,20.932177908385935
2025-06-13 20:00:00,25.81105321892693
2025-06-13 21:00:00,26.57841135673817
2025-06-13 22:00:00,25.250833002174517
2025-06-13 23:00:00,24.13552699581772
2025-06-14 00:00:00,23.23440960692023
2025-06-14 01:00:00,23.42539161308905
2025-06-14 02:00:00,21.315215692001434
2025-06-14 03:00:00,18.020547130838153
2025-06-14 04:00:00,14.286116890903582
2025-06-14 05:00:00,11.162008407097813
2025-06-14 06:00:00,12.946208630181086
2025-06-14 07:00:00,12.014528803092952
2025-06-14 08:00:00,9.25967253867429
2025-06-14 09:00:00,4.121580015463337
2025-06-14 10:00:00,2.7671854850013506
2025-06-14 11:00:00,5.948490732183893
2025-06-14 12:00:00,7.686168585489186
2025-06-14 13:00:00,9.995714301642641
2025-06-14 14:00:00,17.070769965834533
2025-06-14 15:00:00,27.778250561126974
2025-06-14 16:00:00,30.38831416630395
2025-06-14 17:00:00,24.8659577616653
2025-06-14 18:00:00,25.929855743986668
2025-06-14 19:00:00,31.707560227791035
2025-06-14 20:00:00,35.30524415653336
2025-06-14 21:00:00,38.28156241433042
2025-06-14 22:00:00,33.86416855859315
2025-06-14 23:00:00,30.78909288292722
2025-06-15 00:00:00,28.980074433758798
2025-06-15 01:00:00,26.9152806379059
2025-06-15 02:00:00,25.02671818050174
2025-06-15 03:00:00,22.269865791117624
2025-06-15 04:00:00,17.123174321595616
2025-06-15 05:00:00,13.416045007937205
2025-06-15 06:00:00,14.008596172215956
2025-06-15 07:00:00,13.008769768543766
2025-06-15 08:00:00,9.58152544661685
2025-06-15 09:00:00,5.87237708348394
2025-06-15 10:00:00,4.5788601426207345
2025-06-15 11:00:00,4.283399293268948
2025-06-15 12:00:00,6.482352378890542
2025-06-15 13:00:00,9.12919811360993
2025-06-15 14:00:00,12.405125890329797
2025-06-15 15:00:00,18.494296451620503
2025-06-15 16:00:00,22.985805707732734
2025-06-15 17:00:00,20.673522422603888
2025-06-15 18:00:00,23.02556250620085
2025-06-15 19:00:00,27.272482471335884
2025-06-15 20:00:00,31.622114264672582
2025-06-15 21:00:00,32.1314917180607
2025-06-15 22:00:00,29.068243297554506
2025-06-15 23:00:00,26.75416970269649
2025-06-16 00:00:00,27.497441349883562
2025-06-16 01:00:00,26.325282574817233
2025-06-16 02:00:00,24.10792057409614
2025-06-16 03:00:00,21.436621538855086
2025-06-16 04:00:00,16.03762584003143
2025-06-16 05:00:00,14.480288661138587
2025-06-16 06:00:00,15.31551170822233
2025-06-16 07:00:00,12.016005691024537
2025-06-16 08:00:00,6.858417117309081
2025-06-16 09:00:00,3.7199443892390516
2025-06-16 10:00:00,2.7322405372578022
2025-06-16 11:00:00,5.185490523478925
2025-06-16 12:00:00,7.477420910765307
2025-06-16 13:00:00,12.47754999399004
2025-06-16 14:00:00,16.58682733813954
2025-06-16 15:00:00,18.700374028946424
2025-06-16 16:00:00,24.2226907682877
2025-06-16 17:00:00,23.421142137259487
2025-06-16 18:00:00,22.367626050071145
2025-06-16 19:00:00,24.543239343506055
2025-06-16 20:00:00,26.292847299236797
2025-06-16 21:00:00,25.857264947243472
2025-06-16 22:00:00,23.305102140667053
2025-06-16 23:00:00,22.57441864068543
2025-06-17 00:00:00,21.93883221118001
2025-06-17 01:00:00,24.911168737099167
2025-06-17 02:00:00,22.00620205753799
2025-06-17 03:00:00,18.54218198269528
2025-06-17 04:00:00,15.211027188546872
2025-06-17 05:00:00,14.341910718853516
2025-06-17 06:00:00,14.642959102901516
2025-06-17 07:00:00,12.49350228454532
2025-06-17 08:00:00,8.821094023456006
2025-06-17 09:00:00,4.871441754652632
2025-06-17 10:00:00,2.4718361297636893
2025-06-17 11:00:00,4.83983318891491
2025-06-17 12:00:00,7.072195184980685
2025-06-17 13:00:00,10.805951219457423
2025-06-17 14:00:00,19.833967494699987
2025-06-17 15:00:00,42.657908443404374
2025-06-17 16:00:00,39.82275328040729
2025-06-17 17:00:00,26.083204958085616
2025-06-17 18:00:00,27.013472480610087
2025-06-17 19:00:00,32.472932898803066
2025-06-17 20:00:00,35.70548038769258
2025-06-17 21:00:00,36.80546249135455
2025-06-17 22:00:00,33.258531116012385
2025-06-17 23:00:00,30.375779722595265
2025-06-18 00:00:00,30.61375198501453
2025-06-18 01:00:00,29.6603207103309
2025-06-18 02:00:00,26.20042801077553
2025-06-18 03:00:00,20.974685074083965
2025-06-18 04:00:00,16.08427392898503
2025-06-18 05:00:00,15.738179716299804
2025-06-18 06:00:00,15.667641292104406
2025-06-18 07:00:00,13.145088870068376
2025-06-18 08:00:00,7.726295268002283
2025-06-18 09:00:00,3.5994735362035035
2025-06-18 10:00:00,2.9846136163878043
2025-06-18 11:00:00,5.770009253273511
2025-06-18 12:00:00,7.844952744311592
2025-06-18 13:00:00,11.507958794316517
2025-06-18 14:00:00,17.6777552363352
2025-06-18 15:00:00,30.71834863274869
2025-06-18 16:00:00,27.686791404135143
2025-06-18 17:00:00,25.21842446876629
2025-06-18 18:00:00,27.063225043369243
2025-06-18 19:00:00,30.271202664968133
2025-06-18 20:00:00,33.60890324258163
2025-06-18 21:00:00,34.18168658895549
2025-06-18 22:00:00,32.34109034296329
2025-06-18 23:00:00,32.473595220228646
2025-06-19 00:00:00,31.108037031778984
2025-06-19 01:00:00,31.35812714684482
2025-06-19 02:00:00,29.730180701128972
2025-06-19 03:00:00,24.30057738301186
2025-06-19 04:00:00,21.235316129227346
2025-06-19 05:00:00,18.300687088141498
2025-06-19 06:00:00,17.536291248314377
2025-06-19 07:00:00,15.635091092153168
2025-06-19 08:00:00,10.844639320965708
2025-06-19 09:00:00,6.997546288797508
2025-06-19 10:00:00,5.233797548033881
2025-06-19 11:00:00,6.533112633125988
2025-06-19 12:00:00,9.003170325825481
2025-06-19 13:00:00,11.403320121188951
2025-06-19 14:00:00,15.465425214671054
2025-06-19 15:00:00,25.281556648973996
2025-06-19 16:00:00,32.06644676104607
2025-06-19 17:00:00,27.724344246733335
2025-06-19 18:00:00,26.897928390683543
2025-06-19 19:00:00,30.296532171100846
2025-06-19 20:00:00,33.531732751807304
2025-06-19 21:00:00,33.7195118573176
2025-06-19 22:00:00,31.960827356000003
2025-06-19 23:00:00,30.39177714173797
2025-06-20 00:00:00,29.918814592253685
2025-06-20 01:00:00,29.14670035664315
2025-06-20 02:00:00,27.0181644746061
2025-06-20 03:00:00,22.166988586563992
2025-06-20 04:00:00,19.32996969092879
2025-06-20 05:00:00,18.178435025564056
2025-06-20 06:00:00,17.083841183924562
2025-06-20 07:00:00,16.940937397102495
2025-06-20 08:00:00,15.878208184788527
2025-06-20 09:00:00,8.630905839384104
2025-06-20 10:00:00,6.815360398335649
2025-06-20 11:00:00,7.882613818463957
2025-06-20 12:00:00,8.596739838355358
2025-06-20 13:00:00,12.362592096604876
2025-06-20 14:00:00,19.13390377906347
2025-06-20 15:00:00,32.83318916175747
2025-06-20 16:00:00,42.505035259096225
2025-06-20 17:00:00,31.374468554613912
2025-06-20 18:00:00,29.706980921675218
2025-06-20 19:00:00,31.518601165135934
2025-06-20 20:00:00,34.66887094886832
2025-06-20 21:00:00,34.90685802456031
2025-06-20 22:00:00,33.44356866508759
2025-06-20 23:00:00,32.2028231760667
2025-06-21 00:00:00,30.84015933744856
2025-06-21 01:00:00,31.278834686007574
2025-06-21 02:00:00,29.073547469919994
2025-06-21 03:00:00,23.748949342892967
2025-06-21 04:00:00,21.781307183441523
2025-06-21 05:00:00,20.164170538435933
2025-06-21 06:00:00,19.769719214843615
2025-06-21 07:00:00,22.791688306480477
2025-06-21 08:00:00,18.991383291292124
2025-06-21 09:00:00,8.327078866918965
2025-06-21 10:00:00,6.21085586805984
2025-06-21 11:00:00,8.962297559407334
2025-06-21 12:00:00,12.10046739935183
2025-06-21 13:00:00,14.881872787945232
2025-06-21 14:00:00,26.99666627740409
2025-06-21 15:00:00,71.30419835946809
2025-06-21 16:00:00,37.90153805692557
2025-06-21 17:00:00,27.12236479395764
2025-06-21 18:00:00,30.038782408595523
2025-06-21 19:00:00,29.27695620149384
2025-06-21 20:00:00,31.894960122786934
2025-06-21 21:00:00,32.871634067163406
2025-06-21 22:00:00,30.9793436381491
2025-06-21 23:00:00,29.819874833598803
2025-06-22 00:00:00,28.867892866785247
2025-06-22 01:00:00,27.749469495494544
2025-06-22 02:00:00,25.264362433025603
2025-06-22 03:00:00,21.478856604009515
2025-06-22 04:00:00,19.452472765816612
2025-06-22 05:00:00,17.60713896710724
2025-06-22 06:00:00,16.86127526911948
2025-06-22 07:00:00,14.915234892599061
2025-06-22 08:00:00,10.00011880249943
2025-06-22 09:00:00,4.994433216761472
2025-06-22 10:00:00,3.8107190338628603
2025-06-22 11:00:00,4.694597459340992
2025-06-22 12:00:00,7.408041148171229
2025-06-22 13:00:00,10.626403665688125
2025-06-22 14:00:00,19.441459226176285
2025-06-22 15:00:00,35.771098993133954
2025-06-22 16:00:00,25.207491265546885
2025-06-22 17:00:00,23.359816720865204
2025-06-22 18:00:00,24.415169341739333
2025-06-22 19:00:00,27.295572312820312
2025-06-22 20:00:00,31.662205815047155
2025-06-22 21:00:00,32.124673238577024
2025-06-22 22:00:00,29.397853528952258
2025-06-22 23:00:00,27.65296520496816
2025-06-23 00:00:00,27.274620023598004
2025-06-23 01:00:00,25.675253280041133
2025-06-23 02:00:00,23.555533323662495
2025-06-23 03:00:00,17.366259671349802
2025-06-23 04:00:00,14.935278711233003
2025-06-23 05:00:00,13.349854860802374
2025-06-23 06:00:00,14.627494334908352
2025-06-23 07:00:00,14.041089075958462
2025-06-23 08:00:00,9.538837344999434
2025-06-23 09:00:00,5.128840884773286
2025-06-23 10:00:00,4.173261578048432
2025-06-23 11:00:00,5.623903086841766
2025-06-23 12:00:00,6.9516443680186315
2025-06-23 13:00:00,10.603025960377703
2025-06-23 14:00:00,16.436832170989323
2025-06-23 15:00:00,19.72132255669189
2025-06-23 16:00:00,23.631887464393838
2025-06-23 17:00:00,23.135402966736354
2025-06-23 18:00:00,24.662383638856827
2025-06-23 19:00:00,29.6575911883059
2025-06-23 20:00:00,33.46313113746875
2025-06-23 21:00:00,35.35647483917618
2025-06-23 22:00:00,32.71356501572612
2025-06-23 23:00:00,31.254825660938657
2025-06-24 00:00:00,29.959554343188373
2025-06-24 01:00:00,28.653600654255943
2025-06-24 02:00:00,25.832875697467234
2025-06-24 03:00:00,20.266660434743734
2025-06-24 04:00:00,18.226036526842528
2025-06-24 05:00:00,17.16722234022882
2025-06-24 06:00:00,16.834284717391604
2025-06-24 07:00:00,15.226432534639283
2025-06-24 08:00:00,12.012761533263038
2025-06-24 09:00:00,8.16177722762602
2025-06-24 10:00:00,6.328915192263487
2025-06-24 11:00:00,8.544773711594937
2025-06-24 12:00:00,11.242404525383101
2025-06-24 13:00:00,14.193480031428676
2025-06-24 14:00:00,22.112257996400196
2025-06-24 15:00:00,27.74173527897764
2025-06-24 16:00:00,31.77812689105799
2025-06-24 17:00:00,30.436619385490435
2025-06-24 18:00:00,29.438224233794234
2025-06-24 19:00:00,31.26275516455867
2025-06-24 20:00:00,33.978040122047865
2025-06-24 21:00:00,33.99771942520079
2025-06-24 22:00:00,32.64009643445217
2025-06-24 23:00:00,31.6094417399848
2025-06-25 00:00:00,30.782753051609586
2025-06-25 01:00:00,29.640297889564394
2025-06-25 02:00:00,26.989414396624632
2025-06-25 03:00:00,22.348260302513
2025-06-25 04:00:00,18.220942526736426
2025-06-25 05:00:00,17.09020837631346
2025-06-25 06:00:00,16.24552635332599
2025-06-25 07:00:00,14.126083150633777
2025-06-25 08:00:00,9.65733819718685
2025-06-25 09:00:00,5.493151363210884
2025-06-25 10:00:00,4.477035056383113
2025-06-25 11:00:00,6.8966736630913035
2025-06-25 12:00:00,10.289433114878394
2025-06-25 13:00:00,12.593985842058908
2025-06-25 14:00:00,18.15358860392248
2025-06-25 15:00:00,23.854751959242005
2025-06-25 16:00:00,28.182835715670862
2025-06-25 17:00:00,28.906943861265262
2025-06-25 18:00:00,30.118066071617378
2025-06-25 19:00:00,31.046320920424886
2025-06-25 20:00:00,33.87365956597046
2025-06-25 21:00:00,34.41571337692722
2025-06-25 22:00:00,32.223164448415275
2025-06-25 23:00:00,31.828357734958168
2025-06-26 00:00:00,30.513956470331216
2025-06-26 01:00:00,29.72924262638317
2025-06-26 02:00:00,27.8499387515042
2025-06-26 03:00:00,23.348140011602638
2025-06-26 04:00:00,19.37341780820467
2025-06-26 05:00:00,18.250286906489492
2025-06-26 06:00:00,16.750004984383132
2025-06-26 07:00:00,14.025656337529941
2025-06-26 08:00:00,10.362044280300895
2025-06-26 09:00:00,7.053538685370855
2025-06-26 10:00:00,7.776606955565452
2025-06-26 11:00:00,9.270956284129218
2025-06-26 12:00:00,11.599686514252113
2025-06-26 13:00:00,15.14137049035292
2025-06-26 14:00:00,19.872862759555
2025-06-26 15:00:00,21.344622792226932
2025-06-26 16:00:00,21.852901645877232
2025-06-26 17:00:00,22.70142790522346
2025-06-26 18:00:00,25.944277975953845
2025-06-26 19:00:00,30.101174607588337
2025-06-26 20:00:00,32.936070457513786
2025-06-26 21:00:00,33.141559604650254
2025-06-26 22:00:00,30.536799192519062
2025-06-26 23:00:00,27.869294975869977
2025-06-27 00:00:00,27.636458220309358
2025-06-27 01:00:00,27.365324889956252
2025-06-27 02:00:00,24.78994964121281
2025-06-27 03:00:00,21.734466869191795
2025-06-27 04:00:00,18.88931420511747
2025-06-27 05:00:00,18.317323626763155
2025-06-27 06:00:00,17.0607232486462
2025-06-27 07:00:00,17.633710479791468
2025-06-27 08:00:00,15.455618201602588
2025-06-27 09:00:00,11.997519867091038
2025-06-27 10:00:00,10.3341674503585
2025-06-27 11:00:00,11.811200529388811
2025-06-27 12:00:00,15.72349315318883
2025-06-27 13:00:00,15.415452737272108
2025-06-27 14:00:00,16.81518111216854
2025-06-27 15:00:00,21.195393379744235
2025-06-27 16:00:00,23.70035083875822
2025-06-27 17:00:00,27.80602342955495
2025-06-27 18:00:00,27.927990549648804
2025-06-27 19:00:00,32.56539210793216
2025-06-27 20:00:00,35.605273279917206
2025-06-27 21:00:00,35.298518348555
2025-06-27 22:00:00,32.65136273474166
2025-06-27 23:00:00,31.132628103255275
2025-06-28 00:00:00,30.25974012199337
2025-06-28 01:00:00,30.985651313974646
2025-06-28 02:00:00,28.278630919587524
2025-06-28 03:00:00,22.809157250183116
2025-06-28 04:00:00,19.39242923822355
2025-06-28 05:00:00,18.375203356096296
2025-06-28 06:00:00,17.064472724726063
2025-06-28 07:00:00,16.183845934732226
2025-06-28 08:00:00,12.479953648754176
2025-06-28 09:00:00,7.005721832102766
2025-06-28 10:00:00,4.601822169692137
2025-06-28 11:00:00,6.473333215030746
2025-06-28 12:00:00,19.036740480383436
2025-06-28 13:00:00,15.224968164994308
2025-06-28 14:00:00,30.547714596012113
2025-06-28 15:00:00,47.46357113833192
2025-06-28 16:00:00,43.48153075554318
2025-06-28 17:00:00,33.62101031459256
2025-06-28 18:00:00,29.590356149974433
2025-06-28 19:00:00,32.427033021368544
2025-06-28 20:00:00,35.598590906925814
2025-06-28 21:00:00,36.27512829554123
2025-06-28 22:00:00,33.40762465344296
2025-06-28 23:00:00,30.515773857500417
2025-06-29 00:00:00,28.777134039252356
2025-06-29 01:00:00,28.053798103575346
2025-06-29 02:00:00,26.051495622800893
2025-06-29 03:00:00,22.406872805095077
2025-06-29 04:00:00,19.405816513423613
2025-06-29 05:00:00,15.502387568347292
2025-06-29 06:00:00,15.849413756687435
2025-06-29 07:00:00,14.63487999059054
2025-06-29 08:00:00,10.454231036051128
2025-06-29 09:00:00,6.696651549514152
2025-06-29 10:00:00,2.4751050547870026
2025-06-29 11:00:00,8.40522441080691
2025-06-29 12:00:00,14.11528115734307
2025-06-29 13:00:00,17.083956410464033
2025-06-29 14:00:00,20.864344700502627
2025-06-29 15:00:00,33.722990908234216
2025-06-29 16:00:00,36.291473172987835
2025-06-29 17:00:00,27.153336079998947
2025-06-29 18:00:00,27.7246248779225
2025-06-29 19:00:00,30.828833285429987
2025-06-29 20:00:00,34.52877037005357
2025-06-29 21:00:00,35.443423117457236
2025-06-29 22:00:00,32.968125380022805
2025-06-29 23:00:00,31.284919736226694
2025-06-30 00:00:00,31.04872975601925
2025-06-30 01:00:00,29.32096934230031
2025-06-30 02:00:00,27.274371192241738
2025-06-30 03:00:00,23.265898785909663
2025-06-30 04:00:00,20.610333194952087
2025-06-30 05:00:00,18.64135378498635
2025-06-30 06:00:00,17.8929460912306
2025-06-30 07:00:00,17.88953137253948
2025-06-30 08:00:00,11.76944378357145
2025-06-30 09:00:00,7.100973156653049
2025-06-30 10:00:00,5.304176581065234
2025-06-30 11:00:00,11.337968382985107
2025-06-30 12:00:00,15.043381800846937
2025-06-30 13:00:00,15.345345417126458
2025-06-30 14:00:00,17.513399822022
2025-06-30 15:00:00,24.016860583674298
2025-06-30 16:00:00,27.72840834883494
2025-06-30 17:00:00,26.966996822162326
2025-06-30 18:00:00,25.814300496810404
2025-06-30 19:00:00,28.74644324637668
2025-06-30 20:00:00,32.9860999903587
2025-06-30 21:00:00,33.82713805813419
2025-06-30 22:00:00,32.67342993185441
2025-06-30 23:00:00,31.621843394726962
2025-07-01 00:00:00,30.685848995370087
2025-07-01 01:00:00,29.861731208449836
2025-07-01 02:00:00,27.537955610873684
2025-07-01 03:00:00,24.162227060528057
2025-07-01 04:00:00,20.86324305416337
2025-07-01 05:00:00,19.985836558148108
2025-07-01 06:00:00,19.275121979945297
2025-07-01 07:00:00,19.594319382038563
2025-07-01 08:00:00,16.682820731049084
2025-07-01 09:00:00,16.02719652501817
2025-07-01 10:00:00,16.325863605693733
2025-07-01 11:00:00,13.049670972578502
2025-07-01 12:00:00,16.247592884269874
2025-07-01 13:00:00,18.61778271912411
2025-07-01 14:00:00,23.444947408100457
2025-07-01 15:00:00,25.288167998466268
2025-07-01 16:00:00,29.864056158516046
2025-07-01 17:00:00,35.85601107047902
2025-07-01 18:00:00,34.41040122337271
2025-07-01 19:00:00,40.452571139688985
2025-07-01 20:00:00,40.18531161522255
2025-07-01 21:00:00,38.61453223772511
2025-07-01 22:00:00,35.47070562392435
2025-07-01 23:00:00,32.89331857594745
2025-07-02 00:00:00,31.112631235485477
2025-07-02 01:00:00,30.863834921601168
2025-07-02 02:00:00,27.979480352862765
2025-07-02 03:00:00,24.46581938315017
2025-07-02 04:00:00,22.974990639958783
2025-07-02 05:00:00,22.630746409938865
2025-07-02 06:00:00,21.27469792320975
2025-07-02 07:00:00,21.781359068948298
2025-07-02 08:00:00,19.277132919750528
2025-07-02 09:00:00,21.32431350055864
2025-07-02 10:00:00,19.665756649686948
2025-07-02 11:00:00,18.996473689372745
2025-07-02 12:00:00,32.35229197399647
2025-07-02 13:00:00,35.71041179119006
2025-07-02 14:00:00,40.830229220606654
2025-07-02 15:00:00,64.70248459707858
2025-07-02 16:00:00,101.9003711212206
2025-07-02 17:00:00,57.95312742830335
2025-07-02 18:00:00,53.83185853960322
2025-07-02 19:00:00,53.28955789398529
2025-07-02 20:00:00,47.52940376701149
2025-07-02 21:00:00,43.22924814073683
2025-07-02 22:00:00,39.61618972628403
2025-07-02 23:00:00,37.60826745334648
2025-07-03 00:00:00,36.73411846262572
2025-07-03 01:00:00,39.398162503662924
2025-07-03 02:00:00,35.18363134539693
2025-07-03 03:00:00,28.266677602355358
2025-07-03 04:00:00,25.228042096215255
2025-07-03 05:00:00,22.619189193370165
2025-07-03 06:00:00,21.699874174496866
2025-07-03 07:00:00,24.337445531383437
2025-07-03 08:00:00,21.491556681160034
2025-07-03 09:00:00,20.071463837102403
2025-07-03 10:00:00,16.881321712299712
2025-07-03 11:00:00,17.635113697621446
2025-07-03 12:00:00,23.19708149689067
2025-07-03 13:00:00,24.92642638879829
2025-07-03 14:00:00,28.109589917552064
2025-07-03 15:00:00,38.155430186645326
2025-07-03 16:00:00,48.944236447143275
2025-07-03 17:00:00,40.67482852794236
2025-07-03 18:00:00,42.61984755164726
2025-07-03 19:00:00,41.65149446815537
2025-07-03 20:00:00,40.04804878182545
2025-07-03 21:00:00,38.33490232049664
2025-07-03 22:00:00,34.70883347432624
2025-07-03 23:00:00,32.946866414789106
2025-07-04 00:00:00,32.33201637151292
2025-07-04 01:00:00,31.777324060636637
2025-07-04 02:00:00,30.01831787797799
2025-07-04 03:00:00,26.58219874804803
2025-07-04 04:00:00,22.694100930087785
2025-07-04 05:00:00,20.843855886665878
2025-07-04 06:00:00,19.182422972297083
2025-07-04 07:00:00,20.857161147414185
2025-07-04 08:00:00,20.422088793589825
2025-07-04 09:00:00,18.87694193927829
2025-07-04 10:00:00,18.820348761561927
2025-07-04 11:00:00,20.040365140589124
2025-07-04 12:00:00,19.904912780064915
2025-07-04 13:00:00,21.616214210077082
2025-07-04 14:00:00,22.424690863618885
2025-07-04 15:00:00,23.58557652536429
2025-07-04 16:00:00,25.978382782285657
2025-07-04 17:00:00,27.91208772530977
2025-07-04 18:00:00,28.267013231820016
2025-07-04 19:00:00,30.1622175034872
2025-07-04 20:00:00,30.893050603080415
2025-07-04 21:00:00,29.221963191823942
2025-07-04 22:00:00,26.933967202587485
2025-07-04 23:00:00,25.634442511239534
2025-07-05 00:00:00,24.400449995782253
2025-07-05 01:00:00,23.814784541444297
2025-07-05 02:00:00,22.305888674120954
2025-07-05 03:00:00,21.644022386779408
2025-07-05 04:00:00,20.1629912445724
2025-07-05 05:00:00,18.334434122009327
2025-07-05 06:00:00,17.31674828403322
2025-07-05 07:00:00,16.95989607804241
2025-07-05 08:00:00,15.998983265785778
2025-07-05 09:00:00,14.13225153956298
2025-07-05 10:00:00,12.199753633888685
2025-07-05 11:00:00,13.70174117857856
2025-07-05 12:00:00,14.114857760623623
2025-07-05 13:00:00,14.516234744769044
2025-07-05 14:00:00,17.305205180488667
2025-07-05 15:00:00,21.514291152280137
2025-07-05 16:00:00,23.821062841012807
2025-07-05 17:00:00,26.56983065714881
2025-07-05 18:00:00,26.190020954988718
2025-07-05 19:00:00,28.798193485575126
2025-07-05 20:00:00,29.895786840968658
2025-07-05 21:00:00,28.26936189026223
2025-07-05 22:00:00,26.22484870341636
2025-07-05 23:00:00,24.73122833281826
2025-07-06 00:00:00,25.262420464689136
2025-07-06 01:00:00,24.837188127191375
2025-07-06 02:00:00,24.35209975461169
2025-07-06 03:00:00,21.701755594712786
2025-07-06 04:00:00,20.433379227542734
2025-07-06 05:00:00,19.512301009705748
2025-07-06 06:00:00,18.33777745786957
2025-07-06 07:00:00,17.239884364533488
2025-07-06 08:00:00,15.277192821296808
2025-07-06 09:00:00,13.265432038843096
2025-07-06 10:00:00,12.130392178473167
2025-07-06 11:00:00,12.126977487077705
2025-07-06 12:00:00,14.51505057611738
2025-07-06 13:00:00,16.57713033006466
2025-07-06 14:00:00,18.404624644334234
2025-07-06 15:00:00,21.072887566540356
2025-07-06 16:00:00,25.30820862777584
2025-07-06 17:00:00,26.418919828517232
2025-07-06 18:00:00,27.73268343262792
2025-07-06 19:00:00,28.569228969189606
2025-07-06 20:00:00,30.2484453731981
2025-07-06 21:00:00,30.2462686701403
2025-07-06 22:00:00,27.35814983977644
2025-07-06 23:00:00,26.19566107136035
2025-07-07 00:00:00,27.144288141576997
2025-07-07 01:00:00,25.51383214138137
2025-07-07 02:00:00,24.57532159735044
2025-07-07 03:00:00,23.1988383872475
2025-07-07 04:00:00,21.293911170493075
2025-07-07 05:00:00,19.998302749204587
2025-07-07 06:00:00,18.46065697474428
2025-07-07 07:00:00,17.603939613957095
2025-07-07 08:00:00,16.821856758086277
2025-07-07 09:00:00,13.59750292937831
2025-07-07 10:00:00,12.413086454760432
2025-07-07 11:00:00,13.406257789789082
2025-07-07 12:00:00,13.850654516012868
2025-07-07 13:00:00,15.953658039695442
2025-07-07 14:00:00,18.611348089213397
2025-07-07 15:00:00,25.771360280209933
2025-07-07 16:00:00,35.1822512011199
2025-07-07 17:00:00,37.124454402007196
2025-07-07 18:00:00,29.356076003271998
2025-07-07 19:00:00,31.585103020031365
2025-07-07 20:00:00,34.22384651431823
2025-07-07 21:00:00,34.204061363734816
2025-07-07 22:00:00,33.27774366871525
2025-07-07 23:00:00,31.922946201215247
2025-07-08 00:00:00,31.33488702480382
2025-07-08 01:00:00,31.42105055360484
2025-07-08 02:00:00,27.60411077375261
2025-07-08 03:00:00,24.655131071515036
2025-07-08 04:00:00,22.43102536840183
2025-07-08 05:00:00,20.924628692706673
2025-07-08 06:00:00,19.48085360363492
2025-07-08 07:00:00,17.369592397250674
2025-07-08 08:00:00,15.600892734580672
2025-07-08 09:00:00,14.787298183988048
2025-07-08 10:00:00,11.63938240589938
2025-07-08 11:00:00,15.2453663010418
2025-07-08 12:00:00,14.696134725284185
2025-07-08 13:00:00,17.7058206121157
2025-07-08 14:00:00,23.67092544575096
2025-07-08 15:00:00,32.32017710807203
2025-07-08 16:00:00,33.469623370381434
2025-07-08 17:00:00,30.14847850987253
2025-07-08 18:00:00,29.59821613220256
2025-07-08 19:00:00,33.337393352797875
2025-07-08 20:00:00,37.351101502381226
2025-07-08 21:00:00,37.39021436267281
2025-07-08 22:00:00,34.085201342962925
2025-07-08 23:00:00,32.988587660052055
2025-07-09 00:00:00,31.179699245658522
2025-07-09 01:00:00,30.53186093524279
2025-07-09 02:00:00,27.560554630058803
2025-07-09 03:00:00,25.558839093271853
2025-07-09 04:00:00,22.276472410899366
2025-07-09 05:00:00,19.34955983002166
2025-07-09 06:00:00,18.194284016266394
2025-07-09 07:00:00,18.072413020384367
2025-07-09 08:00:00,17.593604747639716
2025-07-09 09:00:00,14.689710721485882
2025-07-09 10:00:00,14.044007234366184
2025-07-09 11:00:00,20.259676799266725
2025-07-09 12:00:00,39.97573470344512
2025-07-09 13:00:00,29.331240601259868
2025-07-09 14:00:00,33.87166284432956
2025-07-09 15:00:00,34.632775518532114
2025-07-09 16:00:00,34.472819549661224
2025-07-09 17:00:00,31.079202610391366
2025-07-09 18:00:00,30.628505097167185
2025-07-09 19:00:00,32.5523225039781
2025-07-09 20:00:00,35.485365544108326
2025-07-09 21:00:00,33.49305850220467
2025-07-09 22:00:00,30.16153059499237
2025-07-09 23:00:00,28.37563750471879
2025-07-10 00:00:00,28.467672005991925
2025-07-10 01:00:00,26.507273257407206
2025-07-10 02:00:00,23.516743520092295
2025-07-10 03:00:00,21.686247426280424
2025-07-10 04:00:00,20.35295568488644
2025-07-10 05:00:00,21.126252540695855
2025-07-10 06:00:00,21.56458969534551
2025-07-10 07:00:00,20.836602420460466
2025-07-10 08:00:00,18.561985157705205
2025-07-10 09:00:00,14.58574932535076
2025-07-10 10:00:00,16.522421963953317
2025-07-10 11:00:00,17.532954823007213
2025-07-10 12:00:00,29.07076432944291
2025-07-10 13:00:00,24.499054172735946
2025-07-10 14:00:00,29.039027378094087
2025-07-10 15:00:00,35.06129431081311
2025-07-10 16:00:00,37.26267127731402
2025-07-10 17:00:00,28.622153816649746
2025-07-10 18:00:00,26.550854804230738
2025-07-10 19:00:00,30.7173743163762
2025-07-10 20:00:00,34.235986737519525
2025-07-10 21:00:00,35.486254519287954
2025-07-10 22:00:00,33.21479945681408
2025-07-10 23:00:00,31.98720201424793
2025-07-11 00:00:00,30.026761332139337
2025-07-11 01:00:00,27.342237363672496
2025-07-11 02:00:00,25.838604241072595
2025-07-11 03:00:00,21.7057017070157
2025-07-11 04:00:00,18.522682534140362
2025-07-11 05:00:00,15.966206449788588
2025-07-11 06:00:00,16.032400685200866
2025-07-11 07:00:00,13.716064003670002
2025-07-11 08:00:00,8.392820419574969
2025-07-11 09:00:00,2.7539690601555873
2025-07-11 10:00:00,3.2264378923007504
2025-07-11 11:00:00,5.588528072985043
2025-07-11 12:00:00,10.721541835569584
2025-07-11 13:00:00,13.047841273715198
2025-07-11 14:00:00,18.487432797313645
2025-07-11 15:00:00,31.867800714599902
2025-07-11 16:00:00,29.012120146123088
2025-07-11 17:00:00,24.784363126624342
2025-07-11 18:00:00,25.413712866558768
2025-07-11 19:00:00,29.926878382473657
2025-07-11 20:00:00,34.23618973926334
2025-07-11 21:00:00,35.40699843277851
2025-07-11 22:00:00,33.07430538259423
2025-07-11 23:00:00,31.737355186510943
2025-07-12 00:00:00,31.027125205476512
2025-07-12 01:00:00,30.05823165702759
2025-07-12 02:00:00,27.35494466318257
2025-07-12 03:00:00,23.226986135887497
2025-07-12 04:00:00,18.962741119272106
2025-07-12 05:00:00,16.76309819096733
2025-07-12 06:00:00,16.104268690286936
2025-07-12 07:00:00,14.476064653694321
2025-07-12 08:00:00,15.562376661454254
2025-07-12 09:00:00,7.19608618499203
2025-07-12 10:00:00,5.223409153186437
2025-07-12 11:00:00,9.86826984869654
2025-07-12 12:00:00,11.086826149844327
2025-07-12 13:00:00,13.14946359172118
2025-07-12 14:00:00,21.080802083033387
2025-07-12 15:00:00,36.58167861731117
2025-07-12 16:00:00,399.50626266521186
2025-07-12 17:00:00,50.6434585789779
2025-07-12 18:00:00,16.902319938778845
2025-07-12 19:00:00,21.562135783146157
2025-07-12 20:00:00,26.16582076808319
2025-07-12 21:00:00,26.841439159829765
2025-07-12 22:00:00,25.393920321643566
2025-07-12 23:00:00,22.845548157890597
2025-07-13 00:00:00,28.80274486798512
2025-07-13 01:00:00,22.762915196565253
2025-07-13 02:00:00,18.85722644296287
2025-07-13 03:00:00,19.57273690503863
2025-07-13 04:00:00,16.68477090889113
2025-07-13 05:00:00,13.71962194759949
2025-07-13 06:00:00,13.046336267536557
2025-07-13 07:00:00,14.392629877769565
2025-07-13 08:00:00,13.81653512349573
2025-07-13 09:00:00,17.825701887571253
2025-07-13 10:00:00,21.275164123223867
2025-07-13 11:00:00,15.449354722552119
2025-07-13 12:00:00,24.712592420930132
2025-07-13 13:00:00,29.3369384133454
2025-07-13 14:00:00,29.063456900259332
2025-07-13 15:00:00,53.423997568069275
2025-07-13 16:00:00,135.8015418931197
2025-07-13 17:00:00,70.73704362582396
2025-07-13 18:00:00,47.08069138796
2025-07-13 19:00:00,37.852163343026206
2025-07-13 20:00:00,40.584827119902535
2025-07-13 21:00:00,41.13068530546409
2025-07-13 22:00:00,35.62379892448574
2025-07-13 23:00:00,32.00853057945895
2025-07-14 00:00:00,32.55631381206584
2025-07-14 01:00:00,30.615919398093435
2025-07-14 02:00:00,28.557335149508194
2025-07-14 03:00:00,26.547773253069757
2025-07-14 04:00:00,22.658601072620257
2025-07-14 05:00:00,19.94694099761398
2025-07-14 06:00:00,20.402393949981153
2025-07-14 07:00:00,20.494612964782174
2025-07-14 08:00:00,19.23311340025218
2025-07-14 09:00:00,18.64250811694199
2025-07-14 10:00:00,19.001958321759247
2025-07-14 11:00:00,22.550761506699537
2025-07-14 12:00:00,30.19114524139686
2025-07-14 13:00:00,28.862287614583416
2025-07-14 14:00:00,31.535246986425538
2025-07-14 15:00:00,35.96239457260209
2025-07-14 16:00:00,29.853510442603007
2025-07-14 17:00:00,36.185914265696184
2025-07-14 18:00:00,31.227781499725438
2025-07-14 19:00:00,30.812608542429842
2025-07-14 20:00:00,33.487904621511426
2025-07-14 21:00:00,33.18421428393163
2025-07-14 22:00:00,31.66718368809357
2025-07-14 23:00:00,30.351020228061753
2025-07-15 00:00:00,31.456050359739535
2025-07-15 01:00:00,33.55465754105237
2025-07-15 02:00:00,32.28613333876587
2025-07-15 03:00:00,26.151657500019457
2025-07-15 04:00:00,21.78624578939443
2025-07-15 05:00:00,20.375974422328223
2025-07-15 06:00:00,18.840508232950523
2025-07-15 07:00:00,16.846032559071546
2025-07-15 08:00:00,16.335425301657217
2025-07-15 09:00:00,11.83786263441913
2025-07-15 10:00:00,11.132822948029414
2025-07-15 11:00:00,14.272568116933678
2025-07-15 12:00:00,18.510177116090134
2025-07-15 13:00:00,18.69995461425992
2025-07-15 14:00:00,21.920116026106733
2025-07-15 15:00:00,27.442357027179664
2025-07-15 16:00:00,28.048720580730727
2025-07-15 17:00:00,26.485265675012887
2025-07-15 18:00:00,29.077615324556714
2025-07-15 19:00:00,34.5353213498768
2025-07-15 20:00:00,36.935295552811645
2025-07-15 21:00:00,35.88433524147188
2025-07-15 22:00:00,33.67085974429996
2025-07-15 23:00:00,32.23089936401155
2025-07-16 00:00:00,31.78301867185848
2025-07-16 01:00:00,30.568893961598167
2025-07-16 02:00:00,28.197242898022843
2025-07-16 03:00:00,24.27268466299231
2025-07-16 04:00:00,20.286093762381924
2025-07-16 05:00:00,18.142102136708054
2025-07-16 06:00:00,15.914137894155989
2025-07-16 07:00:00,14.117847238862094
2025-07-16 08:00:00,11.506538272596641
2025-07-16 09:00:00,8.184265050411659
2025-07-16 10:00:00,4.61462440324911
2025-07-16 11:00:00,6.71697040325592
2025-07-16 12:00:00,9.822029066501878
2025-07-16 13:00:00,13.168193045026939
2025-07-16 14:00:00,19.03071951387265
2025-07-16 15:00:00,25.76858162186536
2025-07-16 16:00:00,27.441571116359324
2025-07-16 17:00:00,28.81477676015148
2025-07-16 18:00:00,29.991847683003893
2025-07-16 19:00:00,33.1850487962084
2025-07-16 20:00:00,34.67127007342155
2025-07-16 21:00:00,34.57201612898712
2025-07-16 22:00:00,33.18647247637631
2025-07-16 23:00:00,31.421775082123848
2025-07-17 00:00:00,29.557662186868573
2025-07-17 01:00:00,28.7322566788093
2025-07-17 02:00:00,26.30538542400512
2025-07-17 03:00:00,22.15008927290871
2025-07-17 04:00:00,17.679109052026856
2025-07-17 05:00:00,14.789239411720887
2025-07-17 06:00:00,14.386417448447153
2025-07-17 07:00:00,13.06800436243241
2025-07-17 08:00:00,12.365409414411207
2025-07-17 09:00:00,8.436383894247356
2025-07-17 10:00:00,5.562370689286097
2025-07-17 11:00:00,7.344523217751901
2025-07-17 12:00:00,9.599674772143322
2025-07-17 13:00:00,11.332549535078556
2025-07-17 14:00:00,15.234940136619004
2025-07-17 15:00:00,21.509982241178253
2025-07-17 16:00:00,24.996382653152835
2025-07-17 17:00:00,25.91630694531373
2025-07-17 18:00:00,27.29311304311784
2025-07-17 19:00:00,30.95426222803037
2025-07-17 20:00:00,33.92089674934339
2025-07-17 21:00:00,35.21515733839149
2025-07-17 22:00:00,33.30887442214076
2025-07-17 23:00:00,32.71841718254282
2025-07-18 00:00:00,31.4942425994004
2025-07-18 01:00:00,30.058873953932032
2025-07-18 02:00:00,27.165597414069243
2025-07-18 03:00:00,22.87535537472789
2025-07-18 04:00:00,19.682763593312416
2025-07-18 05:00:00,18.064715473380446
2025-07-18 06:00:00,17.37723215161178
2025-07-18 07:00:00,15.543312336149931
2025-07-18 08:00:00,13.193077680018193
2025-07-18 09:00:00,10.046076204691403
2025-07-18 10:00:00,6.28843782124119
2025-07-18 11:00:00,7.252808577258085
2025-07-18 12:00:00,9.387363495530257
2025-07-18 13:00:00,10.979232728017765
2025-07-18 14:00:00,15.984874541316929
2025-07-18 15:00:00,20.882675648539692
2025-07-18 16:00:00,26.11728694570917
2025-07-18 17:00:00,25.310368082983853
2025-07-18 18:00:00,25.42214833710803
2025-07-18 19:00:00,30.47881579273915
2025-07-18 20:00:00,34.7447254326846
2025-07-18 21:00:00,34.87122287073574
2025-07-18 22:00:00,33.10022783741472
2025-07-18 23:00:00,32.292674488394816
2025-07-19 00:00:00,31.103188651566306
2025-07-19 01:00:00,30.937160699768203
2025-07-19 02:00:00,28.71616648783262
2025-07-19 03:00:00,24.173845497371772
2025-07-19 04:00:00,21.478491875056623
2025-07-19 05:00:00,19.181221357408177
2025-07-19 06:00:00,17.800074596623233
2025-07-19 07:00:00,15.33941717231603
2025-07-19 08:00:00,13.633369666823807
2025-07-19 09:00:00,9.732211753967048
2025-07-19 10:00:00,5.392473162935982
2025-07-19 11:00:00,6.6912638347994875
2025-07-19 12:00:00,11.138547209663864
2025-07-19 13:00:00,15.273519775998297
2025-07-19 14:00:00,20.558005048446137
2025-07-19 15:00:00,23.11547308781978
2025-07-19 16:00:00,23.12089526774765
2025-07-19 17:00:00,24.77978851438676
2025-07-19 18:00:00,26.861095465239902
2025-07-19 19:00:00,31.291672002493026
2025-07-19 20:00:00,34.78989526215286
2025-07-19 21:00:00,34.74713325785545
2025-07-19 22:00:00,33.108040812491744
2025-07-19 23:00:00,32.368051604843664
2025-07-20 00:00:00,30.411806991243406
2025-07-20 01:00:00,28.827375071525417
2025-07-20 02:00:00,26.32359115533304
2025-07-20 03:00:00,22.730104441613804
2025-07-20 04:00:00,17.91092229990242
2025-07-20 05:00:00,14.27798564315558
2025-07-20 06:00:00,14.031659293332408
2025-07-20 07:00:00,13.875598072157144
2025-07-20 08:00:00,12.857715990423111
2025-07-20 09:00:00,7.715965944550279
2025-07-20 10:00:00,3.5782164747952203
2025-07-20 11:00:00,5.444241230659366
2025-07-20 12:00:00,7.986776685030641
2025-07-20 13:00:00,11.455564203151642
2025-07-20 14:00:00,15.396709772320026
2025-07-20 15:00:00,20.783450735281807
2025-07-20 16:00:00,21.474738992340104
2025-07-20 17:00:00,22.050065369904207
2025-07-20 18:00:00,24.037630439351904
2025-07-20 19:00:00,29.88040869525463
2025-07-20 20:00:00,33.45573975383332
2025-07-20 21:00:00,33.30018132102451
2025-07-20 22:00:00,31.055192454115176
2025-07-20 23:00:00,29.08324296816826
2025-07-21 00:00:00,29.4746552929591
2025-07-21 01:00:00,27.07301226698251
2025-07-21 02:00:00,25.555805250407452
2025-07-21 03:00:00,22.60534151134754
2025-07-21 04:00:00,17.914301486252615
2025-07-21 05:00:00,16.403871093025174
2025-07-21 06:00:00,16.139721059882927
2025-07-21 07:00:00,15.179377112509487
2025-07-21 08:00:00,13.02798315083504
2025-07-21 09:00:00,7.86205657618985
2025-07-21 10:00:00,3.4454250749445627
2025-07-21 11:00:00,6.479743761953521
2025-07-21 12:00:00,9.205514938434023
2025-07-21 13:00:00,11.626901569478978
2025-07-21 14:00:00,15.616955422280915
2025-07-21 15:00:00,20.113707128388448
2025-07-21 16:00:00,21.60187886583119
2025-07-21 17:00:00,23.101424756318757
2025-07-21 18:00:00,26.47251734091766
2025-07-21 19:00:00,30.940905789393135
2025-07-21 20:00:00,33.23443109888652
2025-07-21 21:00:00,34.04783383383332
2025-07-21 22:00:00,32.48418167345637
2025-07-21 23:00:00,31.301509831920317
2025-07-22 00:00:00,30.652272067376817
2025-07-22 01:00:00,31.509534536534368
2025-07-22 02:00:00,28.71145786309421
2025-07-22 03:00:00,25.303425148892174
2025-07-22 04:00:00,20.20270621819507
2025-07-22 05:00:00,18.21994273659402
2025-07-22 06:00:00,17.855650285339046
2025-07-22 07:00:00,15.861439894170244
2025-07-22 08:00:00,14.724681800785088
2025-07-22 09:00:00,8.377192729592426
2025-07-22 10:00:00,6.143910208671165
2025-07-22 11:00:00,7.490663131334982
2025-07-22 12:00:00,10.214940391503402
2025-07-22 13:00:00,14.082886407290363
2025-07-22 14:00:00,24.949612680246155
2025-07-22 15:00:00,30.478535527580764
2025-07-22 16:00:00,32.05759775554111
2025-07-22 17:00:00,30.15321145829718
2025-07-22 18:00:00,30.299318604008675
2025-07-22 19:00:00,32.99546635974359
2025-07-22 20:00:00,34.871260543383634
2025-07-22 21:00:00,35.15369657977921
2025-07-22 22:00:00,33.50970850195974
2025-07-22 23:00:00,33.168322429117744
2025-07-23 00:00:00,31.56328543324958
2025-07-23 01:00:00,30.760983606986045
2025-07-23 02:00:00,27.714335197558476
2025-07-23 03:00:00,23.330119071089143
2025-07-23 04:00:00,16.710840792706126
2025-07-23 05:00:00,13.951503495940775
2025-07-23 06:00:00,14.280600330424756
2025-07-23 07:00:00,12.742575608173565
2025-07-23 08:00:00,11.728250049203643
2025-07-23 09:00:00,5.47180125452202
2025-07-23 10:00:00,2.6827065240422527
2025-07-23 11:00:00,5.518023280591998
2025-07-23 12:00:00,9.170954239270477
2025-07-23 13:00:00,12.76220704011916
2025-07-23 14:00:00,18.304909572525226
2025-07-23 15:00:00,24.85926007560989
2025-07-23 16:00:00,27.594584749345238
2025-07-23 17:00:00,31.863697227822083
2025-07-23 18:00:00,32.3513788902105
2025-07-23 19:00:00,33.046439307631886
2025-07-23 20:00:00,34.69414101153
2025-07-23 21:00:00,35.0252071261616
2025-07-23 22:00:00,33.374120671245635
2025-07-23 23:00:00,34.04070661859035
2025-07-24 00:00:00,32.16074730232774
2025-07-24 01:00:00,31.04034575977798
2025-07-24 02:00:00,27.640912755045655
2025-07-24 03:00:00,23.334456088406906
2025-07-24 04:00:00,19.13215770333018
2025-07-24 05:00:00,14.941771329614891
2025-07-24 06:00:00,15.230029096999521
2025-07-24 07:00:00,12.697586932944642
2025-07-24 08:00:00,10.467018086627997
2025-07-24 09:00:00,6.548971516069648
2025-07-24 10:00:00,3.2960236866795736
2025-07-24 11:00:00,3.6985242622574828
2025-07-24 12:00:00,6.957019781001858
2025-07-24 13:00:00,11.070044660208401
2025-07-24 14:00:00,16.591979098375706
2025-07-24 15:00:00,23.091649505342012
2025-07-24 16:00:00,23.68342023813612
2025-07-24 17:00:00,25.703675255088672
2025-07-24 18:00:00,26.150992132714403
2025-07-24 19:00:00,32.25213220787635
2025-07-24 20:00:00,35.12225822594672
2025-07-24 21:00:00,34.34351124800568
2025-07-24 22:00:00,33.89919702330571
2025-07-24 23:00:00,33.53543270738053
2025-07-25 00:00:00,33.17575687651035
2025-07-25 01:00:00,31.89822747559016
2025-07-25 02:00:00,29.771203994052396
2025-07-25 03:00:00,24.660132756004735
2025-07-25 04:00:00,19.015829840510264
2025-07-25 05:00:00,16.048949120710738
2025-07-25 06:00:00,15.512397091951266
2025-07-25 07:00:00,14.020719548902804
2025-07-25 08:00:00,11.208211151546534
2025-07-25 09:00:00,3.892359156733533
2025-07-25 10:00:00,3.3168477442398445
2025-07-25 11:00:00,5.595826254694947
2025-07-25 12:00:00,8.626117195003483
2025-07-25 13:00:00,11.886623702407718
2025-07-25 14:00:00,16.385554644729993
2025-07-25 15:00:00,24.16697032635085
2025-07-25 16:00:00,23.682720495941915
2025-07-25 17:00:00,25.560807947331917
2025-07-25 18:00:00,26.865794432211633
2025-07-25 19:00:00,32.45226597742497
2025-07-25 20:00:00,35.6589166670794
2025-07-25 21:00:00,36.27104722930135
2025-07-25 22:00:00,36.42984714412514
2025-07-25 23:00:00,35.58722519810321
2025-07-26 00:00:00,35.166411979894065
2025-07-26 01:00:00,33.97408035983009
2025-07-26 02:00:00,31.10585262115366
2025-07-26 03:00:00,26.392546979821564
2025-07-26 04:00:00,22.894793130573007
2025-07-26 05:00:00,20.574369528882222
2025-07-26 06:00:00,19.06091763341876
2025-07-26 07:00:00,17.893757448162205
2025-07-26 08:00:00,17.629736130501676
2025-07-26 09:00:00,11.166845344703331
2025-07-26 10:00:00,17.81323887962643
2025-07-26 11:00:00,13.92224312212628
2025-07-26 12:00:00,16.454296626722083
2025-07-26 13:00:00,23.884586327271553
2025-07-26 14:00:00,23.36296958490232
2025-07-26 15:00:00,28.224543415386993
2025-07-26 16:00:00,28.41958784129531
2025-07-26 17:00:00,30.88922169607879
2025-07-26 18:00:00,32.791330463892386
2025-07-26 19:00:00,35.48759354583438
2025-07-26 20:00:00,37.28633303080822
2025-07-26 21:00:00,36.407325530369896
2025-07-26 22:00:00,34.619822035683754
2025-07-26 23:00:00,31.952425458794693
2025-07-27 00:00:00,31.168747777816172
2025-07-27 01:00:00,30.717960090359384
2025-07-27 02:00:00,28.02248683478895
2025-07-27 03:00:00,24.662759018635416
2025-07-27 04:00:00,22.18799293187253
2025-07-27 05:00:00,18.904707646426406
2025-07-27 06:00:00,18.81190344731216
2025-07-27 07:00:00,18.163099347862925
2025-07-27 08:00:00,19.943625068259408
2025-07-27 09:00:00,18.900045316969813
2025-07-27 10:00:00,14.500882348039303
2025-07-27 11:00:00,14.341763920388663
2025-07-27 12:00:00,21.308080150635217
2025-07-27 13:00:00,18.508865039191253
2025-07-27 14:00:00,19.78401146350248
2025-07-27 15:00:00,22.528818885923442
2025-07-27 16:00:00,25.71401630388888
2025-07-27 17:00:00,28.91279979193455
2025-07-27 18:00:00,26.875570303493376
2025-07-27 19:00:00,31.056814258637807
2025-07-27 20:00:00,34.92693929804805
2025-07-27 21:00:00,33.97332786073899
2025-07-27 22:00:00,31.556903575554582
2025-07-27 23:00:00,29.910009070442996
2025-07-28 00:00:00,30.12650184981767
2025-07-28 01:00:00,29.15227949093452
2025-07-28 02:00:00,27.586975874598124
2025-07-28 03:00:00,23.248163300947184
2025-07-28 04:00:00,19.440900497458966
2025-07-28 05:00:00,15.394779978781115
2025-07-28 06:00:00,15.982619341658408
2025-07-28 07:00:00,15.929309126736493
2025-07-28 08:00:00,13.798524962453161
2025-07-28 09:00:00,9.83738588435521
2025-07-28 10:00:00,5.721603341628359
2025-07-28 11:00:00,8.551564618829056
2025-07-28 12:00:00,11.435714691489554
2025-07-28 13:00:00,12.686161479176326
2025-07-28 14:00:00,17.147133763723158
2025-07-28 15:00:00,21.350386474825893
2025-07-28 16:00:00,26.399866026717753
2025-07-28 17:00:00,26.88214552946622
2025-07-28 18:00:00,26.452573072798476
2025-07-28 19:00:00,30.770250377376172
2025-07-28 20:00:00,34.60112827084733
2025-07-28 21:00:00,35.60327370108959
2025-07-28 22:00:00,32.58754582853383
2025-07-28 23:00:00,30.724871970725076
2025-07-29 00:00:00,29.61259518504057
2025-07-29 01:00:00,29.54143906164328
2025-07-29 02:00:00,27.726232634135982
2025-07-29 03:00:00,22.38684409810867
2025-07-29 04:00:00,18.655204824283018
2025-07-29 05:00:00,16.392757098198366
2025-07-29 06:00:00,15.541079642249708
2025-07-29 07:00:00,14.751350034253727
2025-07-29 08:00:00,10.43157655022691
2025-07-29 09:00:00,4.948257160980857
2025-07-29 10:00:00,3.6077747093535875
2025-07-29 11:00:00,5.306107829402037
2025-07-29 12:00:00,11.33541102558074
2025-07-29 13:00:00,14.665339004226693
2025-07-29 14:00:00,21.252967906855456
2025-07-29 15:00:00,33.98974670195358
2025-07-29 16:00:00,39.42910537066164
2025-07-29 17:00:00,33.47302555336351
2025-07-29 18:00:00,32.36464022977949
2025-07-29 19:00:00,35.6811783071143
2025-07-29 20:00:00,37.57170045227337
2025-07-29 21:00:00,37.99405052356025
2025-07-29 22:00:00,36.92321635948892
2025-07-29 23:00:00,35.739540550472
2025-07-30 00:00:00,34.364595867087964
2025-07-30 01:00:00,31.804646868536462
2025-07-30 02:00:00,29.26165919184317
2025-07-30 03:00:00,25.941118218076568
2025-07-30 04:00:00,22.033744271622833
2025-07-30 05:00:00,19.598304580073464
2025-07-30 06:00:00,17.25301111796246
2025-07-30 07:00:00,15.678906900320873
2025-07-30 08:00:00,12.469963919063115
2025-07-30 09:00:00,6.533656451917072
2025-07-30 10:00:00,2.726728672887231
2025-07-30 11:00:00,5.188190177786914
2025-07-30 12:00:00,9.395025867173917
2025-07-30 13:00:00,12.785872756527205
2025-07-30 14:00:00,30.017935232876635
2025-07-30 15:00:00,41.49854084540273
2025-07-30 16:00:00,40.18819457290573
2025-07-30 17:00:00,32.508898085690184
2025-07-30 18:00:00,31.302877877633346
2025-07-30 19:00:00,34.93452923561287
2025-07-30 20:00:00,37.49278661250414
2025-07-30 21:00:00,38.298731824395404
2025-07-30 22:00:00,36.39082196475916
2025-07-30 23:00:00,35.02691950877974
2025-07-31 00:00:00,33.69350258087989
2025-07-31 01:00:00,31.757076103405154
2025-07-31 02:00:00,30.162794770898124
2025-07-31 03:00:00,25.387419590663075
2025-07-31 04:00:00,22.21830511340037
2025-07-31 05:00:00,19.38091632511623
2025-07-31 06:00:00,17.77107567504128
2025-07-31 07:00:00,16.364455718373513
2025-07-31 08:00:00,12.692318426754115
2025-07-31 09:00:00,6.924883496523635
2025-07-31 10:00:00,5.897454884620691
2025-07-31 11:00:00,7.251157241269309
2025-07-31 12:00:00,12.497629005433174
2025-07-31 13:00:00,15.10610677333172
2025-07-31 14:00:00,54.687521751772316
2025-07-31 15:00:00,90.08400749437517
2025-07-31 16:00:00,55.027004102041836
2025-07-31 17:00:00,43.6637586275857
2025-07-31 18:00:00,35.32508902151889
2025-07-31 19:00:00,37.2194125137358
2025-07-31 20:00:00,39.867588305716886
2025-07-31 21:00:00,39.830500068600365
2025-07-31 22:00:00,38.219223076040485
2025-07-31 23:00:00,36.451827226823006
2025-08-01 00:00:00,35.372019791875935
2025-08-01 01:00:00,35.2867199985142
2025-08-01 02:00:00,32.02289509522868
2025-08-01 03:00:00,28.004070261242056
2025-08-01 04:00:00,24.740887882349305
2025-08-01 05:00:00,22.648992511038326
2025-08-01 06:00:00,21.482649802094233
2025-08-01 07:00:00,21.28851670439084
2025-08-01 08:00:00,16.462167879766238
2025-08-01 09:00:00,9.155440650325081
2025-08-01 10:00:00,8.214514722823182
2025-08-01 11:00:00,11.644590258119955
2025-08-01 12:00:00,14.17370880615658
2025-08-01 13:00:00,16.409220939520722
2025-08-01 14:00:00,39.21336789635214
2025-08-01 15:00:00,55.91903584556176
2025-08-01 16:00:00,61.48356439963532
2025-08-01 17:00:00,57.67512569071297
2025-08-01 18:00:00,39.168189483284635
2025-08-01 19:00:00,39.32367880856486
2025-08-01 20:00:00,44.646135397677405
2025-08-01 21:00:00,45.13125304093489
2025-08-01 22:00:00,45.8703815149842
2025-08-01 23:00:00,43.997018860194295
2025-08-02 00:00:00,42.66581870148126
2025-08-02 01:00:00,40.49917084900662
2025-08-02 02:00:00,38.73742494837605
2025-08-02 03:00:00,33.678450086129395
2025-08-02 04:00:00,28.398566626830593
2025-08-02 05:00:00,24.80627682380108
2025-08-02 06:00:00,22.847801299013184
2025-08-02 07:00:00,21.454784218225566
2025-08-02 08:00:00,17.861148102480552
2025-08-02 09:00:00,13.00367153555709
2025-08-02 10:00:00,10.690759133427592
2025-08-02 11:00:00,14.962477737911868
2025-08-02 12:00:00,27.331412602785555
2025-08-02 13:00:00,23.09120228372362
2025-08-02 14:00:00,49.82265784129185
2025-08-02 15:00:00,48.480140350012405
2025-08-02 16:00:00,53.29374112530813
2025-08-02 17:00:00,49.43719060660058
2025-08-02 18:00:00,39.191859720104034
2025-08-02 19:00:00,40.557166825915694
2025-08-02 20:00:00,45.68884524960197
2025-08-02 21:00:00,43.141679157638606
2025-08-02 22:00:00,40.155752663371445
2025-08-02 23:00:00,37.41714958940562
2025-08-03 00:00:00,35.23035235359829
2025-08-03 01:00:00,35.269448139462725
2025-08-03 02:00:00,35.995854091426196
2025-08-03 03:00:00,28.524604848874517
2025-08-03 04:00:00,25.636031038652288
2025-08-03 05:00:00,22.593583586591304
2025-08-03 06:00:00,21.196446815753923
2025-08-03 07:00:00,19.679523519213486
2025-08-03 08:00:00,14.86972040601995
2025-08-03 09:00:00,8.705093873541148
2025-08-03 10:00:00,6.139484935752671
2025-08-03 11:00:00,12.478597839645165
2025-08-03 12:00:00,17.760583218860862
2025-08-03 13:00:00,18.620207737842296
2025-08-03 14:00:00,27.407946841149258
2025-08-03 15:00:00,28.216892293243927
2025-08-03 16:00:00,29.628685779255093
2025-08-03 17:00:00,29.4887442716154
2025-08-03 18:00:00,29.746975869582904
2025-08-03 19:00:00,31.138211873242646
2025-08-03 20:00:00,33.45534617615432
2025-08-03 21:00:00,33.90073380743541
2025-08-03 22:00:00,31.484237158285406
2025-08-03 23:00:00,31.3399248739651
2025-08-04 00:00:00,30.716371837343434
2025-08-04 01:00:00,30.03893939417383
2025-08-04 02:00:00,28.46846061334891
2025-08-04 03:00:00,24.17470550178705
2025-08-04 04:00:00,20.760286846960998
2025-08-04 05:00:00,18.87441767273799
2025-08-04 06:00:00,17.046132107550648
2025-08-04 07:00:00,14.63512668443878
2025-08-04 08:00:00,10.005518985681714
2025-08-04 09:00:00,2.745618847968387
2025-08-04 10:00:00,3.0336972366360877
2025-08-04 11:00:00,5.756093535013732
2025-08-04 12:00:00,7.660992877565961
2025-08-04 13:00:00,15.91986554156935
2025-08-04 14:00:00,25.149767204598508
2025-08-04 15:00:00,39.44261536390219
2025-08-04 16:00:00,39.506237880495355
2025-08-04 17:00:00,28.947566611444397
2025-08-04 18:00:00,29.042535209175867
2025-08-04 19:00:00,33.6131509118736
2025-08-04 20:00:00,36.8807167771757
2025-08-04 21:00:00,38.64206961899481
2025-08-04 22:00:00,36.75449093670467
2025-08-04 23:00:00,34.11904811886549
2025-08-05 00:00:00,32.97700215601969
2025-08-05 01:00:00,31.798508726590757
2025-08-05 02:00:00,29.319495955516864
2025-08-05 03:00:00,26.01805882379087
2025-08-05 04:00:00,24.25482276789709
2025-08-05 05:00:00,21.551036502840535
2025-08-05 06:00:00,19.294382661374648
2025-08-05 07:00:00,16.85372763020955
2025-08-05 08:00:00,14.049885098850147
2025-08-05 09:00:00,8.899490761650792
2025-08-05 10:00:00,8.216856857364633
2025-08-05 11:00:00,8.369275451656526
2025-08-05 12:00:00,12.074506071152335
2025-08-05 13:00:00,14.515200474181649
2025-08-05 14:00:00,18.62908373431031
2025-08-05 15:00:00,21.464009048265133
2025-08-05 16:00:00,22.39800343755154
2025-08-05 17:00:00,20.876442741107642
2025-08-05 18:00:00,22.94135849156777
2025-08-05 19:00:00,29.459247783273163
2025-08-05 20:00:00,34.05694481488962
2025-08-05 21:00:00,34.20024071821234
2025-08-05 22:00:00,32.40041093801083
2025-08-05 23:00:00,31.153825070297792
2025-08-06 00:00:00,30.37295312166744
2025-08-06 01:00:00,29.15220012842439
2025-08-06 02:00:00,26.968959569778185
2025-08-06 03:00:00,22.460968491045353
2025-08-06 04:00:00,18.483039414603912
2025-08-06 05:00:00,17.04061148177223
2025-08-06 06:00:00,15.452141872471724
2025-08-06 07:00:00,13.469928083024783
2025-08-06 08:00:00,8.681528597854681
2025-08-06 09:00:00,5.539018830977894
2025-08-06 10:00:00,2.3625170584188524
2025-08-06 11:00:00,4.5890040337936515
2025-08-06 12:00:00,9.64893782577813
2025-08-06 13:00:00,14.506493538302056
2025-08-06 14:00:00,20.384534304658413
2025-08-06 15:00:00,25.203478067451396
2025-08-06 16:00:00,25.56822322067552
2025-08-06 17:00:00,25.969227399365153
2025-08-06 18:00:00,28.69232651296049
2025-08-06 19:00:00,33.9820605298414
2025-08-06 20:00:00,37.82758615889806
2025-08-06 21:00:00,37.33551752417448
2025-08-06 22:00:00,34.921775974180605
2025-08-06 23:00:00,33.63769262734713
2025-08-07 00:00:00,32.25310627674913
2025-08-07 01:00:00,31.025567170485655
2025-08-07 02:00:00,28.280270199448115
2025-08-07 03:00:00,23.465247026712326
2025-08-07 04:00:00,20.086802926479677
2025-08-07 05:00:00,17.341830460697697
2025-08-07 06:00:00,16.752296967256413
2025-08-07 07:00:00,15.404962382140548
2025-08-07 08:00:00,10.771506204293086
2025-08-07 09:00:00,7.426907237337055
2025-08-07 10:00:00,3.4458367326819
2025-08-07 11:00:00,6.120491391258665
2025-08-07 12:00:00,9.693742027090297
2025-08-07 13:00:00,14.097624245999636
2025-08-07 14:00:00,22.019724819987708
2025-08-07 15:00:00,35.14494688013609
2025-08-07 16:00:00,45.409751968514115
2025-08-07 17:00:00,29.288938449940247
2025-08-07 18:00:00,29.20984982581628
2025-08-07 19:00:00,34.27499908613129
2025-08-07 20:00:00,36.44475193066678
2025-08-07 21:00:00,36.497748783990815
2025-08-07 22:00:00,34.55191514377268
2025-08-07 23:00:00,32.69499671573582
2025-08-08 00:00:00,32.446171715108264
2025-08-08 01:00:00,30.828196958488668
2025-08-08 02:00:00,29.282591383532214
2025-08-08 03:00:00,24.41330102267687
2025-08-08 04:00:00,21.86580849556787
2025-08-08 05:00:00,19.486593109911897
2025-08-08 06:00:00,18.95675964482132
2025-08-08 07:00:00,17.438752144923278
2025-08-08 08:00:00,10.986635099871583
2025-08-08 09:00:00,5.499648410019423
2025-08-08 10:00:00,3.2429287615972386
2025-08-08 11:00:00,4.755073157962273
2025-08-08 12:00:00,8.210173501872916
2025-08-08 13:00:00,12.462097897256344
2025-08-08 14:00:00,21.017644225848365
2025-08-08 15:00:00,42.39241538560052
2025-08-08 16:00:00,38.182097709180624
2025-08-08 17:00:00,28.397982849423222
2025-08-08 18:00:00,30.078903292156024
2025-08-08 19:00:00,33.39788313267487
2025-08-08 20:00:00,35.507895692013165
2025-08-08 21:00:00,36.03164716347094
2025-08-08 22:00:00,33.931858900010255
2025-08-08 23:00:00,32.832927182946335
2025-08-09 00:00:00,31.850925307628305
2025-08-09 01:00:00,30.233498582677576
2025-08-09 02:00:00,28.518169395997763
2025-08-09 03:00:00,23.967876983997193
2025-08-09 04:00:00,20.23692843582756
2025-08-09 05:00:00,18.313562584997914
2025-08-09 06:00:00,16.83383231573084
2025-08-09 07:00:00,14.043214253017545
2025-08-09 08:00:00,9.353794315461784
2025-08-09 09:00:00,4.107395061049411
2025-08-09 10:00:00,1.91416794054394
2025-08-09 11:00:00,2.989875509827782
2025-08-09 12:00:00,6.4270920352984975
2025-08-09 13:00:00,11.697803307042081
2025-08-09 14:00:00,17.848188992489142
2025-08-09 15:00:00,31.43256708434831
2025-08-09 16:00:00,26.60274816368698
2025-08-09 17:00:00,26.198211530327338
2025-08-09 18:00:00,28.06212048176384
2025-08-09 19:00:00,32.76512863369829
2025-08-09 20:00:00,35.89602758106553
2025-08-09 21:00:00,35.808066544657606
2025-08-09 22:00:00,34.05557950646189
2025-08-09 23:00:00,32.676363113891476
2025-08-10 00:00:00,30.66060001467403
2025-08-10 01:00:00,29.872886591240203
2025-08-10 02:00:00,27.86872486672131
2025-08-10 03:00:00,23.295612517902875
2025-08-10 04:00:00,19.63520838265347
2025-08-10 05:00:00,15.478320051204294
2025-08-10 06:00:00,14.796025150192264
2025-08-10 07:00:00,13.168156346701704
2025-08-10 08:00:00,9.008375759105386
2025-08-10 09:00:00,2.9775860407957944
2025-08-10 10:00:00,-2.0800749931387768
2025-08-10 11:00:00,0.10220828278894414
2025-08-10 12:00:00,5.431413579769162
2025-08-10 13:00:00,10.381075193889663
2025-08-10 14:00:00,16.901852640853875
2025-08-10 15:00:00,20.3120016718007
2025-08-10 16:00:00,21.14403406720023
2025-08-10 17:00:00,22.46421204509472
2025-08-10 18:00:00,25.421395588881953
2025-08-10 19:00:00,31.680484959528876
2025-08-10 20:00:00,34.6378090546394
2025-08-10 21:00:00,33.74452705715082
2025-08-10 22:00:00,32.064855560712736
2025-08-10 23:00:00,30.8878340693666
2025-08-11 00:00:00,30.961439107456005
2025-08-11 01:00:00,29.939973171556613
2025-08-11 02:00:00,28.97394061691137
2025-08-11 03:00:00,24.283758184985047
2025-08-11 04:00:00,21.290135342956013
2025-08-11 05:00:00,19.058445199890468
2025-08-11 06:00:00,19.94131023503161
2025-08-11 07:00:00,17.771143698714827
2025-08-11 08:00:00,12.174607624445775
2025-08-11 09:00:00,7.206542408589725
2025-08-11 10:00:00,6.037400765275432
2025-08-11 11:00:00,10.466092667583577
2025-08-11 12:00:00,8.839256583959576
2025-08-11 13:00:00,11.469999302160941
2025-08-11 14:00:00,17.33868606949943
2025-08-11 15:00:00,21.82352572155821
2025-08-11 16:00:00,24.205477840249728
2025-08-11 17:00:00,24.24163255711358
2025-08-11 18:00:00,28.735036148730384
2025-08-11 19:00:00,34.83991356568469
2025-08-11 20:00:00,40.071669735010964
2025-08-11 21:00:00,41.76208341351774
2025-08-11 22:00:00,37.689279000957534
2025-08-11 23:00:00,37.33188181884819
2025-08-12 00:00:00,35.106159045428754
2025-08-12 01:00:00,34.24133388884625
2025-08-12 02:00:00,31.849210929977925
2025-08-12 03:00:00,26.565081796711535
2025-08-12 04:00:00,23.578045915401624
2025-08-12 05:00:00,21.752168260475024
2025-08-12 06:00:00,21.70065030902065
2025-08-12 07:00:00,22.330856060476798
2025-08-12 08:00:00,14.663032149129196
2025-08-12 09:00:00,10.14480645692849
2025-08-12 10:00:00,7.661825057452992
2025-08-12 11:00:00,11.10466503281342
2025-08-12 12:00:00,12.69045173823554
2025-08-12 13:00:00,15.793738601496395
2025-08-12 14:00:00,28.92021972224849
2025-08-12 15:00:00,34.52486611492871
2025-08-12 16:00:00,40.875941538522675
2025-08-12 17:00:00,43.3344588514814
2025-08-12 18:00:00,37.724236667331276
2025-08-12 19:00:00,38.71579295066593
2025-08-12 20:00:00,40.379508238874855
2025-08-12 21:00:00,39.90912232403839
2025-08-12 22:00:00,37.911104848855736
2025-08-12 23:00:00,35.577493390804214
2025-08-13 00:00:00,36.00080819959145
2025-08-13 01:00:00,36.519818139197355
2025-08-13 02:00:00,34.018432356660966
2025-08-13 03:00:00,28.119538169418743
2025-08-13 04:00:00,24.129424410574227
2025-08-13 05:00:00,22.50706420802415
2025-08-13 06:00:00,21.780104411540652
2025-08-13 07:00:00,19.31368391562987
2025-08-13 08:00:00,16.196501065938826
2025-08-13 09:00:00,11.571546207472291
2025-08-13 10:00:00,9.038015430724553
2025-08-13 11:00:00,12.010399720528852
2025-08-13 12:00:00,14.734917636661196
2025-08-13 13:00:00,26.7628841962754
2025-08-13 14:00:00,36.26205253113577
2025-08-13 15:00:00,36.64777239855997
2025-08-13 16:00:00,38.03904537560166
2025-08-13 17:00:00,37.95077727346813
2025-08-13 18:00:00,37.14915853394231
2025-08-13 19:00:00,40.790855858205084
2025-08-13 20:00:00,42.22763813001679
2025-08-13 21:00:00,40.435998001914214
2025-08-13 22:00:00,36.87032115882676
2025-08-13 23:00:00,35.753324980463724
2025-08-14 00:00:00,35.828198104717465
2025-08-14 01:00:00,37.33889938885357
2025-08-14 02:00:00,35.319882609983345
2025-08-14 03:00:00,26.848594117928666
2025-08-14 04:00:00,23.66471448307536
2025-08-14 05:00:00,22.8740841449382
2025-08-14 06:00:00,21.292194373985936
2025-08-14 07:00:00,20.675262980527478
2025-08-14 08:00:00,18.186094300327124
2025-08-14 09:00:00,12.801099723586352
2025-08-14 10:00:00,11.646511541120043
2025-08-14 11:00:00,17.536021068417302
2025-08-14 12:00:00,18.560255762529863
2025-08-14 13:00:00,23.77796925982444
2025-08-14 14:00:00,33.7124242445864
2025-08-14 15:00:00,36.23064256234788
2025-08-14 16:00:00,34.21964281438525
2025-08-14 17:00:00,29.17830779431794
2025-08-14 18:00:00,31.74501364280191
2025-08-14 19:00:00,37.297825358308216
2025-08-14 20:00:00,40.50072620975653
2025-08-14 21:00:00,40.182462825576266
2025-08-14 22:00:00,37.62436177180361
2025-08-14 23:00:00,37.02100674648268
2025-08-15 00:00:00,34.87556811080927
2025-08-15 01:00:00,34.20947946959607
2025-08-15 02:00:00,31.671345727685452
2025-08-15 03:00:00,26.003656027959813
2025-08-15 04:00:00,22.686156994332478
2025-08-15 05:00:00,20.626367113995887
2025-08-15 06:00:00,19.613899853634255
2025-08-15 07:00:00,19.124260622040325
2025-08-15 08:00:00,17.66885822231857
2025-08-15 09:00:00,10.735258184600417
2025-08-15 10:00:00,8.621957277817843
2025-08-15 11:00:00,11.97810562822563
2025-08-15 12:00:00,13.79159324817763
2025-08-15 13:00:00,17.423638276129413
2025-08-15 14:00:00,26.833153915608584
2025-08-15 15:00:00,37.29491854069798
2025-08-15 16:00:00,40.32178886034072
2025-08-15 17:00:00,29.942140437976903
2025-08-15 18:00:00,31.318448655930542
2025-08-15 19:00:00,36.60709336144195
2025-08-15 20:00:00,38.2098123738804
2025-08-15 21:00:00,37.75728267010977
2025-08-15 22:00:00,35.92708271053517
2025-08-15 23:00:00,35.109143202769864
2025-08-16 00:00:00,33.847418017873956
2025-08-16 01:00:00,35.38433241818749
2025-08-16 02:00:00,33.58422940385379
2025-08-16 03:00:00,26.870585312741795
2025-08-16 04:00:00,22.021050615828464
2025-08-16 05:00:00,20.03611052066129
2025-08-16 06:00:00,19.265081199399873
2025-08-16 07:00:00,17.168824262351478
2025-08-16 08:00:00,13.204746244382276
2025-08-16 09:00:00,9.268385636886563
2025-08-16 10:00:00,5.809128009004055
2025-08-16 11:00:00,9.04136921434632
2025-08-16 12:00:00,11.567819926383537
2025-08-16 13:00:00,16.05103712682417
2025-08-16 14:00:00,23.712313645120734
2025-08-16 15:00:00,32.0128679211697
2025-08-16 16:00:00,35.423911230193944
2025-08-16 17:00:00,31.13173769806928
2025-08-16 18:00:00,28.84113351885934
2025-08-16 19:00:00,31.12792838510767
2025-08-16 20:00:00,33.982835773422636
2025-08-16 21:00:00,33.88977205382435
2025-08-16 22:00:00,32.09479531090943
2025-08-16 23:00:00,30.628664759392514
2025-08-17 00:00:00,28.6043210687987
2025-08-17 01:00:00,28.163844769805163
2025-08-17 02:00:00,26.86104644749607
2025-08-17 03:00:00,23.01528493283369
2025-08-17 04:00:00,20.16401354380506
2025-08-17 05:00:00,18.56212641666887
2025-08-17 06:00:00,18.544057874363332
2025-08-17 07:00:00,17.075465957165243
2025-08-17 08:00:00,17.550970317412155
2025-08-17 09:00:00,11.241617489261976
2025-08-17 10:00:00,9.690948575792884
2025-08-17 11:00:00,11.601584031399133
2025-08-17 12:00:00,15.198767273865412
2025-08-17 13:00:00,16.56734638356012
2025-08-17 14:00:00,25.365997350282363
2025-08-17 15:00:00,34.60660784074579
2025-08-17 16:00:00,42.06864073918291
2025-08-17 17:00:00,32.08628246951425
2025-08-17 18:00:00,29.9738745454963
2025-08-17 19:00:00,34.16443740568587
2025-08-17 20:00:00,37.612933650466466
2025-08-17 21:00:00,36.41469675351997
2025-08-17 22:00:00,34.28880704641541
2025-08-17 23:00:00,32.16181437372624
2025-08-18 00:00:00,31.775280304953128
2025-08-18 01:00:00,29.515358818634727
2025-08-18 02:00:00,27.761953375684964
2025-08-18 03:00:00,24.05677365916313
2025-08-18 04:00:00,20.81937346407986
2025-08-18 05:00:00,18.505956003856937
2025-08-18 06:00:00,15.976610008050882
2025-08-18 07:00:00,17.580325152294208
2025-08-18 08:00:00,17.545221944309514
2025-08-18 09:00:00,8.838682475032124
2025-08-18 10:00:00,3.544628331278179
2025-08-18 11:00:00,6.471889335451575
2025-08-18 12:00:00,13.10100734902049
2025-08-18 13:00:00,16.758395303620453
2025-08-18 14:00:00,30.623485801335843
2025-08-18 15:00:00,32.969941639473475
2025-08-18 16:00:00,44.60440053157727
2025-08-18 17:00:00,40.0596448563721
2025-08-18 18:00:00,34.39371335153048
2025-08-18 19:00:00,37.89777468953604
2025-08-18 20:00:00,39.52577259618115
2025-08-18 21:00:00,38.461682637779994
2025-08-18 22:00:00,37.45596502231305
2025-08-18 23:00:00,35.66021979243883
2025-08-19 00:00:00,34.80787644584791
2025-08-19 01:00:00,34.08600971454742
2025-08-19 02:00:00,33.342700851660844
2025-08-19 03:00:00,25.614895674551803
2025-08-19 04:00:00,21.871385969130916
2025-08-19 05:00:00,20.293039796603043
2025-08-19 06:00:00,18.991559188204306
2025-08-19 07:00:00,19.163415501760664
2025-08-19 08:00:00,15.438926959685016
2025-08-19 09:00:00,6.7130057250737
2025-08-19 10:00:00,6.01327900762733
2025-08-19 11:00:00,9.011314299779642
2025-08-19 12:00:00,13.225853863584506
2025-08-19 13:00:00,15.541315994230157
2025-08-19 14:00:00,35.42650597060005
2025-08-19 15:00:00,40.48986556255789
2025-08-19 16:00:00,50.70857081281654
2025-08-19 17:00:00,42.009126015170835
2025-08-19 18:00:00,43.58472659633516
2025-08-19 19:00:00,42.708297770984856
2025-08-19 20:00:00,44.095827964596666
2025-08-19 21:00:00,43.21787538935237
2025-08-19 22:00:00,42.88498036667913
2025-08-19 23:00:00,41.957670613509165
2025-08-20 00:00:00,39.40101851981297
2025-08-20 01:00:00,44.709787221087225
2025-08-20 02:00:00,41.16731523834964
2025-08-20 03:00:00,31.302226754991697
2025-08-20 04:00:00,27.26255732588758
2025-08-20 05:00:00,26.347514673777958
2025-08-20 06:00:00,25.941762039798697
2025-08-20 07:00:00,24.90897438394311
2025-08-20 08:00:00,27.00763782219534
2025-08-20 09:00:00,18.213555408218927
2025-08-20 10:00:00,21.683216293042406
2025-08-20 11:00:00,27.030680691427428
2025-08-20 12:00:00,31.58240961555921
2025-08-20 13:00:00,23.759527896867205
2025-08-20 14:00:00,40.41864797497631
2025-08-20 15:00:00,46.848046308401464
2025-08-20 16:00:00,47.513582552650526
2025-08-20 17:00:00,53.610549860812775
2025-08-20 18:00:00,47.48670182190475
2025-08-20 19:00:00,43.12522834686226
2025-08-20 20:00:00,44.81792687507715
2025-08-20 21:00:00,42.34020315933713
2025-08-20 22:00:00,39.39500663597511
2025-08-20 23:00:00,38.160456227596775
2025-08-21 00:00:00,35.389417971819235
2025-08-21 01:00:00,36.29697276680513
2025-08-21 02:00:00,33.56459866115576
2025-08-21 03:00:00,27.747510659029953
2025-08-21 04:00:00,24.701503360594305
2025-08-21 05:00:00,22.741280899704876
2025-08-21 06:00:00,19.92792316654926
2025-08-21 07:00:00,18.35944294127192
2025-08-21 08:00:00,16.676122692666944
2025-08-21 09:00:00,10.199757966103029
2025-08-21 10:00:00,10.967654945262709
2025-08-21 11:00:00,17.123665988974427
2025-08-21 12:00:00,25.388010686003064
2025-08-21 13:00:00,22.178030523767912
2025-08-21 14:00:00,38.72896545860649
2025-08-21 15:00:00,52.48034305222338
2025-08-21 16:00:00,96.79505215347321
2025-08-21 17:00:00,54.08192768189449
2025-08-21 18:00:00,43.809056623469516
2025-08-21 19:00:00,40.97330781680305
2025-08-21 20:00:00,43.458632109807226
2025-08-21 21:00:00,41.54385828732587
2025-08-21 22:00:00,40.67468022284896
2025-08-21 23:00:00,37.700641913172326
2025-08-22 00:00:00,35.24845042235306
2025-08-22 01:00:00,34.30941341048113
2025-08-22 02:00:00,34.60557182090656
2025-08-22 03:00:00,27.146487940483944
2025-08-22 04:00:00,23.334691373251474
2025-08-22 05:00:00,21.31024916072918
2025-08-22 06:00:00,19.77792135230955
2025-08-22 07:00:00,21.539981747989945
2025-08-22 08:00:00,18.415558469461423
2025-08-22 09:00:00,11.562101531537255
2025-08-22 10:00:00,11.29764204985479
2025-08-22 11:00:00,16.29454373799978
2025-08-22 12:00:00,20.341587854846917
2025-08-22 13:00:00,23.135716109992746
2025-08-22 14:00:00,34.8173437635746
2025-08-22 15:00:00,39.28728955410191
2025-08-22 16:00:00,48.720951431790155
2025-08-22 17:00:00,40.09900425142451
2025-08-22 18:00:00,38.313660311243936
2025-08-22 19:00:00,39.88939653142668
2025-08-22 20:00:00,42.272945430845574
2025-08-22 21:00:00,40.291708129817415
2025-08-22 22:00:00,37.59419200781299
2025-08-22 23:00:00,35.23044877703924
2025-08-23 00:00:00,34.607152337167406
2025-08-23 01:00:00,32.97874630140038
2025-08-23 02:00:00,34.01531985940543
2025-08-23 03:00:00,25.270655227690735
2025-08-23 04:00:00,21.072754727879275
2025-08-23 05:00:00,20.179989617445955
2025-08-23 06:00:00,19.580447012428095
2025-08-23 07:00:00,18.285672419361862
2025-08-23 08:00:00,16.065325835190368
2025-08-23 09:00:00,12.507723370166666
2025-08-23 10:00:00,9.65820907871988
2025-08-23 11:00:00,12.124530378603014
2025-08-23 12:00:00,16.06244131935353
2025-08-23 13:00:00,20.362556254346767
2025-08-23 14:00:00,29.689208046466444
2025-08-23 15:00:00,36.97554352231576
2025-08-23 16:00:00,29.511550309381885
2025-08-23 17:00:00,29.5478136839585
2025-08-23 18:00:00,31.08036413043874
2025-08-23 19:00:00,35.74405171512948
2025-08-23 20:00:00,38.66361391908859
2025-08-23 21:00:00,38.25919937808306
2025-08-23 22:00:00,35.925391322839864
2025-08-23 23:00:00,33.98081289195369
2025-08-24 00:00:00,32.21385054569372
2025-08-24 01:00:00,30.956896982485503
2025-08-24 02:00:00,29.544509268348353
2025-08-24 03:00:00,25.04477940881641
2025-08-24 04:00:00,20.94198074064744
2025-08-24 05:00:00,18.557964285110586
2025-08-24 06:00:00,17.367972386334596
2025-08-24 07:00:00,16.30061222796325
2025-08-24 08:00:00,12.955134675233248
2025-08-24 09:00:00,4.8998177318865155
2025-08-24 10:00:00,1.3723055107479571
2025-08-24 11:00:00,5.794645604799746
2025-08-24 12:00:00,9.805488639200476
2025-08-24 13:00:00,15.068652171918185
2025-08-24 14:00:00,26.208554971555404
2025-08-24 15:00:00,48.00309373849428
2025-08-24 16:00:00,42.48789978725409
2025-08-24 17:00:00,33.96590680603387
2025-08-24 18:00:00,33.869340418389484
2025-08-24 19:00:00,39.65090604419271
2025-08-24 20:00:00,40.31817791932228
2025-08-24 21:00:00,39.66567821217707
2025-08-24 22:00:00,37.9911165028887
2025-08-24 23:00:00,35.07839526726933
2025-08-25 00:00:00,34.118028734483715
2025-08-25 01:00:00,32.164789889572624
2025-08-25 02:00:00,29.796660304814573
2025-08-25 03:00:00,25.618940771392666
2025-08-25 04:00:00,21.914131676448203
2025-08-25 05:00:00,19.969915469779103
2025-08-25 06:00:00,18.873245445179464
2025-08-25 07:00:00,18.740049277985555
2025-08-25 08:00:00,16.221329216851114
2025-08-25 09:00:00,11.220001520407017
2025-08-25 10:00:00,6.771414741380819
2025-08-25 11:00:00,9.619932870141074
2025-08-25 12:00:00,16.448144878022468
2025-08-25 13:00:00,21.85046989960938
2025-08-25 14:00:00,50.84492796210996
2025-08-25 15:00:00,49.484912806728346
2025-08-25 16:00:00,66.15603636758087
2025-08-25 17:00:00,40.56726567435273
2025-08-25 18:00:00,36.618918598839024
2025-08-25 19:00:00,41.2544002013429
2025-08-25 20:00:00,45.108954009124574
2025-08-25 21:00:00,43.36117753489953
2025-08-25 22:00:00,41.614423635908395
2025-08-25 23:00:00,39.13292663825626
2025-08-26 00:00:00,36.557023760917005
2025-08-26 01:00:00,34.624172065297245
2025-08-26 02:00:00,31.5914784661653
2025-08-26 03:00:00,27.838735561529308
2025-08-26 04:00:00,23.316129351382877
2025-08-26 05:00:00,21.06205294273339
2025-08-26 06:00:00,17.759454060955594
2025-08-26 07:00:00,18.410708105959646
2025-08-26 08:00:00,16.24967952018093
2025-08-26 09:00:00,12.325434136620112
2025-08-26 10:00:00,8.695597442567045
2025-08-26 11:00:00,10.830010517482497
2025-08-26 12:00:00,17.824180257510147
2025-08-26 13:00:00,21.05687536888242
2025-08-26 14:00:00,35.921785664836925
2025-08-26 15:00:00,36.58960120315071
2025-08-26 16:00:00,35.09765849637418
2025-08-26 17:00:00,31.812057474847617
2025-08-26 18:00:00,33.94612256222914
2025-08-26 19:00:00,39.373839884266076
2025-08-26 20:00:00,41.82591708894161
2025-08-26 21:00:00,40.91081546019446
2025-08-26 22:00:00,37.927810011087
2025-08-26 23:00:00,36.76240786755927
