timestamp,price_q50
2025-01-03 00:00:00,17.39517292066977
2025-01-03 01:00:00,17.429463158952874
2025-01-03 02:00:00,16.832712923221465
2025-01-03 03:00:00,14.289776655616116
2025-01-03 04:00:00,14.236477293054708
2025-01-03 05:00:00,14.909965553042666
2025-01-03 06:00:00,15.242815408727415
2025-01-03 07:00:00,15.779511761598354
2025-01-03 08:00:00,15.443606627376944
2025-01-03 09:00:00,13.698494597804913
2025-01-03 10:00:00,15.763408036644195
2025-01-03 11:00:00,19.979507525554958
2025-01-03 12:00:00,25.82457633940375
2025-01-03 13:00:00,28.39287468425486
2025-01-03 14:00:00,24.163647829282098
2025-01-03 15:00:00,20.270389787122568
2025-01-03 16:00:00,19.3770480438071
2025-01-03 17:00:00,21.451959605194446
2025-01-03 18:00:00,20.685872372817748
2025-01-03 19:00:00,19.21370607719602
2025-01-03 20:00:00,19.048777300240598
2025-01-03 21:00:00,18.39141852342252
2025-01-03 22:00:00,18.788020155317348
2025-01-03 23:00:00,18.88686719621961
2025-01-04 00:00:00,18.674334652121928
2025-01-04 01:00:00,18.12939176699977
2025-01-04 02:00:00,18.78745057928443
2025-01-04 03:00:00,16.240074850503945
2025-01-04 04:00:00,16.365341447443136
2025-01-04 05:00:00,16.778515592736234
2025-01-04 06:00:00,16.52993720660647
2025-01-04 07:00:00,15.26972720215368
2025-01-04 08:00:00,14.101312022279734
2025-01-04 09:00:00,12.052081965359045
2025-01-04 10:00:00,12.905115036231106
2025-01-04 11:00:00,17.4238228838323
2025-01-04 12:00:00,19.881691533831162
2025-01-04 13:00:00,18.498512683969075
2025-01-04 14:00:00,16.427045991089688
2025-01-04 15:00:00,13.817993087359167
2025-01-04 16:00:00,15.394125749995984
2025-01-04 17:00:00,18.812468225879044
2025-01-04 18:00:00,17.996834142926932
2025-01-04 19:00:00,15.818924619098125
2025-01-04 20:00:00,14.904369459798056
2025-01-04 21:00:00,14.699398063521578
2025-01-04 22:00:00,14.494505194188585
2025-01-04 23:00:00,14.725119280671874
2025-01-05 00:00:00,14.802357862425387
2025-01-05 01:00:00,14.572364284985664
2025-01-05 02:00:00,14.013047377489785
2025-01-05 03:00:00,12.063636860506662
2025-01-05 04:00:00,10.041966527395022
2025-01-05 05:00:00,8.557189662343003
2025-01-05 06:00:00,7.3588802284582755
2025-01-05 07:00:00,6.733858881090052
2025-01-05 08:00:00,4.764471664522169
2025-01-05 09:00:00,3.044617238456689
2025-01-05 10:00:00,3.5509477462072536
2025-01-05 11:00:00,6.553217008424767
2025-01-05 12:00:00,8.782441523463843
2025-01-05 13:00:00,10.962541442253494
2025-01-05 14:00:00,11.131885862394025
2025-01-05 15:00:00,12.067298755292185
2025-01-05 16:00:00,11.09816335815785
2025-01-05 17:00:00,10.496018104036487
2025-01-05 18:00:00,8.443083483807728
2025-01-05 19:00:00,6.277102512532568
2025-01-05 20:00:00,6.130202365658729
2025-01-05 21:00:00,6.1036915947178265
2025-01-05 22:00:00,6.450876399796776
2025-01-05 23:00:00,6.417892592749799
2025-01-06 00:00:00,7.463662767841985
2025-01-06 01:00:00,7.132588430474486
2025-01-06 02:00:00,6.864395791206689
2025-01-06 03:00:00,4.943867333424906
2025-01-06 04:00:00,2.6682748994259855
2025-01-06 05:00:00,2.802694412217365
2025-01-06 06:00:00,2.933486317876959
2025-01-06 07:00:00,4.564370987070254
2025-01-06 08:00:00,4.129571274382899
2025-01-06 09:00:00,1.7369130247910036
2025-01-06 10:00:00,0.8218076046919365
2025-01-06 11:00:00,4.520827321677804
2025-01-06 12:00:00,8.36497569551696
2025-01-06 13:00:00,9.595592554903028
2025-01-06 14:00:00,10.081640597065885
2025-01-06 15:00:00,10.86090865066556
2025-01-06 16:00:00,12.859380406503549
2025-01-06 17:00:00,16.00593161895041
2025-01-06 18:00:00,16.34782654080034
2025-01-06 19:00:00,15.127423975356407
2025-01-06 20:00:00,15.85019352047767
2025-01-06 21:00:00,17.814405251155208
2025-01-06 22:00:00,19.228214726181733
2025-01-06 23:00:00,22.241125607388835
2025-01-07 00:00:00,24.496609023902206
2025-01-07 01:00:00,25.000572109407486
2025-01-07 02:00:00,24.83599860215314
2025-01-07 03:00:00,22.669874442841497
2025-01-07 04:00:00,22.81087736770084
2025-01-07 05:00:00,23.188323231909905
2025-01-07 06:00:00,23.907222454137656
2025-01-07 07:00:00,23.26171606344261
2025-01-07 08:00:00,19.66630187226056
2025-01-07 09:00:00,17.698484816249692
2025-01-07 10:00:00,20.703993496350908
2025-01-07 11:00:00,29.488710106083428
2025-01-07 12:00:00,31.71446219574512
2025-01-07 13:00:00,29.54818138585643
2025-01-07 14:00:00,27.061469021856173
2025-01-07 15:00:00,24.8605820576999
2025-01-07 16:00:00,25.42959374126455
2025-01-07 17:00:00,28.877212217594305
2025-01-07 18:00:00,27.287638351779577
2025-01-07 19:00:00,23.705223672562585
2025-01-07 20:00:00,23.52730909122362
2025-01-07 21:00:00,25.20931810449512
2025-01-07 22:00:00,27.28716692307662
2025-01-07 23:00:00,30.09437327764111
2025-01-08 00:00:00,31.57633990254917
2025-01-08 01:00:00,29.713950348673173
2025-01-08 02:00:00,28.01597175031779
2025-01-08 03:00:00,24.922241600831594
2025-01-08 04:00:00,23.3556184112344
2025-01-08 05:00:00,22.752599327740686
2025-01-08 06:00:00,22.358556459420296
2025-01-08 07:00:00,20.82873467466539
2025-01-08 08:00:00,18.812425292174307
2025-01-08 09:00:00,15.46631540759181
2025-01-08 10:00:00,18.90297911509396
2025-01-08 11:00:00,25.732972893733805
2025-01-08 12:00:00,26.937574559973168
2025-01-08 13:00:00,26.817549240067823
2025-01-08 14:00:00,24.77550757064519
2025-01-08 15:00:00,22.81968102943414
2025-01-08 16:00:00,24.12793453986519
2025-01-08 17:00:00,26.405119016425644
2025-01-08 18:00:00,24.478869534124353
2025-01-08 19:00:00,21.83215839829113
2025-01-08 20:00:00,21.11561201698056
2025-01-08 21:00:00,22.80526199559507
2025-01-08 22:00:00,24.409444198163204
2025-01-08 23:00:00,26.567715159113725
2025-01-09 00:00:00,28.2080842747169
2025-01-09 01:00:00,27.66564270933151
2025-01-09 02:00:00,28.48194050189246
2025-01-09 03:00:00,24.105498648436395
2025-01-09 04:00:00,22.161049542416354
2025-01-09 05:00:00,22.11749811665569
2025-01-09 06:00:00,22.217481493998044
2025-01-09 07:00:00,20.332144004661664
2025-01-09 08:00:00,20.216593644879662
2025-01-09 09:00:00,22.07591637276669
2025-01-09 10:00:00,25.22132522968765
2025-01-09 11:00:00,29.864765779064303
2025-01-09 12:00:00,31.961116810934424
2025-01-09 13:00:00,31.549307021779132
2025-01-09 14:00:00,31.441532697645457
2025-01-09 15:00:00,31.21245151250327
2025-01-09 16:00:00,28.668170435511318
2025-01-09 17:00:00,29.69995768028666
2025-01-09 18:00:00,27.348623114571243
2025-01-09 19:00:00,24.939010723990165
2025-01-09 20:00:00,25.43208057619086
2025-01-09 21:00:00,26.127052066292727
2025-01-09 22:00:00,27.307372501097976
2025-01-09 23:00:00,28.81454429067917
2025-01-10 00:00:00,29.875232371954695
2025-01-10 01:00:00,30.42862943059524
2025-01-10 02:00:00,29.447861833127583
2025-01-10 03:00:00,26.167610836677795
2025-01-10 04:00:00,25.326447549882463
2025-01-10 05:00:00,24.49549437453883
2025-01-10 06:00:00,24.19875466221901
2025-01-10 07:00:00,23.629271299672286
2025-01-10 08:00:00,25.08632418097821
2025-01-10 09:00:00,26.622228628925825
2025-01-10 10:00:00,26.531935854505445
2025-01-10 11:00:00,28.53922202113276
2025-01-10 12:00:00,30.554454419276773
2025-01-10 13:00:00,32.608458679144576
2025-01-10 14:00:00,33.495266793815595
2025-01-10 15:00:00,33.72900961688376
2025-01-10 16:00:00,33.570679826272666
2025-01-10 17:00:00,33.00163773862439
2025-01-10 18:00:00,30.92803754397008
2025-01-10 19:00:00,29.939303911369713
2025-01-10 20:00:00,30.024727661661803
2025-01-10 21:00:00,30.48714896934853
2025-01-10 22:00:00,30.52855723426028
2025-01-10 23:00:00,30.432088946507886
2025-01-11 00:00:00,29.509350639664017
2025-01-11 01:00:00,28.22749420094934
2025-01-11 02:00:00,25.52834343433959
2025-01-11 03:00:00,23.890670657738756
2025-01-11 04:00:00,22.77672707912882
2025-01-11 05:00:00,21.907470921979936
2025-01-11 06:00:00,21.030363675087578
2025-01-11 07:00:00,19.69214472865192
2025-01-11 08:00:00,18.241684289694792
2025-01-11 09:00:00,18.40400012899287
2025-01-11 10:00:00,19.190591923339746
2025-01-11 11:00:00,22.673157709130365
2025-01-11 12:00:00,24.76834442762642
2025-01-11 13:00:00,24.137761352785713
2025-01-11 14:00:00,24.287236707020973
2025-01-11 15:00:00,23.764547503473935
2025-01-11 16:00:00,24.824233757814334
2025-01-11 17:00:00,28.60820471804717
2025-01-11 18:00:00,27.362926486979852
2025-01-11 19:00:00,24.005831038071427
2025-01-11 20:00:00,23.919242202483076
2025-01-11 21:00:00,23.58751192193127
2025-01-11 22:00:00,23.62515760308076
2025-01-11 23:00:00,23.633821864757053
2025-01-12 00:00:00,23.442692181296383
2025-01-12 01:00:00,23.41994308109865
2025-01-12 02:00:00,21.41659863652009
2025-01-12 03:00:00,18.451986264768657
2025-01-12 04:00:00,18.185400675340645
2025-01-12 05:00:00,17.0798853711
2025-01-12 06:00:00,15.814216890015443
2025-01-12 07:00:00,14.53401029935003
2025-01-12 08:00:00,9.62494236600374
2025-01-12 09:00:00,6.556765747968892
2025-01-12 10:00:00,7.9752594975788025
2025-01-12 11:00:00,14.013005897092931
2025-01-12 12:00:00,17.704711137325415
2025-01-12 13:00:00,16.469561453345403
2025-01-12 14:00:00,13.365501795172149
2025-01-12 15:00:00,11.311691395354067
2025-01-12 16:00:00,12.358446235462768
2025-01-12 17:00:00,17.221269357216446
2025-01-12 18:00:00,16.820961500144975
2025-01-12 19:00:00,14.051854385261278
2025-01-12 20:00:00,13.028077725479177
2025-01-12 21:00:00,13.936014111572023
2025-01-12 22:00:00,15.411789180590727
2025-01-12 23:00:00,17.661941690182047
2025-01-13 00:00:00,19.849285753890953
2025-01-13 01:00:00,21.54701223521287
2025-01-13 02:00:00,20.967848029122663
2025-01-13 03:00:00,17.706126609857282
2025-01-13 04:00:00,16.63385856772984
2025-01-13 05:00:00,15.510772743192573
2025-01-13 06:00:00,14.652046364722784
2025-01-13 07:00:00,14.730518262182532
2025-01-13 08:00:00,10.116677494520523
2025-01-13 09:00:00,6.7161156576783485
2025-01-13 10:00:00,9.90597446464804
2025-01-13 11:00:00,15.633394269275813
2025-01-13 12:00:00,18.27069178979952
2025-01-13 13:00:00,18.52305243500349
2025-01-13 14:00:00,17.015123999291315
2025-01-13 15:00:00,16.34027161454397
2025-01-13 16:00:00,17.52305545090436
2025-01-13 17:00:00,21.241307556166852
2025-01-13 18:00:00,20.05869043024426
2025-01-13 19:00:00,17.450620013387272
2025-01-13 20:00:00,16.839177117236197
2025-01-13 21:00:00,17.57034795765881
2025-01-13 22:00:00,19.37930260593805
2025-01-13 23:00:00,22.150570195489845
2025-01-14 00:00:00,28.16623260979845
2025-01-14 01:00:00,39.84997509162185
2025-01-14 02:00:00,33.79315524926234
2025-01-14 03:00:00,20.33056305557636
2025-01-14 04:00:00,18.104078890157925
2025-01-14 05:00:00,18.52449550496462
2025-01-14 06:00:00,18.818044118140214
2025-01-14 07:00:00,16.75233592064979
2025-01-14 08:00:00,15.21623935373094
2025-01-14 09:00:00,13.921349863785494
2025-01-14 10:00:00,16.796017596545244
2025-01-14 11:00:00,22.744693459542145
2025-01-14 12:00:00,28.80433775006066
2025-01-14 13:00:00,30.42299556239314
2025-01-14 14:00:00,28.355580780675364
2025-01-14 15:00:00,21.23489445581671
2025-01-14 16:00:00,17.904130034460007
2025-01-14 17:00:00,23.450646551699457
2025-01-14 18:00:00,23.826494900339423
2025-01-14 19:00:00,20.451663336436436
2025-01-14 20:00:00,19.98549358646188
2025-01-14 21:00:00,19.971826617577662
2025-01-14 22:00:00,20.481971051917565
2025-01-14 23:00:00,23.165420012746925
2025-01-15 00:00:00,26.012782750007762
2025-01-15 01:00:00,32.455459892160874
2025-01-15 02:00:00,28.836208223737533
2025-01-15 03:00:00,22.305763197786952
2025-01-15 04:00:00,22.345282682789655
2025-01-15 05:00:00,22.164121144973482
2025-01-15 06:00:00,22.68992324662921
2025-01-15 07:00:00,21.517950139640433
2025-01-15 08:00:00,21.636314167412106
2025-01-15 09:00:00,22.96530922056672
2025-01-15 10:00:00,25.06855910702522
2025-01-15 11:00:00,29.635611793583394
2025-01-15 12:00:00,36.65956022617685
2025-01-15 13:00:00,37.56474128878711
2025-01-15 14:00:00,35.61486697518279
2025-01-15 15:00:00,29.90427213420285
2025-01-15 16:00:00,26.521194237305068
2025-01-15 17:00:00,27.56001474268585
2025-01-15 18:00:00,27.29787081189231
2025-01-15 19:00:00,27.485150675032283
2025-01-15 20:00:00,26.82853174713674
2025-01-15 21:00:00,25.697526289598542
2025-01-15 22:00:00,26.16050708719457
2025-01-15 23:00:00,30.467488609015625
2025-01-16 00:00:00,62.52778673287235
2025-01-16 01:00:00,303.4197101674236
2025-01-16 02:00:00,81.73190979892446
2025-01-16 03:00:00,17.04460210351983
2025-01-16 04:00:00,12.952273722674768
2025-01-16 05:00:00,11.394088011473634
2025-01-16 06:00:00,11.115909869603275
2025-01-16 07:00:00,10.188379814408332
2025-01-16 08:00:00,10.627425346078496
2025-01-16 09:00:00,10.324019041406329
2025-01-16 10:00:00,11.387954897957446
2025-01-16 11:00:00,15.915546776222762
2025-01-16 12:00:00,19.91581730647958
2025-01-16 13:00:00,19.81678078522897
2025-01-16 14:00:00,18.96849078259019
2025-01-16 15:00:00,20.050238778788803
2025-01-16 16:00:00,20.43534084536328
2025-01-16 17:00:00,21.56097490435433
2025-01-16 18:00:00,18.219763468925002
2025-01-16 19:00:00,16.304530772491436
2025-01-16 20:00:00,15.73964894241191
2025-01-16 21:00:00,14.227525011650698
2025-01-16 22:00:00,15.790813470517943
2025-01-16 23:00:00,19.055212340532524
2025-01-17 00:00:00,32.95774378603836
2025-01-17 01:00:00,144.99749783549362
2025-01-17 02:00:00,35.56532277487007
2025-01-17 03:00:00,22.143542974753107
2025-01-17 04:00:00,20.117310351983342
2025-01-17 05:00:00,20.826124206864385
2025-01-17 06:00:00,20.397766904787236
2025-01-17 07:00:00,18.540150039352984
2025-01-17 08:00:00,15.889545626361386
2025-01-17 09:00:00,14.823521260688947
2025-01-17 10:00:00,17.906864485620787
2025-01-17 11:00:00,24.85227967997995
2025-01-17 12:00:00,27.162685720013894
2025-01-17 13:00:00,23.94401798272406
2025-01-17 14:00:00,21.389587518556528
2025-01-17 15:00:00,19.160104273084112
2025-01-17 16:00:00,19.020210114424987
2025-01-17 17:00:00,21.92258124663859
2025-01-17 18:00:00,19.774490159962628
2025-01-17 19:00:00,16.880660492511293
2025-01-17 20:00:00,15.847943817018487
2025-01-17 21:00:00,15.206324049437994
2025-01-17 22:00:00,15.706654905057341
2025-01-17 23:00:00,17.798541182229336
2025-01-18 00:00:00,19.761731284998806
2025-01-18 01:00:00,21.066780413503235
2025-01-18 02:00:00,18.45032828227699
2025-01-18 03:00:00,15.682488625571029
2025-01-18 04:00:00,15.189091833795672
2025-01-18 05:00:00,15.451979113101123
2025-01-18 06:00:00,14.286312150929852
2025-01-18 07:00:00,12.902159353146997
2025-01-18 08:00:00,12.656709632595426
2025-01-18 09:00:00,11.33196021735045
2025-01-18 10:00:00,14.686949091914501
2025-01-18 11:00:00,18.28536844236629
2025-01-18 12:00:00,19.48055121487776
2025-01-18 13:00:00,19.211903951562476
2025-01-18 14:00:00,18.407722549442106
2025-01-18 15:00:00,18.22947109097891
2025-01-18 16:00:00,18.440729146055734
2025-01-18 17:00:00,19.255305908918615
2025-01-18 18:00:00,17.51154831292889
2025-01-18 19:00:00,13.616420828729614
2025-01-18 20:00:00,14.451970219264979
2025-01-18 21:00:00,14.461576026802161
2025-01-18 22:00:00,14.567129897277596
2025-01-18 23:00:00,15.541938276705062
2025-01-19 00:00:00,15.546718279738133
2025-01-19 01:00:00,15.820181921459199
2025-01-19 02:00:00,15.281797962826378
2025-01-19 03:00:00,11.405942645102778
2025-01-19 04:00:00,10.848879977316061
2025-01-19 05:00:00,9.96934413135852
2025-01-19 06:00:00,9.626459990025431
2025-01-19 07:00:00,9.108797747645763
2025-01-19 08:00:00,7.11939108540601
2025-01-19 09:00:00,4.430069562537633
2025-01-19 10:00:00,3.7287336298307427
2025-01-19 11:00:00,9.169645437350457
2025-01-19 12:00:00,12.680419963483114
2025-01-19 13:00:00,12.965733158550549
2025-01-19 14:00:00,12.480957974016185
2025-01-19 15:00:00,11.717235767023556
2025-01-19 16:00:00,11.964292183496127
2025-01-19 17:00:00,14.02332801241976
2025-01-19 18:00:00,13.216722010003359
2025-01-19 19:00:00,11.551037506316948
2025-01-19 20:00:00,13.196370485726213
2025-01-19 21:00:00,15.439994479667707
2025-01-19 22:00:00,17.33193683696792
2025-01-19 23:00:00,20.472595583971724
2025-01-20 00:00:00,22.986624038785934
2025-01-20 01:00:00,25.411491964094584
2025-01-20 02:00:00,25.194679320645434
2025-01-20 03:00:00,21.763201806004986
2025-01-20 04:00:00,20.320821339968234
2025-01-20 05:00:00,21.45961876113284
2025-01-20 06:00:00,23.015418593447826
2025-01-20 07:00:00,24.163691999546838
2025-01-20 08:00:00,21.000716827625244
2025-01-20 09:00:00,17.09090331381498
2025-01-20 10:00:00,18.982222161061085
2025-01-20 11:00:00,27.624743096299355
2025-01-20 12:00:00,33.194773969193385
2025-01-20 13:00:00,34.060574504001785
2025-01-20 14:00:00,32.81141440243621
2025-01-20 15:00:00,30.839134740893687
2025-01-20 16:00:00,30.099887712353734
2025-01-20 17:00:00,34.87146319604329
2025-01-20 18:00:00,30.72026644824064
2025-01-20 19:00:00,26.601486978210545
2025-01-20 20:00:00,26.573066793364557
2025-01-20 21:00:00,28.18473874296093
2025-01-20 22:00:00,29.28559477976397
2025-01-20 23:00:00,32.26178138732908
2025-01-21 00:00:00,32.92576003860708
2025-01-21 01:00:00,34.94601449480376
2025-01-21 02:00:00,35.48784909604309
2025-01-21 03:00:00,31.87052980131223
2025-01-21 04:00:00,30.55220497838778
2025-01-21 05:00:00,32.041845117709755
2025-01-21 06:00:00,33.12632369813512
2025-01-21 07:00:00,33.00125819184925
2025-01-21 08:00:00,33.30723351846849
2025-01-21 09:00:00,35.35079386580174
2025-01-21 10:00:00,35.4643538196701
2025-01-21 11:00:00,38.46715794212822
2025-01-21 12:00:00,42.985662487644355
2025-01-21 13:00:00,43.462092349232464
2025-01-21 14:00:00,42.8589890062138
2025-01-21 15:00:00,41.740019631781514
2025-01-21 16:00:00,37.0814946763425
2025-01-21 17:00:00,35.787621944845355
2025-01-21 18:00:00,33.88506197175873
2025-01-21 19:00:00,31.856343640273998
2025-01-21 20:00:00,33.31299669911778
2025-01-21 21:00:00,33.71487068151621
2025-01-21 22:00:00,33.309772256958865
2025-01-21 23:00:00,37.445563709349365
2025-01-22 00:00:00,40.34639388703447
2025-01-22 01:00:00,39.18393349151465
2025-01-22 02:00:00,41.9082220045511
2025-01-22 03:00:00,35.06714385485796
2025-01-22 04:00:00,30.586101994078156
2025-01-22 05:00:00,30.128954875994975
2025-01-22 06:00:00,29.194918348078748
2025-01-22 07:00:00,28.205101893735762
2025-01-22 08:00:00,26.888593153955085
2025-01-22 09:00:00,24.375788344152838
2025-01-22 10:00:00,22.516710555405144
2025-01-22 11:00:00,27.10781411344293
2025-01-22 12:00:00,31.784865560084242
2025-01-22 13:00:00,28.843766860803424
2025-01-22 14:00:00,26.735598324380252
2025-01-22 15:00:00,24.121328923476682
2025-01-22 16:00:00,23.72017995744947
2025-01-22 17:00:00,27.811307884013168
2025-01-22 18:00:00,26.35100522639128
2025-01-22 19:00:00,21.045558862653728
2025-01-22 20:00:00,20.903390710967226
2025-01-22 21:00:00,21.594766965714136
2025-01-22 22:00:00,23.414913497082182
2025-01-22 23:00:00,27.692446043352756
2025-01-23 00:00:00,33.27926767713168
2025-01-23 01:00:00,34.947377483507964
2025-01-23 02:00:00,31.836638649818234
2025-01-23 03:00:00,24.816894130768297
2025-01-23 04:00:00,23.634872184064193
2025-01-23 05:00:00,23.291562321652574
2025-01-23 06:00:00,21.812099793183943
2025-01-23 07:00:00,20.508668273338586
2025-01-23 08:00:00,16.674457191505503
2025-01-23 09:00:00,13.187587194817425
2025-01-23 10:00:00,17.133866839572864
2025-01-23 11:00:00,23.88002972823915
2025-01-23 12:00:00,27.616248981390683
2025-01-23 13:00:00,26.547156937490488
2025-01-23 14:00:00,22.389489672649216
2025-01-23 15:00:00,19.99503133284381
2025-01-23 16:00:00,18.86817913091392
2025-01-23 17:00:00,21.619567767701938
2025-01-23 18:00:00,21.79313439927129
2025-01-23 19:00:00,18.036113369800066
2025-01-23 20:00:00,18.54719573148646
2025-01-23 21:00:00,18.91229862858464
2025-01-23 22:00:00,21.989414752739354
2025-01-23 23:00:00,26.35859630954347
2025-01-24 00:00:00,28.01182257361264
2025-01-24 01:00:00,29.21352249059117
2025-01-24 02:00:00,25.962380068305656
2025-01-24 03:00:00,20.799899387745906
2025-01-24 04:00:00,20.04387502011754
2025-01-24 05:00:00,18.755202448297528
2025-01-24 06:00:00,16.80616173714167
2025-01-24 07:00:00,15.251209617178569
2025-01-24 08:00:00,12.481649246769932
2025-01-24 09:00:00,12.332131526985165
2025-01-24 10:00:00,15.049660990325183
2025-01-24 11:00:00,22.49629180148203
2025-01-24 12:00:00,27.178588938619516
2025-01-24 13:00:00,26.113681879358737
2025-01-24 14:00:00,30.910837105898864
2025-01-24 15:00:00,36.07014678389335
2025-01-24 16:00:00,42.507190341997706
2025-01-24 17:00:00,40.15204623850529
2025-01-24 18:00:00,33.847126549792236
2025-01-24 19:00:00,24.654912215100552
2025-01-24 20:00:00,22.274824404026656
2025-01-24 21:00:00,21.78255101047248
2025-01-24 22:00:00,23.385563251322047
2025-01-24 23:00:00,25.37364350222509
2025-01-25 00:00:00,25.338377889572854
2025-01-25 01:00:00,26.814968156267017
2025-01-25 02:00:00,23.16334780267433
2025-01-25 03:00:00,19.913813149553484
2025-01-25 04:00:00,20.04329057533037
2025-01-25 05:00:00,18.999900357463385
2025-01-25 06:00:00,17.280128283487198
2025-01-25 07:00:00,16.00735603426397
2025-01-25 08:00:00,11.962644165903702
2025-01-25 09:00:00,10.879312944170552
2025-01-25 10:00:00,15.663666000404536
2025-01-25 11:00:00,23.089662041809774
2025-01-25 12:00:00,26.569782126201552
2025-01-25 13:00:00,25.350637234756917
2025-01-25 14:00:00,25.304514241543895
2025-01-25 15:00:00,24.215913639154333
2025-01-25 16:00:00,25.613211617691213
2025-01-25 17:00:00,25.966737163172397
2025-01-25 18:00:00,24.159008163084298
2025-01-25 19:00:00,18.56848951606526
2025-01-25 20:00:00,16.286052280137348
2025-01-25 21:00:00,16.680493624811565
2025-01-25 22:00:00,16.896643570502572
2025-01-25 23:00:00,18.422747410444913
2025-01-26 00:00:00,19.663979698267216
2025-01-26 01:00:00,20.824311173772905
2025-01-26 02:00:00,18.827756357398403
2025-01-26 03:00:00,15.971313442315335
2025-01-26 04:00:00,15.88374259496691
2025-01-26 05:00:00,15.214165112530011
2025-01-26 06:00:00,15.322253601190793
2025-01-26 07:00:00,16.156365191805364
2025-01-26 08:00:00,16.314738683798243
2025-01-26 09:00:00,16.92298450313602
2025-01-26 10:00:00,21.40128808674318
2025-01-26 11:00:00,25.28877486449347
2025-01-26 12:00:00,27.137787135824766
2025-01-26 13:00:00,25.207115906688195
2025-01-26 14:00:00,24.154961104125842
2025-01-26 15:00:00,23.84096737357669
2025-01-26 16:00:00,23.386882347980364
2025-01-26 17:00:00,21.78334289701554
2025-01-26 18:00:00,20.885542901546753
2025-01-26 19:00:00,17.66531257266796
2025-01-26 20:00:00,16.23250211748922
2025-01-26 21:00:00,16.83138313660709
2025-01-26 22:00:00,17.42535164581989
2025-01-26 23:00:00,18.46681779232416
2025-01-27 00:00:00,19.231590779431446
2025-01-27 01:00:00,17.69950572833536
2025-01-27 02:00:00,17.739553734407906
2025-01-27 03:00:00,17.79385461735817
2025-01-27 04:00:00,16.338549616591845
2025-01-27 05:00:00,15.673995665269885
2025-01-27 06:00:00,15.77636933434727
2025-01-27 07:00:00,15.91854501787658
2025-01-27 08:00:00,16.55785338992534
2025-01-27 09:00:00,15.416095961820679
2025-01-27 10:00:00,15.397784011752757
2025-01-27 11:00:00,18.294633906026437
2025-01-27 12:00:00,21.79589892355197
2025-01-27 13:00:00,20.93189313943622
2025-01-27 14:00:00,21.146831362009266
2025-01-27 15:00:00,21.161485135220616
2025-01-27 16:00:00,21.37724200869406
2025-01-27 17:00:00,23.658607911950206
2025-01-27 18:00:00,22.923771324924413
2025-01-27 19:00:00,21.8052890426224
2025-01-27 20:00:00,21.07682609816227
2025-01-27 21:00:00,22.476341612185106
2025-01-27 22:00:00,22.65996294856508
2025-01-27 23:00:00,23.282821031263953
2025-01-28 00:00:00,23.9094358544254
2025-01-28 01:00:00,24.36284819596389
2025-01-28 02:00:00,24.708692692652683
2025-01-28 03:00:00,26.988204399417658
2025-01-28 04:00:00,22.385117615272904
2025-01-28 05:00:00,20.372852231178843
2025-01-28 06:00:00,19.319716929167495
2025-01-28 07:00:00,18.488531645425596
2025-01-28 08:00:00,18.044524383151472
2025-01-28 09:00:00,19.139995351541344
2025-01-28 10:00:00,20.831269341841903
2025-01-28 11:00:00,24.833266241941445
2025-01-28 12:00:00,27.989673316193024
2025-01-28 13:00:00,28.802642973823968
2025-01-28 14:00:00,26.710639905304777
2025-01-28 15:00:00,23.594142446380527
2025-01-28 16:00:00,24.539737035166027
2025-01-28 17:00:00,26.338569622406517
2025-01-28 18:00:00,25.614049119324175
2025-01-28 19:00:00,23.680081281756557
2025-01-28 20:00:00,23.139610883489073
2025-01-28 21:00:00,23.887341516536882
2025-01-28 22:00:00,26.9837204124542
2025-01-28 23:00:00,30.384978304820695
2025-01-29 00:00:00,32.19740026251769
2025-01-29 01:00:00,32.828382425311034
2025-01-29 02:00:00,32.153109936902354
2025-01-29 03:00:00,28.799397708755773
2025-01-29 04:00:00,23.10080262862549
2025-01-29 05:00:00,21.65347814663227
2025-01-29 06:00:00,20.63732420049215
2025-01-29 07:00:00,18.42724540299514
2025-01-29 08:00:00,19.155090577135535
2025-01-29 09:00:00,21.00712196372598
2025-01-29 10:00:00,25.01887686847132
2025-01-29 11:00:00,25.30850809749666
2025-01-29 12:00:00,28.947282082508387
2025-01-29 13:00:00,30.51229871241376
2025-01-29 14:00:00,29.00314226767314
2025-01-29 15:00:00,26.392786632355907
2025-01-29 16:00:00,28.258965741696166
2025-01-29 17:00:00,27.734173005180978
2025-01-29 18:00:00,26.522531755384293
2025-01-29 19:00:00,24.91176543824249
2025-01-29 20:00:00,24.804396205820883
2025-01-29 21:00:00,24.435688998728402
2025-01-29 22:00:00,24.561617892861936
2025-01-29 23:00:00,25.63781447707128
2025-01-30 00:00:00,27.140302814426608
2025-01-30 01:00:00,27.993963366776658
2025-01-30 02:00:00,26.82600156646303
2025-01-30 03:00:00,24.451847636823842
2025-01-30 04:00:00,22.81518185286264
2025-01-30 05:00:00,21.2387790135658
2025-01-30 06:00:00,20.074661076889324
2025-01-30 07:00:00,18.53061619145523
2025-01-30 08:00:00,18.061665432805082
2025-01-30 09:00:00,19.146576055352444
2025-01-30 10:00:00,21.804114080612493
2025-01-30 11:00:00,23.16147627915263
2025-01-30 12:00:00,25.9178034726515
2025-01-30 13:00:00,29.506459305007983
2025-01-30 14:00:00,28.03865317182515
2025-01-30 15:00:00,24.697132371619308
2025-01-30 16:00:00,24.023049862956867
2025-01-30 17:00:00,24.296909474611038
2025-01-30 18:00:00,23.8801361765943
2025-01-30 19:00:00,21.85140130091478
2025-01-30 20:00:00,20.797743164267498
2025-01-30 21:00:00,21.14954616909687
2025-01-30 22:00:00,20.723699894874475
2025-01-30 23:00:00,20.66936816160432
2025-01-31 00:00:00,20.960798818932375
2025-01-31 01:00:00,20.05509877867894
2025-01-31 02:00:00,17.989392714949314
2025-01-31 03:00:00,17.092743070290805
2025-01-31 04:00:00,16.818169237915768
2025-01-31 05:00:00,15.189958705851042
2025-01-31 06:00:00,13.992973823059915
2025-01-31 07:00:00,11.554895126024805
2025-01-31 08:00:00,10.955366606420702
2025-01-31 09:00:00,11.444055691953013
2025-01-31 10:00:00,11.84220776265265
2025-01-31 11:00:00,12.164415770460833
2025-01-31 12:00:00,12.966454270742073
2025-01-31 13:00:00,14.716266182097081
2025-01-31 14:00:00,13.53341693668848
2025-01-31 15:00:00,12.310938600103475
2025-01-31 16:00:00,14.014351778271077
2025-01-31 17:00:00,16.048861887154246
2025-01-31 18:00:00,17.3083284929071
2025-01-31 19:00:00,15.498787442271889
2025-01-31 20:00:00,14.747983596174814
2025-01-31 21:00:00,14.369341947563516
2025-01-31 22:00:00,14.881090520834752
2025-01-31 23:00:00,14.989044334914777
2025-02-01 00:00:00,16.662668159947085
2025-02-01 01:00:00,15.94050859205335
2025-02-01 02:00:00,13.299336515915853
2025-02-01 03:00:00,9.755764602162646
2025-02-01 04:00:00,9.162509246883188
2025-02-01 05:00:00,8.695563962119783
2025-02-01 06:00:00,8.162170196996195
2025-02-01 07:00:00,6.14181961962955
2025-02-01 08:00:00,2.7631497496144433
2025-02-01 09:00:00,1.631565037966961
2025-02-01 10:00:00,1.844608533901816
2025-02-01 11:00:00,9.387222185886541
2025-02-01 12:00:00,14.599641584211389
2025-02-01 13:00:00,14.986225815789718
2025-02-01 14:00:00,15.433782144706752
2025-02-01 15:00:00,15.947469523085623
2025-02-01 16:00:00,15.324697451958025
2025-02-01 17:00:00,18.157398934436234
2025-02-01 18:00:00,20.304560893549244
2025-02-01 19:00:00,18.469967901868678
2025-02-01 20:00:00,18.20966574385336
2025-02-01 21:00:00,18.277978241415845
2025-02-01 22:00:00,18.251953115813855
2025-02-01 23:00:00,18.834645252595056
2025-02-02 00:00:00,18.736277028685752
2025-02-02 01:00:00,18.976499438307904
2025-02-02 02:00:00,16.765919684655458
2025-02-02 03:00:00,13.464603365946353
2025-02-02 04:00:00,13.045767688089892
2025-02-02 05:00:00,10.59951384624354
2025-02-02 06:00:00,10.080152269125822
2025-02-02 07:00:00,9.611867140334967
2025-02-02 08:00:00,3.5511027775252386
2025-02-02 09:00:00,0.07701168530746003
2025-02-02 10:00:00,2.90397372508318
2025-02-02 11:00:00,9.271705718172788
2025-02-02 12:00:00,12.055533170976716
2025-02-02 13:00:00,11.651219381095945
2025-02-02 14:00:00,9.264096623214053
2025-02-02 15:00:00,9.65228247159478
2025-02-02 16:00:00,9.974246601093427
2025-02-02 17:00:00,12.685820893531693
2025-02-02 18:00:00,14.39409232035509
2025-02-02 19:00:00,12.636395211705688
2025-02-02 20:00:00,10.751161500234623
2025-02-02 21:00:00,11.093979430261456
2025-02-02 22:00:00,10.69885346998558
2025-02-02 23:00:00,12.316100733273505
2025-02-03 00:00:00,13.252411282167683
2025-02-03 01:00:00,13.971477974037192
2025-02-03 02:00:00,12.188362709589045
2025-02-03 03:00:00,8.785548263936306
2025-02-03 04:00:00,8.972754760477065
2025-02-03 05:00:00,8.855644051396975
2025-02-03 06:00:00,9.118352541286411
2025-02-03 07:00:00,8.969485538047861
2025-02-03 08:00:00,4.409389974827324
2025-02-03 09:00:00,0.2958283018117511
2025-02-03 10:00:00,0.5541369701843603
2025-02-03 11:00:00,6.796570629086972
2025-02-03 12:00:00,10.770958785033555
2025-02-03 13:00:00,11.129427988018275
2025-02-03 14:00:00,9.831132694829165
2025-02-03 15:00:00,8.092239699699414
2025-02-03 16:00:00,7.98490477815331
2025-02-03 17:00:00,11.927495476717983
2025-02-03 18:00:00,14.511730334671332
2025-02-03 19:00:00,12.138038402963822
2025-02-03 20:00:00,11.08248832521798
2025-02-03 21:00:00,11.410962694303082
2025-02-03 22:00:00,12.249996414164013
2025-02-03 23:00:00,13.57409320789112
2025-02-04 00:00:00,14.580380502731677
2025-02-04 01:00:00,15.19246443747265
2025-02-04 02:00:00,12.818726354149785
2025-02-04 03:00:00,9.647666215428496
2025-02-04 04:00:00,10.162256205428436
2025-02-04 05:00:00,11.144518090413257
2025-02-04 06:00:00,10.854712334019993
2025-02-04 07:00:00,8.701576317477986
2025-02-04 08:00:00,7.168885445979858
2025-02-04 09:00:00,6.582491650204047
2025-02-04 10:00:00,6.853937060891964
2025-02-04 11:00:00,12.203626638723536
2025-02-04 12:00:00,13.78287504098941
2025-02-04 13:00:00,13.120799308005477
2025-02-04 14:00:00,12.392435854223521
2025-02-04 15:00:00,11.555156235105946
2025-02-04 16:00:00,12.107297781745421
2025-02-04 17:00:00,17.006553292359644
2025-02-04 18:00:00,19.96538579438101
2025-02-04 19:00:00,19.461814398225233
2025-02-04 20:00:00,18.833896828125678
2025-02-04 21:00:00,18.885937445748667
2025-02-04 22:00:00,18.662215555227856
2025-02-04 23:00:00,18.54512914850367
2025-02-05 00:00:00,18.908106509558614
2025-02-05 01:00:00,18.653878188092754
2025-02-05 02:00:00,15.812174602847264
2025-02-05 03:00:00,14.981409238597013
2025-02-05 04:00:00,13.760712806574137
2025-02-05 05:00:00,13.622096161665866
2025-02-05 06:00:00,12.624345884097115
2025-02-05 07:00:00,11.689203394346121
2025-02-05 08:00:00,11.783495390193002
2025-02-05 09:00:00,12.332136059810804
2025-02-05 10:00:00,13.519500677075339
2025-02-05 11:00:00,16.279477810454313
2025-02-05 12:00:00,23.580800202723662
2025-02-05 13:00:00,24.306783581476452
2025-02-05 14:00:00,36.51284191638451
2025-02-05 15:00:00,32.15598055402005
2025-02-05 16:00:00,22.71518237734366
2025-02-05 17:00:00,29.24097225032748
2025-02-05 18:00:00,30.051850201008193
2025-02-05 19:00:00,26.13248049932936
2025-02-05 20:00:00,32.84414258872388
2025-02-05 21:00:00,31.85874193911291
2025-02-05 22:00:00,27.662222701733445
2025-02-05 23:00:00,25.42422977009402
2025-02-06 00:00:00,31.49803697889777
2025-02-06 01:00:00,38.119261645982284
2025-02-06 02:00:00,28.99316397555077
2025-02-06 03:00:00,20.761263470701266
2025-02-06 04:00:00,18.044583695753293
2025-02-06 05:00:00,15.002120822314955
2025-02-06 06:00:00,14.520680893811202
2025-02-06 07:00:00,13.747303135568762
2025-02-06 08:00:00,13.13976131831141
2025-02-06 09:00:00,12.934216752678891
2025-02-06 10:00:00,11.178076929391748
2025-02-06 11:00:00,11.957156061853347
2025-02-06 12:00:00,16.304647518211908
2025-02-06 13:00:00,16.777282088962373
2025-02-06 14:00:00,22.1050031240613
2025-02-06 15:00:00,19.947576504051675
2025-02-06 16:00:00,16.109761618003876
2025-02-06 17:00:00,20.26836667201932
2025-02-06 18:00:00,20.46711548424501
2025-02-06 19:00:00,18.269597803797943
2025-02-06 20:00:00,20.110653255197093
2025-02-06 21:00:00,18.613257605397592
2025-02-06 22:00:00,16.962877941112364
2025-02-06 23:00:00,16.816771063803266
2025-02-07 00:00:00,19.29718236952816
2025-02-07 01:00:00,21.802920258592735
2025-02-07 02:00:00,16.7792800885526
2025-02-07 03:00:00,13.093037270627104
2025-02-07 04:00:00,11.163105756193179
2025-02-07 05:00:00,11.169509137154805
2025-02-07 06:00:00,9.928247445790918
2025-02-07 07:00:00,9.637076888395335
2025-02-07 08:00:00,8.680280701849387
2025-02-07 09:00:00,8.336171936772336
2025-02-07 10:00:00,4.4681975345777545
2025-02-07 11:00:00,7.577611707267382
2025-02-07 12:00:00,8.877970154855975
2025-02-07 13:00:00,9.777494972052493
2025-02-07 14:00:00,9.33889044766785
2025-02-07 15:00:00,9.577686919026737
2025-02-07 16:00:00,11.53598541167116
2025-02-07 17:00:00,17.335582656583732
2025-02-07 18:00:00,21.009453639252012
2025-02-07 19:00:00,22.766350872819643
2025-02-07 20:00:00,23.593744885131812
2025-02-07 21:00:00,23.140361239382834
2025-02-07 22:00:00,22.075853815536096
2025-02-07 23:00:00,22.402202157347787
2025-02-08 00:00:00,23.16041843530955
2025-02-08 01:00:00,22.255472377820563
2025-02-08 02:00:00,20.75775580446086
2025-02-08 03:00:00,18.44602310032061
2025-02-08 04:00:00,15.974955357860635
2025-02-08 05:00:00,15.778901079537217
2025-02-08 06:00:00,14.88763440789139
2025-02-08 07:00:00,13.06046359228244
2025-02-08 08:00:00,11.770294430664018
2025-02-08 09:00:00,10.733813027118751
2025-02-08 10:00:00,11.548959164880843
2025-02-08 11:00:00,13.133799817836353
2025-02-08 12:00:00,13.118686215536693
2025-02-08 13:00:00,12.448759062024024
2025-02-08 14:00:00,10.655724660834359
2025-02-08 15:00:00,10.038571338941837
2025-02-08 16:00:00,12.485457675917118
2025-02-08 17:00:00,17.06407120717243
2025-02-08 18:00:00,21.17767865367682
2025-02-08 19:00:00,19.555099473067532
2025-02-08 20:00:00,17.794379495089228
2025-02-08 21:00:00,16.562370525746537
2025-02-08 22:00:00,15.774386422683124
2025-02-08 23:00:00,15.587915705328077
2025-02-09 00:00:00,15.68546779082262
2025-02-09 01:00:00,15.469430073300826
2025-02-09 02:00:00,14.156369491143051
2025-02-09 03:00:00,12.528004876811247
2025-02-09 04:00:00,10.077438397797403
2025-02-09 05:00:00,8.790287945670658
2025-02-09 06:00:00,8.407919268059551
2025-02-09 07:00:00,7.554545319381582
2025-02-09 08:00:00,5.620746265679918
2025-02-09 09:00:00,2.7959535765177446
2025-02-09 10:00:00,-0.738166174046066
2025-02-09 11:00:00,0.636285872191721
2025-02-09 12:00:00,5.390739729336384
2025-02-09 13:00:00,6.389190988610795
2025-02-09 14:00:00,8.325117213992423
2025-02-09 15:00:00,10.146290706783951
2025-02-09 16:00:00,13.487770881060289
2025-02-09 17:00:00,18.31327898025624
2025-02-09 18:00:00,22.226976840205054
2025-02-09 19:00:00,22.707518052519013
2025-02-09 20:00:00,21.162914073633704
2025-02-09 21:00:00,19.91401070175709
2025-02-09 22:00:00,18.02468332112276
2025-02-09 23:00:00,16.779876063675626
2025-02-10 00:00:00,18.30801612077214
2025-02-10 01:00:00,17.439404799508715
2025-02-10 02:00:00,16.880093824634553
2025-02-10 03:00:00,14.024015960370466
2025-02-10 04:00:00,13.494691126348668
2025-02-10 05:00:00,13.767173988370704
2025-02-10 06:00:00,14.158379014196896
2025-02-10 07:00:00,14.216389309302723
2025-02-10 08:00:00,13.53740572051003
2025-02-10 09:00:00,11.217449342199435
2025-02-10 10:00:00,9.867879834637533
2025-02-10 11:00:00,11.509223120896712
2025-02-10 12:00:00,14.745876132586536
2025-02-10 13:00:00,17.065337262092427
2025-02-10 14:00:00,17.67107857273005
2025-02-10 15:00:00,17.971434823546975
2025-02-10 16:00:00,19.819404508812497
2025-02-10 17:00:00,22.05887579485588
2025-02-10 18:00:00,24.57053394108359
2025-02-10 19:00:00,24.58016874043231
2025-02-10 20:00:00,24.823284500323748
2025-02-10 21:00:00,23.881360128475617
2025-02-10 22:00:00,23.049724446416395
2025-02-10 23:00:00,22.52823046196321
2025-02-11 00:00:00,23.33193578627271
2025-02-11 01:00:00,23.05801087438933
2025-02-11 02:00:00,23.252537933537557
2025-02-11 03:00:00,23.479660999943405
2025-02-11 04:00:00,21.6840694290724
2025-02-11 05:00:00,23.048807595418765
2025-02-11 06:00:00,20.036237538870502
2025-02-11 07:00:00,18.24710736548028
2025-02-11 08:00:00,17.967596393581136
2025-02-11 09:00:00,19.219726807260244
2025-02-11 10:00:00,20.615635857562467
2025-02-11 11:00:00,22.336822759043763
2025-02-11 12:00:00,24.013793559150574
2025-02-11 13:00:00,23.35087110399675
2025-02-11 14:00:00,25.95369585106716
2025-02-11 15:00:00,26.790345861190918
2025-02-11 16:00:00,24.384498864680424
2025-02-11 17:00:00,25.967165077992505
2025-02-11 18:00:00,26.670576335607382
2025-02-11 19:00:00,25.44691389898582
2025-02-11 20:00:00,24.62404963727803
2025-02-11 21:00:00,24.49284042963895
2025-02-11 22:00:00,23.89371598839285
2025-02-11 23:00:00,24.739429609199
2025-02-12 00:00:00,25.855061138358153
2025-02-12 01:00:00,25.84701801052316
2025-02-12 02:00:00,25.518825663862476
2025-02-12 03:00:00,22.512429721558043
2025-02-12 04:00:00,20.086154805538566
2025-02-12 05:00:00,20.358018758614026
2025-02-12 06:00:00,18.72428362309402
2025-02-12 07:00:00,17.14869171472476
2025-02-12 08:00:00,16.970291273829567
2025-02-12 09:00:00,17.65840839408977
2025-02-12 10:00:00,18.857451385347375
2025-02-12 11:00:00,22.085866407976376
2025-02-12 12:00:00,23.64018942493929
2025-02-12 13:00:00,23.027073790029032
2025-02-12 14:00:00,25.300053326462805
2025-02-12 15:00:00,24.44707368587007
2025-02-12 16:00:00,23.73321204913155
2025-02-12 17:00:00,26.95034358557406
2025-02-12 18:00:00,27.845536899547355
2025-02-12 19:00:00,28.31951176018739
2025-02-12 20:00:00,25.861510380711906
2025-02-12 21:00:00,29.014079897804564
2025-02-12 22:00:00,31.23575335497017
2025-02-12 23:00:00,33.29373041622979
2025-02-13 00:00:00,35.987445058957455
2025-02-13 01:00:00,31.777058509567293
2025-02-13 02:00:00,31.93482476883533
2025-02-13 03:00:00,25.095253382027682
2025-02-13 04:00:00,24.190490501498537
2025-02-13 05:00:00,21.20198878970631
2025-02-13 06:00:00,20.775270844921657
2025-02-13 07:00:00,17.86724068200836
2025-02-13 08:00:00,17.585211163287497
2025-02-13 09:00:00,19.013938717541727
2025-02-13 10:00:00,19.84218773139857
2025-02-13 11:00:00,19.773439258338474
2025-02-13 12:00:00,18.585738448760782
2025-02-13 13:00:00,19.614759626693804
2025-02-13 14:00:00,22.033120998689114
2025-02-13 15:00:00,28.874499629836244
2025-02-13 16:00:00,29.15110842477357
2025-02-13 17:00:00,24.504391924074127
2025-02-13 18:00:00,25.85242502668912
2025-02-13 19:00:00,25.367895779569732
2025-02-13 20:00:00,24.22175183833359
2025-02-13 21:00:00,26.28114615496925
2025-02-13 22:00:00,27.578312565503065
2025-02-13 23:00:00,28.89112671646575
2025-02-14 00:00:00,32.81808455788532
2025-02-14 01:00:00,34.00459246065457
2025-02-14 02:00:00,29.066552410401027
2025-02-14 03:00:00,22.982965335890732
2025-02-14 04:00:00,22.541909139031514
2025-02-14 05:00:00,20.964341854750774
2025-02-14 06:00:00,20.709965084716043
2025-02-14 07:00:00,18.571756878834023
2025-02-14 08:00:00,18.198546351466316
2025-02-14 09:00:00,19.729984448479037
2025-02-14 10:00:00,22.3372036144451
2025-02-14 11:00:00,24.889580203639497
2025-02-14 12:00:00,27.82339316107963
2025-02-14 13:00:00,27.630338343534188
2025-02-14 14:00:00,26.663690236277315
2025-02-14 15:00:00,28.65399015943766
2025-02-14 16:00:00,26.73153531583955
2025-02-14 17:00:00,23.977238340764515
2025-02-14 18:00:00,23.135321715529926
2025-02-14 19:00:00,20.436279112223016
2025-02-14 20:00:00,20.163048596581135
2025-02-14 21:00:00,20.857721152638096
2025-02-14 22:00:00,21.745064545144768
2025-02-14 23:00:00,22.80610004117813
2025-02-15 00:00:00,23.32243397553699
2025-02-15 01:00:00,23.943128541803553
2025-02-15 02:00:00,21.25335566929182
2025-02-15 03:00:00,18.106687289681417
2025-02-15 04:00:00,17.703089363430287
2025-02-15 05:00:00,16.978177847391017
2025-02-15 06:00:00,15.938368355269098
2025-02-15 07:00:00,14.137035355234223
2025-02-15 08:00:00,13.122318983918717
2025-02-15 09:00:00,13.887934565143212
2025-02-15 10:00:00,16.188614622623867
2025-02-15 11:00:00,18.514216754497216
2025-02-15 12:00:00,20.290208145326265
2025-02-15 13:00:00,20.560769338527354
2025-02-15 14:00:00,21.018721397357112
2025-02-15 15:00:00,20.20071161783434
2025-02-15 16:00:00,19.429075577394737
2025-02-15 17:00:00,18.899828524216964
2025-02-15 18:00:00,18.683190079294143
2025-02-15 19:00:00,17.395427046234985
2025-02-15 20:00:00,17.185442991616412
2025-02-15 21:00:00,17.569684856261617
2025-02-15 22:00:00,18.093988491220117
2025-02-15 23:00:00,19.182240918732738
2025-02-16 00:00:00,19.690441850484074
2025-02-16 01:00:00,18.113501552018036
2025-02-16 02:00:00,17.42214136791978
2025-02-16 03:00:00,16.136128986256136
2025-02-16 04:00:00,14.478613064189222
2025-02-16 05:00:00,14.590854737683534
2025-02-16 06:00:00,14.162399857416531
2025-02-16 07:00:00,10.451511584684646
2025-02-16 08:00:00,9.085794687713925
2025-02-16 09:00:00,8.216245750280434
2025-02-16 10:00:00,8.407644049494113
2025-02-16 11:00:00,9.33393433456444
2025-02-16 12:00:00,11.226247805782728
2025-02-16 13:00:00,13.08764354218876
2025-02-16 14:00:00,10.95867474746349
2025-02-16 15:00:00,10.772109525428627
2025-02-16 16:00:00,14.684014378660487
2025-02-16 17:00:00,16.667304328160004
2025-02-16 18:00:00,17.730853144443177
2025-02-16 19:00:00,15.248831540237552
2025-02-16 20:00:00,14.205894123296867
2025-02-16 21:00:00,15.014719781940023
2025-02-16 22:00:00,15.366187837555056
2025-02-16 23:00:00,16.41398145989358
2025-02-17 00:00:00,18.270670269582354
2025-02-17 01:00:00,18.389949968907583
2025-02-17 02:00:00,18.051097982963448
2025-02-17 03:00:00,16.00497603716852
2025-02-17 04:00:00,14.695921177854453
2025-02-17 05:00:00,15.260691941949116
2025-02-17 06:00:00,16.060562799142755
2025-02-17 07:00:00,15.553279651614252
2025-02-17 08:00:00,10.890607418572852
2025-02-17 09:00:00,8.56577863724772
2025-02-17 10:00:00,8.390592919575285
2025-02-17 11:00:00,12.481898179674353
2025-02-17 12:00:00,18.86749902556363
2025-02-17 13:00:00,20.718511147478356
2025-02-17 14:00:00,18.974096552308637
2025-02-17 15:00:00,17.213494328869682
2025-02-17 16:00:00,15.003038531732967
2025-02-17 17:00:00,18.14663454732732
2025-02-17 18:00:00,21.57379760907618
2025-02-17 19:00:00,18.80441806163707
2025-02-17 20:00:00,17.331625828533145
2025-02-17 21:00:00,17.44488824588038
2025-02-17 22:00:00,18.724174835277328
2025-02-17 23:00:00,20.441945066530547
2025-02-18 00:00:00,21.24073872750202
2025-02-18 01:00:00,21.409526810051045
2025-02-18 02:00:00,18.89783900870672
2025-02-18 03:00:00,15.498662467822713
2025-02-18 04:00:00,15.96866747545077
2025-02-18 05:00:00,15.124277859455276
2025-02-18 06:00:00,15.119554890888137
2025-02-18 07:00:00,13.292616342245346
2025-02-18 08:00:00,8.905585100263027
2025-02-18 09:00:00,8.896936383050603
2025-02-18 10:00:00,11.632226868638588
2025-02-18 11:00:00,14.191001653748595
2025-02-18 12:00:00,19.33934654150179
2025-02-18 13:00:00,19.33434538058323
2025-02-18 14:00:00,17.311582438593444
2025-02-18 15:00:00,14.82373584478398
2025-02-18 16:00:00,15.13517645027853
2025-02-18 17:00:00,16.163561192604625
2025-02-18 18:00:00,16.88238965478402
2025-02-18 19:00:00,13.775784912002257
2025-02-18 20:00:00,10.006200072560963
2025-02-18 21:00:00,12.353543089534986
2025-02-18 22:00:00,13.494899983142382
2025-02-18 23:00:00,15.711268331165812
2025-02-19 00:00:00,16.599972068026922
2025-02-19 01:00:00,15.89616420841192
2025-02-19 02:00:00,14.487835834283576
2025-02-19 03:00:00,12.5984237894851
2025-02-19 04:00:00,13.371800731806273
2025-02-19 05:00:00,13.1861486607043
2025-02-19 06:00:00,12.365852835623034
2025-02-19 07:00:00,10.484123105780366
2025-02-19 08:00:00,10.456875046135059
2025-02-19 09:00:00,11.30749177664428
2025-02-19 10:00:00,13.50203060583127
2025-02-19 11:00:00,15.294220187385244
2025-02-19 12:00:00,18.04256341607138
2025-02-19 13:00:00,19.902964072908123
2025-02-19 14:00:00,19.448854693585826
2025-02-19 15:00:00,20.395732060582908
2025-02-19 16:00:00,22.209998156436082
2025-02-19 17:00:00,22.89328376130055
2025-02-19 18:00:00,26.577538346217317
2025-02-19 19:00:00,25.291186339042607
2025-02-19 20:00:00,26.14527396933775
2025-02-19 21:00:00,30.535819136464994
2025-02-19 22:00:00,34.03652362125283
2025-02-19 23:00:00,37.89938850169383
2025-02-20 00:00:00,54.45974801389582
2025-02-20 01:00:00,69.26846217014652
2025-02-20 02:00:00,77.83542112033378
2025-02-20 03:00:00,70.61617962005911
2025-02-20 04:00:00,55.9234967796604
2025-02-20 05:00:00,50.14466081699715
2025-02-20 06:00:00,40.58592894886384
2025-02-20 07:00:00,36.323265904089915
2025-02-20 08:00:00,33.387233426962055
2025-02-20 09:00:00,33.94507004622722
2025-02-20 10:00:00,35.975342253634466
2025-02-20 11:00:00,37.406725255767185
2025-02-20 12:00:00,53.84358564872319
2025-02-20 13:00:00,66.49619381634113
2025-02-20 14:00:00,72.81304194966101
2025-02-20 15:00:00,75.45199630733573
2025-02-20 16:00:00,61.59492868529138
2025-02-20 17:00:00,53.00713093906546
2025-02-20 18:00:00,52.37971342185053
2025-02-20 19:00:00,53.3034178631538
2025-02-20 20:00:00,47.365890438966375
2025-02-20 21:00:00,44.75317791375514
2025-02-20 22:00:00,48.17854552425824
2025-02-20 23:00:00,65.68259190554902
2025-02-21 00:00:00,88.06810822849668
2025-02-21 01:00:00,97.21663666264558
2025-02-21 02:00:00,63.71829758725033
2025-02-21 03:00:00,51.19061627703602
2025-02-21 04:00:00,42.57638789816683
2025-02-21 05:00:00,38.95644163099274
2025-02-21 06:00:00,34.50417756222718
2025-02-21 07:00:00,30.305938502465203
2025-02-21 08:00:00,24.71571783329963
2025-02-21 09:00:00,23.914749407794304
2025-02-21 10:00:00,26.06797692964811
2025-02-21 11:00:00,29.850520462208376
2025-02-21 12:00:00,40.68903036030228
2025-02-21 13:00:00,47.06669501090505
2025-02-21 14:00:00,50.224915810361466
2025-02-21 15:00:00,50.58653667859961
2025-02-21 16:00:00,42.06878228214516
2025-02-21 17:00:00,39.40077469384147
2025-02-21 18:00:00,40.72080674698972
2025-02-21 19:00:00,35.91617969524402
2025-02-21 20:00:00,31.97152387946983
2025-02-21 21:00:00,33.2792859780279
2025-02-21 22:00:00,37.338087744585295
2025-02-21 23:00:00,50.67853936572262
2025-02-22 00:00:00,60.18978905181363
2025-02-22 01:00:00,59.59375735351974
2025-02-22 02:00:00,43.66755554129363
2025-02-22 03:00:00,35.98984451492439
2025-02-22 04:00:00,30.93129572748988
2025-02-22 05:00:00,28.899916957297652
2025-02-22 06:00:00,28.855091957103664
2025-02-22 07:00:00,27.271567038216972
2025-02-22 08:00:00,27.064956045338604
2025-02-22 09:00:00,29.48666666305296
2025-02-22 10:00:00,31.13956569962536
2025-02-22 11:00:00,33.90040851674194
2025-02-22 12:00:00,42.328485575584175
2025-02-22 13:00:00,41.56937403014837
2025-02-22 14:00:00,40.26289483391594
2025-02-22 15:00:00,39.08516865562874
2025-02-22 16:00:00,37.05785678624722
2025-02-22 17:00:00,37.39675766468759
2025-02-22 18:00:00,36.077865412678335
2025-02-22 19:00:00,33.62688228586409
2025-02-22 20:00:00,31.050265085884956
2025-02-22 21:00:00,30.890266427745296
2025-02-22 22:00:00,32.53387038446696
2025-02-22 23:00:00,35.909787817957415
2025-02-23 00:00:00,37.31925089214753
2025-02-23 01:00:00,36.2866105942065
2025-02-23 02:00:00,32.971510201596985
2025-02-23 03:00:00,27.34078540728802
2025-02-23 04:00:00,25.044200500434766
2025-02-23 05:00:00,24.352891887204173
2025-02-23 06:00:00,24.048985711458283
2025-02-23 07:00:00,22.360172775386257
2025-02-23 08:00:00,19.833474081580746
2025-02-23 09:00:00,17.864952791871143
2025-02-23 10:00:00,19.69134768610903
2025-02-23 11:00:00,22.975161319844148
2025-02-23 12:00:00,30.672144484388763
2025-02-23 13:00:00,27.25993954360346
2025-02-23 14:00:00,28.136279749041567
2025-02-23 15:00:00,26.2725198322805
2025-02-23 16:00:00,25.509322383319443
2025-02-23 17:00:00,27.95205836795593
2025-02-23 18:00:00,26.349252083296484
2025-02-23 19:00:00,24.246213400555423
2025-02-23 20:00:00,21.768731550304466
2025-02-23 21:00:00,21.889578409939954
2025-02-23 22:00:00,23.48071086452935
2025-02-23 23:00:00,24.58440215702993
2025-02-24 00:00:00,26.434884828627148
2025-02-24 01:00:00,27.064265889324766
2025-02-24 02:00:00,24.223947164458163
2025-02-24 03:00:00,22.99429980040243
2025-02-24 04:00:00,21.590645517212355
2025-02-24 05:00:00,20.989464870130977
2025-02-24 06:00:00,20.65165853721551
2025-02-24 07:00:00,19.513765240985403
2025-02-24 08:00:00,17.51185922427711
2025-02-24 09:00:00,14.897737147828135
2025-02-24 10:00:00,13.126146286267403
2025-02-24 11:00:00,14.105716490575121
2025-02-24 12:00:00,22.554412120245598
2025-02-24 13:00:00,19.878611846295204
2025-02-24 14:00:00,20.195883013484966
2025-02-24 15:00:00,17.968102924184596
2025-02-24 16:00:00,15.970047417085299
2025-02-24 17:00:00,20.7477498323561
2025-02-24 18:00:00,23.96474684512269
2025-02-24 19:00:00,21.64724914966332
2025-02-24 20:00:00,19.97812460530138
2025-02-24 21:00:00,19.632851597339492
2025-02-24 22:00:00,19.857565144662978
2025-02-24 23:00:00,21.66165949295388
2025-02-25 00:00:00,26.854869294912866
2025-02-25 01:00:00,38.36023545739843
2025-02-25 02:00:00,23.51981898233029
2025-02-25 03:00:00,17.944410714202593
2025-02-25 04:00:00,17.700599368445676
2025-02-25 05:00:00,16.89199035047591
2025-02-25 06:00:00,16.500254260891783
2025-02-25 07:00:00,13.435758378593382
2025-02-25 08:00:00,8.468551376433053
2025-02-25 09:00:00,6.56607335395033
2025-02-25 10:00:00,9.51241202034875
2025-02-25 11:00:00,13.77783493644736
2025-02-25 12:00:00,22.471861415658765
2025-02-25 13:00:00,20.53652444738853
2025-02-25 14:00:00,15.537157984678286
2025-02-25 15:00:00,12.95209409439608
2025-02-25 16:00:00,11.760476199900005
2025-02-25 17:00:00,14.984306965144274
2025-02-25 18:00:00,19.34763154702805
2025-02-25 19:00:00,17.145211760612064
2025-02-25 20:00:00,14.686704191976292
2025-02-25 21:00:00,14.300457431557415
2025-02-25 22:00:00,15.93273703888634
2025-02-25 23:00:00,18.09829448962859
2025-02-26 00:00:00,21.92438874397811
2025-02-26 01:00:00,26.836804141344
2025-02-26 02:00:00,16.95253588168275
2025-02-26 03:00:00,14.61867294382729
2025-02-26 04:00:00,13.79542201509074
2025-02-26 05:00:00,12.279640784771981
2025-02-26 06:00:00,11.466125839020396
2025-02-26 07:00:00,7.317004865512143
2025-02-26 08:00:00,2.434174253774842
2025-02-26 09:00:00,2.2820199973397504
2025-02-26 10:00:00,3.0739269204596944
2025-02-26 11:00:00,6.449602507519297
2025-02-26 12:00:00,13.846140544350606
2025-02-26 13:00:00,14.14014404526927
2025-02-26 14:00:00,10.733340340904883
2025-02-26 15:00:00,9.048868436600268
2025-02-26 16:00:00,8.633618088286704
2025-02-26 17:00:00,11.861951454345865
2025-02-26 18:00:00,17.692192222506904
2025-02-26 19:00:00,16.54366239800722
2025-02-26 20:00:00,14.695102971946168
2025-02-26 21:00:00,14.022960893740155
2025-02-26 22:00:00,13.458274996483349
2025-02-26 23:00:00,15.710285845747393
2025-02-27 00:00:00,17.01591871597384
2025-02-27 01:00:00,16.56586397218443
2025-02-27 02:00:00,11.925643043578928
2025-02-27 03:00:00,9.141806107925174
2025-02-27 04:00:00,7.778944252058835
2025-02-27 05:00:00,7.771504500257752
2025-02-27 06:00:00,7.08573146440049
2025-02-27 07:00:00,4.379415515102448
2025-02-27 08:00:00,2.647926273786376
2025-02-27 09:00:00,2.8036010138179144
2025-02-27 10:00:00,2.36336997762359
2025-02-27 11:00:00,6.380437422044482
2025-02-27 12:00:00,10.663644517251436
2025-02-27 13:00:00,11.957290999181721
2025-02-27 14:00:00,9.29195869107856
2025-02-27 15:00:00,8.567347993707571
2025-02-27 16:00:00,9.353102561108436
2025-02-27 17:00:00,12.14245809557845
2025-02-27 18:00:00,15.943992211021204
2025-02-27 19:00:00,16.75623419158765
2025-02-27 20:00:00,15.567650622657712
2025-02-27 21:00:00,16.182022039504105
2025-02-27 22:00:00,15.30688509191835
2025-02-27 23:00:00,16.03081347695907
2025-02-28 00:00:00,17.023541855472313
2025-02-28 01:00:00,15.343520203808461
2025-02-28 02:00:00,13.12328446617781
2025-02-28 03:00:00,12.458715496762084
2025-02-28 04:00:00,10.03158125211742
2025-02-28 05:00:00,7.48271247143076
2025-02-28 06:00:00,6.732048266378938
2025-02-28 07:00:00,5.673077577952136
2025-02-28 08:00:00,5.589027879999771
2025-02-28 09:00:00,6.528566787284755
2025-02-28 10:00:00,8.511834842737045
2025-02-28 11:00:00,10.830436412911297
2025-02-28 12:00:00,15.52649840149438
2025-02-28 13:00:00,20.414535766187768
2025-02-28 14:00:00,24.70082319143129
2025-02-28 15:00:00,23.05137929556738
2025-02-28 16:00:00,18.843128436364037
2025-02-28 17:00:00,18.857508394099995
2025-02-28 18:00:00,20.74599199349874
2025-02-28 19:00:00,18.883694592837298
2025-02-28 20:00:00,18.821652460266893
2025-02-28 21:00:00,18.757329772853424
2025-02-28 22:00:00,19.383807086132567
2025-02-28 23:00:00,20.36055058731723
2025-03-01 00:00:00,22.114181409981843
2025-03-01 01:00:00,21.15809384516706
2025-03-01 02:00:00,18.060780689738205
2025-03-01 03:00:00,16.433199253943684
2025-03-01 04:00:00,14.598381096131243
2025-03-01 05:00:00,13.545123908357466
2025-03-01 06:00:00,12.374628019371583
2025-03-01 07:00:00,9.243157893757141
2025-03-01 08:00:00,4.997118141065881
2025-03-01 09:00:00,5.8363509298013305
2025-03-01 10:00:00,9.12802607001731
2025-03-01 11:00:00,11.784217560930866
2025-03-01 12:00:00,18.55019377795665
2025-03-01 13:00:00,19.168574171613724
2025-03-01 14:00:00,20.427842289410748
2025-03-01 15:00:00,17.3635572250404
2025-03-01 16:00:00,16.12080746323763
2025-03-01 17:00:00,18.508660526511722
2025-03-01 18:00:00,25.738386805487227
2025-03-01 19:00:00,27.93336417324639
2025-03-01 20:00:00,23.887764697957238
2025-03-01 21:00:00,25.385628613782448
2025-03-01 22:00:00,28.915106038546188
2025-03-01 23:00:00,31.222098770113785
2025-03-02 00:00:00,27.18098492705088
2025-03-02 01:00:00,48.48656671066054
2025-03-02 02:00:00,21.599563415465102
2025-03-02 03:00:00,14.385230732436362
2025-03-02 04:00:00,13.069413675766917
2025-03-02 05:00:00,12.656166699596243
2025-03-02 06:00:00,12.568514481428885
2025-03-02 07:00:00,11.121427182420671
2025-03-02 08:00:00,8.567410383188275
2025-03-02 09:00:00,4.820206269345418
2025-03-02 10:00:00,4.828255236215752
2025-03-02 11:00:00,12.477915995766914
2025-03-02 12:00:00,37.25096472283454
2025-03-02 13:00:00,25.670775379413634
2025-03-02 14:00:00,17.883225594639754
2025-03-02 15:00:00,13.5658200588561
2025-03-02 16:00:00,13.850815600658454
2025-03-02 17:00:00,17.863325050112913
2025-03-02 18:00:00,22.522289605417676
2025-03-02 19:00:00,24.770434270676233
2025-03-02 20:00:00,21.017172208120318
2025-03-02 21:00:00,20.210545172662428
2025-03-02 22:00:00,20.415786669925076
2025-03-02 23:00:00,19.46929271346078
2025-03-03 00:00:00,19.58329872646575
2025-03-03 01:00:00,28.19322202827809
2025-03-03 02:00:00,12.721942435233686
2025-03-03 03:00:00,10.791989406738633
2025-03-03 04:00:00,9.556914478224305
2025-03-03 05:00:00,8.447269368254377
2025-03-03 06:00:00,8.0005410212658
2025-03-03 07:00:00,7.602224825255458
2025-03-03 08:00:00,3.9881855792602936
2025-03-03 09:00:00,0.3013636176791159
2025-03-03 10:00:00,2.496046570993252
2025-03-03 11:00:00,8.462325715603091
2025-03-03 12:00:00,23.214151358204113
2025-03-03 13:00:00,25.2919139076599
2025-03-03 14:00:00,25.160106722009548
2025-03-03 15:00:00,22.25379889471157
2025-03-03 16:00:00,16.545553313242202
2025-03-03 17:00:00,18.698342088447994
2025-03-03 18:00:00,22.438306361886923
2025-03-03 19:00:00,22.367233864984694
2025-03-03 20:00:00,20.852832913280647
2025-03-03 21:00:00,20.71446426468488
2025-03-03 22:00:00,19.983879602317582
2025-03-03 23:00:00,20.08854981679658
2025-03-04 00:00:00,20.96478870672827
2025-03-04 01:00:00,19.86757379916264
2025-03-04 02:00:00,17.636025870335125
2025-03-04 03:00:00,18.497771089311556
2025-03-04 04:00:00,16.87428848679432
2025-03-04 05:00:00,14.161079917557258
2025-03-04 06:00:00,13.389518254284482
2025-03-04 07:00:00,12.747706424313948
2025-03-04 08:00:00,12.90008265549169
2025-03-04 09:00:00,18.77464607256475
2025-03-04 10:00:00,17.134081642193326
2025-03-04 11:00:00,15.80174483029361
2025-03-04 12:00:00,16.996445611527164
2025-03-04 13:00:00,22.40272643307171
2025-03-04 14:00:00,24.738212859380972
2025-03-04 15:00:00,23.958416035925385
2025-03-04 16:00:00,20.93862271496645
2025-03-04 17:00:00,22.713624602472326
2025-03-04 18:00:00,22.332572907634404
2025-03-04 19:00:00,21.101208336077267
2025-03-04 20:00:00,21.553123096452946
2025-03-04 21:00:00,20.816153993490314
2025-03-04 22:00:00,19.39931039043166
2025-03-04 23:00:00,21.15543382287567
2025-03-05 00:00:00,20.108590292834293
2025-03-05 01:00:00,19.11293972428442
2025-03-05 02:00:00,17.349207253324604
2025-03-05 03:00:00,15.159954231963665
2025-03-05 04:00:00,12.862882466743129
2025-03-05 05:00:00,11.403333067798048
2025-03-05 06:00:00,9.730208173715706
2025-03-05 07:00:00,7.919151956335573
2025-03-05 08:00:00,6.007736058030305
2025-03-05 09:00:00,8.231296201351654
2025-03-05 10:00:00,7.9767622214501746
2025-03-05 11:00:00,6.181458592669771
2025-03-05 12:00:00,9.711030734574093
2025-03-05 13:00:00,12.226674796441392
2025-03-05 14:00:00,14.30185978351291
2025-03-05 15:00:00,12.767822756260227
2025-03-05 16:00:00,12.987146224837472
2025-03-05 17:00:00,14.859155059769481
2025-03-05 18:00:00,16.45471924327087
2025-03-05 19:00:00,16.15308735365111
2025-03-05 20:00:00,16.34446065460124
2025-03-05 21:00:00,16.79322392057322
2025-03-05 22:00:00,17.644678357987953
2025-03-05 23:00:00,17.566826571466756
2025-03-06 00:00:00,18.60351861957215
2025-03-06 01:00:00,18.038486386546342
2025-03-06 02:00:00,14.105493481159648
2025-03-06 03:00:00,9.82473026590787
2025-03-06 04:00:00,8.564497096810943
2025-03-06 05:00:00,7.99916226908349
2025-03-06 06:00:00,8.70395018741141
2025-03-06 07:00:00,8.174313462462285
2025-03-06 08:00:00,3.153422528479683
2025-03-06 09:00:00,3.2986475778636857
2025-03-06 10:00:00,6.2381209604064605
2025-03-06 11:00:00,10.078054653634364
2025-03-06 12:00:00,18.89551385954021
2025-03-06 13:00:00,24.09714578702201
2025-03-06 14:00:00,16.810537354051252
2025-03-06 15:00:00,11.867595193198397
2025-03-06 16:00:00,11.008299358053213
2025-03-06 17:00:00,13.685107878827342
2025-03-06 18:00:00,18.068862880120943
2025-03-06 19:00:00,19.5314003800383
2025-03-06 20:00:00,17.85364175453656
2025-03-06 21:00:00,17.418999387370853
2025-03-06 22:00:00,16.96923697896124
2025-03-06 23:00:00,19.057544255756767
2025-03-07 00:00:00,23.017374675988254
2025-03-07 01:00:00,30.294959693950897
2025-03-07 02:00:00,17.965612557903118
2025-03-07 03:00:00,11.191679620137027
2025-03-07 04:00:00,10.007632646307075
2025-03-07 05:00:00,9.82534395361096
2025-03-07 06:00:00,9.93825156362262
2025-03-07 07:00:00,6.7282759631657605
2025-03-07 08:00:00,2.8655733014203646
2025-03-07 09:00:00,4.309073207806977
2025-03-07 10:00:00,8.316774575936572
2025-03-07 11:00:00,14.011818519723569
2025-03-07 12:00:00,18.854476407213298
2025-03-07 13:00:00,20.937882561610007
2025-03-07 14:00:00,20.572336587598834
2025-03-07 15:00:00,18.164351129728107
2025-03-07 16:00:00,15.133335063020601
2025-03-07 17:00:00,14.723486099154163
2025-03-07 18:00:00,16.7282357586886
2025-03-07 19:00:00,16.539645194335034
2025-03-07 20:00:00,15.681995767873113
2025-03-07 21:00:00,16.16784990845936
2025-03-07 22:00:00,16.56053138600106
2025-03-07 23:00:00,18.2243022411955
2025-03-08 00:00:00,20.495714083573954
2025-03-08 01:00:00,25.364712136172933
2025-03-08 02:00:00,15.885999676524767
2025-03-08 03:00:00,13.850310727567473
2025-03-08 04:00:00,12.604107441215742
2025-03-08 05:00:00,12.585074628628789
2025-03-08 06:00:00,12.557766775324232
2025-03-08 07:00:00,10.408580675587872
2025-03-08 08:00:00,9.656124657087739
2025-03-08 09:00:00,9.248655981137052
2025-03-08 10:00:00,9.552402662296105
2025-03-08 11:00:00,10.987929210567248
2025-03-08 12:00:00,16.517288307333928
2025-03-08 13:00:00,16.277321528018057
2025-03-08 14:00:00,15.754210855523876
2025-03-08 15:00:00,15.526582856800468
2025-03-08 16:00:00,13.790938065885435
2025-03-08 17:00:00,16.415739896721256
2025-03-08 18:00:00,19.56438672578437
2025-03-08 19:00:00,21.09971413882602
2025-03-08 21:00:00,19.153617359818902
2025-03-08 22:00:00,17.316752098896124
2025-03-08 23:00:00,16.94611784339834
2025-03-09 00:00:00,16.040895482157524
2025-03-09 01:00:00,16.875882119701334
2025-03-09 03:00:00,17.207721907871548
2025-03-09 04:00:00,14.732057520063671
2025-03-09 05:00:00,13.446685107058892
2025-03-09 06:00:00,14.088703770359
2025-03-09 07:00:00,13.711062336447867
2025-03-09 08:00:00,13.883729494543363
2025-03-09 09:00:00,13.238236908393457
2025-03-09 10:00:00,12.45842241857562
2025-03-09 11:00:00,11.132651458764638
2025-03-09 12:00:00,7.8602472035449145
2025-03-09 13:00:00,8.638602767051138
2025-03-09 14:00:00,12.910099459723263
2025-03-09 15:00:00,15.784675750994802
2025-03-09 16:00:00,16.462837709487864
2025-03-09 17:00:00,17.881461015009737
2025-03-09 18:00:00,17.833029932359874
2025-03-09 19:00:00,20.086121561745706
2025-03-09 20:00:00,23.415571040779973
2025-03-09 21:00:00,23.134226608057972
2025-03-09 22:00:00,20.040316452759065
2025-03-09 23:00:00,21.54392244782489
2025-03-10 00:00:00,22.38225274489158
2025-03-10 01:00:00,22.013277983940036
2025-03-10 02:00:00,23.208032987506748
2025-03-10 03:00:00,22.551153929726954
2025-03-10 04:00:00,19.227774129027278
2025-03-10 05:00:00,17.83197973343199
2025-03-10 06:00:00,19.140452777040593
2025-03-10 07:00:00,17.37510975131005
2025-03-10 08:00:00,15.948667910825508
2025-03-10 09:00:00,12.393007684055192
2025-03-10 10:00:00,9.990292017537744
2025-03-10 11:00:00,8.865791132779922
2025-03-10 12:00:00,7.445722896708062
2025-03-10 13:00:00,7.872194534081466
2025-03-10 14:00:00,14.377329898281575
2025-03-10 15:00:00,18.22000006977328
2025-03-10 16:00:00,18.48052118739272
2025-03-10 17:00:00,18.528780144080482
2025-03-10 18:00:00,17.399664914563225
2025-03-10 19:00:00,21.27312631954734
2025-03-10 20:00:00,21.090680686609833
2025-03-10 21:00:00,19.46610374818266
2025-03-10 22:00:00,19.000133712847553
2025-03-10 23:00:00,19.11275826581673
2025-03-11 00:00:00,21.121603192192943
2025-03-11 01:00:00,23.94746374478959
2025-03-11 02:00:00,24.378121968745234
2025-03-11 03:00:00,39.592897505384705
2025-03-11 04:00:00,19.247689216829013
2025-03-11 05:00:00,16.601770443440543
2025-03-11 06:00:00,16.581649944740604
2025-03-11 07:00:00,15.668927114820706
2025-03-11 08:00:00,11.631632048039174
2025-03-11 09:00:00,4.701528010442657
2025-03-11 10:00:00,3.535018836587647
2025-03-11 11:00:00,5.093135434665991
2025-03-11 12:00:00,6.283789365606355
2025-03-11 13:00:00,8.311945585123283
2025-03-11 14:00:00,14.86519635574495
2025-03-11 15:00:00,15.543007426979592
2025-03-11 16:00:00,10.47354870093794
2025-03-11 17:00:00,8.857774875975
2025-03-11 18:00:00,11.070312870405422
2025-03-11 19:00:00,17.11761340079957
2025-03-11 20:00:00,18.601357842147486
2025-03-11 21:00:00,16.618659384080722
2025-03-11 22:00:00,14.975628564037452
2025-03-11 23:00:00,14.697811550142935
2025-03-12 00:00:00,14.922483299704556
2025-03-12 01:00:00,16.826980959932918
2025-03-12 02:00:00,18.923054755859564
2025-03-12 03:00:00,28.34363204514901
2025-03-12 04:00:00,9.920406434302318
2025-03-12 05:00:00,8.603898899353409
2025-03-12 06:00:00,7.9804106762335145
2025-03-12 07:00:00,6.908475947371327
2025-03-12 08:00:00,4.335397895263621
2025-03-12 09:00:00,0.44645677355756663
2025-03-12 10:00:00,2.307643528310382
2025-03-12 11:00:00,4.226788676509955
2025-03-12 12:00:00,6.994952547457627
2025-03-12 13:00:00,8.665997189260654
2025-03-12 14:00:00,17.388869832322875
2025-03-12 15:00:00,24.199992325867868
2025-03-12 16:00:00,14.799152285833129
2025-03-12 17:00:00,10.932028569134294
2025-03-12 18:00:00,11.637138451039684
2025-03-12 19:00:00,16.00047289997654
2025-03-12 20:00:00,17.098157872487537
2025-03-12 21:00:00,16.09247538299509
2025-03-12 22:00:00,14.794780899228495
2025-03-12 23:00:00,14.466428770748044
2025-03-13 00:00:00,16.742873092689234
2025-03-13 01:00:00,15.299689527439588
2025-03-13 02:00:00,18.2178955111097
2025-03-13 03:00:00,19.564602582072
2025-03-13 04:00:00,11.839431934146612
2025-03-13 05:00:00,10.792041338393917
2025-03-13 06:00:00,10.065769198822359
2025-03-13 07:00:00,7.169513694740253
2025-03-13 08:00:00,5.521854900436684
2025-03-13 09:00:00,5.496454124077164
2025-03-13 10:00:00,3.6103872580069614
2025-03-13 11:00:00,4.534586639181179
2025-03-13 12:00:00,9.134001438232213
2025-03-13 13:00:00,9.488355662287711
2025-03-13 14:00:00,13.59556093729406
2025-03-13 15:00:00,19.07118556906642
2025-03-13 16:00:00,15.988379157839205
2025-03-13 17:00:00,14.367026586014157
2025-03-13 18:00:00,15.17632534578225
2025-03-13 19:00:00,20.120532584517527
2025-03-13 20:00:00,22.103406826726022
2025-03-13 21:00:00,21.89631611267542
2025-03-13 22:00:00,20.787115359697122
2025-03-13 23:00:00,20.567069994956885
2025-03-14 00:00:00,21.861005042163015
2025-03-14 01:00:00,23.362060610731557
2025-03-14 02:00:00,24.475520354718054
2025-03-14 03:00:00,28.39363612384224
2025-03-14 04:00:00,16.63928855033083
2025-03-14 05:00:00,14.197814983314165
2025-03-14 06:00:00,14.224961793649545
2025-03-14 07:00:00,11.836904663618611
2025-03-14 08:00:00,8.699217054634449
2025-03-14 09:00:00,5.865593791065388
2025-03-14 10:00:00,3.095699428404998
2025-03-14 11:00:00,3.8121078565070494
2025-03-14 12:00:00,8.023982717590032
2025-03-14 13:00:00,9.828785129482824
2025-03-14 14:00:00,12.09046812727485
2025-03-14 15:00:00,15.585181277461242
2025-03-14 16:00:00,15.695239227646178
2025-03-14 17:00:00,15.94669435579703
2025-03-14 18:00:00,19.607538962887986
2025-03-14 19:00:00,25.8315148668869
2025-03-14 20:00:00,26.577399476442867
2025-03-14 21:00:00,25.69095169910141
2025-03-14 22:00:00,23.058964500768354
2025-03-14 23:00:00,21.543261049063023
2025-03-15 00:00:00,20.86454161955075
2025-03-15 01:00:00,20.77364099822716
2025-03-15 02:00:00,20.235456536337786
2025-03-15 03:00:00,21.04466526896242
2025-03-15 04:00:00,15.217253873159187
2025-03-15 05:00:00,14.083995679183216
2025-03-15 06:00:00,13.04905744255175
2025-03-15 07:00:00,12.205987331934605
2025-03-15 08:00:00,12.097061479378361
2025-03-15 09:00:00,10.107431851745734
2025-03-15 10:00:00,8.711364491667602
2025-03-15 11:00:00,8.248965079987178
2025-03-15 12:00:00,9.370136032173773
2025-03-15 13:00:00,10.88549788430522
2025-03-15 14:00:00,12.389525976048034
2025-03-15 15:00:00,14.080559824059147
2025-03-15 16:00:00,16.17245059164083
2025-03-15 17:00:00,17.846916116372995
2025-03-15 18:00:00,19.004457119806347
2025-03-15 19:00:00,27.60099253407274
2025-03-15 20:00:00,28.994129382385676
2025-03-15 21:00:00,38.2433450218273
2025-03-15 22:00:00,31.18396616074277
2025-03-15 23:00:00,25.39805205528139
2025-03-16 00:00:00,23.46152168389246
2025-03-16 01:00:00,22.45007813938741
2025-03-16 02:00:00,20.963248968831547
2025-03-16 03:00:00,23.15343849822243
2025-03-16 04:00:00,15.909233180664941
2025-03-16 05:00:00,9.21441638650231
2025-03-16 06:00:00,6.494995851575035
2025-03-16 07:00:00,6.017620246188877
2025-03-16 08:00:00,4.794169403401049
2025-03-16 09:00:00,1.1902856457703168
2025-03-16 10:00:00,0.8163711140528653
2025-03-16 11:00:00,1.647310434669832
2025-03-16 12:00:00,4.362242326007589
2025-03-16 13:00:00,7.675557475471517
2025-03-16 14:00:00,15.640129716515858
2025-03-16 15:00:00,20.997548383961735
2025-03-16 16:00:00,21.282220124389283
2025-03-16 17:00:00,24.23041917691309
2025-03-16 18:00:00,24.449180371077787
2025-03-16 19:00:00,27.98870304789318
2025-03-16 20:00:00,28.666646882592307
2025-03-16 21:00:00,31.50920528862309
2025-03-16 22:00:00,26.540882003740123
2025-03-16 23:00:00,23.820259738237436
2025-03-17 00:00:00,24.125654403320848
2025-03-17 01:00:00,22.9676581905893
2025-03-17 02:00:00,21.820826196531996
2025-03-17 03:00:00,21.66070668666816
2025-03-17 04:00:00,16.220099772183122
2025-03-17 05:00:00,12.772051695664668
2025-03-17 06:00:00,12.631681296703762
2025-03-17 07:00:00,12.529675754664503
2025-03-17 08:00:00,8.682413185483226
2025-03-17 09:00:00,1.7572130533485275
2025-03-17 10:00:00,-0.41992784221101204
2025-03-17 11:00:00,0.9474257481410244
2025-03-17 12:00:00,3.1827309421137375
2025-03-17 13:00:00,7.470499658783778
2025-03-17 14:00:00,16.12985143440107
2025-03-17 15:00:00,24.34090602575582
2025-03-17 16:00:00,16.846351853501226
2025-03-17 17:00:00,13.70282954622216
2025-03-17 18:00:00,13.600154445340912
2025-03-17 19:00:00,18.579129095379837
2025-03-17 20:00:00,20.80973015076723
2025-03-17 21:00:00,19.968257970319407
2025-03-17 22:00:00,18.690164886008642
2025-03-17 23:00:00,17.418111598449556
2025-03-18 00:00:00,16.632035195754714
2025-03-18 01:00:00,16.273443955939786
2025-03-18 02:00:00,15.523180824053576
2025-03-18 03:00:00,14.020543266433844
2025-03-18 04:00:00,8.94552785785104
2025-03-18 05:00:00,7.375792644096668
2025-03-18 06:00:00,7.619968196046537
2025-03-18 07:00:00,6.554352741814818
2025-03-18 08:00:00,4.6348669424775
2025-03-18 09:00:00,2.278883397535048
2025-03-18 10:00:00,2.8456097551507824
2025-03-18 11:00:00,7.459780176622228
2025-03-18 12:00:00,10.55412317740834
2025-03-18 13:00:00,12.829725615330837
2025-03-18 14:00:00,17.40553559673529
2025-03-18 15:00:00,19.454149129561557
2025-03-18 16:00:00,15.629162064030991
2025-03-18 17:00:00,15.151010718771635
2025-03-18 18:00:00,15.47450182525122
2025-03-18 19:00:00,19.25122050134745
2025-03-18 20:00:00,20.43427627797411
2025-03-18 21:00:00,18.880771243001117
2025-03-18 22:00:00,18.618201877716373
2025-03-18 23:00:00,18.564510596638986
2025-03-19 00:00:00,18.79665401668726
2025-03-19 01:00:00,18.60506623018974
2025-03-19 02:00:00,17.611517590769424
2025-03-19 03:00:00,14.708110008418501
2025-03-19 04:00:00,8.55112535686617
2025-03-19 05:00:00,8.099649788676214
2025-03-19 06:00:00,8.185019028472157
2025-03-19 07:00:00,7.637158714376135
2025-03-19 08:00:00,5.2251731060143705
2025-03-19 09:00:00,4.305111334595134
2025-03-19 10:00:00,4.289368103670273
2025-03-19 11:00:00,6.561113174140563
2025-03-19 12:00:00,7.83790628447731
2025-03-19 13:00:00,11.263800798347352
2025-03-19 14:00:00,17.289811513484278
2025-03-19 15:00:00,20.581128810515576
2025-03-19 16:00:00,18.29110879122726
2025-03-19 17:00:00,16.78524379887296
2025-03-19 18:00:00,17.72078635702196
2025-03-19 19:00:00,22.192886549286285
2025-03-19 20:00:00,23.559254432637186
2025-03-19 21:00:00,22.58052457917099
2025-03-19 22:00:00,21.963649507772598
2025-03-19 23:00:00,21.71931032651805
2025-03-20 00:00:00,21.496923568667178
2025-03-20 01:00:00,24.142064774142504
2025-03-20 02:00:00,34.49467718673298
2025-03-20 03:00:00,31.664482567283994
2025-03-20 04:00:00,12.932636817786117
2025-03-20 05:00:00,8.510922954181869
2025-03-20 06:00:00,8.781337953168114
2025-03-20 07:00:00,6.990609779458147
2025-03-20 08:00:00,5.035788327884118
2025-03-20 09:00:00,2.317324168168592
2025-03-20 10:00:00,1.3389447798360972
2025-03-20 11:00:00,1.7977302494096217
2025-03-20 12:00:00,2.5009202144131484
2025-03-20 13:00:00,4.275509276030738
2025-03-20 14:00:00,10.62465912672115
2025-03-20 15:00:00,14.372170103623613
2025-03-20 16:00:00,14.01766053083129
2025-03-20 17:00:00,14.856134075420902
2025-03-20 18:00:00,14.277329037141023
2025-03-20 19:00:00,19.007785545917006
2025-03-20 20:00:00,19.548587648793188
2025-03-20 21:00:00,17.518089429925375
2025-03-20 22:00:00,18.28386171772782
2025-03-20 23:00:00,18.243798069354778
2025-03-21 00:00:00,19.612760461356874
2025-03-21 01:00:00,20.830731489174692
2025-03-21 02:00:00,26.198821741427835
2025-03-21 03:00:00,24.699693375474617
2025-03-21 04:00:00,15.676015721930057
2025-03-21 05:00:00,15.655530063346431
2025-03-21 06:00:00,14.798227328388514
2025-03-21 07:00:00,12.719203836171538
2025-03-21 08:00:00,7.835684171334787
2025-03-21 09:00:00,2.219085514443427
2025-03-21 10:00:00,0.9229479553839016
2025-03-21 11:00:00,2.7878444981969954
2025-03-21 12:00:00,4.299127085092753
2025-03-21 13:00:00,6.529399897166678
2025-03-21 14:00:00,10.96300389215701
2025-03-21 15:00:00,11.875928036538419
2025-03-21 16:00:00,10.517046262251313
2025-03-21 17:00:00,8.325182744750574
2025-03-21 18:00:00,9.501921670098499
2025-03-21 19:00:00,15.686796513110956
2025-03-21 20:00:00,16.54374675949607
2025-03-21 21:00:00,15.540630294960552
2025-03-21 22:00:00,14.792428668913713
2025-03-21 23:00:00,15.984481009626023
2025-03-22 00:00:00,16.48466487436027
2025-03-22 01:00:00,17.088137920020895
2025-03-22 02:00:00,18.134334040962237
2025-03-22 03:00:00,15.31634813924838
2025-03-22 04:00:00,10.190400525031999
2025-03-22 05:00:00,8.955744117661135
2025-03-22 06:00:00,7.325878878655966
2025-03-22 07:00:00,6.546198649716115
2025-03-22 08:00:00,4.185587163448788
2025-03-22 09:00:00,0.9368896747456258
2025-03-22 10:00:00,2.937987787101182
2025-03-22 11:00:00,5.850782380610087
2025-03-22 12:00:00,7.062245431185718
2025-03-22 13:00:00,10.691668838587164
2025-03-22 14:00:00,15.127797818914019
2025-03-22 15:00:00,17.017096645469923
2025-03-22 16:00:00,11.08713122812264
2025-03-22 17:00:00,8.368585589741578
2025-03-22 18:00:00,9.998238180583892
2025-03-22 19:00:00,15.515368785762544
2025-03-22 20:00:00,17.64618120959464
2025-03-22 21:00:00,15.96520788170716
2025-03-22 22:00:00,14.561308398132557
2025-03-22 23:00:00,13.843425376767263
2025-03-23 00:00:00,15.374439343192813
2025-03-23 01:00:00,15.500671409647072
2025-03-23 02:00:00,14.979984801706642
2025-03-23 03:00:00,13.860207900325896
2025-03-23 04:00:00,9.215085962481888
2025-03-23 05:00:00,8.393159504802169
2025-03-23 06:00:00,7.643261216173472
2025-03-23 07:00:00,6.7894524437435635
2025-03-23 08:00:00,3.509040154160122
2025-03-23 09:00:00,0.38801113797130027
2025-03-23 10:00:00,-0.962126944005575
2025-03-23 11:00:00,0.15414690964991035
2025-03-23 12:00:00,2.6307816200689604
2025-03-23 13:00:00,6.730201662318265
2025-03-23 14:00:00,10.896894836539651
2025-03-23 15:00:00,12.123241483953814
2025-03-23 16:00:00,10.494397656467314
2025-03-23 17:00:00,9.754844398303215
2025-03-23 18:00:00,12.375787172100384
2025-03-23 19:00:00,18.332177879527627
2025-03-23 20:00:00,19.547978225393894
2025-03-23 21:00:00,18.388185448670402
2025-03-23 22:00:00,18.51479016611773
2025-03-23 23:00:00,18.47760837745211
2025-03-24 00:00:00,18.960679953959794
2025-03-24 01:00:00,18.834344952977617
2025-03-24 02:00:00,17.884675249791204
2025-03-24 03:00:00,16.464100243184305
2025-03-24 04:00:00,13.435449374326302
2025-03-24 05:00:00,11.60140540231836
2025-03-24 06:00:00,9.546992183147458
2025-03-24 07:00:00,10.975739408615517
2025-03-24 08:00:00,10.28485884842288
2025-03-24 09:00:00,6.850090619132945
2025-03-24 10:00:00,3.7200292333120113
2025-03-24 11:00:00,3.976447918835901
2025-03-24 12:00:00,2.693573930158387
2025-03-24 13:00:00,6.428568242355775
2025-03-24 14:00:00,12.634214082871349
2025-03-24 15:00:00,15.939973907128799
2025-03-24 16:00:00,19.108661497448086
2025-03-24 17:00:00,20.493616756383826
2025-03-24 18:00:00,21.563674804915415
2025-03-24 19:00:00,24.62137472364397
2025-03-24 20:00:00,25.927943380693517
2025-03-24 21:00:00,24.267302762095557
2025-03-24 22:00:00,23.677116804664156
2025-03-24 23:00:00,23.146767608201984
2025-03-25 00:00:00,23.43347593997591
2025-03-25 01:00:00,23.41616880129234
2025-03-25 02:00:00,21.60436071366157
2025-03-25 03:00:00,18.05192162412248
2025-03-25 04:00:00,15.61630486243787
2025-03-25 05:00:00,13.168326769651097
2025-03-25 06:00:00,12.665847098423255
2025-03-25 07:00:00,11.284553775057361
2025-03-25 08:00:00,6.9495062205875735
2025-03-25 09:00:00,3.8765555270358854
2025-03-25 10:00:00,2.6142672490412986
2025-03-25 11:00:00,5.407687309397149
2025-03-25 12:00:00,7.320140095876696
2025-03-25 13:00:00,9.875864183337265
2025-03-25 14:00:00,21.90797286865168
2025-03-25 15:00:00,48.02817246017691
2025-03-25 16:00:00,26.37611191697527
2025-03-25 17:00:00,14.95397860067288
2025-03-25 18:00:00,17.253295656855585
2025-03-25 19:00:00,23.231627120079125
2025-03-25 20:00:00,27.43560342542929
2025-03-25 21:00:00,27.543508837566304
2025-03-25 22:00:00,25.016403543824698
2025-03-25 23:00:00,23.792821217073726
2025-03-26 00:00:00,22.059354022578
2025-03-26 01:00:00,22.229110243646215
2025-03-26 02:00:00,21.03556387970632
2025-03-26 03:00:00,17.58280848420802
2025-03-26 04:00:00,14.69899431720272
2025-03-26 05:00:00,11.445537332275395
2025-03-26 06:00:00,10.072236289221628
2025-03-26 07:00:00,8.494154626735025
2025-03-26 08:00:00,6.483242014370257
2025-03-26 09:00:00,5.16619090688407
2025-03-26 10:00:00,4.007542954076683
2025-03-26 11:00:00,6.068718608987919
2025-03-26 12:00:00,8.670552758327315
2025-03-26 13:00:00,16.673368168080884
2025-03-26 14:00:00,25.68278785015453
2025-03-26 15:00:00,38.810998700922305
2025-03-26 16:00:00,23.093683525334413
2025-03-26 17:00:00,18.58670295671915
2025-03-26 18:00:00,22.237251672258072
2025-03-26 19:00:00,29.162334609375588
2025-03-26 20:00:00,32.2871998484385
2025-03-26 21:00:00,29.258999081706843
2025-03-26 22:00:00,27.349702420388432
2025-03-26 23:00:00,25.92692873682022
2025-03-27 00:00:00,25.582166436455562
2025-03-27 01:00:00,26.750839349324483
2025-03-27 02:00:00,25.853299394031477
2025-03-27 03:00:00,23.79690573086244
2025-03-27 04:00:00,19.997308860687422
2025-03-27 05:00:00,16.576593708547865
2025-03-27 06:00:00,15.569990818613615
2025-03-27 07:00:00,14.051556653158793
2025-03-27 08:00:00,11.506204190668887
2025-03-27 09:00:00,10.52557564045776
2025-03-27 10:00:00,9.526543483191537
2025-03-27 11:00:00,10.549553909560956
2025-03-27 12:00:00,11.49781035413336
2025-03-27 13:00:00,15.478744518537152
2025-03-27 14:00:00,18.834962463984926
2025-03-27 15:00:00,21.213231549096506
2025-03-27 16:00:00,18.660547129721248
2025-03-27 17:00:00,17.436872706755135
2025-03-27 18:00:00,17.339491643386335
2025-03-27 19:00:00,19.861327906048203
2025-03-27 20:00:00,20.73011008231545
2025-03-27 21:00:00,18.884956518513977
2025-03-27 22:00:00,18.33612434681516
2025-03-27 23:00:00,19.359361568016233
2025-03-28 00:00:00,20.503649344323385
2025-03-28 01:00:00,22.24391797460661
2025-03-28 02:00:00,23.00468650291028
2025-03-28 03:00:00,20.736223967747648
2025-03-28 04:00:00,18.62354479365815
2025-03-28 05:00:00,15.414911146367333
2025-03-28 06:00:00,14.178742551952682
2025-03-28 07:00:00,12.219307405356561
2025-03-28 08:00:00,10.568214047773912
2025-03-28 09:00:00,10.974322151339885
2025-03-28 10:00:00,9.600277388432275
2025-03-28 11:00:00,10.123647458022292
2025-03-28 12:00:00,11.709221735501279
2025-03-28 13:00:00,13.129055671400709
2025-03-28 14:00:00,15.327624101336479
2025-03-28 15:00:00,17.529663306427675
2025-03-28 16:00:00,20.70122955746851
2025-03-28 17:00:00,21.85739306978312
2025-03-28 18:00:00,21.10620293077367
2025-03-28 19:00:00,22.908179872428978
2025-03-28 20:00:00,23.7491517281081
2025-03-28 21:00:00,21.909116869662288
2025-03-28 22:00:00,20.323435833350537
2025-03-28 23:00:00,20.9696266685609
2025-03-29 00:00:00,21.52113282642601
2025-03-29 01:00:00,22.617662798236957
2025-03-29 02:00:00,22.57390633297064
2025-03-29 03:00:00,22.72699427401585
2025-03-29 04:00:00,17.928744539384173
2025-03-29 05:00:00,16.02994281175494
2025-03-29 06:00:00,15.760173409113174
2025-03-29 07:00:00,14.574035723102323
2025-03-29 08:00:00,14.522673790077114
2025-03-29 09:00:00,15.210434694464007
2025-03-29 10:00:00,15.856940611876134
2025-03-29 11:00:00,14.795246690948286
2025-03-29 12:00:00,13.409509984825323
2025-03-29 13:00:00,13.60901808975078
2025-03-29 14:00:00,15.863221472878479
2025-03-29 15:00:00,16.982710774345176
2025-03-29 16:00:00,15.541970480613037
2025-03-29 17:00:00,15.18226627201387
2025-03-29 18:00:00,17.126448914405337
2025-03-29 19:00:00,20.74214485317879
2025-03-29 20:00:00,22.34136771014991
2025-03-29 21:00:00,20.046382857262614
2025-03-29 22:00:00,19.21138522887173
2025-03-29 23:00:00,18.120714718381286
2025-03-30 00:00:00,17.223405268482885
2025-03-30 01:00:00,18.489316492089355
2025-03-30 02:00:00,17.98045235328752
2025-03-30 03:00:00,17.424192916592542
2025-03-30 04:00:00,14.91184664707589
2025-03-30 05:00:00,13.681087878776415
2025-03-30 06:00:00,12.680269819161953
2025-03-30 07:00:00,12.172464955303605
2025-03-30 08:00:00,12.628282721562034
2025-03-30 09:00:00,12.448404710139004
2025-03-30 10:00:00,9.459187856611372
2025-03-30 11:00:00,6.079919525511457
2025-03-30 12:00:00,2.7641997418900455
2025-03-30 13:00:00,5.951840287729811
2025-03-30 14:00:00,10.536550925972453
2025-03-30 15:00:00,12.063110700301467
2025-03-30 16:00:00,16.722056250401256
2025-03-30 17:00:00,25.5044136810483
2025-03-30 18:00:00,28.226632730585596
2025-03-30 19:00:00,31.955083257352477
2025-03-30 20:00:00,32.840139315554445
2025-03-30 21:00:00,30.424162999437044
2025-03-30 22:00:00,29.447252364902905
2025-03-30 23:00:00,27.247964314237397
2025-03-31 00:00:00,26.167030926776906
2025-03-31 01:00:00,25.42318114473817
2025-03-31 02:00:00,22.945220479150898
2025-03-31 03:00:00,21.062009271964786
2025-03-31 04:00:00,17.817385248522815
2025-03-31 05:00:00,15.656849282419566
2025-03-31 06:00:00,15.324249973157059
2025-03-31 07:00:00,14.92375745160688
2025-03-31 08:00:00,14.616875073171824
2025-03-31 09:00:00,12.126364684643626
2025-03-31 10:00:00,13.477538481658087
2025-03-31 11:00:00,10.038656650786585
2025-03-31 12:00:00,13.310683768180068
2025-03-31 13:00:00,19.27510861865528
2025-03-31 14:00:00,28.581010408179054
2025-03-31 15:00:00,33.25204140993292
2025-03-31 16:00:00,28.25903045753923
2025-03-31 17:00:00,25.170140303743313
2025-03-31 18:00:00,25.76169576587966
2025-03-31 19:00:00,29.759112987452742
2025-03-31 20:00:00,33.00300234036308
2025-03-31 21:00:00,32.58279059657958
2025-03-31 22:00:00,33.55761308214103
2025-03-31 23:00:00,31.277408413253422
2025-04-01 00:00:00,29.78135488385656
2025-04-01 01:00:00,28.474625882065045
2025-04-01 02:00:00,28.57034666973309
2025-04-01 03:00:00,25.85636570828315
2025-04-01 04:00:00,20.96134479910238
2025-04-01 05:00:00,17.762856535962637
2025-04-01 06:00:00,16.360231567397996
2025-04-01 07:00:00,14.70590829693983
2025-04-01 08:00:00,12.301869316314358
2025-04-01 09:00:00,11.272159787594848
2025-04-01 10:00:00,11.33220022729116
2025-04-01 11:00:00,9.506343248501167
2025-04-01 12:00:00,11.37135888609693
2025-04-01 13:00:00,15.795834959240855
2025-04-01 14:00:00,27.85772920125628
2025-04-01 15:00:00,34.33050233498119
2025-04-01 16:00:00,22.83723816860654
2025-04-01 17:00:00,16.658044292713672
2025-04-01 18:00:00,19.263609109364843
2025-04-01 19:00:00,25.679673616129772
2025-04-01 20:00:00,29.41441155765129
2025-04-01 21:00:00,29.222089151678173
2025-04-01 22:00:00,26.665900035415177
2025-04-01 23:00:00,24.47516055181737
2025-04-02 00:00:00,24.692704161272946
2025-04-02 01:00:00,26.621550662998963
2025-04-02 02:00:00,28.223613936101486
2025-04-02 03:00:00,21.88286955414625
2025-04-02 04:00:00,17.541741166564073
2025-04-02 05:00:00,15.41641684990663
2025-04-02 06:00:00,14.824636796309822
2025-04-02 07:00:00,12.238761081099273
2025-04-02 08:00:00,10.025071247670176
2025-04-02 09:00:00,9.482547089895192
2025-04-02 10:00:00,9.448648027402086
2025-04-02 11:00:00,9.875263529843423
2025-04-02 12:00:00,12.193267842666673
2025-04-02 13:00:00,13.938055698177678
2025-04-02 14:00:00,19.97950338002809
2025-04-02 15:00:00,24.261812475150997
2025-04-02 16:00:00,24.557511181318514
2025-04-02 17:00:00,20.918711160599795
2025-04-02 18:00:00,20.826913873342253
2025-04-02 19:00:00,23.518869251042137
2025-04-02 20:00:00,25.160403829611532
2025-04-02 21:00:00,24.266739343382547
2025-04-02 22:00:00,23.84590357802783
2025-04-02 23:00:00,23.798840125200005
2025-04-03 00:00:00,23.424723109911927
2025-04-03 01:00:00,24.21908064522497
2025-04-03 02:00:00,25.584915313240675
2025-04-03 03:00:00,24.435032116756993
2025-04-03 04:00:00,19.766499521030784
2025-04-03 05:00:00,17.977493630428828
2025-04-03 06:00:00,16.711376972422922
2025-04-03 07:00:00,16.005499764615372
2025-04-03 08:00:00,18.142129853902727
2025-04-03 09:00:00,17.882712386623655
2025-04-03 10:00:00,17.016326037023042
2025-04-03 11:00:00,17.050170774758644
2025-04-03 12:00:00,23.79658936696668
2025-04-03 13:00:00,29.243994753302832
2025-04-03 14:00:00,34.39328848299338
2025-04-03 15:00:00,35.29288268034336
2025-04-03 16:00:00,31.900017104724807
2025-04-03 17:00:00,23.2111696282353
2025-04-03 18:00:00,23.099505155137443
2025-04-03 19:00:00,25.247382091619663
2025-04-03 20:00:00,25.054866322603008
2025-04-03 21:00:00,22.155646002178614
2025-04-03 22:00:00,20.53878186562019
2025-04-03 23:00:00,19.10182023399791
2025-04-04 00:00:00,19.24894664064808
2025-04-04 01:00:00,19.770521640007132
2025-04-04 02:00:00,19.30262253815867
2025-04-04 03:00:00,19.234203261612443
2025-04-04 04:00:00,16.796593054436308
2025-04-04 05:00:00,15.86412964491424
2025-04-04 06:00:00,15.583594271028103
2025-04-04 07:00:00,11.860345261572778
2025-04-04 08:00:00,10.914854221377036
2025-04-04 09:00:00,11.247773125262501
2025-04-04 10:00:00,9.812792176833883
2025-04-04 11:00:00,11.313057523472837
2025-04-04 12:00:00,12.436534341777993
2025-04-04 13:00:00,16.822956629181878
2025-04-04 14:00:00,21.01317330392368
2025-04-04 15:00:00,20.850037758960696
2025-04-04 16:00:00,20.17980808738419
2025-04-04 17:00:00,19.394040115471125
2025-04-04 18:00:00,21.216858537459043
2025-04-04 19:00:00,25.13197898185874
2025-04-04 20:00:00,26.307072452772022
2025-04-04 21:00:00,24.05171105798095
2025-04-04 22:00:00,23.934990078970188
2025-04-04 23:00:00,23.918197342020047
2025-04-05 00:00:00,25.266052581213376
2025-04-05 01:00:00,26.693625365284948
2025-04-05 02:00:00,24.877093837036103
2025-04-05 03:00:00,20.76506628205837
2025-04-05 04:00:00,18.35578846571833
2025-04-05 05:00:00,16.8137593414529
2025-04-05 06:00:00,15.343475656205666
2025-04-05 07:00:00,13.265967180424138
2025-04-05 08:00:00,12.424307609698579
2025-04-05 09:00:00,12.476188370760317
2025-04-05 10:00:00,12.63515763270096
2025-04-05 11:00:00,12.13670549134671
2025-04-05 12:00:00,12.873998135857239
2025-04-05 13:00:00,15.224640433598687
2025-04-05 14:00:00,17.310739696140125
2025-04-05 15:00:00,19.019363050861422
2025-04-05 16:00:00,20.471768845765975
2025-04-05 17:00:00,19.770483571400646
2025-04-05 18:00:00,21.087384241213286
2025-04-05 19:00:00,23.105755262595082
2025-04-05 20:00:00,23.727185370582127
2025-04-05 21:00:00,22.862597094198268
2025-04-05 22:00:00,22.529568241414164
2025-04-05 23:00:00,21.06947795861217
2025-04-06 00:00:00,20.997384814146724
2025-04-06 01:00:00,20.99081273503512
2025-04-06 02:00:00,21.767924860831414
2025-04-06 03:00:00,19.633590713022336
2025-04-06 04:00:00,18.43303685325482
2025-04-06 05:00:00,17.349667265880562
2025-04-06 06:00:00,16.04247858694138
2025-04-06 07:00:00,14.697908431297945
2025-04-06 08:00:00,13.741798725076608
2025-04-06 09:00:00,11.571805420056647
2025-04-06 10:00:00,11.555788685038962
2025-04-06 11:00:00,10.795019295378433
2025-04-06 12:00:00,10.761702746078052
2025-04-06 13:00:00,11.458259451867805
2025-04-06 14:00:00,12.3578569320909
2025-04-06 15:00:00,13.983174712964043
2025-04-06 16:00:00,13.965145319800742
2025-04-06 17:00:00,13.150529924634595
2025-04-06 18:00:00,13.907411205925143
2025-04-06 19:00:00,15.57608332666134
2025-04-06 20:00:00,15.402115393725943
2025-04-06 21:00:00,14.982454608485336
2025-04-06 22:00:00,15.626526640005855
2025-04-06 23:00:00,16.03691115696041
2025-04-07 00:00:00,17.58115906450408
2025-04-07 01:00:00,18.792004921415803
2025-04-07 02:00:00,18.144797970318827
2025-04-07 03:00:00,18.915385794607705
2025-04-07 04:00:00,16.150389253558828
2025-04-07 05:00:00,14.88502779012499
2025-04-07 06:00:00,13.926116314913372
2025-04-07 07:00:00,13.698180395496834
2025-04-07 08:00:00,10.832108802968559
2025-04-07 09:00:00,7.4461030393425505
2025-04-07 10:00:00,7.879635662488382
2025-04-07 11:00:00,7.139685037126462
2025-04-07 12:00:00,8.0315916609598
2025-04-07 13:00:00,7.531113332177535
2025-04-07 14:00:00,13.10666774882617
2025-04-07 15:00:00,26.49318607041444
2025-04-07 16:00:00,31.12945488739193
2025-04-07 17:00:00,45.62037998653718
2025-04-07 18:00:00,46.29709320218798
2025-04-07 19:00:00,32.9221627799295
2025-04-07 20:00:00,29.212968487037035
2025-04-07 21:00:00,30.432119703337488
2025-04-07 22:00:00,36.29439060667887
2025-04-07 23:00:00,41.085568687078286
2025-04-08 00:00:00,41.12270834029359
2025-04-08 01:00:00,90.65483863230615
2025-04-08 02:00:00,97.20648677100876
2025-04-08 03:00:00,32.45578680675284
2025-04-08 04:00:00,18.051924725803225
2025-04-08 05:00:00,18.908648224999364
2025-04-08 06:00:00,18.52904430290566
2025-04-08 07:00:00,17.02904079531417
2025-04-08 08:00:00,10.890618286540047
2025-04-08 09:00:00,6.311274468162946
2025-04-08 10:00:00,8.178623606614776
2025-04-08 11:00:00,7.868130742464174
2025-04-08 12:00:00,7.48133337633386
2025-04-08 13:00:00,8.89934644022946
2025-04-08 14:00:00,16.57160340877926
2025-04-08 15:00:00,25.483893985808468
2025-04-08 16:00:00,34.02012651807509
2025-04-08 17:00:00,30.826750831767395
2025-04-08 18:00:00,24.9367605615067
2025-04-08 19:00:00,23.304337175377043
2025-04-08 20:00:00,24.404722612129536
2025-04-08 21:00:00,23.620681999170433
2025-04-08 22:00:00,24.901073316569786
2025-04-08 23:00:00,25.2654800297633
2025-04-09 00:00:00,25.0111313148637
2025-04-09 01:00:00,48.40942743114005
2025-04-09 02:00:00,48.973388171098875
2025-04-09 03:00:00,16.371311684003583
2025-04-09 04:00:00,13.065297719352637
2025-04-09 05:00:00,14.52874623295888
2025-04-09 06:00:00,14.582482538020287
2025-04-09 07:00:00,11.616297648088581
2025-04-09 08:00:00,5.905913769586974
2025-04-09 09:00:00,3.6689020032158135
2025-04-09 10:00:00,4.168388116142353
2025-04-09 11:00:00,5.531798375088654
2025-04-09 12:00:00,5.438607059695579
2025-04-09 13:00:00,6.482568332278158
2025-04-09 14:00:00,12.481255125768083
2025-04-09 15:00:00,15.303792877235049
2025-04-09 16:00:00,16.239116292954428
2025-04-09 17:00:00,11.893627341831973
2025-04-09 18:00:00,12.538131778948058
2025-04-09 19:00:00,19.115287374339093
2025-04-09 20:00:00,20.978268850253674
2025-04-09 21:00:00,18.443124246937927
2025-04-09 22:00:00,17.1891282781052
2025-04-09 23:00:00,16.742583174876163
2025-04-10 00:00:00,16.548761170553743
2025-04-10 01:00:00,17.237980233163185
2025-04-10 02:00:00,17.134995939139724
2025-04-10 03:00:00,11.022897743999163
2025-04-10 04:00:00,7.876010319814025
2025-04-10 05:00:00,7.532585728683881
2025-04-10 06:00:00,6.771249381161439
2025-04-10 07:00:00,4.231580760199516
2025-04-10 08:00:00,1.4883584663942264
2025-04-10 09:00:00,0.4840061133274383
2025-04-10 10:00:00,3.48911948473206
2025-04-10 11:00:00,6.414925897678294
2025-04-10 12:00:00,7.858098940390649
2025-04-10 13:00:00,7.714539230026395
2025-04-10 14:00:00,13.33705676481025
2025-04-10 15:00:00,18.847393361188544
2025-04-10 16:00:00,11.543496067617307
2025-04-10 17:00:00,9.015326157432597
2025-04-10 18:00:00,11.83850225007125
2025-04-10 19:00:00,20.53427422134715
2025-04-10 20:00:00,23.980891622324332
2025-04-10 21:00:00,23.976128789996565
2025-04-10 22:00:00,22.221751614446276
2025-04-10 23:00:00,21.370409390831387
2025-04-11 00:00:00,21.890756439680825
2025-04-11 01:00:00,22.630669140291403
2025-04-11 02:00:00,24.78428425160342
2025-04-11 03:00:00,16.48294816458782
2025-04-11 04:00:00,14.262207069925083
2025-04-11 05:00:00,13.718418329087283
2025-04-11 06:00:00,13.381979182505416
2025-04-11 07:00:00,10.207152510986637
2025-04-11 08:00:00,5.21485861183538
2025-04-11 09:00:00,2.443997163763243
2025-04-11 10:00:00,3.133008000064768
2025-04-11 11:00:00,5.802999947747963
2025-04-11 12:00:00,7.596689059001273
2025-04-11 13:00:00,8.87130902757971
2025-04-11 14:00:00,18.714006356883225
2025-04-11 15:00:00,22.140620516372735
2025-04-11 16:00:00,15.230777113384782
2025-04-11 17:00:00,13.606641763361347
2025-04-11 18:00:00,17.59945603856451
2025-04-11 19:00:00,26.213950490515796
2025-04-11 20:00:00,30.891709613752116
2025-04-11 21:00:00,30.598601861542
2025-04-11 22:00:00,27.503848287581995
2025-04-11 23:00:00,25.769730954894023
2025-04-12 00:00:00,27.171916658229257
2025-04-12 01:00:00,27.689626578076002
2025-04-12 02:00:00,29.697649059405602
2025-04-12 03:00:00,21.165253188113624
2025-04-12 04:00:00,17.806574846333348
2025-04-12 05:00:00,15.91468722573042
2025-04-12 06:00:00,15.180741044279085
2025-04-12 07:00:00,12.129512233943135
2025-04-12 08:00:00,7.153711623351547
2025-04-12 09:00:00,3.482539870627039
2025-04-12 10:00:00,5.380005197124012
2025-04-12 11:00:00,7.75715521432471
2025-04-12 12:00:00,7.310144630212253
2025-04-12 13:00:00,9.863899707914454
2025-04-12 14:00:00,18.714063640241953
2025-04-12 15:00:00,21.855638591570926
2025-04-12 16:00:00,16.35672652239693
2025-04-12 17:00:00,13.342229912069683
2025-04-12 18:00:00,15.551258263177134
2025-04-12 19:00:00,23.426903658734833
2025-04-12 20:00:00,27.988175618489493
2025-04-12 21:00:00,26.813042790256077
2025-04-12 22:00:00,24.685784127864945
2025-04-12 23:00:00,21.868048389811122
2025-04-13 00:00:00,20.62501135451385
2025-04-13 01:00:00,19.848728329260506
2025-04-13 02:00:00,19.729338205346217
2025-04-13 03:00:00,14.514152331464281
2025-04-13 04:00:00,11.139310850779907
2025-04-13 05:00:00,8.969867707043962
2025-04-13 06:00:00,7.657330682821369
2025-04-13 07:00:00,6.18131164480672
2025-04-13 08:00:00,2.3548521108656955
2025-04-13 09:00:00,-1.8654038848833936
2025-04-13 10:00:00,-1.0159263849414555
2025-04-13 11:00:00,1.1267374448703078
2025-04-13 12:00:00,2.6279373892704547
2025-04-13 13:00:00,4.96601885318747
2025-04-13 14:00:00,10.366623941819231
2025-04-13 15:00:00,11.699673992162198
2025-04-13 16:00:00,10.465799992101426
2025-04-13 17:00:00,10.001837794680897
2025-04-13 18:00:00,12.20740704293964
2025-04-13 19:00:00,19.39772580658207
2025-04-13 20:00:00,24.090463866679386
2025-04-13 21:00:00,23.49299803859249
2025-04-13 22:00:00,22.792495455684882
2025-04-13 23:00:00,21.69824791416371
2025-04-14 00:00:00,20.9497984255675
2025-04-14 01:00:00,20.504296391638846
2025-04-14 02:00:00,18.62358692620195
2025-04-14 03:00:00,12.954131620839908
2025-04-14 04:00:00,10.18510516118466
2025-04-14 05:00:00,9.598509561199805
2025-04-14 06:00:00,8.533785083325704
2025-04-14 07:00:00,7.302189335067431
2025-04-14 08:00:00,5.598638496877858
2025-04-14 09:00:00,2.3193772873004237
2025-04-14 10:00:00,2.3194829807944
2025-04-14 11:00:00,3.6963288895758915
2025-04-14 12:00:00,4.634937192338035
2025-04-14 13:00:00,8.120322603320387
2025-04-14 14:00:00,12.075415013592874
2025-04-14 15:00:00,11.432026447908285
2025-04-14 16:00:00,12.78423394520278
2025-04-14 17:00:00,13.064190200544333
2025-04-14 18:00:00,16.440147057957645
2025-04-14 19:00:00,23.868929283325535
2025-04-14 20:00:00,27.663040708050055
2025-04-14 21:00:00,27.366331587784256
2025-04-14 22:00:00,25.954981843719583
2025-04-14 23:00:00,24.716348581513092
2025-04-15 00:00:00,24.38214549687844
2025-04-15 01:00:00,23.664917418824274
2025-04-15 02:00:00,21.547502040203806
2025-04-15 03:00:00,16.680675974358508
2025-04-15 04:00:00,13.632686177188484
2025-04-15 05:00:00,11.909537933870746
2025-04-15 06:00:00,12.602323098959596
2025-04-15 07:00:00,10.765193665428535
2025-04-15 08:00:00,7.567160383866801
2025-04-15 09:00:00,8.05739495959543
2025-04-15 10:00:00,7.597535684898372
2025-04-15 11:00:00,8.349256496445575
2025-04-15 12:00:00,8.385267144331404
2025-04-15 13:00:00,14.208629149309818
2025-04-15 14:00:00,18.337621425259986
2025-04-15 15:00:00,21.648439116596684
2025-04-15 16:00:00,23.878335227057175
2025-04-15 17:00:00,17.787317217367967
2025-04-15 18:00:00,21.252894740159935
2025-04-15 19:00:00,27.09639211782431
2025-04-15 20:00:00,31.531963126563614
2025-04-15 21:00:00,29.967863807204143
2025-04-15 22:00:00,28.292029418859276
2025-04-15 23:00:00,26.675832963083227
2025-04-16 00:00:00,24.55224165231987
2025-04-16 01:00:00,25.57710346425742
2025-04-16 02:00:00,23.37197100897573
2025-04-16 03:00:00,21.16126821860065
2025-04-16 04:00:00,15.969610335399576
2025-04-16 05:00:00,13.46084187459658
2025-04-16 06:00:00,13.027021024225226
2025-04-16 07:00:00,11.564826188979513
2025-04-16 08:00:00,9.967409167723096
2025-04-16 09:00:00,7.503074948574851
2025-04-16 10:00:00,5.6077825357944135
2025-04-16 11:00:00,7.459603899642088
2025-04-16 12:00:00,7.671274456312019
2025-04-16 13:00:00,9.750649173978921
2025-04-16 14:00:00,16.98726897189444
2025-04-16 15:00:00,24.918466942465823
2025-04-16 16:00:00,20.672779668029364
2025-04-16 17:00:00,14.790522319018242
2025-04-16 18:00:00,14.835728963751063
2025-04-16 19:00:00,20.556750268568905
2025-04-16 20:00:00,23.82483842119839
2025-04-16 21:00:00,22.682039914566385
2025-04-16 22:00:00,21.45925348714876
2025-04-16 23:00:00,20.853773966643907
2025-04-17 00:00:00,19.581654355287252
2025-04-17 01:00:00,20.283194618593352
2025-04-17 02:00:00,19.326040066223285
2025-04-17 03:00:00,18.835529933160053
2025-04-17 04:00:00,15.12278876467083
2025-04-17 05:00:00,13.904808311631022
2025-04-17 06:00:00,11.655396448639932
2025-04-17 07:00:00,10.360684962640654
2025-04-17 08:00:00,8.737135224232292
2025-04-17 09:00:00,6.820327687946418
2025-04-17 10:00:00,5.184751583511317
2025-04-17 11:00:00,7.92354742814461
2025-04-17 12:00:00,9.063520508882695
2025-04-17 13:00:00,10.380910185144188
2025-04-17 14:00:00,16.689876320277367
2025-04-17 15:00:00,29.279954060017367
2025-04-17 16:00:00,30.811612840394584
2025-04-17 17:00:00,18.93846178738479
2025-04-17 18:00:00,18.30349870701137
2025-04-17 19:00:00,25.49628017791537
2025-04-17 20:00:00,28.260489622796474
2025-04-17 21:00:00,27.248103213131348
2025-04-17 22:00:00,26.1876051332768
2025-04-17 23:00:00,25.08237835224643
2025-04-18 00:00:00,25.176603785386334
2025-04-18 01:00:00,27.12173109232219
2025-04-18 02:00:00,31.230586978844613
2025-04-18 03:00:00,21.638982454966694
2025-04-18 04:00:00,16.695275525544368
2025-04-18 05:00:00,14.843431659841913
2025-04-18 06:00:00,12.822124797033483
2025-04-18 07:00:00,10.42198289593325
2025-04-18 08:00:00,9.146861751568919
2025-04-18 09:00:00,7.528550103576538
2025-04-18 10:00:00,5.720394547212186
2025-04-18 11:00:00,5.860187422624746
2025-04-18 12:00:00,7.599976812837985
2025-04-18 13:00:00,10.170609181965203
2025-04-18 14:00:00,14.041453519227217
2025-04-18 15:00:00,17.769909878211905
2025-04-18 16:00:00,21.936960061148852
2025-04-18 17:00:00,18.714496374939834
2025-04-18 18:00:00,19.942113665402974
2025-04-18 19:00:00,24.843111331607975
2025-04-18 20:00:00,26.832722726251024
2025-04-18 21:00:00,25.76659587887887
2025-04-18 22:00:00,23.346046380256446
2025-04-18 23:00:00,22.20050909206495
2025-04-19 00:00:00,20.93022742874317
2025-04-19 01:00:00,22.10151384428731
2025-04-19 02:00:00,22.696298180835605
2025-04-19 03:00:00,16.67205634894627
2025-04-19 04:00:00,14.628506179401873
2025-04-19 05:00:00,11.896136757307191
2025-04-19 06:00:00,10.705343350171749
2025-04-19 07:00:00,10.453453634398334
2025-04-19 08:00:00,8.678418556394547
2025-04-19 09:00:00,5.810985516952021
2025-04-19 10:00:00,5.073258110747328
2025-04-19 11:00:00,9.448389284194528
2025-04-19 12:00:00,11.895502341258444
2025-04-19 13:00:00,12.107638350081697
2025-04-19 14:00:00,14.646229191723744
2025-04-19 15:00:00,16.552001081876174
2025-04-19 16:00:00,18.712591559998625
2025-04-19 17:00:00,19.339121754403816
2025-04-19 18:00:00,22.33051261254924
2025-04-19 19:00:00,25.562364384903308
2025-04-19 20:00:00,25.536075434991837
2025-04-19 21:00:00,23.448396522843804
2025-04-19 22:00:00,21.56131623952576
2025-04-19 23:00:00,19.822194032667806
2025-04-20 00:00:00,18.525741985700403
2025-04-20 01:00:00,18.623897267058407
2025-04-20 02:00:00,17.198944532346584
2025-04-20 03:00:00,15.771870981513173
2025-04-20 04:00:00,13.94202376442761
2025-04-20 05:00:00,12.92587714381325
2025-04-20 06:00:00,13.056350744489022
2025-04-20 07:00:00,13.186861252405501
2025-04-20 08:00:00,10.809286540912682
2025-04-20 09:00:00,8.52063170527805
2025-04-20 10:00:00,5.944667648280042
2025-04-20 11:00:00,8.319159921451222
2025-04-20 12:00:00,9.888987906524031
2025-04-20 13:00:00,11.595304200977731
2025-04-20 14:00:00,13.59443936441172
2025-04-20 15:00:00,14.748719150205316
2025-04-20 16:00:00,15.10293149205721
2025-04-20 17:00:00,15.99612758904241
2025-04-20 18:00:00,17.572453662439635
2025-04-20 19:00:00,19.427033836670763
2025-04-20 20:00:00,20.164013080505722
2025-04-20 21:00:00,18.699747589631492
2025-04-20 22:00:00,18.754129628372336
2025-04-20 23:00:00,19.71168267384933
2025-04-21 00:00:00,19.751356234792073
2025-04-21 01:00:00,17.985232877849235
2025-04-21 02:00:00,17.85003533291507
2025-04-21 03:00:00,16.34231948294787
2025-04-21 04:00:00,14.898679933235654
2025-04-21 05:00:00,13.50010074426457
2025-04-21 06:00:00,13.211071613223853
2025-04-21 07:00:00,12.130812446729806
2025-04-21 08:00:00,10.065045785216002
2025-04-21 09:00:00,6.6288743358748
2025-04-21 10:00:00,4.234960380581953
2025-04-21 11:00:00,3.465436796302089
2025-04-21 12:00:00,6.235242622943927
2025-04-21 13:00:00,8.70649357529519
2025-04-21 14:00:00,14.814589247587168
2025-04-21 15:00:00,25.254441036231754
2025-04-21 16:00:00,32.97733987500416
2025-04-21 17:00:00,43.92576736560452
2025-04-21 18:00:00,21.618548428085692
2025-04-21 19:00:00,20.800429251455135
2025-04-21 20:00:00,22.9709486453562
2025-04-21 21:00:00,22.947481989229768
2025-04-21 22:00:00,22.516475046400117
2025-04-21 23:00:00,21.46238854272904
2025-04-22 00:00:00,17.988448410078945
2025-04-22 01:00:00,18.23196828862143
2025-04-22 02:00:00,17.60924798872929
2025-04-22 03:00:00,15.527809701324445
2025-04-22 04:00:00,13.848341414677007
2025-04-22 05:00:00,13.244655931907424
2025-04-22 06:00:00,10.814733197600093
2025-04-22 07:00:00,8.069920017714363
2025-04-22 08:00:00,3.623707874473557
2025-04-22 09:00:00,-0.004309913200499889
2025-04-22 10:00:00,1.490413821920283
2025-04-22 11:00:00,3.9350571675498154
2025-04-22 12:00:00,4.339566183835397
2025-04-22 13:00:00,5.600456078264364
2025-04-22 14:00:00,13.784291976934234
2025-04-22 15:00:00,24.931299594038332
2025-04-22 16:00:00,21.157989880936938
2025-04-22 17:00:00,23.90074870925951
2025-04-22 18:00:00,15.698163829289902
2025-04-22 19:00:00,23.650529169041963
2025-04-22 20:00:00,28.55208666182998
2025-04-22 21:00:00,28.140874627219706
2025-04-22 22:00:00,26.210091600191586
2025-04-22 23:00:00,23.463677948049
2025-04-23 00:00:00,23.378038450462256
2025-04-23 01:00:00,22.77353490307151
2025-04-23 02:00:00,21.142107842048965
2025-04-23 03:00:00,17.32432894615805
2025-04-23 04:00:00,13.943742009454116
2025-04-23 05:00:00,13.662611149324093
2025-04-23 06:00:00,12.808601987439154
2025-04-23 07:00:00,10.596530099829117
2025-04-23 08:00:00,9.869038202158704
2025-04-23 09:00:00,8.575805159238485
2025-04-23 10:00:00,7.003833103992947
2025-04-23 11:00:00,7.963563317972893
2025-04-23 12:00:00,8.356299367864034
2025-04-23 13:00:00,10.757523724457752
2025-04-23 14:00:00,17.757090564477675
2025-04-23 15:00:00,28.82394703888159
2025-04-23 16:00:00,26.01779362194577
2025-04-23 17:00:00,23.100965227516458
2025-04-23 18:00:00,23.065094320215067
2025-04-23 19:00:00,28.46558217947239
2025-04-23 20:00:00,31.66632594840529
2025-04-23 21:00:00,30.98220953975303
2025-04-23 22:00:00,28.735841366672215
2025-04-23 23:00:00,28.03673603049357
2025-04-24 00:00:00,26.033129444011358
2025-04-24 01:00:00,27.573592527730273
2025-04-24 02:00:00,26.438677054517235
2025-04-24 03:00:00,25.388906239283024
2025-04-24 04:00:00,19.077391577534794
2025-04-24 05:00:00,18.338516180627703
2025-04-24 06:00:00,16.532539329017354
2025-04-24 07:00:00,14.218563246995423
2025-04-24 08:00:00,12.758393427181332
2025-04-24 09:00:00,9.950784271964755
2025-04-24 10:00:00,7.6044121430544855
2025-04-24 11:00:00,8.842621082886374
2025-04-24 12:00:00,10.787984020203794
2025-04-24 13:00:00,11.584763090388353
2025-04-24 14:00:00,16.60861216406353
2025-04-24 15:00:00,21.348125935857155
2025-04-24 16:00:00,20.301703321608002
2025-04-24 17:00:00,20.954599520478652
2025-04-24 18:00:00,22.138911515636845
2025-04-24 19:00:00,25.001263564950293
2025-04-24 20:00:00,26.193736624938904
2025-04-24 21:00:00,24.739272036832503
2025-04-24 22:00:00,23.704717505975243
2025-04-24 23:00:00,23.728429117724282
2025-04-25 00:00:00,25.934469012251256
2025-04-25 01:00:00,28.643797322960392
2025-04-25 02:00:00,29.25918529995906
2025-04-25 03:00:00,35.35489222077948
2025-04-25 04:00:00,22.6375460641346
2025-04-25 05:00:00,17.177918627940805
2025-04-25 06:00:00,15.723164148448394
2025-04-25 07:00:00,13.064496112615307
2025-04-25 08:00:00,10.575330965189883
2025-04-25 09:00:00,13.238253971408874
2025-04-25 10:00:00,14.439808829503542
2025-04-25 11:00:00,13.649287047506812
2025-04-25 12:00:00,13.568054877505785
2025-04-25 13:00:00,15.01845826878334
2025-04-25 14:00:00,16.957734940263947
2025-04-25 15:00:00,20.6904242009418
2025-04-25 16:00:00,21.87315902181434
2025-04-25 17:00:00,19.068523186604548
2025-04-25 18:00:00,20.70361127272506
2025-04-25 19:00:00,23.03118675890387
2025-04-25 20:00:00,23.356329310766185
2025-04-25 21:00:00,21.77525847162157
2025-04-25 22:00:00,20.098360262530317
2025-04-25 23:00:00,20.222008156218454
2025-04-26 00:00:00,20.0317980544657
2025-04-26 01:00:00,21.614317618920975
2025-04-26 02:00:00,22.046814722180113
2025-04-26 03:00:00,26.61343316238145
2025-04-26 04:00:00,18.472970935890466
2025-04-26 05:00:00,16.584133789372192
2025-04-26 06:00:00,15.967671446814306
2025-04-26 07:00:00,12.88216697289487
2025-04-26 08:00:00,11.738234179863811
2025-04-26 09:00:00,10.96201588912654
2025-04-26 10:00:00,10.67034389241265
2025-04-26 11:00:00,9.797426056058459
2025-04-26 12:00:00,8.152979852891033
2025-04-26 13:00:00,9.666323779908055
2025-04-26 14:00:00,11.543011626405317
2025-04-26 15:00:00,18.86951871821946
2025-04-26 16:00:00,20.098828140927818
2025-04-26 17:00:00,18.088990375756264
2025-04-26 18:00:00,20.29177458328226
2025-04-26 19:00:00,24.91607700614934
2025-04-26 20:00:00,27.71156149502871
2025-04-26 21:00:00,26.824829960909167
2025-04-26 22:00:00,24.721398439368482
2025-04-26 23:00:00,23.212941880387966
2025-04-27 00:00:00,22.43605467314243
2025-04-27 01:00:00,21.302897170210144
2025-04-27 02:00:00,20.149151032925126
2025-04-27 03:00:00,17.65730487968407
2025-04-27 04:00:00,15.25670345535603
2025-04-27 05:00:00,14.108714029243703
2025-04-27 06:00:00,12.699795162598967
2025-04-27 07:00:00,11.475418714049377
2025-04-27 08:00:00,10.100197147918621
2025-04-27 09:00:00,7.325520068398496
2025-04-27 10:00:00,4.543837065498627
2025-04-27 11:00:00,4.025062200275693
2025-04-27 12:00:00,6.3636846704602235
2025-04-27 13:00:00,10.911104457544063
2025-04-27 14:00:00,16.805123204484524
2025-04-27 15:00:00,22.415184314684556
2025-04-27 16:00:00,38.378405787816
2025-04-27 17:00:00,22.841955487935035
2025-04-27 18:00:00,21.889433489691037
2025-04-27 19:00:00,24.669617801445895
2025-04-27 20:00:00,32.79639329415742
2025-04-27 21:00:00,27.804338242617508
2025-04-27 22:00:00,25.165025963377502
2025-04-27 23:00:00,21.827712244177118
2025-04-28 00:00:00,21.769196323596145
2025-04-28 01:00:00,22.05376726924267
2025-04-28 02:00:00,21.802640724513918
2025-04-28 03:00:00,18.695323419227798
2025-04-28 04:00:00,16.492293450656273
2025-04-28 05:00:00,15.367183357818792
2025-04-28 06:00:00,14.911883494339834
2025-04-28 07:00:00,14.009307797215415
2025-04-28 08:00:00,11.62407366874873
2025-04-28 09:00:00,7.573393706862253
2025-04-28 10:00:00,6.694340851425235
2025-04-28 11:00:00,5.745589095389451
2025-04-28 12:00:00,7.002670523433368
2025-04-28 13:00:00,10.581221886918813
2025-04-28 14:00:00,14.572106990168553
2025-04-28 15:00:00,17.54190931179363
2025-04-28 16:00:00,27.250854777879063
2025-04-28 17:00:00,19.926839189580075
2025-04-28 18:00:00,21.222032932033027
2025-04-28 19:00:00,25.288800068930126
2025-04-28 20:00:00,29.4284004046403
2025-04-28 21:00:00,27.23404320843506
2025-04-28 22:00:00,24.392134477904342
2025-04-28 23:00:00,23.639949006779506
2025-04-29 00:00:00,24.082082018105435
2025-04-29 01:00:00,25.124285679102858
2025-04-29 02:00:00,23.417894025670645
2025-04-29 03:00:00,19.75205517570147
2025-04-29 04:00:00,17.112617676047872
2025-04-29 05:00:00,16.271538700503214
2025-04-29 06:00:00,16.11259520503188
2025-04-29 07:00:00,14.62071159506252
2025-04-29 08:00:00,12.605887808385908
2025-04-29 09:00:00,11.971823608837171
2025-04-29 10:00:00,11.101395093723921
2025-04-29 11:00:00,10.256327911264647
2025-04-29 12:00:00,11.06703449684471
2025-04-29 13:00:00,15.220472889363053
2025-04-29 14:00:00,18.25502649428805
2025-04-29 15:00:00,19.958282951021783
2025-04-29 16:00:00,19.98099552447423
2025-04-29 17:00:00,18.16523219740821
2025-04-29 18:00:00,19.5862986698539
2025-04-29 19:00:00,24.667089409182356
2025-04-29 20:00:00,25.847351255785554
2025-04-29 21:00:00,24.702037216222138
2025-04-29 22:00:00,23.129945267185335
2025-04-29 23:00:00,22.88443358857566
2025-04-30 00:00:00,24.818413818624563
2025-04-30 01:00:00,23.271197253252847
2025-04-30 02:00:00,22.46057648882605
2025-04-30 03:00:00,19.768419575755836
2025-04-30 04:00:00,17.742742346485997
2025-04-30 05:00:00,18.270071076955265
2025-04-30 06:00:00,15.29237488977572
2025-04-30 07:00:00,11.716811823242402
2025-04-30 08:00:00,9.412229685940067
2025-04-30 09:00:00,9.980313426014586
2025-04-30 10:00:00,9.605921093997026
2025-04-30 11:00:00,8.488852001674788
2025-04-30 12:00:00,7.6607365487373835
2025-04-30 13:00:00,10.75478830929155
2025-04-30 14:00:00,14.24684791571995
2025-04-30 15:00:00,21.69861458345817
2025-04-30 16:00:00,24.740669935002025
2025-04-30 17:00:00,22.04100437656748
2025-04-30 18:00:00,22.5107040831961
2025-04-30 19:00:00,25.3623827086571
2025-04-30 20:00:00,28.16567691076992
2025-04-30 21:00:00,27.163622339883787
2025-04-30 22:00:00,25.73650840736239
2025-04-30 23:00:00,24.558682929332242
2025-05-01 00:00:00,24.352413207821634
2025-05-01 01:00:00,24.848781127140864
2025-05-01 02:00:00,25.5477071410466
2025-05-01 03:00:00,20.593277846444096
2025-05-01 04:00:00,18.2613450068363
2025-05-01 05:00:00,18.350632785046468
2025-05-01 06:00:00,17.601009845441812
2025-05-01 07:00:00,15.904273712002082
2025-05-01 08:00:00,15.165404476740212
2025-05-01 09:00:00,14.294045355703096
2025-05-01 10:00:00,14.081832653635313
2025-05-01 11:00:00,14.378486847464423
2025-05-01 12:00:00,14.587078100702193
2025-05-01 13:00:00,16.320155843238283
2025-05-01 14:00:00,19.366752971287372
2025-05-01 15:00:00,29.30413370719866
2025-05-01 16:00:00,33.65690586112149
2025-05-01 17:00:00,46.391166021075065
2025-05-01 18:00:00,36.16704237221032
2025-05-01 19:00:00,30.159712410959447
2025-05-01 20:00:00,30.055918126041647
2025-05-01 21:00:00,27.92187433641792
2025-05-01 22:00:00,25.772304066761983
2025-05-01 23:00:00,28.460848555276037
2025-05-02 00:00:00,27.774950626240187
2025-05-02 01:00:00,31.138920371566027
2025-05-02 02:00:00,30.520966339297974
2025-05-02 03:00:00,20.973896846904804
2025-05-02 04:00:00,18.26193043359184
2025-05-02 05:00:00,18.857339655499977
2025-05-02 06:00:00,18.217246082349654
2025-05-02 07:00:00,16.31953851985725
2025-05-02 08:00:00,14.56296656337095
2025-05-02 09:00:00,11.342841845943584
2025-05-02 10:00:00,11.830915590333616
2025-05-02 11:00:00,21.35184669991503
2025-05-02 12:00:00,27.82071957429526
2025-05-02 13:00:00,20.20166828310233
2025-05-02 14:00:00,18.94101201372059
2025-05-02 15:00:00,25.227561802320714
2025-05-02 16:00:00,24.52948008053333
2025-05-02 17:00:00,30.711372032994937
2025-05-02 18:00:00,27.584541354010845
2025-05-02 19:00:00,27.008421697968828
2025-05-02 20:00:00,29.278399407895844
2025-05-02 21:00:00,27.225632501031754
2025-05-02 22:00:00,24.925152184661023
2025-05-02 23:00:00,24.521255534574497
2025-05-03 00:00:00,24.60258035975736
2025-05-03 01:00:00,26.178316129879136
2025-05-03 02:00:00,23.337592497213393
2025-05-03 03:00:00,17.909232359280754
2025-05-03 04:00:00,17.121270697461156
2025-05-03 05:00:00,16.474896654354055
2025-05-03 06:00:00,15.543786789717249
2025-05-03 07:00:00,12.01242869797253
2025-05-03 08:00:00,9.360256295990933
2025-05-03 09:00:00,5.95071186982166
2025-05-03 10:00:00,5.648906941184492
2025-05-03 11:00:00,11.528569180277028
2025-05-03 12:00:00,13.526549751836551
2025-05-03 13:00:00,11.528919254842911
2025-05-03 14:00:00,13.076867102352665
2025-05-03 15:00:00,18.29300684900164
2025-05-03 16:00:00,19.146966806191347
2025-05-03 17:00:00,18.306911009674497
2025-05-03 18:00:00,20.31013208405346
2025-05-03 19:00:00,22.076442958759095
2025-05-03 20:00:00,23.172244109927338
2025-05-03 21:00:00,21.701891492393415
2025-05-03 22:00:00,20.356750266638173
2025-05-03 23:00:00,20.967468512144553
2025-05-04 00:00:00,20.660599281048487
2025-05-04 01:00:00,20.23012572422964
2025-05-04 02:00:00,19.17737451159183
2025-05-04 03:00:00,16.39817958774339
2025-05-04 04:00:00,13.696432433666258
2025-05-04 05:00:00,13.696568472480582
2025-05-04 06:00:00,13.273548618702597
2025-05-04 07:00:00,11.074290325263881
2025-05-04 08:00:00,5.821611775188044
2025-05-04 09:00:00,0.8746930998204715
2025-05-04 10:00:00,1.4120124375802359
2025-05-04 11:00:00,1.649516424779353
2025-05-04 12:00:00,1.8578409564493752
2025-05-04 13:00:00,2.9700147646171353
2025-05-04 14:00:00,5.690153049169857
2025-05-04 15:00:00,12.833004117488118
2025-05-04 16:00:00,13.329750585564483
2025-05-04 17:00:00,9.593055715420965
2025-05-04 18:00:00,11.899603695437635
2025-05-04 19:00:00,18.350327376589874
2025-05-04 20:00:00,23.64846967981909
2025-05-04 21:00:00,23.57180511693394
2025-05-04 22:00:00,22.712874028823872
2025-05-04 23:00:00,20.948555492910533
2025-05-05 00:00:00,20.59044465866499
2025-05-05 01:00:00,19.1999029254457
2025-05-05 02:00:00,18.861451141676692
2025-05-05 03:00:00,14.099324039557873
2025-05-05 04:00:00,11.789893155283893
2025-05-05 05:00:00,10.312271156257466
2025-05-05 06:00:00,9.849303282298578
2025-05-05 07:00:00,7.9011766977212465
2025-05-05 08:00:00,4.553733251609007
2025-05-05 09:00:00,0.4549896948942919
2025-05-05 10:00:00,0.8183015783939025
2025-05-05 11:00:00,2.945707900108612
2025-05-05 12:00:00,3.8314739577290275
2025-05-05 13:00:00,4.695391295733979
2025-05-05 14:00:00,9.152715661329237
2025-05-05 15:00:00,12.649193311236658
2025-05-05 16:00:00,13.749961294001556
2025-05-05 17:00:00,12.836178945909083
2025-05-05 18:00:00,14.002914901393426
2025-05-05 19:00:00,20.506322143667493
2025-05-05 20:00:00,24.82324643042529
2025-05-05 21:00:00,24.810094720650255
2025-05-05 22:00:00,23.53450855211431
2025-05-05 23:00:00,22.72639501860084
2025-05-06 00:00:00,22.960082423136
2025-05-06 01:00:00,21.732359214107692
2025-05-06 02:00:00,19.62098039809552
2025-05-06 03:00:00,15.359599817002108
2025-05-06 04:00:00,12.626732670128247
2025-05-06 05:00:00,12.344960307965088
2025-05-06 06:00:00,12.159146222215886
2025-05-06 07:00:00,9.200870955581978
2025-05-06 08:00:00,9.083759803389876
2025-05-06 09:00:00,8.117159185655302
2025-05-06 10:00:00,9.465746552466495
2025-05-06 11:00:00,12.63284597763082
2025-05-06 12:00:00,13.355618450568485
2025-05-06 13:00:00,13.894619996448062
2025-05-06 14:00:00,17.369907085450077
2025-05-06 15:00:00,18.50749011940352
2025-05-06 16:00:00,19.271585848247017
2025-05-06 17:00:00,18.84431561916651
2025-05-06 18:00:00,19.52705401656154
2025-05-06 19:00:00,20.788970932679845
2025-05-06 20:00:00,20.88698419206405
2025-05-06 21:00:00,19.381169769558575
2025-05-06 22:00:00,18.69509498468082
2025-05-06 23:00:00,19.730444985042123
2025-05-07 00:00:00,19.847004533066848
2025-05-07 01:00:00,20.127886214139448
2025-05-07 02:00:00,20.16578968438918
2025-05-07 03:00:00,11.08575677965553
2025-05-07 04:00:00,14.578565949794838
2025-05-07 05:00:00,13.892970681164005
2025-05-07 06:00:00,14.897409766114864
2025-05-07 07:00:00,12.806507759520528
2025-05-07 08:00:00,14.108910831737703
2025-05-07 09:00:00,14.666569671305906
2025-05-07 10:00:00,14.428142449141784
2025-05-07 11:00:00,14.991379360838753
2025-05-07 12:00:00,13.727962227414542
2025-05-07 13:00:00,12.353291219419264
2025-05-07 14:00:00,17.61591310939838
2025-05-07 15:00:00,25.166646123106307
2025-05-07 16:00:00,27.028098127878295
2025-05-07 17:00:00,27.110574011742045
2025-05-07 18:00:00,20.645126649905404
2025-05-07 19:00:00,23.81983548557871
2025-05-07 20:00:00,26.881332379023046
2025-05-07 21:00:00,28.204039999333713
2025-05-07 22:00:00,26.374053239007
2025-05-07 23:00:00,24.861413214382807
2025-05-08 00:00:00,23.252158445772857
2025-05-08 01:00:00,23.54299580383914
2025-05-08 02:00:00,22.805660861110244
2025-05-08 03:00:00,17.76332353217287
2025-05-08 04:00:00,16.894736188110315
2025-05-08 05:00:00,15.701707963784164
2025-05-08 06:00:00,15.49037140891271
2025-05-08 07:00:00,12.357073471561842
2025-05-08 08:00:00,8.491154493216436
2025-05-08 09:00:00,7.2374583216373365
2025-05-08 10:00:00,6.350167077095962
2025-05-08 11:00:00,6.106391998766557
2025-05-08 12:00:00,5.966626720446192
2025-05-08 13:00:00,6.216346548907232
2025-05-08 14:00:00,13.838610952016486
2025-05-08 15:00:00,22.82090836533172
2025-05-08 16:00:00,22.956994072281592
2025-05-08 17:00:00,19.80723109420915
2025-05-08 18:00:00,18.471104010514654
2025-05-08 19:00:00,24.389045727186975
2025-05-08 20:00:00,29.410886923519673
2025-05-08 21:00:00,29.5682129220934
2025-05-08 22:00:00,27.916907394541095
2025-05-08 23:00:00,27.026157553960996
2025-05-09 00:00:00,25.427931831793803
2025-05-09 01:00:00,25.11832101641367
2025-05-09 02:00:00,23.92046071147637
2025-05-09 03:00:00,19.913291152538523
2025-05-09 04:00:00,17.901326791594872
2025-05-09 05:00:00,16.96894601669908
2025-05-09 06:00:00,15.94697305376422
2025-05-09 07:00:00,13.694830564168301
2025-05-09 08:00:00,9.551546819712467
2025-05-09 09:00:00,6.645051242954949
2025-05-09 10:00:00,8.242443459620137
2025-05-09 11:00:00,10.103801640322907
2025-05-09 12:00:00,17.034202537955426
2025-05-09 13:00:00,19.76983604190427
2025-05-09 14:00:00,30.764438754309545
2025-05-09 15:00:00,36.44591387587309
2025-05-09 16:00:00,158.37788619068857
2025-05-09 17:00:00,56.38120279753934
2025-05-09 18:00:00,31.2301512329569
2025-05-09 19:00:00,30.883174297605017
2025-05-09 20:00:00,31.43914500469223
2025-05-09 21:00:00,26.667739767361553
2025-05-09 22:00:00,24.95538438525199
2025-05-09 23:00:00,23.179946405591405
2025-05-10 00:00:00,21.076442804898825
2025-05-10 01:00:00,21.13183093863771
2025-05-10 02:00:00,19.577615647144587
2025-05-10 03:00:00,15.760007710913834
2025-05-10 04:00:00,13.273220995399495
2025-05-10 05:00:00,12.513853960151193
2025-05-10 06:00:00,11.143309632581575
2025-05-10 07:00:00,8.794760309247081
2025-05-10 08:00:00,3.907974353089681
2025-05-10 09:00:00,1.7454724130827899
2025-05-10 10:00:00,2.5874701521310297
2025-05-10 11:00:00,2.9975761169996225
2025-05-10 12:00:00,6.528474858291781
2025-05-10 13:00:00,7.288087637057788
2025-05-10 14:00:00,14.104513739776749
2025-05-10 15:00:00,19.848632332291135
2025-05-10 16:00:00,79.62044145996873
2025-05-10 17:00:00,33.830942406709596
2025-05-10 18:00:00,27.00012729131357
2025-05-10 19:00:00,28.037627985365816
2025-05-10 20:00:00,29.703675766554152
2025-05-10 21:00:00,29.17739669614224
2025-05-10 22:00:00,27.09029171153579
2025-05-10 23:00:00,25.468641117190373
2025-05-11 00:00:00,23.80653360234452
2025-05-11 01:00:00,23.013137338237833
2025-05-11 02:00:00,21.27781208141905
2025-05-11 03:00:00,18.345806410729942
2025-05-11 04:00:00,16.37875111335532
2025-05-11 05:00:00,14.563794758445797
2025-05-11 06:00:00,12.652763743690004
2025-05-11 07:00:00,9.691377824269297
2025-05-11 08:00:00,5.533735361213152
2025-05-11 09:00:00,1.9310190404625638
2025-05-11 10:00:00,1.1481824589375171
2025-05-11 11:00:00,2.776969812586638
2025-05-11 12:00:00,3.7655655558840944
2025-05-11 13:00:00,3.662778148146055
2025-05-11 14:00:00,9.087259379747621
2025-05-11 15:00:00,15.878332099592566
2025-05-11 16:00:00,23.138977659325466
2025-05-11 17:00:00,21.60915916215203
2025-05-11 18:00:00,21.24394455685969
2025-05-11 19:00:00,25.269952445565814
2025-05-11 20:00:00,28.459030410025797
2025-05-11 21:00:00,27.75833449247709
2025-05-11 22:00:00,25.68375181912978
2025-05-11 23:00:00,24.728547620243134
2025-05-12 00:00:00,25.0312865918734
2025-05-12 01:00:00,25.371559433657964
2025-05-12 02:00:00,24.101848041653593
2025-05-12 03:00:00,20.690872123941315
2025-05-12 04:00:00,18.453100245173637
2025-05-12 05:00:00,17.231703354328122
2025-05-12 06:00:00,16.24003196969733
2025-05-12 07:00:00,13.733516453003716
2025-05-12 08:00:00,6.9300336596601895
2025-05-12 09:00:00,1.9526609532879662
2025-05-12 10:00:00,2.116840369943911
2025-05-12 11:00:00,4.423861202730382
2025-05-12 12:00:00,5.0152316134479715
2025-05-12 13:00:00,6.1668754614132615
2025-05-12 14:00:00,11.35212306126746
2025-05-12 15:00:00,24.530451643403406
2025-05-12 16:00:00,29.78228451257713
2025-05-12 17:00:00,25.67219909645111
2025-05-12 18:00:00,19.087945282474525
2025-05-12 19:00:00,23.02997217640066
2025-05-12 20:00:00,27.405385675093022
2025-05-12 21:00:00,29.17205425060887
2025-05-12 22:00:00,27.06966058707616
2025-05-12 23:00:00,26.881169104512598
2025-05-13 00:00:00,25.581068443145455
2025-05-13 01:00:00,25.862703620463705
2025-05-13 02:00:00,23.48907322580112
2025-05-13 03:00:00,19.706772831619357
2025-05-13 04:00:00,18.3701348667119
2025-05-13 05:00:00,16.665272084133278
2025-05-13 06:00:00,16.115963199552443
2025-05-13 07:00:00,11.428581440098055
2025-05-13 08:00:00,5.369182087315942
2025-05-13 09:00:00,2.904953416302364
2025-05-13 10:00:00,4.642472017585625
2025-05-13 11:00:00,7.740227105634051
2025-05-13 12:00:00,9.140533263996952
2025-05-13 13:00:00,11.085674497834086
2025-05-13 14:00:00,19.155009003014463
2025-05-13 15:00:00,26.714399376271462
2025-05-13 16:00:00,22.48652452134598
2025-05-13 17:00:00,19.7191798906453
2025-05-13 18:00:00,19.260188284446357
2025-05-13 19:00:00,26.20422273396056
2025-05-13 20:00:00,31.830703857294285
2025-05-13 21:00:00,30.114574956729307
2025-05-13 22:00:00,26.136318655113193
2025-05-13 23:00:00,24.641433245871145
2025-05-14 00:00:00,24.118256752511087
2025-05-14 01:00:00,24.77732749058211
2025-05-14 02:00:00,21.932909235945946
2025-05-14 03:00:00,16.155324672518827
2025-05-14 04:00:00,13.212175241810545
2025-05-14 05:00:00,13.24973683713779
2025-05-14 06:00:00,11.777546918667019
2025-05-14 07:00:00,8.839905371667864
2025-05-14 08:00:00,4.967430862097563
2025-05-14 09:00:00,3.20607532543644
2025-05-14 10:00:00,4.9484220029600055
2025-05-14 11:00:00,5.864489897283395
2025-05-14 12:00:00,6.524111148547732
2025-05-14 13:00:00,8.36260107113758
2025-05-14 14:00:00,14.87435034708775
2025-05-14 15:00:00,18.234512089743276
2025-05-14 16:00:00,19.035001924347938
2025-05-14 17:00:00,20.653937813460328
2025-05-14 18:00:00,23.039585939104843
2025-05-14 19:00:00,29.888594207666745
2025-05-14 20:00:00,34.25061206866172
2025-05-14 21:00:00,34.04733264688249
2025-05-14 22:00:00,31.42632275012229
2025-05-14 23:00:00,30.143015854780543
2025-05-15 00:00:00,29.010570219987947
2025-05-15 01:00:00,28.233983853745247
2025-05-15 02:00:00,25.649071612834476
2025-05-15 03:00:00,20.54572589622749
2025-05-15 04:00:00,16.875182389131357
2025-05-15 05:00:00,16.00224365380971
2025-05-15 06:00:00,15.01264284719463
2025-05-15 07:00:00,11.276020030167526
2025-05-15 08:00:00,8.09582649991768
2025-05-15 09:00:00,5.881876179846617
2025-05-15 10:00:00,5.6282266654973165
2025-05-15 11:00:00,7.114506177184056
2025-05-15 12:00:00,7.13470777151344
2025-05-15 13:00:00,9.110724458010907
2025-05-15 14:00:00,13.99728466968422
2025-05-15 15:00:00,16.091003984532254
2025-05-15 16:00:00,20.371609613294794
2025-05-15 17:00:00,23.193388295660746
2025-05-15 18:00:00,27.918912514675327
2025-05-15 19:00:00,33.56574226594152
2025-05-15 20:00:00,36.34538949418691
2025-05-15 21:00:00,35.93866831083791
2025-05-15 22:00:00,33.36472727976076
2025-05-15 23:00:00,31.511726774367325
2025-05-16 00:00:00,28.68010830809093
2025-05-16 01:00:00,27.507274199332702
2025-05-16 02:00:00,25.210933088155393
2025-05-16 03:00:00,20.216579555862754
2025-05-16 04:00:00,18.201280253185224
2025-05-16 05:00:00,16.115238024460734
2025-05-16 06:00:00,15.777907199455388
2025-05-16 07:00:00,13.574726356369348
2025-05-16 08:00:00,12.290258654902477
2025-05-16 09:00:00,11.112413895251727
2025-05-16 10:00:00,10.919154557979311
2025-05-16 11:00:00,16.0030372360603
2025-05-16 12:00:00,21.67497382713768
2025-05-16 13:00:00,18.168453207113302
2025-05-16 14:00:00,19.460085072309912
2025-05-16 15:00:00,24.405203099852276
2025-05-16 16:00:00,26.403543062758903
2025-05-16 17:00:00,23.828630775602104
2025-05-16 18:00:00,26.31961365181311
2025-05-16 19:00:00,31.286314199323385
2025-05-16 20:00:00,33.55200568732985
2025-05-16 21:00:00,32.634578708981884
2025-05-16 22:00:00,29.791000292127954
2025-05-16 23:00:00,27.77222336414018
2025-05-17 00:00:00,25.851290832757172
2025-05-17 01:00:00,25.555221149794217
2025-05-17 02:00:00,23.62276069147703
2025-05-17 03:00:00,20.539050310649444
2025-05-17 04:00:00,18.54087947505266
2025-05-17 05:00:00,16.635404093388928
2025-05-17 06:00:00,16.228378558930185
2025-05-17 07:00:00,15.145514098957294
2025-05-17 08:00:00,14.223090812514934
2025-05-17 09:00:00,13.593437925507484
2025-05-17 10:00:00,11.82884664615866
2025-05-17 11:00:00,21.294996468433652
2025-05-17 12:00:00,29.028089279813585
2025-05-17 13:00:00,42.83035829887508
2025-05-17 14:00:00,114.44134224139066
2025-05-17 15:00:00,107.03388757213739
2025-05-17 16:00:00,47.53193273136307
2025-05-17 17:00:00,30.412117978163643
2025-05-17 18:00:00,28.11592256810373
2025-05-17 19:00:00,31.68174858210035
2025-05-17 20:00:00,35.53083278149476
2025-05-17 21:00:00,33.2133768992608
2025-05-17 22:00:00,29.358818170143294
2025-05-17 23:00:00,26.33172062515653
2025-05-18 00:00:00,24.670453873595164
2025-05-18 01:00:00,23.791128872278183
2025-05-18 02:00:00,22.025016360045036
2025-05-18 03:00:00,20.16940915208509
2025-05-18 04:00:00,18.295854588258397
2025-05-18 05:00:00,17.46592941344527
2025-05-18 06:00:00,16.66217668671733
2025-05-18 07:00:00,15.266981824896348
2025-05-18 08:00:00,12.36897619145777
2025-05-18 09:00:00,8.103090868366051
2025-05-18 10:00:00,5.528230711281914
2025-05-18 11:00:00,9.031974675232494
2025-05-18 12:00:00,11.863577962129979
2025-05-18 13:00:00,22.702897338821582
2025-05-18 14:00:00,55.247510329251305
2025-05-18 15:00:00,55.47018670887214
2025-05-18 16:00:00,33.08220771325807
2025-05-18 17:00:00,26.333149006181564
2025-05-18 18:00:00,26.548075344078484
2025-05-18 19:00:00,31.413129668977103
2025-05-18 20:00:00,35.15335321897839
2025-05-18 21:00:00,35.16015976430504
2025-05-18 22:00:00,32.30091553594922
2025-05-18 23:00:00,28.130500376370463
2025-05-19 00:00:00,26.641203377113893
2025-05-19 01:00:00,26.037214881353677
2025-05-19 02:00:00,24.044427144350905
2025-05-19 03:00:00,22.64053964732868
2025-05-19 04:00:00,19.8642557014419
2025-05-19 05:00:00,18.253633359769832
2025-05-19 06:00:00,17.42301965235878
2025-05-19 07:00:00,16.665143898159226
2025-05-19 08:00:00,15.349730750669385
2025-05-19 09:00:00,10.545304069435266
2025-05-19 10:00:00,8.801165146954512
2025-05-19 11:00:00,8.122842998266268
2025-05-19 12:00:00,7.966382544299839
2025-05-19 13:00:00,12.534776585292335
2025-05-19 14:00:00,15.980358604423467
2025-05-19 15:00:00,20.362461770605258
2025-05-19 16:00:00,20.640327676450198
2025-05-19 17:00:00,20.276547379901654
2025-05-19 18:00:00,22.40590623035627
2025-05-19 19:00:00,25.86415712590828
2025-05-19 20:00:00,29.63094057227559
2025-05-19 21:00:00,28.36088600338884
2025-05-19 22:00:00,27.62523522620657
2025-05-19 23:00:00,27.456770095506695
2025-05-20 00:00:00,26.798443948818
2025-05-20 01:00:00,28.615186812175196
2025-05-20 02:00:00,24.055175695870854
2025-05-20 03:00:00,21.487121862167957
2025-05-20 04:00:00,20.215128999519198
2025-05-20 05:00:00,19.22375744389501
2025-05-20 06:00:00,19.317309883356142
2025-05-20 07:00:00,15.792125107366541
2025-05-20 08:00:00,14.052874305655372
2025-05-20 09:00:00,13.412839175144857
2025-05-20 10:00:00,14.111081647763275
2025-05-20 11:00:00,12.594919741808592
2025-05-20 12:00:00,12.226131797721553
2025-05-20 13:00:00,14.145277727188017
2025-05-20 14:00:00,15.800383895314278
2025-05-20 15:00:00,17.575197646088924
2025-05-20 16:00:00,19.821775271803055
2025-05-20 17:00:00,23.151243355213907
2025-05-20 18:00:00,24.75026675242131
2025-05-20 19:00:00,26.879126972744075
2025-05-20 20:00:00,30.017529619967018
2025-05-20 21:00:00,29.785080291637787
2025-05-20 22:00:00,28.551623798575925
2025-05-20 23:00:00,27.4361152985216
2025-05-21 00:00:00,28.197372462327223
2025-05-21 01:00:00,28.449616884923895
2025-05-21 02:00:00,25.340767370435177
2025-05-21 03:00:00,19.396974756272332
2025-05-21 04:00:00,17.075789916525242
2025-05-21 05:00:00,14.650164284407671
2025-05-21 06:00:00,16.45510865731324
2025-05-21 07:00:00,13.442303300702248
2025-05-21 08:00:00,9.848354096102968
2025-05-21 09:00:00,6.853405237665092
2025-05-21 10:00:00,6.4830936473045275
2025-05-21 11:00:00,6.596943236289523
2025-05-21 12:00:00,8.005087916786229
2025-05-21 13:00:00,9.264635054894102
2025-05-21 14:00:00,13.925846095973291
2025-05-21 15:00:00,33.89414682515436
2025-05-21 16:00:00,24.20863566865618
2025-05-21 17:00:00,18.67621987364118
2025-05-21 18:00:00,18.669769342399757
2025-05-21 19:00:00,24.91485678282422
2025-05-21 20:00:00,30.87341214275153
2025-05-21 21:00:00,32.70590802446499
2025-05-21 22:00:00,28.315208409712113
2025-05-21 23:00:00,25.980939022697324
2025-05-22 00:00:00,23.368647252456242
2025-05-22 01:00:00,23.227754131634484
2025-05-22 02:00:00,21.754122942535762
2025-05-22 03:00:00,17.840573368710626
2025-05-22 04:00:00,14.044026750203649
2025-05-22 05:00:00,10.52746120047245
2025-05-22 06:00:00,11.236846153914735
2025-05-22 07:00:00,8.62392803748159
2025-05-22 08:00:00,4.629718888338845
2025-05-22 09:00:00,1.9941313784227346
2025-05-22 10:00:00,3.41800255086626
2025-05-22 11:00:00,6.580900959120988
2025-05-22 12:00:00,8.196336116115084
2025-05-22 13:00:00,10.542649111581254
2025-05-22 14:00:00,18.971314440018258
2025-05-22 15:00:00,32.340590715744646
2025-05-22 16:00:00,22.075350589093645
2025-05-22 17:00:00,18.952484324571948
2025-05-22 18:00:00,22.406990285541408
2025-05-22 19:00:00,28.313596897874834
2025-05-22 20:00:00,32.95361904262185
2025-05-22 21:00:00,33.29738368615917
2025-05-22 22:00:00,30.244140964500748
2025-05-22 23:00:00,29.229690027173202
2025-05-23 00:00:00,28.35565952735079
2025-05-23 01:00:00,26.9091383046554
2025-05-23 02:00:00,24.678188798673098
2025-05-23 03:00:00,20.65457325872316
2025-05-23 04:00:00,17.992652584743837
2025-05-23 05:00:00,16.561905599532906
2025-05-23 06:00:00,16.0630609093305
2025-05-23 07:00:00,15.87525540673101
2025-05-23 08:00:00,12.962725639103217
2025-05-23 09:00:00,13.244448746004807
2025-05-23 10:00:00,7.187778364083218
2025-05-23 11:00:00,10.636798393408585
2025-05-23 12:00:00,11.256053519790141
2025-05-23 13:00:00,13.140487033390594
2025-05-23 14:00:00,17.744433629506883
2025-05-23 15:00:00,23.431248704289647
2025-05-23 16:00:00,22.589931747614482
2025-05-23 17:00:00,26.840067242009937
2025-05-23 18:00:00,27.960328445193966
2025-05-23 19:00:00,34.44354860282856
2025-05-23 20:00:00,37.38703892687188
2025-05-23 21:00:00,36.052059164016356
2025-05-23 22:00:00,33.92682345085147
2025-05-23 23:00:00,31.734538574543954
2025-05-24 00:00:00,30.26950734426244
2025-05-24 01:00:00,28.597868001906047
2025-05-24 02:00:00,26.764018523418972
2025-05-24 03:00:00,22.364204466407053
2025-05-24 04:00:00,20.202838983017184
2025-05-24 05:00:00,17.985199998291073
2025-05-24 06:00:00,17.019452961843047
2025-05-24 07:00:00,15.130418329340932
2025-05-24 08:00:00,10.583191511844074
2025-05-24 09:00:00,9.907301010225424
2025-05-24 10:00:00,10.135619227020184
2025-05-24 11:00:00,7.668470292139807
2025-05-24 12:00:00,6.169135369425746
2025-05-24 13:00:00,8.728108196538093
2025-05-24 14:00:00,12.542853509674293
2025-05-24 15:00:00,16.582786656436664
2025-05-24 16:00:00,19.411540326656148
2025-05-24 17:00:00,23.08496262215534
2025-05-24 18:00:00,25.390737109874564
2025-05-24 19:00:00,32.549135239661126
2025-05-24 20:00:00,36.999265206707626
2025-05-24 21:00:00,36.28188770711615
2025-05-24 22:00:00,33.134585012117014
2025-05-24 23:00:00,32.1015647842129
2025-05-25 00:00:00,29.788356186879952
2025-05-25 01:00:00,28.570451867220164
2025-05-25 02:00:00,25.84136436821386
2025-05-25 03:00:00,22.777172431310323
2025-05-25 04:00:00,20.26476299902945
2025-05-25 05:00:00,18.621123329135663
2025-05-25 06:00:00,16.778271254997914
2025-05-25 07:00:00,15.042332948926981
2025-05-25 08:00:00,11.285801390184647
2025-05-25 09:00:00,8.17103752125752
2025-05-25 10:00:00,6.792890767325073
2025-05-25 11:00:00,5.180686397752462
2025-05-25 12:00:00,8.148922184203073
2025-05-25 13:00:00,10.042019473573244
2025-05-25 14:00:00,14.067722777663505
2025-05-25 15:00:00,15.860278919749025
2025-05-25 16:00:00,17.913070130826284
2025-05-25 17:00:00,19.568947974107072
2025-05-25 18:00:00,22.50518331934856
2025-05-25 19:00:00,29.366429690506056
2025-05-25 20:00:00,32.78604274976809
2025-05-25 21:00:00,33.16542720224625
2025-05-25 22:00:00,31.422331729671587
2025-05-25 23:00:00,29.83385119140183
2025-05-26 00:00:00,29.571487159620318
2025-05-26 01:00:00,26.964333917210624
2025-05-26 02:00:00,25.747660869649973
2025-05-26 03:00:00,21.41283110152402
2025-05-26 04:00:00,18.518328234626743
2025-05-26 05:00:00,18.15077776859545
2025-05-26 06:00:00,15.872756565923071
2025-05-26 07:00:00,14.573346389880712
2025-05-26 08:00:00,10.282836105942824
2025-05-26 09:00:00,5.305034409513696
2025-05-26 10:00:00,5.578885147227581
2025-05-26 11:00:00,6.140855545280354
2025-05-26 12:00:00,7.790512347969306
2025-05-26 13:00:00,11.307669913655586
2025-05-26 14:00:00,16.12642989360596
2025-05-26 15:00:00,21.22088757846492
2025-05-26 16:00:00,19.384422155087833
2025-05-26 17:00:00,22.44198407858865
2025-05-26 18:00:00,25.17255457391369
2025-05-26 19:00:00,32.12290330481318
2025-05-26 20:00:00,35.10445127400732
2025-05-26 21:00:00,34.66318047135068
2025-05-26 22:00:00,33.17454383490651
2025-05-26 23:00:00,32.54345648382478
2025-05-27 00:00:00,30.7783958461677
2025-05-27 01:00:00,29.229906958829613
2025-05-27 02:00:00,29.024647544899775
2025-05-27 03:00:00,26.85889469502485
2025-05-27 04:00:00,25.240314462923298
2025-05-27 05:00:00,21.441249895489925
2025-05-27 06:00:00,20.288707245988473
2025-05-27 07:00:00,17.35540504185969
2025-05-27 08:00:00,14.812013718529975
2025-05-27 09:00:00,12.568728421628007
2025-05-27 10:00:00,10.536065187747143
2025-05-27 11:00:00,10.538108801968388
2025-05-27 12:00:00,10.420800925530198
2025-05-27 13:00:00,12.883957693946225
2025-05-27 14:00:00,18.288762447397396
2025-05-27 15:00:00,22.417002748973687
2025-05-27 16:00:00,28.738878708488134
2025-05-27 17:00:00,26.2816573692722
2025-05-27 18:00:00,21.98675211096589
2025-05-27 19:00:00,22.97772920245618
2025-05-27 20:00:00,25.331347089411814
2025-05-27 21:00:00,24.666376650989463
2025-05-27 22:00:00,25.28288988874035
2025-05-27 23:00:00,24.92333786244086
2025-05-28 00:00:00,23.803102711632416
2025-05-28 01:00:00,25.15394420460422
2025-05-28 02:00:00,22.696986418566016
2025-05-28 03:00:00,20.352929423880887
2025-05-28 04:00:00,18.358493906502183
2025-05-28 05:00:00,18.00882410945418
2025-05-28 06:00:00,16.350201509918723
2025-05-28 07:00:00,13.825465840723853
2025-05-28 08:00:00,10.373704474577071
2025-05-28 09:00:00,8.816744397803232
2025-05-28 10:00:00,9.873126125445566
2025-05-28 11:00:00,11.700279063998432
2025-05-28 12:00:00,14.582637756085221
2025-05-28 13:00:00,16.05279099804652
2025-05-28 14:00:00,26.671482096219044
2025-05-28 15:00:00,32.402305937282655
2025-05-28 16:00:00,40.56686725883223
2025-05-28 17:00:00,32.12648807676263
2025-05-28 18:00:00,28.977478538484903
2025-05-28 19:00:00,34.1512739895924
2025-05-28 20:00:00,37.38899833489223
2025-05-28 21:00:00,37.815237036862335
2025-05-28 22:00:00,36.386550857695816
2025-05-28 23:00:00,32.520451230379365
2025-05-29 00:00:00,32.124852882386406
2025-05-29 01:00:00,32.22047828129659
2025-05-29 02:00:00,29.828679005981687
2025-05-29 03:00:00,25.88473416541696
2025-05-29 04:00:00,22.807627663520186
2025-05-29 05:00:00,21.255517802777526
2025-05-29 06:00:00,19.384105318845634
2025-05-29 07:00:00,16.763804876105034
2025-05-29 08:00:00,14.19659742221528
2025-05-29 09:00:00,13.773182520577087
2025-05-29 10:00:00,13.686264685336848
2025-05-29 11:00:00,14.555999015288151
2025-05-29 12:00:00,13.809996727376284
2025-05-29 13:00:00,13.546534283299543
2025-05-29 14:00:00,18.385995632984116
2025-05-29 15:00:00,20.442399888546703
2025-05-29 16:00:00,22.960186859959958
2025-05-29 17:00:00,19.647096883769727
2025-05-29 18:00:00,18.403117040996378
2025-05-29 19:00:00,23.983686025219612
2025-05-29 20:00:00,28.66434944269646
2025-05-29 21:00:00,30.104869077130076
2025-05-29 22:00:00,27.929973466159332
2025-05-29 23:00:00,26.7474057248099
2025-05-30 00:00:00,27.213922809154695
2025-05-30 01:00:00,26.50113713633569
2025-05-30 02:00:00,24.688873854285013
2025-05-30 03:00:00,20.586575063042492
2025-05-30 04:00:00,19.516578734704545
2025-05-30 05:00:00,18.212460113302924
2025-05-30 06:00:00,18.100950904365657
2025-05-30 07:00:00,15.27034382052083
2025-05-30 08:00:00,13.534499088375629
2025-05-30 09:00:00,10.67901961411617
2025-05-30 10:00:00,10.378030651971596
2025-05-30 11:00:00,14.032525282577302
2025-05-30 12:00:00,10.770412250398751
2025-05-30 13:00:00,12.782483046530299
2025-05-30 14:00:00,16.85268897526278
2025-05-30 15:00:00,20.837755077944383
2025-05-30 16:00:00,24.993523650026052
2025-05-30 17:00:00,24.38733174821259
2025-05-30 18:00:00,27.49620995764901
2025-05-30 19:00:00,34.59320245278859
2025-05-30 20:00:00,39.245196481328726
2025-05-30 21:00:00,39.82716770597091
2025-05-30 22:00:00,36.12900659121241
2025-05-30 23:00:00,33.953712300121175
2025-05-31 00:00:00,31.660546825925813
2025-05-31 01:00:00,31.842136021080886
2025-05-31 02:00:00,30.422166358124024
2025-05-31 03:00:00,27.79591276402404
2025-05-31 04:00:00,24.130322753267837
2025-05-31 05:00:00,21.55939370785604
2025-05-31 06:00:00,20.19921267057363
2025-05-31 07:00:00,19.093999252507196
2025-05-31 08:00:00,16.610710635032994
2025-05-31 09:00:00,15.54062263589278
2025-05-31 10:00:00,12.737735852750355
2025-05-31 11:00:00,12.878689264996078
2025-05-31 12:00:00,14.75712595807229
2025-05-31 13:00:00,16.31412121331614
2025-05-31 14:00:00,23.99400036942501
2025-05-31 15:00:00,32.91846026969263
2025-05-31 16:00:00,65.49127909895341
2025-05-31 17:00:00,35.04064812288031
2025-05-31 18:00:00,29.4652937725673
2025-05-31 19:00:00,31.765581980112547
2025-05-31 20:00:00,31.563510847537295
2025-05-31 21:00:00,32.295242524622495
2025-05-31 22:00:00,31.42541357037612
2025-05-31 23:00:00,27.792376587565233
2025-06-01 00:00:00,25.1531796901375
2025-06-01 01:00:00,23.901389419300767
2025-06-01 02:00:00,22.28636454688721
2025-06-01 03:00:00,20.08208531611437
2025-06-01 04:00:00,18.080583451239136
2025-06-01 05:00:00,16.417333751272043
2025-06-01 06:00:00,15.657349280165233
2025-06-01 07:00:00,13.471338608791063
2025-06-01 08:00:00,8.396163480169864
2025-06-01 09:00:00,4.279631609927895
2025-06-01 10:00:00,2.6437521806931983
2025-06-01 11:00:00,4.63802191330283
2025-06-01 12:00:00,9.500380922377504
2025-06-01 13:00:00,13.849893952097112
2025-06-01 14:00:00,23.15665418505069
2025-06-01 15:00:00,29.46517714271912
2025-06-01 16:00:00,43.74288781820293
2025-06-01 17:00:00,26.6477073069737
2025-06-01 18:00:00,28.59834941086692
2025-06-01 19:00:00,31.9675307171276
2025-06-01 20:00:00,35.54651313279318
2025-06-01 21:00:00,36.479749829270155
2025-06-01 22:00:00,32.67312228475117
2025-06-01 23:00:00,30.630550710873116
2025-06-02 00:00:00,29.148126102689098
2025-06-02 01:00:00,27.777636911145063
2025-06-02 02:00:00,25.611649660729213
2025-06-02 03:00:00,23.737168300468134
2025-06-02 04:00:00,21.182287038030168
2025-06-02 05:00:00,18.787557476667768
2025-06-02 06:00:00,16.717047518965753
2025-06-02 07:00:00,15.15994828127053
2025-06-02 08:00:00,11.032433019685122
2025-06-02 09:00:00,6.091722456102672
2025-06-02 10:00:00,4.464420285254348
2025-06-02 11:00:00,8.608742550659807
2025-06-02 12:00:00,11.485432591484964
2025-06-02 13:00:00,15.360795116668417
2025-06-02 14:00:00,19.81838970806248
2025-06-02 15:00:00,26.358412929485418
2025-06-02 16:00:00,24.839802312795644
2025-06-02 17:00:00,23.083675538446627
2025-06-02 18:00:00,27.574918303734385
2025-06-02 19:00:00,32.82543476502578
2025-06-02 20:00:00,37.13609317977809
2025-06-02 21:00:00,37.26859417346234
2025-06-02 22:00:00,34.27524783886307
2025-06-02 23:00:00,33.177921596707556
2025-06-03 00:00:00,32.086187590250766
2025-06-03 01:00:00,31.525248854050073
2025-06-03 02:00:00,29.26401795384344
2025-06-03 03:00:00,25.354674600243083
2025-06-03 04:00:00,22.663677375162283
2025-06-03 05:00:00,19.85787091183281
2025-06-03 06:00:00,18.22586916977829
2025-06-03 07:00:00,15.827956495224896
2025-06-03 08:00:00,11.130898839572543
2025-06-03 09:00:00,7.34972068125914
2025-06-03 10:00:00,4.770639723594264
2025-06-03 11:00:00,5.396564749924637
2025-06-03 12:00:00,8.140767507929139
2025-06-03 13:00:00,10.69549115869901
2025-06-03 14:00:00,15.23471393597513
2025-06-03 15:00:00,23.874313379957822
2025-06-03 16:00:00,25.241500658746414
2025-06-03 17:00:00,25.499844478464603
2025-06-03 18:00:00,28.25501267721148
2025-06-03 19:00:00,31.952238921193352
2025-06-03 20:00:00,34.736743785823286
2025-06-03 21:00:00,34.50860908637774
2025-06-03 22:00:00,32.43347230948338
2025-06-03 23:00:00,31.656943309897983
2025-06-04 00:00:00,31.108067818604766
2025-06-04 01:00:00,29.488308001626525
2025-06-04 02:00:00,26.59470006351356
2025-06-04 03:00:00,22.867027036464982
2025-06-04 04:00:00,20.263498433318993
2025-06-04 05:00:00,16.168843956101025
2025-06-04 06:00:00,13.720483097499079
2025-06-04 07:00:00,11.087857288117728
2025-06-04 08:00:00,9.891741644609407
2025-06-04 09:00:00,7.775702574478506
2025-06-04 10:00:00,6.0124546830715895
2025-06-04 11:00:00,8.134819895867633
2025-06-04 12:00:00,9.91629838018433
2025-06-04 13:00:00,11.698464323438712
2025-06-04 14:00:00,15.049273369351484
2025-06-04 15:00:00,22.500298115686025
2025-06-04 16:00:00,20.697876877896476
2025-06-04 17:00:00,20.104155965077666
2025-06-04 18:00:00,22.187527575721838
2025-06-04 19:00:00,27.958359899095345
2025-06-04 20:00:00,31.928127766304897
2025-06-04 21:00:00,33.00469471901063
2025-06-04 22:00:00,29.877040569732454
2025-06-04 23:00:00,29.169507444605795
2025-06-05 00:00:00,28.093753404925387
2025-06-05 01:00:00,27.76003450575528
2025-06-05 02:00:00,26.850347900501028
2025-06-05 03:00:00,22.00618753400322
2025-06-05 04:00:00,19.8373565017011
2025-06-05 05:00:00,18.83819284071995
2025-06-05 06:00:00,17.44993818990207
2025-06-05 07:00:00,16.014660681024832
2025-06-05 08:00:00,13.181796899629695
2025-06-05 09:00:00,12.056300095437939
2025-06-05 10:00:00,13.126194692357561
2025-06-05 11:00:00,13.066802743870515
2025-06-05 12:00:00,12.123862650917854
2025-06-05 13:00:00,12.132355835558531
2025-06-05 14:00:00,15.692905415791962
2025-06-05 15:00:00,19.485769042890364
2025-06-05 16:00:00,20.25945614099056
2025-06-05 17:00:00,20.915713175321553
2025-06-05 18:00:00,21.546739875060517
2025-06-05 19:00:00,26.201909802296836
2025-06-05 20:00:00,30.60676839991877
2025-06-05 21:00:00,30.889328396455223
2025-06-05 22:00:00,29.089967473901336
2025-06-05 23:00:00,27.847518539497568
2025-06-06 00:00:00,28.169332564398626
2025-06-06 01:00:00,29.408757459498883
2025-06-06 02:00:00,27.11661995489245
2025-06-06 03:00:00,22.823209961311093
2025-06-06 04:00:00,19.359539344780792
2025-06-06 05:00:00,17.953832497844594
2025-06-06 06:00:00,16.774380106180413
2025-06-06 07:00:00,13.939480209802475
2025-06-06 08:00:00,7.465551043814103
2025-06-06 09:00:00,7.137523822865309
2025-06-06 10:00:00,6.8718195378483005
2025-06-06 11:00:00,8.21061550306727
2025-06-06 12:00:00,9.90512204423633
2025-06-06 13:00:00,10.92166990794735
2025-06-06 14:00:00,18.768878655891687
2025-06-06 15:00:00,26.43399777411179
2025-06-06 16:00:00,36.66333191413282
2025-06-06 17:00:00,35.79106143970737
2025-06-06 18:00:00,27.941559503621793
2025-06-06 19:00:00,31.332739020873426
2025-06-06 20:00:00,34.63160526021361
2025-06-06 21:00:00,35.62159423755004
2025-06-06 22:00:00,33.55014028354671
2025-06-06 23:00:00,33.89033653286159
2025-06-07 00:00:00,34.84543908515182
2025-06-07 01:00:00,34.543964611440025
2025-06-07 02:00:00,34.56007128188092
2025-06-07 03:00:00,26.344290088997088
2025-06-07 04:00:00,23.22965523377926
2025-06-07 05:00:00,21.210755328866227
2025-06-07 06:00:00,19.011361704549753
2025-06-07 07:00:00,17.189691150720126
2025-06-07 08:00:00,13.728807289849277
2025-06-07 09:00:00,10.61572234872242
2025-06-07 10:00:00,5.70024125183873
2025-06-07 11:00:00,4.9831890182365335
2025-06-07 12:00:00,9.241954176945038
2025-06-07 13:00:00,11.846661148700361
2025-06-07 14:00:00,18.782511726133748
2025-06-07 15:00:00,21.2097299394227
2025-06-07 16:00:00,28.086492504162536
2025-06-07 17:00:00,30.07494710771462
2025-06-07 18:00:00,27.94271781716153
2025-06-07 19:00:00,30.337686653516833
2025-06-07 20:00:00,32.075652887273726
2025-06-07 21:00:00,32.63224529076568
2025-06-07 22:00:00,31.454659348347672
2025-06-07 23:00:00,31.504990510945287
2025-06-08 00:00:00,31.63601201152022
2025-06-08 01:00:00,33.02309055220351
2025-06-08 02:00:00,30.088654194014016
2025-06-08 03:00:00,22.97243641653905
2025-06-08 04:00:00,20.367037531158648
2025-06-08 05:00:00,19.951104344372283
2025-06-08 06:00:00,18.27434351347303
2025-06-08 07:00:00,15.507159148323948
2025-06-08 08:00:00,11.622308326798795
2025-06-08 09:00:00,6.759110482236713
2025-06-08 10:00:00,2.9284481665550115
2025-06-08 11:00:00,5.134843885197173
2025-06-08 12:00:00,7.6080533289559344
2025-06-08 13:00:00,10.204985283356228
2025-06-08 14:00:00,16.073430131674336
2025-06-08 15:00:00,24.407160295957457
2025-06-08 16:00:00,27.43207301888645
2025-06-08 17:00:00,24.49445896578528
2025-06-08 18:00:00,24.66653663592155
2025-06-08 19:00:00,31.19078689236493
2025-06-08 20:00:00,33.38649218997302
2025-06-08 21:00:00,34.34576741809127
2025-06-08 22:00:00,31.936452298427405
2025-06-08 23:00:00,30.638247086459383
2025-06-09 00:00:00,30.932666839957644
2025-06-09 01:00:00,30.636416205455443
2025-06-09 02:00:00,27.158210180312455
2025-06-09 03:00:00,23.46812972659751
2025-06-09 04:00:00,19.938797353732717
2025-06-09 05:00:00,19.094959762291815
2025-06-09 06:00:00,18.60630304506941
2025-06-09 07:00:00,15.522728570603727
2025-06-09 08:00:00,10.066079548985243
2025-06-09 09:00:00,4.487088730829256
2025-06-09 10:00:00,4.079250194017607
2025-06-09 11:00:00,5.432168674556259
2025-06-09 12:00:00,6.18778364609711
2025-06-09 13:00:00,9.29495263479708
2025-06-09 14:00:00,12.628287627275423
2025-06-09 15:00:00,16.734729247507225
2025-06-09 16:00:00,19.665188385996316
2025-06-09 17:00:00,21.810501329737004
2025-06-09 18:00:00,26.616796744986832
2025-06-09 19:00:00,31.454162438880132
2025-06-09 20:00:00,31.851437945341395
2025-06-09 21:00:00,32.878428748374816
2025-06-09 22:00:00,33.76268332272947
2025-06-09 23:00:00,33.206587924564914
2025-06-10 00:00:00,32.436852114003564
2025-06-10 01:00:00,31.027227109509678
2025-06-10 02:00:00,29.27293815345389
2025-06-10 03:00:00,25.57673827978805
2025-06-10 04:00:00,21.563883832637153
2025-06-10 05:00:00,19.418169781836774
2025-06-10 06:00:00,17.707169570206688
2025-06-10 07:00:00,15.698418105189193
2025-06-10 08:00:00,12.386458327665988
2025-06-10 09:00:00,8.98251598863328
2025-06-10 10:00:00,9.34376693166701
2025-06-10 11:00:00,9.089774764070029
2025-06-10 12:00:00,8.617492082841935
2025-06-10 13:00:00,10.310105013393793
2025-06-10 14:00:00,13.584607778578315
2025-06-10 15:00:00,22.451721029465567
2025-06-10 16:00:00,31.37714519702186
2025-06-10 17:00:00,27.50239280184231
2025-06-10 18:00:00,27.10804644330512
2025-06-10 19:00:00,31.22005411790918
2025-06-10 20:00:00,35.41297069353968
2025-06-10 21:00:00,36.779892956013036
2025-06-10 22:00:00,33.68801358155176
2025-06-10 23:00:00,32.164778026155695
2025-06-11 00:00:00,29.672563397400328
2025-06-11 01:00:00,30.062088562699618
2025-06-11 02:00:00,27.851895021462475
2025-06-11 03:00:00,24.17060473809931
2025-06-11 04:00:00,21.478786102133203
2025-06-11 05:00:00,21.451609074060258
2025-06-11 06:00:00,19.800182513752496
2025-06-11 07:00:00,16.988885102732112
2025-06-11 08:00:00,13.776559294869463
2025-06-11 09:00:00,13.906556796250323
2025-06-11 10:00:00,14.713676603199216
2025-06-11 11:00:00,19.617941223983042
2025-06-11 12:00:00,16.63206301258224
2025-06-11 13:00:00,18.011818292403515
2025-06-11 14:00:00,22.577385276221644
2025-06-11 15:00:00,25.8482764769496
2025-06-11 16:00:00,28.516620184618382
2025-06-11 17:00:00,26.075473779802465
2025-06-11 18:00:00,24.920986964507772
2025-06-11 19:00:00,29.663677279970052
2025-06-11 20:00:00,33.38263146390389
2025-06-11 21:00:00,35.37581055563726
2025-06-11 22:00:00,32.745819570812145
2025-06-11 23:00:00,31.89870036888593
2025-06-12 00:00:00,32.182270656251724
2025-06-12 01:00:00,31.650963529825496
2025-06-12 02:00:00,33.36874883621594
2025-06-12 03:00:00,31.532599577609204
2025-06-12 04:00:00,25.739642673785134
2025-06-12 05:00:00,24.101177272924016
2025-06-12 06:00:00,22.024187630443965
2025-06-12 07:00:00,19.945830275364138
2025-06-12 08:00:00,18.541887268077375
2025-06-12 09:00:00,15.898153375316735
2025-06-12 10:00:00,14.189259005638627
2025-06-12 11:00:00,16.099320919804402
2025-06-12 12:00:00,15.428761173511065
2025-06-12 13:00:00,15.906209836505528
2025-06-12 14:00:00,19.102865676327305
2025-06-12 15:00:00,24.5301410401484
2025-06-12 16:00:00,31.198069034179444
2025-06-12 17:00:00,30.948977640497986
2025-06-12 18:00:00,24.400804911150473
2025-06-12 19:00:00,26.78596335849281
2025-06-12 20:00:00,30.560079890360587
2025-06-12 21:00:00,30.88961693068117
2025-06-12 22:00:00,28.96922763825304
2025-06-12 23:00:00,27.56656234755522
2025-06-13 00:00:00,27.74644502053519
2025-06-13 01:00:00,30.009243994710115
2025-06-13 02:00:00,29.654393786417838
2025-06-13 03:00:00,25.150813831420432
2025-06-13 04:00:00,22.201248354496716
2025-06-13 05:00:00,21.996903117182804
2025-06-13 06:00:00,21.342191874690872
2025-06-13 07:00:00,17.865872520498517
2025-06-13 08:00:00,15.117112686037787
2025-06-13 09:00:00,12.491797914664335
2025-06-13 10:00:00,11.728390589132664
2025-06-13 11:00:00,13.000454620030162
2025-06-13 12:00:00,14.946991325125648
2025-06-13 13:00:00,13.323194812021564
2025-06-13 14:00:00,14.550018091751657
2025-06-13 15:00:00,20.425856840679216
2025-06-13 16:00:00,20.58356341245935
2025-06-13 17:00:00,19.495600180221505
2025-06-13 18:00:00,16.89696659452433
2025-06-13 19:00:00,20.870018726580398
2025-06-13 20:00:00,25.804833753016513
2025-06-13 21:00:00,26.755638948336884
2025-06-13 22:00:00,25.236048526803067
2025-06-13 23:00:00,24.080978140633512
2025-06-14 00:00:00,23.122936921242147
2025-06-14 01:00:00,23.180837326207243
2025-06-14 02:00:00,21.22651064586228
2025-06-14 03:00:00,18.271438009868216
2025-06-14 04:00:00,15.264093852997421
2025-06-14 05:00:00,13.163999701615515
2025-06-14 06:00:00,13.568856168738218
2025-06-14 07:00:00,12.236759364133542
2025-06-14 08:00:00,9.321403642725105
2025-06-14 09:00:00,3.899934594126327
2025-06-14 10:00:00,2.3538720133136004
2025-06-14 11:00:00,5.511972259979807
2025-06-14 12:00:00,7.158419474601857
2025-06-14 13:00:00,9.278783061752911
2025-06-14 14:00:00,14.542007504606556
2025-06-14 15:00:00,22.658487289101455
2025-06-14 16:00:00,25.23411066963113
2025-06-14 17:00:00,23.035748023680597
2025-06-14 18:00:00,24.46154341438628
2025-06-14 19:00:00,30.380585419376075
2025-06-14 20:00:00,34.424829435889784
2025-06-14 21:00:00,36.728347563684025
2025-06-14 22:00:00,33.39195067562535
2025-06-14 23:00:00,30.80943825590342
2025-06-15 00:00:00,28.992730235155538
2025-06-15 01:00:00,27.245711182351698
2025-06-15 02:00:00,25.689883928358057
2025-06-15 03:00:00,23.107812176439644
2025-06-15 04:00:00,18.220304366757635
2025-06-15 05:00:00,14.681631184535547
2025-06-15 06:00:00,14.761867354947384
2025-06-15 07:00:00,13.492617534257198
2025-06-15 08:00:00,9.734695437660868
2025-06-15 09:00:00,5.327714468654182
2025-06-15 10:00:00,3.637968437925569
2025-06-15 11:00:00,4.161852183627618
2025-06-15 12:00:00,6.330101951093056
2025-06-15 13:00:00,9.166431116906983
2025-06-15 14:00:00,12.097535164825908
2025-06-15 15:00:00,16.66899301858125
2025-06-15 16:00:00,20.33350136433349
2025-06-15 17:00:00,19.216211110711082
2025-06-15 18:00:00,21.82311942246146
2025-06-15 19:00:00,26.22860130792388
2025-06-15 20:00:00,31.056822460749736
2025-06-15 21:00:00,31.98877354588891
2025-06-15 22:00:00,29.08081753961447
2025-06-15 23:00:00,27.2409809542946
2025-06-16 00:00:00,27.59256681321945
2025-06-16 01:00:00,26.201226053333468
2025-06-16 02:00:00,24.183194023145713
2025-06-16 03:00:00,21.83275604208254
2025-06-16 04:00:00,17.752764402484544
2025-06-16 05:00:00,16.08406317761296
2025-06-16 06:00:00,16.04407889089411
2025-06-16 07:00:00,13.390191640223893
2025-06-16 08:00:00,8.620254412642016
2025-06-16 09:00:00,4.257372199560182
2025-06-16 10:00:00,3.4664574958059147
2025-06-16 11:00:00,5.406402169888392
2025-06-16 12:00:00,7.041995850024112
2025-06-16 13:00:00,11.183472322045224
2025-06-16 14:00:00,14.291736066321262
2025-06-16 15:00:00,15.6848884854209
2025-06-16 16:00:00,21.021688740257204
2025-06-16 17:00:00,21.118418832220513
2025-06-16 18:00:00,21.35434991158535
2025-06-16 19:00:00,23.93661611009762
2025-06-16 20:00:00,25.93652274972396
2025-06-16 21:00:00,25.65604087383527
2025-06-16 22:00:00,22.962935298947322
2025-06-16 23:00:00,22.235811122414354
2025-06-17 00:00:00,21.335943363384956
2025-06-17 01:00:00,23.363754222927245
2025-06-17 02:00:00,21.42682525579837
2025-06-17 03:00:00,18.768829875441085
2025-06-17 04:00:00,15.785715671881796
2025-06-17 05:00:00,15.1252558234029
2025-06-17 06:00:00,15.239207733068502
2025-06-17 07:00:00,12.733558467918172
2025-06-17 08:00:00,8.917312251381123
2025-06-17 09:00:00,4.849152799626546
2025-06-17 10:00:00,2.582598829305814
2025-06-17 11:00:00,4.886792666455382
2025-06-17 12:00:00,7.278321494463686
2025-06-17 13:00:00,10.756741868233846
2025-06-17 14:00:00,17.226812590599785
2025-06-17 15:00:00,32.168343097660355
2025-06-17 16:00:00,32.53208652816607
2025-06-17 17:00:00,25.072405384100474
2025-06-17 18:00:00,26.135427595701533
2025-06-17 19:00:00,31.639842688961018
2025-06-17 20:00:00,35.068129250336426
2025-06-17 21:00:00,36.585711210287386
2025-06-17 22:00:00,32.98523131627777
2025-06-17 23:00:00,30.2546322190227
2025-06-18 00:00:00,30.211598847085934
2025-06-18 01:00:00,29.398127483008558
2025-06-18 02:00:00,26.3533997084346
2025-06-18 03:00:00,21.82046454000834
2025-06-18 04:00:00,17.61673149761133
2025-06-18 05:00:00,16.55720237648195
2025-06-18 06:00:00,15.750527163400474
2025-06-18 07:00:00,12.652135256127167
2025-06-18 08:00:00,7.4895275965334145
2025-06-18 09:00:00,2.8534953264218057
2025-06-18 10:00:00,2.422192507454245
2025-06-18 11:00:00,5.132673438976074
2025-06-18 12:00:00,7.160267224528315
2025-06-18 13:00:00,10.467532474930856
2025-06-18 14:00:00,15.331137572851292
2025-06-18 15:00:00,26.040302416150638
2025-06-18 16:00:00,25.386986031653812
2025-06-18 17:00:00,23.197304473625035
2025-06-18 18:00:00,25.314235888656487
2025-06-18 19:00:00,28.655162266005327
2025-06-18 20:00:00,32.25621648072231
2025-06-18 21:00:00,32.78178638114494
2025-06-18 22:00:00,31.16143789339657
2025-06-18 23:00:00,31.597700617013757
2025-06-19 00:00:00,30.302349489009952
2025-06-19 01:00:00,30.391365086802768
2025-06-19 02:00:00,28.768794441465033
2025-06-19 03:00:00,24.341685868791693
2025-06-19 04:00:00,21.03927583691811
2025-06-19 05:00:00,18.46079978830016
2025-06-19 06:00:00,17.72559100755023
2025-06-19 07:00:00,15.47914211821532
2025-06-19 08:00:00,11.113927957554983
2025-06-19 09:00:00,7.206294301359148
2025-06-19 10:00:00,5.089014694656416
2025-06-19 11:00:00,6.581895253753568
2025-06-19 12:00:00,9.097591353331312
2025-06-19 13:00:00,11.356325195614744
2025-06-19 14:00:00,14.371681839224879
2025-06-19 15:00:00,21.687245015391987
2025-06-19 16:00:00,26.467648977359865
2025-06-19 17:00:00,25.693629627080824
2025-06-19 18:00:00,25.512308600402942
2025-06-19 19:00:00,29.043925424756
2025-06-19 20:00:00,32.32739202148636
2025-06-19 21:00:00,32.892706386832984
2025-06-19 22:00:00,31.304171892358568
2025-06-19 23:00:00,29.96001117461005
2025-06-20 00:00:00,29.64132250233822
2025-06-20 01:00:00,29.03342433456819
2025-06-20 02:00:00,27.10815847481199
2025-06-20 03:00:00,22.65998631973307
2025-06-20 04:00:00,20.134873301740505
2025-06-20 05:00:00,18.985134927465076
2025-06-20 06:00:00,17.560814235501468
2025-06-20 07:00:00,16.523919974261272
2025-06-20 08:00:00,14.033457346737109
2025-06-20 09:00:00,7.584642298029674
2025-06-20 10:00:00,6.037566235170295
2025-06-20 11:00:00,7.370155702520841
2025-06-20 12:00:00,8.354548440460219
2025-06-20 13:00:00,11.819222905773215
2025-06-20 14:00:00,16.547145726568353
2025-06-20 15:00:00,26.677884668914633
2025-06-20 16:00:00,34.08964782194318
2025-06-20 17:00:00,28.305514293561465
2025-06-20 18:00:00,27.57015975626325
2025-06-20 19:00:00,30.530249202779615
2025-06-20 20:00:00,33.812273084951755
2025-06-20 21:00:00,34.10881317139572
2025-06-20 22:00:00,32.74417425324801
2025-06-20 23:00:00,31.709764434557197
2025-06-21 00:00:00,30.263538641900023
2025-06-21 01:00:00,29.479863010092313
2025-06-21 02:00:00,28.073667205390276
2025-06-21 03:00:00,23.823830631109594
2025-06-21 04:00:00,21.698191807246893
2025-06-21 05:00:00,20.087013985083647
2025-06-21 06:00:00,19.324207361247066
2025-06-21 07:00:00,20.0460124158482
2025-06-21 08:00:00,15.916800029204238
2025-06-21 09:00:00,7.649782613023278
2025-06-21 10:00:00,4.966407082253602
2025-06-21 11:00:00,6.806985125070737
2025-06-21 12:00:00,10.376344198256243
2025-06-21 13:00:00,13.505093980692928
2025-06-21 14:00:00,21.757718875381883
2025-06-21 15:00:00,48.94417317426038
2025-06-21 16:00:00,33.14878543405665
2025-06-21 17:00:00,24.252066594623987
2025-06-21 18:00:00,26.82092528768091
2025-06-21 19:00:00,27.644737010301466
2025-06-21 20:00:00,30.519810267954824
2025-06-21 21:00:00,31.999612200730887
2025-06-21 22:00:00,30.16431575836294
2025-06-21 23:00:00,29.253649992325045
2025-06-22 00:00:00,28.40845042659634
2025-06-22 01:00:00,27.314513954952684
2025-06-22 02:00:00,24.885656134117053
2025-06-22 03:00:00,21.720326837818124
2025-06-22 04:00:00,19.685695285041017
2025-06-22 05:00:00,17.692637856919045
2025-06-22 06:00:00,16.798730697523833
2025-06-22 07:00:00,14.698201365471025
2025-06-22 08:00:00,9.827575222194696
2025-06-22 09:00:00,4.70402791382421
2025-06-22 10:00:00,3.0674550425702556
2025-06-22 11:00:00,3.4545189602875346
2025-06-22 12:00:00,6.304949075398462
2025-06-22 13:00:00,9.251848104422221
2025-06-22 14:00:00,16.412241749420705
2025-06-22 15:00:00,31.563095465074795
2025-06-22 16:00:00,22.388597130104145
2025-06-22 17:00:00,21.63004442064816
2025-06-22 18:00:00,23.135997881489622
2025-06-22 19:00:00,25.997201153545582
2025-06-22 20:00:00,30.49829657780397
2025-06-22 21:00:00,31.294593389590972
2025-06-22 22:00:00,28.769614790986033
2025-06-22 23:00:00,27.17245668819556
2025-06-23 00:00:00,26.694920024233266
2025-06-23 01:00:00,25.247390567022542
2025-06-23 02:00:00,23.58116996116162
2025-06-23 03:00:00,18.854995302152165
2025-06-23 04:00:00,16.621184309800547
2025-06-23 05:00:00,15.083831242582672
2025-06-23 06:00:00,15.161311858894841
2025-06-23 07:00:00,14.202661323629501
2025-06-23 08:00:00,9.737462355850232
2025-06-23 09:00:00,4.514803791604219
2025-06-23 10:00:00,3.4158359471373703
2025-06-23 11:00:00,4.7575589434541365
2025-06-23 12:00:00,6.189113618450807
2025-06-23 13:00:00,9.536679864304816
2025-06-23 14:00:00,14.293593313261969
2025-06-23 15:00:00,17.300707830346997
2025-06-23 16:00:00,20.569993612587435
2025-06-23 17:00:00,20.86670856158821
2025-06-23 18:00:00,22.786894138536784
2025-06-23 19:00:00,27.93807037155493
2025-06-23 20:00:00,31.838230903453322
2025-06-23 21:00:00,33.9789203497186
2025-06-23 22:00:00,31.715619368560883
2025-06-23 23:00:00,30.636510242471964
2025-06-24 00:00:00,29.389094040794784
2025-06-24 01:00:00,28.12325152446792
2025-06-24 02:00:00,25.674643885554556
2025-06-24 03:00:00,20.66221481709867
2025-06-24 04:00:00,18.659033095864128
2025-06-24 05:00:00,17.477736520718665
2025-06-24 06:00:00,16.975237377460008
2025-06-24 07:00:00,15.175711537557307
2025-06-24 08:00:00,11.648072099930827
2025-06-24 09:00:00,7.5266477313259665
2025-06-24 10:00:00,6.061381685629346
2025-06-24 11:00:00,7.8587374660540465
2025-06-24 12:00:00,10.344226769968778
2025-06-24 13:00:00,13.274093153575867
2025-06-24 14:00:00,18.966298095104833
2025-06-24 15:00:00,23.906673968915992
2025-06-24 16:00:00,28.39679853090757
2025-06-24 17:00:00,28.225629498154774
2025-06-24 18:00:00,28.12199132733844
2025-06-24 19:00:00,30.227719361745958
2025-06-24 20:00:00,32.972204703111714
2025-06-24 21:00:00,33.431361502678854
2025-06-24 22:00:00,32.09066305095975
2025-06-24 23:00:00,31.172977693656243
2025-06-25 00:00:00,30.455902170730834
2025-06-25 01:00:00,29.283485425365857
2025-06-25 02:00:00,26.785807158996167
2025-06-25 03:00:00,23.056235426187822
2025-06-25 04:00:00,19.546485422163656
2025-06-25 05:00:00,18.230878568860657
2025-06-25 06:00:00,17.024579186058606
2025-06-25 07:00:00,14.3723637732979
2025-06-25 08:00:00,9.68895194117699
2025-06-25 09:00:00,5.289338180516904
2025-06-25 10:00:00,4.485176922461819
2025-06-25 11:00:00,6.549838248306067
2025-06-25 12:00:00,9.85515267279402
2025-06-25 13:00:00,12.09736804271965
2025-06-25 14:00:00,16.49168701733323
2025-06-25 15:00:00,20.958639723740077
2025-06-25 16:00:00,25.290978172028748
2025-06-25 17:00:00,26.777813112223576
2025-06-25 18:00:00,28.49338291842529
2025-06-25 19:00:00,30.093339091438533
2025-06-25 20:00:00,33.32444899221166
2025-06-25 21:00:00,34.084313485725936
2025-06-25 22:00:00,31.892656724008308
2025-06-25 23:00:00,31.558315678388556
2025-06-26 00:00:00,30.143891892753793
2025-06-26 01:00:00,29.209914359860257
2025-06-26 02:00:00,27.556935313429605
2025-06-26 03:00:00,23.768711834296134
2025-06-26 04:00:00,20.372327529890043
2025-06-26 05:00:00,19.240000209451566
2025-06-26 06:00:00,17.55538123324576
2025-06-26 07:00:00,14.897946336754574
2025-06-26 08:00:00,10.643193139908686
2025-06-26 09:00:00,6.916367997839138
2025-06-26 10:00:00,6.910785316593966
2025-06-26 11:00:00,8.182312786350918
2025-06-26 12:00:00,10.477378961748014
2025-06-26 13:00:00,13.836829512818593
2025-06-26 14:00:00,18.099729124103398
2025-06-26 15:00:00,20.033964202556827
2025-06-26 16:00:00,20.837624218810742
2025-06-26 17:00:00,22.099660516656517
2025-06-26 18:00:00,25.45496510946802
2025-06-26 19:00:00,29.6903343987955
2025-06-26 20:00:00,32.50078978948767
2025-06-26 21:00:00,32.799216211420124
2025-06-26 22:00:00,30.044107786658245
2025-06-26 23:00:00,27.62412142749517
2025-06-27 00:00:00,27.482004321413758
2025-06-27 01:00:00,27.097507901987026
2025-06-27 02:00:00,24.8702723077357
2025-06-27 03:00:00,22.21849517035831
2025-06-27 04:00:00,19.566333271334027
2025-06-27 05:00:00,18.756118551783906
2025-06-27 06:00:00,17.388713766385095
2025-06-27 07:00:00,16.502292904163017
2025-06-27 08:00:00,14.044254380443583
2025-06-27 09:00:00,10.922426407150887
2025-06-27 10:00:00,9.35951618134295
2025-06-27 11:00:00,10.680971860960849
2025-06-27 12:00:00,14.12129997006361
2025-06-27 13:00:00,14.776692934280915
2025-06-27 14:00:00,16.038788086361425
2025-06-27 15:00:00,19.02896750713173
2025-06-27 16:00:00,22.137951475769675
2025-06-27 17:00:00,26.023721634362964
2025-06-27 18:00:00,26.715823742851427
2025-06-27 19:00:00,31.447087914389478
2025-06-27 20:00:00,35.018077859718105
2025-06-27 21:00:00,34.806964637164455
2025-06-27 22:00:00,32.2545843328205
2025-06-27 23:00:00,31.021198383989297
2025-06-28 00:00:00,30.17850114329403
2025-06-28 01:00:00,29.936535169456487
2025-06-28 02:00:00,28.058794468362134
2025-06-28 03:00:00,23.566893223424582
2025-06-28 04:00:00,20.279014755139656
2025-06-28 05:00:00,19.35481034775442
2025-06-28 06:00:00,17.934106344624546
2025-06-28 07:00:00,16.394159337424643
2025-06-28 08:00:00,12.63438626389766
2025-06-28 09:00:00,7.2037367386923075
2025-06-28 10:00:00,4.35812114884152
2025-06-28 11:00:00,6.046976812261688
2025-06-28 12:00:00,15.313478954943836
2025-06-28 13:00:00,14.399370871342516
2025-06-28 14:00:00,23.31049358976677
2025-06-28 15:00:00,35.307365150954524
2025-06-28 16:00:00,34.66697812050298
2025-06-28 17:00:00,30.07559909791298
2025-06-28 18:00:00,27.89050178858806
2025-06-28 19:00:00,31.63255203533149
2025-06-28 20:00:00,35.071312881095935
2025-06-28 21:00:00,36.253244187915996
2025-06-28 22:00:00,33.519263767453374
2025-06-28 23:00:00,30.691887843770537
2025-06-29 00:00:00,28.786418962638127
2025-06-29 01:00:00,28.05176090764486
2025-06-29 02:00:00,26.212122571520283
2025-06-29 03:00:00,23.211464140947463
2025-06-29 04:00:00,20.482512415009385
2025-06-29 05:00:00,17.308053176582753
2025-06-29 06:00:00,16.52732560930266
2025-06-29 07:00:00,15.123077107865432
2025-06-29 08:00:00,10.920305577628774
2025-06-29 09:00:00,5.504420812633711
2025-06-29 10:00:00,1.4036229062507843
2025-06-29 11:00:00,6.725921197108877
2025-06-29 12:00:00,12.434987002668416
2025-06-29 13:00:00,14.83520714579833
2025-06-29 14:00:00,19.308460192500316
2025-06-29 15:00:00,28.358614083313594
2025-06-29 16:00:00,30.95879163700563
2025-06-29 17:00:00,25.83829168929172
2025-06-29 18:00:00,26.914628807314987
2025-06-29 19:00:00,30.1566646764093
2025-06-29 20:00:00,33.841432824098575
2025-06-29 21:00:00,35.02031837164012
2025-06-29 22:00:00,32.5393452937264
2025-06-29 23:00:00,31.06858363134468
2025-06-30 00:00:00,30.686028823055832
2025-06-30 01:00:00,29.160378997263653
2025-06-30 02:00:00,27.33566492454395
2025-06-30 03:00:00,23.818325594621516
2025-06-30 04:00:00,21.046259817703522
2025-06-30 05:00:00,19.15330339118642
2025-06-30 06:00:00,18.160752287174937
2025-06-30 07:00:00,17.48349580996066
2025-06-30 08:00:00,12.338401482507615
2025-06-30 09:00:00,7.0973177425972125
2025-06-30 10:00:00,4.839687079690234
2025-06-30 11:00:00,9.263308148541258
2025-06-30 12:00:00,13.199174270168061
2025-06-30 13:00:00,14.743462309742783
2025-06-30 14:00:00,16.821979166148164
2025-06-30 15:00:00,22.855161647526145
2025-06-30 16:00:00,26.67589345531868
2025-06-30 17:00:00,25.83766123617059
2025-06-30 18:00:00,24.91469560716405
2025-06-30 19:00:00,27.682402288981187
2025-06-30 20:00:00,32.0079799202875
2025-06-30 21:00:00,33.198546543903625
2025-06-30 22:00:00,32.118622634189165
2025-06-30 23:00:00,31.257256943147848
2025-07-01 00:00:00,30.179484737448238
2025-07-01 01:00:00,29.440070649197267
2025-07-01 02:00:00,27.535161665431577
2025-07-01 03:00:00,24.62950454368417
2025-07-01 04:00:00,21.480519306633404
2025-07-01 05:00:00,20.508409793484603
2025-07-01 06:00:00,19.43563592684627
2025-07-01 07:00:00,18.816331930426117
2025-07-01 08:00:00,16.117741345872734
2025-07-01 09:00:00,12.976353856918072
2025-07-01 10:00:00,13.490669751411422
2025-07-01 11:00:00,13.015193319180218
2025-07-01 12:00:00,15.279685062455306
2025-07-01 13:00:00,18.197848954926247
2025-07-01 14:00:00,21.671007837505854
2025-07-01 15:00:00,24.54237834619977
2025-07-01 16:00:00,28.020078368726864
2025-07-01 17:00:00,33.48247449300823
2025-07-01 18:00:00,32.92449491270917
2025-07-01 19:00:00,37.197127477071035
2025-07-01 20:00:00,37.7596798678486
2025-07-01 21:00:00,37.64651498479794
2025-07-01 22:00:00,34.86356105333741
2025-07-01 23:00:00,32.70143378986167
2025-07-02 00:00:00,31.25730291034017
2025-07-02 01:00:00,30.63541097064935
2025-07-02 02:00:00,27.97353377237094
2025-07-02 03:00:00,24.602069361279693
2025-07-02 04:00:00,22.968434440629114
2025-07-02 05:00:00,22.1769279217067
2025-07-02 06:00:00,20.93283999048783
2025-07-02 07:00:00,20.729146200633092
2025-07-02 08:00:00,18.52182046493208
2025-07-02 09:00:00,18.893322056278794
2025-07-02 10:00:00,17.409619569433108
2025-07-02 11:00:00,16.174795703599838
2025-07-02 12:00:00,24.88338040651701
2025-07-02 13:00:00,27.98536187246494
2025-07-02 14:00:00,32.85819534510544
2025-07-02 15:00:00,47.6435617642679
2025-07-02 16:00:00,71.22504384618055
2025-07-02 17:00:00,49.62833973667064
2025-07-02 18:00:00,46.44604387342381
2025-07-02 19:00:00,47.331927925445804
2025-07-02 20:00:00,44.84556668662059
2025-07-02 21:00:00,41.257075823814404
2025-07-02 22:00:00,38.29079517047134
2025-07-02 23:00:00,36.745208201832725
2025-07-03 00:00:00,35.360384055646854
2025-07-03 01:00:00,36.292820127549916
2025-07-03 02:00:00,33.13133631454985
2025-07-03 03:00:00,28.498480245686352
2025-07-03 04:00:00,25.631370409996578
2025-07-03 05:00:00,23.314063866720986
2025-07-03 06:00:00,22.115799983019325
2025-07-03 07:00:00,23.255859996291782
2025-07-03 08:00:00,20.963989906342984
2025-07-03 09:00:00,19.41097050642986
2025-07-03 10:00:00,16.45081098623958
2025-07-03 11:00:00,16.79167223864657
2025-07-03 12:00:00,21.927673993096175
2025-07-03 13:00:00,23.216194746728185
2025-07-03 14:00:00,26.156615990916457
2025-07-03 15:00:00,36.073481985259846
2025-07-03 16:00:00,46.95243082814797
2025-07-03 17:00:00,38.25931441529803
2025-07-03 18:00:00,40.16961434683888
2025-07-03 19:00:00,40.11770602867176
2025-07-03 20:00:00,38.57415802650973
2025-07-03 21:00:00,37.26971634832352
2025-07-03 22:00:00,33.70152014846897
2025-07-03 23:00:00,32.27155763541612
2025-07-04 00:00:00,31.747265485566153
2025-07-04 01:00:00,31.48452796059418
2025-07-04 02:00:00,29.78334370587415
2025-07-04 03:00:00,26.40577022674406
2025-07-04 04:00:00,23.074911627206024
2025-07-04 05:00:00,21.23848915207337
2025-07-04 06:00:00,19.59547617263937
2025-07-04 07:00:00,20.296779229042837
2025-07-04 08:00:00,20.23455028344051
2025-07-04 09:00:00,18.298219986296218
2025-07-04 10:00:00,17.331872881172554
2025-07-04 11:00:00,18.291522591614676
2025-07-04 12:00:00,18.53267843336265
2025-07-04 13:00:00,19.49339796498824
2025-07-04 14:00:00,20.737841419495574
2025-07-04 15:00:00,22.14595117222814
2025-07-04 16:00:00,24.32511503728969
2025-07-04 17:00:00,26.153546632993056
2025-07-04 18:00:00,27.177109704702435
2025-07-04 19:00:00,28.874831610219818
2025-07-04 20:00:00,30.02306000155091
2025-07-04 21:00:00,28.79324851406056
2025-07-04 22:00:00,26.526046592895398
2025-07-04 23:00:00,25.38911751827687
2025-07-05 00:00:00,24.315754987014657
2025-07-05 01:00:00,23.68575173018552
2025-07-05 02:00:00,22.316635611623933
2025-07-05 03:00:00,21.522944863257933
2025-07-05 04:00:00,20.146512350405047
2025-07-05 05:00:00,18.693135496112763
2025-07-05 06:00:00,17.670199024844674
2025-07-05 07:00:00,17.34198049636995
2025-07-05 08:00:00,16.46227643016548
2025-07-05 09:00:00,14.10669973647299
2025-07-05 10:00:00,11.980890744077778
2025-07-05 11:00:00,12.789203176500573
2025-07-05 12:00:00,13.004310294769386
2025-07-05 13:00:00,14.009810864636298
2025-07-05 14:00:00,16.50708502918519
2025-07-05 15:00:00,20.692455655428404
2025-07-05 16:00:00,23.264834258874558
2025-07-05 17:00:00,26.030513985431774
2025-07-05 18:00:00,25.911853081284764
2025-07-05 19:00:00,28.49802818908813
2025-07-05 20:00:00,29.645907339387296
2025-07-05 21:00:00,28.09938407446032
2025-07-05 22:00:00,25.92148067712797
2025-07-05 23:00:00,24.22949814902129
2025-07-06 00:00:00,24.172566294895447
2025-07-06 01:00:00,23.860871467799583
2025-07-06 02:00:00,23.292394149774683
2025-07-06 03:00:00,21.69778655234943
2025-07-06 04:00:00,20.583194665272217
2025-07-06 05:00:00,19.63415594942271
2025-07-06 06:00:00,18.503227978034015
2025-07-06 07:00:00,17.534570061607507
2025-07-06 08:00:00,15.655102380762369
2025-07-06 09:00:00,13.374066528275357
2025-07-06 10:00:00,12.044842262588196
2025-07-06 11:00:00,11.861041016227551
2025-07-06 12:00:00,14.117743256268051
2025-07-06 13:00:00,15.784354812806896
2025-07-06 14:00:00,17.5850861579968
2025-07-06 15:00:00,19.41232278413641
2025-07-06 16:00:00,22.55486324317535
2025-07-06 17:00:00,23.758239189209476
2025-07-06 18:00:00,25.680943743714923
2025-07-06 19:00:00,27.07225156636373
2025-07-06 20:00:00,29.601441035092595
2025-07-06 21:00:00,29.735183130666076
2025-07-06 22:00:00,26.939498876552808
2025-07-06 23:00:00,25.92114129244978
2025-07-07 00:00:00,26.60356312655686
2025-07-07 01:00:00,25.360891371372883
2025-07-07 02:00:00,24.829863290019944
2025-07-07 03:00:00,23.65971824727146
2025-07-07 04:00:00,21.78327297061095
2025-07-07 05:00:00,20.540396269492874
2025-07-07 06:00:00,18.949494830462022
2025-07-07 07:00:00,18.11873282274187
2025-07-07 08:00:00,17.109689717040556
2025-07-07 09:00:00,13.833814406702002
2025-07-07 10:00:00,12.117031338597387
2025-07-07 11:00:00,12.876139301868463
2025-07-07 12:00:00,12.905289117094226
2025-07-07 13:00:00,15.25413004313752
2025-07-07 14:00:00,17.051205480732243
2025-07-07 15:00:00,22.094054643545945
2025-07-07 16:00:00,28.54939133177251
2025-07-07 17:00:00,31.28620449638961
2025-07-07 18:00:00,27.505327850978635
2025-07-07 19:00:00,30.487928802061813
2025-07-07 20:00:00,33.77253290946951
2025-07-07 21:00:00,33.88174044364684
2025-07-07 22:00:00,32.93917224017118
2025-07-07 23:00:00,31.521317099830707
2025-07-08 00:00:00,30.669840095917237
2025-07-08 01:00:00,30.21587674113127
2025-07-08 02:00:00,27.706821068365958
2025-07-08 03:00:00,25.092559138865735
2025-07-08 04:00:00,23.051297898264167
2025-07-08 05:00:00,21.625576488578563
2025-07-08 06:00:00,20.03024697010494
2025-07-08 07:00:00,17.746530268970183
2025-07-08 08:00:00,15.66874450808321
2025-07-08 09:00:00,13.304444286932766
2025-07-08 10:00:00,11.043045008707793
2025-07-08 11:00:00,13.586849570223114
2025-07-08 12:00:00,14.266111466966175
2025-07-08 13:00:00,16.759635710272196
2025-07-08 14:00:00,21.113286464051473
2025-07-08 15:00:00,26.887172683956837
2025-07-08 16:00:00,29.899901883916606
2025-07-08 17:00:00,28.39628253779447
2025-07-08 18:00:00,28.50351288271248
2025-07-08 19:00:00,32.428302035053676
2025-07-08 20:00:00,36.53547861940487
2025-07-08 21:00:00,37.108693509241554
2025-07-08 22:00:00,33.80521214510643
2025-07-08 23:00:00,32.800412210424504
2025-07-09 00:00:00,31.234148174892894
2025-07-09 01:00:00,30.733749707689945
2025-07-09 02:00:00,27.833219266630646
2025-07-09 03:00:00,25.696107151106112
2025-07-09 04:00:00,22.861077995438944
2025-07-09 05:00:00,20.17485927075894
2025-07-09 06:00:00,18.67371354285729
2025-07-09 07:00:00,17.61554099842613
2025-07-09 08:00:00,16.34503327021504
2025-07-09 09:00:00,13.519930903240668
2025-07-09 10:00:00,11.202669472826418
2025-07-09 11:00:00,15.703624503065075
2025-07-09 12:00:00,28.353672635213023
2025-07-09 13:00:00,24.11861927503394
2025-07-09 14:00:00,28.02435177463272
2025-07-09 15:00:00,30.360153108112577
2025-07-09 16:00:00,30.901276172442497
2025-07-09 17:00:00,29.90946738903751
2025-07-09 18:00:00,30.185901471082843
2025-07-09 19:00:00,32.000103476991406
2025-07-09 20:00:00,35.525618001093484
2025-07-09 21:00:00,34.20375640356145
2025-07-09 22:00:00,30.75064481307832
2025-07-09 23:00:00,28.64254737966667
2025-07-10 00:00:00,28.50735379819114
2025-07-10 01:00:00,26.470721242114983
2025-07-10 02:00:00,23.57585182095038
2025-07-10 03:00:00,21.858996972456037
2025-07-10 04:00:00,20.419900171059684
2025-07-10 05:00:00,20.907213710055377
2025-07-10 06:00:00,20.276434702686423
2025-07-10 07:00:00,19.31499364215994
2025-07-10 08:00:00,17.207366279538416
2025-07-10 09:00:00,13.634825770130671
2025-07-10 10:00:00,14.241701267745988
2025-07-10 11:00:00,15.281120546869232
2025-07-10 12:00:00,24.293082589496066
2025-07-10 13:00:00,20.70384806720883
2025-07-10 14:00:00,24.921595250387842
2025-07-10 15:00:00,29.51957165128677
2025-07-10 16:00:00,31.66917582440506
2025-07-10 17:00:00,26.901686571209517
2025-07-10 18:00:00,25.656122428544997
2025-07-10 19:00:00,30.317557961213186
2025-07-10 20:00:00,33.97186662912687
2025-07-10 21:00:00,35.65230998738494
2025-07-10 22:00:00,33.36242993357412
2025-07-10 23:00:00,32.06227321502387
2025-07-11 00:00:00,30.087456791908384
2025-07-11 01:00:00,27.41336804888801
2025-07-11 02:00:00,26.05051485703566
2025-07-11 03:00:00,22.39446236030086
2025-07-11 04:00:00,19.645030722820024
2025-07-11 05:00:00,17.37455271881419
2025-07-11 06:00:00,16.64368918582187
2025-07-11 07:00:00,14.056357633909665
2025-07-11 08:00:00,8.636913747265204
2025-07-11 09:00:00,3.0428487380861857
2025-07-11 10:00:00,2.7663514043024855
2025-07-11 11:00:00,5.593532158023956
2025-07-11 12:00:00,10.061050115756007
2025-07-11 13:00:00,12.314977199049093
2025-07-11 14:00:00,16.02896363636575
2025-07-11 15:00:00,25.500694687752844
2025-07-11 16:00:00,25.905675865631707
2025-07-11 17:00:00,23.31974672668733
2025-07-11 18:00:00,24.194351055255318
2025-07-11 19:00:00,29.08494676209827
2025-07-11 20:00:00,33.71379196865573
2025-07-11 21:00:00,34.93347082426668
2025-07-11 22:00:00,32.459602084737654
2025-07-11 23:00:00,31.097269856289167
2025-07-12 00:00:00,30.344524102053338
2025-07-12 01:00:00,29.308022403874382
2025-07-12 02:00:00,27.024423393640397
2025-07-12 03:00:00,23.471137346800173
2025-07-12 04:00:00,19.8626885575206
2025-07-12 05:00:00,17.728751924646343
2025-07-12 06:00:00,16.625012026058712
2025-07-12 07:00:00,14.3705515334423
2025-07-12 08:00:00,13.773916464334055
2025-07-12 09:00:00,7.108162971255129
2025-07-12 10:00:00,4.580119662411087
2025-07-12 11:00:00,7.843746765428817
2025-07-12 12:00:00,9.44167962671885
2025-07-12 13:00:00,12.166544243441395
2025-07-12 14:00:00,18.024819014106978
2025-07-12 15:00:00,29.217664273263797
2025-07-12 16:00:00,233.386011393586
2025-07-12 17:00:00,51.679342988940355
2025-07-12 18:00:00,14.985918518195426
2025-07-12 19:00:00,19.684640715499185
2025-07-12 20:00:00,24.438591333182135
2025-07-12 21:00:00,25.399346457823047
2025-07-12 22:00:00,24.89199490445975
2025-07-12 23:00:00,21.736532423583096
2025-07-13 00:00:00,24.446176562020398
2025-07-13 01:00:00,21.230054097034742
2025-07-13 02:00:00,17.966225506575178
2025-07-13 03:00:00,17.989166966792542
2025-07-13 04:00:00,15.677228585289475
2025-07-13 05:00:00,13.53833601193297
2025-07-13 06:00:00,12.352123471896109
2025-07-13 07:00:00,12.654926825132199
2025-07-13 08:00:00,12.466781750084737
2025-07-13 09:00:00,12.603400264853487
2025-07-13 10:00:00,13.623308623971488
2025-07-13 11:00:00,10.885017200910118
2025-07-13 12:00:00,16.341425983140315
2025-07-13 13:00:00,19.69353066244529
2025-07-13 14:00:00,20.897812401573518
2025-07-13 15:00:00,37.65292860704226
2025-07-13 16:00:00,127.1413939351069
2025-07-13 17:00:00,50.57394201197099
2025-07-13 18:00:00,39.60134251143081
2025-07-13 19:00:00,35.35051918111299
2025-07-13 20:00:00,38.51487209000931
2025-07-13 21:00:00,40.01295150057107
2025-07-13 22:00:00,34.759701827204466
2025-07-13 23:00:00,31.74802084008986
2025-07-14 00:00:00,32.00647920372165
2025-07-14 01:00:00,29.745209832219366
2025-07-14 02:00:00,28.443255154993953
2025-07-14 03:00:00,26.928975104324387
2025-07-14 04:00:00,23.60443123445116
2025-07-14 05:00:00,21.028394097771073
2025-07-14 06:00:00,21.307686459319402
2025-07-14 07:00:00,21.20609818746801
2025-07-14 08:00:00,19.638806396879364
2025-07-14 09:00:00,16.591741590800375
2025-07-14 10:00:00,16.967310526912847
2025-07-14 11:00:00,19.085139985854568
2025-07-14 12:00:00,24.659793836221695
2025-07-14 13:00:00,25.156967595764343
2025-07-14 14:00:00,27.41167946583748
2025-07-14 15:00:00,32.7215889308281
2025-07-14 16:00:00,27.28364428858394
2025-07-14 17:00:00,34.7565315411102
2025-07-14 18:00:00,29.843100654562242
2025-07-14 19:00:00,29.741473870465327
2025-07-14 20:00:00,32.81970809438222
2025-07-14 21:00:00,32.79586674209707
2025-07-14 22:00:00,31.10902385753925
2025-07-14 23:00:00,29.761422480969323
2025-07-15 00:00:00,30.384427710851735
2025-07-15 01:00:00,31.15678140490067
2025-07-15 02:00:00,30.00593652458401
2025-07-15 03:00:00,25.766831066702245
2025-07-15 04:00:00,22.06150122699881
2025-07-15 05:00:00,21.013391673493505
2025-07-15 06:00:00,19.578256512705174
2025-07-15 07:00:00,17.450066034353544
2025-07-15 08:00:00,16.84410618854021
2025-07-15 09:00:00,12.119295654631701
2025-07-15 10:00:00,11.449264438760238
2025-07-15 11:00:00,14.045123632836464
2025-07-15 12:00:00,18.04727161324151
2025-07-15 13:00:00,17.84181084083418
2025-07-15 14:00:00,19.719403429609876
2025-07-15 15:00:00,23.30317602632505
2025-07-15 16:00:00,24.8934697837149
2025-07-15 17:00:00,24.445818664084435
2025-07-15 18:00:00,27.492075188078505
2025-07-15 19:00:00,32.74103955459535
2025-07-15 20:00:00,36.57047402170202
2025-07-15 21:00:00,35.84798321013394
2025-07-15 22:00:00,33.57074055150217
2025-07-15 23:00:00,32.402768124037756
2025-07-16 00:00:00,31.894418723840605
2025-07-16 01:00:00,30.66514615315065
2025-07-16 02:00:00,28.500588941646456
2025-07-16 03:00:00,24.92332635560321
2025-07-16 04:00:00,21.335601219390927
2025-07-16 05:00:00,19.401414538782973
2025-07-16 06:00:00,17.05131263602489
2025-07-16 07:00:00,14.972730122149418
2025-07-16 08:00:00,12.218566007414156
2025-07-16 09:00:00,8.406519560380504
2025-07-16 10:00:00,4.620655214778664
2025-07-16 11:00:00,6.431248559930409
2025-07-16 12:00:00,9.37065003588817
2025-07-16 13:00:00,12.58137025080196
2025-07-16 14:00:00,17.395952096236442
2025-07-16 15:00:00,23.334221997827086
2025-07-16 16:00:00,25.669559706132414
2025-07-16 17:00:00,27.110096413145882
2025-07-16 18:00:00,28.819870854704554
2025-07-16 19:00:00,32.1122002128088
2025-07-16 20:00:00,33.99012545315795
2025-07-16 21:00:00,34.14868768154098
2025-07-16 22:00:00,32.947252860681616
2025-07-16 23:00:00,31.30918353320749
2025-07-17 00:00:00,29.46111304729061
2025-07-17 01:00:00,28.866615257182772
2025-07-17 02:00:00,26.444490692744537
2025-07-17 03:00:00,23.042638642874508
2025-07-17 04:00:00,19.05467445708572
2025-07-17 05:00:00,16.38916604523275
2025-07-17 06:00:00,15.43945254425636
2025-07-17 07:00:00,13.68031537699695
2025-07-17 08:00:00,11.780233666036345
2025-07-17 09:00:00,7.915451957020625
2025-07-17 10:00:00,4.709781869852105
2025-07-17 11:00:00,6.4707440214643945
2025-07-17 12:00:00,8.916363544578434
2025-07-17 13:00:00,10.870720321043946
2025-07-17 14:00:00,14.06673645929262
2025-07-17 15:00:00,19.187415557622643
2025-07-17 16:00:00,22.582219632046407
2025-07-17 17:00:00,23.97520401823601
2025-07-17 18:00:00,25.68067319171629
2025-07-17 19:00:00,29.749824126422986
2025-07-17 20:00:00,33.007918257981274
2025-07-17 21:00:00,34.52282090093044
2025-07-17 22:00:00,32.773121195456675
2025-07-17 23:00:00,32.48315398015288
2025-07-18 00:00:00,31.42349351931468
2025-07-18 01:00:00,30.051405118115582
2025-07-18 02:00:00,27.382144622721174
2025-07-18 03:00:00,23.453127669923457
2025-07-18 04:00:00,20.508487310153217
2025-07-18 05:00:00,18.8148628641031
2025-07-18 06:00:00,17.75919119917865
2025-07-18 07:00:00,15.692875943276292
2025-07-18 08:00:00,13.408458623207997
2025-07-18 09:00:00,9.354696942451575
2025-07-18 10:00:00,6.15227721030635
2025-07-18 11:00:00,7.363918777052604
2025-07-18 12:00:00,9.416244760744824
2025-07-18 13:00:00,10.83815443047702
2025-07-18 14:00:00,14.52661638431307
2025-07-18 15:00:00,18.36827832718747
2025-07-18 16:00:00,22.59787847416967
2025-07-18 17:00:00,23.064394856405727
2025-07-18 18:00:00,24.33895011121878
2025-07-18 19:00:00,29.798659767461064
2025-07-18 20:00:00,34.15314382586487
2025-07-18 21:00:00,34.600324036204185
2025-07-18 22:00:00,32.873516065344226
2025-07-18 23:00:00,32.10607307419907
2025-07-19 00:00:00,30.943586168708954
2025-07-19 01:00:00,30.51612514621515
2025-07-19 02:00:00,28.09595293948001
2025-07-19 03:00:00,24.111132695449147
2025-07-19 04:00:00,21.661247199518737
2025-07-19 05:00:00,19.720643074750903
2025-07-19 06:00:00,18.373938047248593
2025-07-19 07:00:00,15.952141908609601
2025-07-19 08:00:00,13.605414992524638
2025-07-19 09:00:00,9.978992087144295
2025-07-19 10:00:00,5.232039991883693
2025-07-19 11:00:00,6.160412478494472
2025-07-19 12:00:00,9.665437870711921
2025-07-19 13:00:00,13.04574069113055
2025-07-19 14:00:00,17.282120644718262
2025-07-19 15:00:00,19.90135397721736
2025-07-19 16:00:00,21.065662173212466
2025-07-19 17:00:00,23.30719570760325
2025-07-19 18:00:00,25.97782855166243
2025-07-19 19:00:00,30.196509991676972
2025-07-19 20:00:00,34.12057585773204
2025-07-19 21:00:00,34.332904990263415
2025-07-19 22:00:00,32.564061898250664
2025-07-19 23:00:00,31.97642314465324
2025-07-20 00:00:00,30.12069466411135
2025-07-20 01:00:00,28.615265313892223
2025-07-20 02:00:00,26.34456372164472
2025-07-20 03:00:00,23.145718904883815
2025-07-20 04:00:00,19.32697438297976
2025-07-20 05:00:00,15.955388561554336
2025-07-20 06:00:00,15.299287676843944
2025-07-20 07:00:00,14.353076048241196
2025-07-20 08:00:00,12.87146376341105
2025-07-20 09:00:00,6.888852927269787
2025-07-20 10:00:00,2.6034216165150412
2025-07-20 11:00:00,4.303857829257979
2025-07-20 12:00:00,7.248096507210495
2025-07-20 13:00:00,10.836766765520196
2025-07-20 14:00:00,14.259363178192384
2025-07-20 15:00:00,18.599957410956293
2025-07-20 16:00:00,19.78380041875818
2025-07-20 17:00:00,20.92639987220498
2025-07-20 18:00:00,23.23262072079069
2025-07-20 19:00:00,28.784777701658108
2025-07-20 20:00:00,32.58795383631389
2025-07-20 21:00:00,32.75039362556186
2025-07-20 22:00:00,30.543462485901124
2025-07-20 23:00:00,28.651836111336415
2025-07-21 00:00:00,29.044328758855137
2025-07-21 01:00:00,26.757590139849526
2025-07-21 02:00:00,25.606396383811827
2025-07-21 03:00:00,22.92429290956205
2025-07-21 04:00:00,19.070662234455295
2025-07-21 05:00:00,17.18101526285818
2025-07-21 06:00:00,16.58897402984023
2025-07-21 07:00:00,15.30729505623146
2025-07-21 08:00:00,12.977497699069119
2025-07-21 09:00:00,7.429098884558519
2025-07-21 10:00:00,2.702022778625735
2025-07-21 11:00:00,5.601571375567057
2025-07-21 12:00:00,8.582533412590557
2025-07-21 13:00:00,11.142874332326306
2025-07-21 14:00:00,14.317860576489727
2025-07-21 15:00:00,18.02130252498992
2025-07-21 16:00:00,20.05051570356867
2025-07-21 17:00:00,22.122024050796405
2025-07-21 18:00:00,25.626944955217247
2025-07-21 19:00:00,29.591680022277334
2025-07-21 20:00:00,32.08629350196895
2025-07-21 21:00:00,33.08532719248248
2025-07-21 22:00:00,31.581419756178803
2025-07-21 23:00:00,30.57466057287828
2025-07-22 00:00:00,29.81769018499107
2025-07-22 01:00:00,29.824066893876594
2025-07-22 02:00:00,27.66728988371777
2025-07-22 03:00:00,24.627707726794245
2025-07-22 04:00:00,20.556888088454897
2025-07-22 05:00:00,18.67928150425088
2025-07-22 06:00:00,17.849646763488604
2025-07-22 07:00:00,15.90592435645879
2025-07-22 08:00:00,14.291483146035421
2025-07-22 09:00:00,7.924311047433529
2025-07-22 10:00:00,5.410666686156796
2025-07-22 11:00:00,6.723811829159119
2025-07-22 12:00:00,9.614738705742036
2025-07-22 13:00:00,13.001340977442949
2025-07-22 14:00:00,20.42319496435814
2025-07-22 15:00:00,25.53995155730907
2025-07-22 16:00:00,27.94663373196214
2025-07-22 17:00:00,27.548351580205967
2025-07-22 18:00:00,28.522487939434807
2025-07-22 19:00:00,31.600911218563496
2025-07-22 20:00:00,33.64250094363255
2025-07-22 21:00:00,34.152479150338245
2025-07-22 22:00:00,32.740183280594
2025-07-22 23:00:00,32.63589412856487
2025-07-23 00:00:00,31.216250996998234
2025-07-23 01:00:00,30.54773634080714
2025-07-23 02:00:00,27.641961473145066
2025-07-23 03:00:00,23.932880678837737
2025-07-23 04:00:00,18.664290340343832
2025-07-23 05:00:00,15.980610597944855
2025-07-23 06:00:00,15.292296294252344
2025-07-23 07:00:00,13.429596550008831
2025-07-23 08:00:00,11.822136996456527
2025-07-23 09:00:00,5.3228828702932125
2025-07-23 10:00:00,2.2692607110785925
2025-07-23 11:00:00,5.08860940496829
2025-07-23 12:00:00,8.489934190890338
2025-07-23 13:00:00,11.763274229704638
2025-07-23 14:00:00,16.421467370096412
2025-07-23 15:00:00,21.695974562854012
2025-07-23 16:00:00,24.913756438745988
2025-07-23 17:00:00,28.087598856258843
2025-07-23 18:00:00,29.625128895482096
2025-07-23 19:00:00,31.487510821391968
2025-07-23 20:00:00,33.620836579486074
2025-07-23 21:00:00,34.25882855643324
2025-07-23 22:00:00,32.76940994245965
2025-07-23 23:00:00,33.76019070052156
2025-07-24 00:00:00,31.852719920673145
2025-07-24 01:00:00,30.201965731854404
2025-07-24 02:00:00,27.584402970980708
2025-07-24 03:00:00,23.830392705630416
2025-07-24 04:00:00,20.209992156735616
2025-07-24 05:00:00,16.83532243214896
2025-07-24 06:00:00,16.596586471637497
2025-07-24 07:00:00,13.916230418440774
2025-07-24 08:00:00,11.35000248856343
2025-07-24 09:00:00,6.376081977495201
2025-07-24 10:00:00,2.986005677802239
2025-07-24 11:00:00,3.711825848425077
2025-07-24 12:00:00,7.1835930501204315
2025-07-24 13:00:00,11.095344537378836
2025-07-24 14:00:00,15.2656892767405
2025-07-24 15:00:00,20.88950180501824
2025-07-24 16:00:00,21.940697529429034
2025-07-24 17:00:00,24.353910099274643
2025-07-24 18:00:00,24.865402780650896
2025-07-24 19:00:00,31.275402086977387
2025-07-24 20:00:00,34.52575634716006
2025-07-24 21:00:00,33.910261060095365
2025-07-24 22:00:00,33.42330232556773
2025-07-24 23:00:00,33.271948216148765
2025-07-25 00:00:00,33.04564582930822
2025-07-25 01:00:00,31.9243883162333
2025-07-25 02:00:00,30.094720537158167
2025-07-25 03:00:00,25.59041053212218
2025-07-25 04:00:00,20.70636211674686
2025-07-25 05:00:00,17.765342151622743
2025-07-25 06:00:00,16.463219289288695
2025-07-25 07:00:00,14.525266451412566
2025-07-25 08:00:00,11.257725168392867
2025-07-25 09:00:00,3.9582603503750433
2025-07-25 10:00:00,2.9441940232223036
2025-07-25 11:00:00,5.689697269270995
2025-07-25 12:00:00,8.620372898642934
2025-07-25 13:00:00,12.14113857835069
2025-07-25 14:00:00,15.436170414351247
2025-07-25 15:00:00,22.177653826633296
2025-07-25 16:00:00,23.034928554087926
2025-07-25 17:00:00,24.897245037096436
2025-07-25 18:00:00,26.753833115424513
2025-07-25 19:00:00,31.924266394423604
2025-07-25 20:00:00,34.967840922766534
2025-07-25 21:00:00,35.20368697815452
2025-07-25 22:00:00,35.18366910969169
2025-07-25 23:00:00,34.996900015094425
2025-07-26 00:00:00,34.52747161057775
2025-07-26 01:00:00,33.53160106519212
2025-07-26 02:00:00,31.310009808719695
2025-07-26 03:00:00,27.47778822371792
2025-07-26 04:00:00,24.042930942425713
2025-07-26 05:00:00,21.66262882986589
2025-07-26 06:00:00,19.83250670953626
2025-07-26 07:00:00,18.283966525127376
2025-07-26 08:00:00,16.566559426154033
2025-07-26 09:00:00,10.310920521019955
2025-07-26 10:00:00,13.35182274360161
2025-07-26 11:00:00,12.43619979765825
2025-07-26 12:00:00,14.602816819970922
2025-07-26 13:00:00,20.34290646172868
2025-07-26 14:00:00,21.179641534638343
2025-07-26 15:00:00,25.586229766184367
2025-07-26 16:00:00,26.406657827759613
2025-07-26 17:00:00,29.19068354036904
2025-07-26 18:00:00,31.75650830166546
2025-07-26 19:00:00,34.43540854486814
2025-07-26 20:00:00,36.74634402348108
2025-07-26 21:00:00,36.26394249612035
2025-07-26 22:00:00,34.34565795274721
2025-07-26 23:00:00,31.925365402174016
2025-07-27 00:00:00,30.816794128314907
2025-07-27 01:00:00,30.40180588993257
2025-07-27 02:00:00,27.975140214280394
2025-07-27 03:00:00,24.993387315604974
2025-07-27 04:00:00,22.65719783834254
2025-07-27 05:00:00,20.25659513835406
2025-07-27 06:00:00,19.41381818962886
2025-07-27 07:00:00,18.2347219152114
2025-07-27 08:00:00,18.30681361767016
2025-07-27 09:00:00,15.534196315524651
2025-07-27 10:00:00,11.921100293155233
2025-07-27 11:00:00,12.185361182797367
2025-07-27 12:00:00,17.317471288766086
2025-07-27 13:00:00,17.5928774305587
2025-07-27 14:00:00,18.864061541358147
2025-07-27 15:00:00,21.241983413853767
2025-07-27 16:00:00,23.902841566946307
2025-07-27 17:00:00,27.0815524681059
2025-07-27 18:00:00,25.90621255883443
2025-07-27 19:00:00,30.10982463181422
2025-07-27 20:00:00,34.282388308278726
2025-07-27 21:00:00,33.67056154094654
2025-07-27 22:00:00,31.497391233121665
2025-07-27 23:00:00,29.891871469027162
2025-07-28 00:00:00,29.530710899331794
2025-07-28 01:00:00,28.564986309090727
2025-07-28 02:00:00,27.13208127117945
2025-07-28 03:00:00,23.45529107639344
2025-07-28 04:00:00,20.265825083918777
2025-07-28 05:00:00,17.380608607458438
2025-07-28 06:00:00,17.31113476750472
2025-07-28 07:00:00,16.941370305816907
2025-07-28 08:00:00,14.402129613604348
2025-07-28 09:00:00,9.795038576036635
2025-07-28 10:00:00,4.723757545918259
2025-07-28 11:00:00,7.817985691672144
2025-07-28 12:00:00,10.576636091585305
2025-07-28 13:00:00,12.069091568278763
2025-07-28 14:00:00,15.795677517820403
2025-07-28 15:00:00,19.037177162092124
2025-07-28 16:00:00,22.97045757410988
2025-07-28 17:00:00,24.318559356990892
2025-07-28 18:00:00,24.674433880463493
2025-07-28 19:00:00,29.411914340212128
2025-07-28 20:00:00,33.76154609053024
2025-07-28 21:00:00,35.011104482669886
2025-07-28 22:00:00,32.35130331964556
2025-07-28 23:00:00,30.783484464105914
2025-07-29 00:00:00,29.413375152598935
2025-07-29 01:00:00,29.19488375750983
2025-07-29 02:00:00,27.67717923351419
2025-07-29 03:00:00,23.06450296038539
2025-07-29 04:00:00,19.733461851742312
2025-07-29 05:00:00,17.664913999396745
2025-07-29 06:00:00,16.817712316764908
2025-07-29 07:00:00,15.419384328584798
2025-07-29 08:00:00,10.933613048282496
2025-07-29 09:00:00,5.1380138194216185
2025-07-29 10:00:00,3.143038734284753
2025-07-29 11:00:00,5.085356996187164
2025-07-29 12:00:00,10.843240197996945
2025-07-29 13:00:00,14.14710724945594
2025-07-29 14:00:00,18.531259374000395
2025-07-29 15:00:00,27.69101360208019
2025-07-29 16:00:00,32.42723389703994
2025-07-29 17:00:00,30.415618821336874
2025-07-29 18:00:00,30.287086158720406
2025-07-29 19:00:00,34.46111042492243
2025-07-29 20:00:00,37.06034744662644
2025-07-29 21:00:00,37.751422281758636
2025-07-29 22:00:00,36.70929978549043
2025-07-29 23:00:00,35.52834714829258
2025-07-30 00:00:00,34.2255760141751
2025-07-30 01:00:00,31.705174802771936
2025-07-30 02:00:00,29.36382735350664
2025-07-30 03:00:00,26.88504800358315
2025-07-30 04:00:00,23.278029637770736
2025-07-30 05:00:00,20.70177534836738
2025-07-30 06:00:00,18.26174346754283
2025-07-30 07:00:00,16.16882192381143
2025-07-30 08:00:00,12.422241639692094
2025-07-30 09:00:00,6.370003714667035
2025-07-30 10:00:00,2.8836189610934073
2025-07-30 11:00:00,5.0477084847015465
2025-07-30 12:00:00,9.145621956678049
2025-07-30 13:00:00,12.203449591426873
2025-07-30 14:00:00,23.30252143421125
2025-07-30 15:00:00,32.346954198164084
2025-07-30 16:00:00,33.858810539596945
2025-07-30 17:00:00,29.603917417780963
2025-07-30 18:00:00,29.749850355422517
2025-07-30 19:00:00,33.715549484727454
2025-07-30 20:00:00,37.090126521220874
2025-07-30 21:00:00,38.20166004085379
2025-07-30 22:00:00,36.33449029953346
2025-07-30 23:00:00,35.19043469043888
2025-07-31 00:00:00,33.76801006032482
2025-07-31 01:00:00,31.879490275375904
2025-07-31 02:00:00,30.316322415430054
2025-07-31 03:00:00,26.12715484175667
2025-07-31 04:00:00,23.19792460220657
2025-07-31 05:00:00,20.524573501939766
2025-07-31 06:00:00,18.754282824756583
2025-07-31 07:00:00,16.920887538984054
2025-07-31 08:00:00,12.5256501963171
2025-07-31 09:00:00,6.606390920856206
2025-07-31 10:00:00,5.343300073030788
2025-07-31 11:00:00,6.847460887876308
2025-07-31 12:00:00,11.239393659287959
2025-07-31 13:00:00,13.940488096671906
2025-07-31 14:00:00,38.69876987125356
2025-07-31 15:00:00,62.2880730784554
2025-07-31 16:00:00,44.595389002607746
2025-07-31 17:00:00,37.399554964649525
2025-07-31 18:00:00,33.13637330767381
2025-07-31 19:00:00,35.859318755354614
2025-07-31 20:00:00,39.00212755168139
2025-07-31 21:00:00,39.68892741279166
2025-07-31 22:00:00,38.12814987352735
2025-07-31 23:00:00,36.15737231231012
2025-08-01 00:00:00,34.48151710019161
2025-08-01 01:00:00,34.10728110186404
2025-08-01 02:00:00,31.13756065563909
2025-08-01 03:00:00,28.48729924812066
2025-08-01 04:00:00,25.48265164552205
2025-08-01 05:00:00,23.458720629171047
2025-08-01 06:00:00,21.874855466845965
2025-08-01 07:00:00,20.52805006353366
2025-08-01 08:00:00,16.707368254821777
2025-08-01 09:00:00,9.692250863819476
2025-08-01 10:00:00,8.468787463110163
2025-08-01 11:00:00,11.277390295794854
2025-08-01 12:00:00,13.90909884755854
2025-08-01 13:00:00,15.954979216830756
2025-08-01 14:00:00,33.11811469467875
2025-08-01 15:00:00,48.24955937466544
2025-08-01 16:00:00,49.16119080772134
2025-08-01 17:00:00,47.603188222868305
2025-08-01 18:00:00,36.725630035756815
2025-08-01 19:00:00,37.42275410683061
2025-08-01 20:00:00,42.06191215489768
2025-08-01 21:00:00,42.72349534896665
2025-08-01 22:00:00,43.466841548116
2025-08-01 23:00:00,41.97482150030394
2025-08-02 00:00:00,40.60166267162263
2025-08-02 01:00:00,39.02279843897631
2025-08-02 02:00:00,36.78682790317871
2025-08-02 03:00:00,32.884693654125684
2025-08-02 04:00:00,28.63246128264676
2025-08-02 05:00:00,25.220569064879264
2025-08-02 06:00:00,23.473247019764855
2025-08-02 07:00:00,21.77293898212357
2025-08-02 08:00:00,18.737326126323882
2025-08-02 09:00:00,13.421226357499727
2025-08-02 10:00:00,10.364395856190136
2025-08-02 11:00:00,13.288896186177043
2025-08-02 12:00:00,21.704360088365103
2025-08-02 13:00:00,20.910929616104323
2025-08-02 14:00:00,38.23215351109797
2025-08-02 15:00:00,39.92646994257849
2025-08-02 16:00:00,45.30529206404802
2025-08-02 17:00:00,43.587428917192035
2025-08-02 18:00:00,36.88618685404377
2025-08-02 19:00:00,38.75334408648461
2025-08-02 20:00:00,44.10464790465004
2025-08-02 21:00:00,42.19928801822331
2025-08-02 22:00:00,39.65070825807673
2025-08-02 23:00:00,37.19362545386691
2025-08-03 00:00:00,34.816938706378245
2025-08-03 01:00:00,34.70367568453611
2025-08-03 02:00:00,34.187828078810384
2025-08-03 03:00:00,28.942199021485813
2025-08-03 04:00:00,26.221495062847758
2025-08-03 05:00:00,23.25699252653677
2025-08-03 06:00:00,21.871153579659556
2025-08-03 07:00:00,20.363446236565554
2025-08-03 08:00:00,15.889017958747592
2025-08-03 09:00:00,9.589660709055325
2025-08-03 10:00:00,6.194172151507575
2025-08-03 11:00:00,10.622319941315753
2025-08-03 12:00:00,16.509601002326907
2025-08-03 13:00:00,17.45517807841238
2025-08-03 14:00:00,25.825309373259884
2025-08-03 15:00:00,26.515793999412764
2025-08-03 16:00:00,28.210300639069885
2025-08-03 17:00:00,28.363352999122228
2025-08-03 18:00:00,28.86558803090023
2025-08-03 19:00:00,30.630407337257132
2025-08-03 20:00:00,33.1804276640842
2025-08-03 21:00:00,33.854811993474755
2025-08-03 22:00:00,31.397129936297564
2025-08-03 23:00:00,31.313410329155875
2025-08-04 00:00:00,30.701201156191715
2025-08-04 01:00:00,29.841099773248672
2025-08-04 02:00:00,28.745816672394394
2025-08-04 03:00:00,25.070708437661942
2025-08-04 04:00:00,21.881419237827494
2025-08-04 05:00:00,20.034994796323083
2025-08-04 06:00:00,18.473650321370304
2025-08-04 07:00:00,16.12232387836199
2025-08-04 08:00:00,11.67499676116039
2025-08-04 09:00:00,4.029187759333467
2025-08-04 10:00:00,3.05169980529959
2025-08-04 11:00:00,5.35283758315043
2025-08-04 12:00:00,7.073876423298375
2025-08-04 13:00:00,14.468761653750224
2025-08-04 14:00:00,21.227389267916998
2025-08-04 15:00:00,31.85757309560092
2025-08-04 16:00:00,32.909119009334425
2025-08-04 17:00:00,27.168375611606418
2025-08-04 18:00:00,27.749347501492295
2025-08-04 19:00:00,32.701376457106754
2025-08-04 20:00:00,36.38567974426101
2025-08-04 21:00:00,38.258386556098245
2025-08-04 22:00:00,36.16541449973283
2025-08-04 23:00:00,33.65541768097056
2025-08-05 00:00:00,32.63863865735511
2025-08-05 01:00:00,31.426144232234567
2025-08-05 02:00:00,29.187153112573412
2025-08-05 03:00:00,26.307219844448156
2025-08-05 04:00:00,24.79206754799587
2025-08-05 05:00:00,22.093571318855567
2025-08-05 06:00:00,19.95079815183097
2025-08-05 07:00:00,17.5549791531507
2025-08-05 08:00:00,14.995320734545794
2025-08-05 09:00:00,9.779773987948241
2025-08-05 10:00:00,8.524505212697187
2025-08-05 11:00:00,8.354946807191007
2025-08-05 12:00:00,12.000918734809858
2025-08-05 13:00:00,14.267313294353135
2025-08-05 14:00:00,17.40102307915126
2025-08-05 15:00:00,20.071987414802813
2025-08-05 16:00:00,21.014889267089607
2025-08-05 17:00:00,19.984368115099265
2025-08-05 18:00:00,21.99607509694369
2025-08-05 19:00:00,28.559728527297278
2025-08-05 20:00:00,33.46527474349854
2025-08-05 21:00:00,33.81979972888369
2025-08-05 22:00:00,31.937650822639803
2025-08-05 23:00:00,30.89347306493768
2025-08-06 00:00:00,30.18312840324513
2025-08-06 01:00:00,29.06193266940844
2025-08-06 02:00:00,27.025919080216774
2025-08-06 03:00:00,23.128470988074284
2025-08-06 04:00:00,19.42563992689636
2025-08-06 05:00:00,18.171151189532203
2025-08-06 06:00:00,16.56027366656086
2025-08-06 07:00:00,14.093621964926765
2025-08-06 08:00:00,9.238517859979549
2025-08-06 09:00:00,5.7964568402530965
2025-08-06 10:00:00,2.2286670223541547
2025-08-06 11:00:00,4.550989748683138
2025-08-06 12:00:00,9.671565336476487
2025-08-06 13:00:00,14.15457880857808
2025-08-06 14:00:00,19.021210615755773
2025-08-06 15:00:00,23.049276367395603
2025-08-06 16:00:00,23.916765454913026
2025-08-06 17:00:00,25.111244505155234
2025-08-06 18:00:00,27.92373797682809
2025-08-06 19:00:00,33.35502763133203
2025-08-06 20:00:00,37.59168869375062
2025-08-06 21:00:00,37.09025975947353
2025-08-06 22:00:00,34.82100137182323
2025-08-06 23:00:00,33.749133439117784
2025-08-07 00:00:00,32.126952653973504
2025-08-07 01:00:00,30.83968880830336
2025-08-07 02:00:00,28.168461170730076
2025-08-07 03:00:00,24.000789567412564
2025-08-07 04:00:00,20.828231426065997
2025-08-07 05:00:00,18.436592668989277
2025-08-07 06:00:00,17.48489884963182
2025-08-07 07:00:00,15.722006217001892
2025-08-07 08:00:00,11.42009372571925
2025-08-07 09:00:00,7.681754855669386
2025-08-07 10:00:00,2.9794258100926236
2025-08-07 11:00:00,5.681608796246488
2025-08-07 12:00:00,9.655804994143919
2025-08-07 13:00:00,13.79290142847996
2025-08-07 14:00:00,19.61155841355611
2025-08-07 15:00:00,28.16624116406955
2025-08-07 16:00:00,35.45463062487361
2025-08-07 17:00:00,27.580813498841138
2025-08-07 18:00:00,27.87807120855452
2025-08-07 19:00:00,33.120867661052365
2025-08-07 20:00:00,35.85667218768175
2025-08-07 21:00:00,36.111845693998184
2025-08-07 22:00:00,34.36061679597846
2025-08-07 23:00:00,32.480925618820734
2025-08-08 00:00:00,32.28561716064038
2025-08-08 01:00:00,30.56537818778284
2025-08-08 02:00:00,28.974020105442825
2025-08-08 03:00:00,24.87123162971908
2025-08-08 04:00:00,22.55145084777528
2025-08-08 05:00:00,20.180420323265803
2025-08-08 06:00:00,19.387410483955144
2025-08-08 07:00:00,17.406804585836667
2025-08-08 08:00:00,11.641947724426798
2025-08-08 09:00:00,6.135876319616691
2025-08-08 10:00:00,3.460425543509918
2025-08-08 11:00:00,4.64096325091758
2025-08-08 12:00:00,8.09696556908933
2025-08-08 13:00:00,11.932308915056339
2025-08-08 14:00:00,18.61020982069863
2025-08-08 15:00:00,33.77862349551777
2025-08-08 16:00:00,34.131484631466556
2025-08-08 17:00:00,26.8100810186535
2025-08-08 18:00:00,28.781802127401793
2025-08-08 19:00:00,32.780384054117825
2025-08-08 20:00:00,35.266576684839684
2025-08-08 21:00:00,36.079325561011466
2025-08-08 22:00:00,34.01197393871324
2025-08-08 23:00:00,33.00559172581074
2025-08-09 00:00:00,31.879491251706277
2025-08-09 01:00:00,30.07607740154376
2025-08-09 02:00:00,28.4380960870818
2025-08-09 03:00:00,24.611343900435035
2025-08-09 04:00:00,21.111599177372657
2025-08-09 05:00:00,19.097451444225943
2025-08-09 06:00:00,17.595803651770396
2025-08-09 07:00:00,14.746806440365154
2025-08-09 08:00:00,10.010792724540114
2025-08-09 09:00:00,4.62800936769169
2025-08-09 10:00:00,2.081479667311313
2025-08-09 11:00:00,2.8113763884395073
2025-08-09 12:00:00,6.314100865774857
2025-08-09 13:00:00,11.171388820809717
2025-08-09 14:00:00,16.153817628006134
2025-08-09 15:00:00,27.276747496099475
2025-08-09 16:00:00,24.78326240407516
2025-08-09 17:00:00,25.07024925618108
2025-08-09 18:00:00,27.24123883636388
2025-08-09 19:00:00,32.16434167028064
2025-08-09 20:00:00,35.339630689937636
2025-08-09 21:00:00,35.33414714443175
2025-08-09 22:00:00,33.702488460554484
2025-08-09 23:00:00,32.70701525893475
2025-08-10 00:00:00,30.60450350141912
2025-08-10 01:00:00,29.74188830681107
2025-08-10 02:00:00,27.706827950256926
2025-08-10 03:00:00,23.883871988708048
2025-08-10 04:00:00,20.520686881094573
2025-08-10 05:00:00,17.193038686747588
2025-08-10 06:00:00,16.0230967781508
2025-08-10 07:00:00,14.249060045573128
2025-08-10 08:00:00,10.393422585081376
2025-08-10 09:00:00,3.9323125468252598
2025-08-10 10:00:00,-1.573612952905325
2025-08-10 11:00:00,0.2862576107544928
2025-08-10 12:00:00,5.853150678114338
2025-08-10 13:00:00,10.199200435161355
2025-08-10 14:00:00,15.276561622528156
2025-08-10 15:00:00,18.76308348423822
2025-08-10 16:00:00,19.946085963390203
2025-08-10 17:00:00,21.824154304042228
2025-08-10 18:00:00,24.968657405974085
2025-08-10 19:00:00,31.11871990684396
2025-08-10 20:00:00,34.18947619906874
2025-08-10 21:00:00,33.42024267029041
2025-08-10 22:00:00,31.727703994527857
2025-08-10 23:00:00,30.599771577055158
2025-08-11 00:00:00,30.3977088760073
2025-08-11 01:00:00,29.25877586544122
2025-08-11 02:00:00,28.37672085842171
2025-08-11 03:00:00,24.527831280548476
2025-08-11 04:00:00,21.853885500358754
2025-08-11 05:00:00,19.611153628212893
2025-08-11 06:00:00,19.765674798857614
2025-08-11 07:00:00,17.730038084079467
2025-08-11 08:00:00,12.744106590817069
2025-08-11 09:00:00,7.099871885218091
2025-08-11 10:00:00,4.448973068538655
2025-08-11 11:00:00,8.168840156462487
2025-08-11 12:00:00,8.980712627855326
2025-08-11 13:00:00,11.330490614446822
2025-08-11 14:00:00,16.327313112999384
2025-08-11 15:00:00,20.261442606273796
2025-08-11 16:00:00,22.447184070023646
2025-08-11 17:00:00,23.3458933042176
2025-08-11 18:00:00,27.495694538098203
2025-08-11 19:00:00,33.47374209388522
2025-08-11 20:00:00,38.382606265009194
2025-08-11 21:00:00,39.66917549133628
2025-08-11 22:00:00,36.50970491587089
2025-08-11 23:00:00,36.616610512308576
2025-08-12 00:00:00,34.53011487444067
2025-08-12 01:00:00,34.022515419325934
2025-08-12 02:00:00,31.65615974798567
2025-08-12 03:00:00,27.20913639763601
2025-08-12 04:00:00,24.291263410564486
2025-08-12 05:00:00,22.30719528619411
2025-08-12 06:00:00,21.863844235178973
2025-08-12 07:00:00,21.194668210500122
2025-08-12 08:00:00,15.215697249952088
2025-08-12 09:00:00,10.572019740553563
2025-08-12 10:00:00,7.876251862678997
2025-08-12 11:00:00,10.920639002640078
2025-08-12 12:00:00,12.741798568064908
2025-08-12 13:00:00,15.57542118158007
2025-08-12 14:00:00,24.25181514771996
2025-08-12 15:00:00,28.607271855856553
2025-08-12 16:00:00,33.69664575975565
2025-08-12 17:00:00,35.7451586387728
2025-08-12 18:00:00,34.38603382897336
2025-08-12 19:00:00,37.46037368915534
2025-08-12 20:00:00,39.70362432766058
2025-08-12 21:00:00,39.781545390436605
2025-08-12 22:00:00,37.89470846034348
2025-08-12 23:00:00,35.877996359309314
2025-08-13 00:00:00,35.75096591894845
2025-08-13 01:00:00,35.499225435370114
2025-08-13 02:00:00,32.66800293712095
2025-08-13 03:00:00,28.381286347801705
2025-08-13 04:00:00,24.533693912626365
2025-08-13 05:00:00,23.184694388074178
2025-08-13 06:00:00,22.62216986226889
2025-08-13 07:00:00,20.124953904982835
2025-08-13 08:00:00,16.471613742197164
2025-08-13 09:00:00,10.94419962544313
2025-08-13 10:00:00,8.84992260690024
2025-08-13 11:00:00,11.273406990472274
2025-08-13 12:00:00,13.590849852405194
2025-08-13 13:00:00,21.601583831526955
2025-08-13 14:00:00,29.433714216660125
2025-08-13 15:00:00,31.138121725105748
2025-08-13 16:00:00,34.22723920910676
2025-08-13 17:00:00,35.62683138823988
2025-08-13 18:00:00,35.67366138073024
2025-08-13 19:00:00,39.53225187371115
2025-08-13 20:00:00,41.42090487045142
2025-08-13 21:00:00,39.60909254838877
2025-08-13 22:00:00,36.09564616866513
2025-08-13 23:00:00,34.86252937212822
2025-08-14 00:00:00,34.82863462277093
2025-08-14 01:00:00,35.328079658883986
2025-08-14 02:00:00,33.66507517438521
2025-08-14 03:00:00,27.161072808172104
2025-08-14 04:00:00,24.2485885285032
2025-08-14 05:00:00,23.325691597618952
2025-08-14 06:00:00,21.98454586867534
2025-08-14 07:00:00,20.270027135286195
2025-08-14 08:00:00,18.165378439466373
2025-08-14 09:00:00,12.983217352000082
2025-08-14 10:00:00,10.637280526922932
2025-08-14 11:00:00,15.090172444448987
2025-08-14 12:00:00,17.788958393874452
2025-08-14 13:00:00,22.227344585469663
2025-08-14 14:00:00,28.994519154680685
2025-08-14 15:00:00,31.411350018665328
2025-08-14 16:00:00,30.11331695302303
2025-08-14 17:00:00,27.828340908035152
2025-08-14 18:00:00,30.481874682217054
2025-08-14 19:00:00,36.36243522322863
2025-08-14 20:00:00,40.21696960550597
2025-08-14 21:00:00,39.84404411589687
2025-08-14 22:00:00,37.252874072737804
2025-08-14 23:00:00,36.802469093621276
2025-08-15 00:00:00,34.765928590492926
2025-08-15 01:00:00,33.61478445260378
2025-08-15 02:00:00,31.28095674730461
2025-08-15 03:00:00,26.324193679436714
2025-08-15 04:00:00,23.287149956475524
2025-08-15 05:00:00,21.303809105940218
2025-08-15 06:00:00,19.938913831470824
2025-08-15 07:00:00,18.508948910294013
2025-08-15 08:00:00,16.434911512071846
2025-08-15 09:00:00,9.793081979809257
2025-08-15 10:00:00,7.795591770203523
2025-08-15 11:00:00,10.908056870734514
2025-08-15 12:00:00,13.122508753759991
2025-08-15 13:00:00,16.505267118401974
2025-08-15 14:00:00,23.124785007397797
2025-08-15 15:00:00,30.967158829768852
2025-08-15 16:00:00,34.528316248169986
2025-08-15 17:00:00,28.850972300408063
2025-08-15 18:00:00,30.471933478278586
2025-08-15 19:00:00,35.73573995097829
2025-08-15 20:00:00,37.57653986662126
2025-08-15 21:00:00,37.23496296329277
2025-08-15 22:00:00,35.26355094397985
2025-08-15 23:00:00,34.62178040580318
2025-08-16 00:00:00,33.263229422969566
2025-08-16 01:00:00,33.91013273298643
2025-08-16 02:00:00,32.10291625008026
2025-08-16 03:00:00,26.97606261928548
2025-08-16 04:00:00,22.684334997675375
2025-08-16 05:00:00,20.936825594939034
2025-08-16 06:00:00,20.003729427970345
2025-08-16 07:00:00,17.87721921506617
2025-08-16 08:00:00,13.846408989750396
2025-08-16 09:00:00,9.23494105128381
2025-08-16 10:00:00,5.579586708923476
2025-08-16 11:00:00,8.621177415625818
2025-08-16 12:00:00,11.246561701040577
2025-08-16 13:00:00,15.000273600952701
2025-08-16 14:00:00,21.063790235203296
2025-08-16 15:00:00,27.47950812076458
2025-08-16 16:00:00,30.33064605966914
2025-08-16 17:00:00,27.62432955382481
2025-08-16 18:00:00,27.482166159158737
2025-08-16 19:00:00,30.367814833873986
2025-08-16 20:00:00,33.70030192291249
2025-08-16 21:00:00,33.66560222632677
2025-08-16 22:00:00,31.831739815454206
2025-08-16 23:00:00,30.355141457920492
2025-08-17 00:00:00,28.22336295346014
2025-08-17 01:00:00,27.692124254432677
2025-08-17 02:00:00,26.413628984094068
2025-08-17 03:00:00,23.112752365411747
2025-08-17 04:00:00,20.6357325517237
2025-08-17 05:00:00,19.286081549500302
2025-08-17 06:00:00,19.090391507799296
2025-08-17 07:00:00,17.44296781811355
2025-08-17 08:00:00,17.23485976490947
2025-08-17 09:00:00,10.77325240289585
2025-08-17 10:00:00,7.234330631756178
2025-08-17 11:00:00,9.673142478041774
2025-08-17 12:00:00,12.714618111685837
2025-08-17 13:00:00,15.585036212948458
2025-08-17 14:00:00,22.108172262930307
2025-08-17 15:00:00,29.24437660701278
2025-08-17 16:00:00,34.69435391038214
2025-08-17 17:00:00,29.66889394719999
2025-08-17 18:00:00,28.32694886337297
2025-08-17 19:00:00,32.947355316614924
2025-08-17 20:00:00,36.39938830151316
2025-08-17 21:00:00,35.72334535052278
2025-08-17 22:00:00,33.94176939714747
2025-08-17 23:00:00,32.16623462460728
2025-08-18 00:00:00,31.587119462627008
2025-08-18 01:00:00,29.554985581495867
2025-08-18 02:00:00,27.948440245029524
2025-08-18 03:00:00,24.612724662485817
2025-08-18 04:00:00,21.71461480256638
2025-08-18 05:00:00,19.708708811026195
2025-08-18 06:00:00,17.605784027806596
2025-08-18 07:00:00,18.129528897954373
2025-08-18 08:00:00,17.489996090016337
2025-08-18 09:00:00,8.57817964335699
2025-08-18 10:00:00,2.955950108846455
2025-08-18 11:00:00,5.882865282125555
2025-08-18 12:00:00,12.276718449435636
2025-08-18 13:00:00,15.769943112644789
2025-08-18 14:00:00,25.288494114281637
2025-08-18 15:00:00,27.98418595049316
2025-08-18 16:00:00,36.285778152349046
2025-08-18 17:00:00,34.93208425337694
2025-08-18 18:00:00,32.44570361489608
2025-08-18 19:00:00,36.57552761350408
2025-08-18 20:00:00,38.78225009208258
2025-08-18 21:00:00,37.94797537674014
2025-08-18 22:00:00,36.99861673309434
2025-08-18 23:00:00,35.414937835134936
2025-08-19 00:00:00,34.474465644249385
2025-08-19 01:00:00,33.502604452496946
2025-08-19 02:00:00,32.0810432397434
2025-08-19 03:00:00,26.042806018787317
2025-08-19 04:00:00,22.70087357079979
2025-08-19 05:00:00,21.293901721472043
2025-08-19 06:00:00,19.7641040926535
2025-08-19 07:00:00,19.0879067271188
2025-08-19 08:00:00,15.735886692116523
2025-08-19 09:00:00,7.210678233608457
2025-08-19 10:00:00,5.916561387926445
2025-08-19 11:00:00,9.249371521671476
2025-08-19 12:00:00,13.181944849937672
2025-08-19 13:00:00,14.995140639873163
2025-08-19 14:00:00,28.15624977418825
2025-08-19 15:00:00,33.80982860345558
2025-08-19 16:00:00,41.69578612287563
2025-08-19 17:00:00,37.03702005529775
2025-08-19 18:00:00,38.41901702419486
2025-08-19 19:00:00,40.20920171285289
2025-08-19 20:00:00,42.15860789344445
2025-08-19 21:00:00,41.3509176066099
2025-08-19 22:00:00,41.28188153413907
2025-08-19 23:00:00,40.9093101983331
2025-08-20 00:00:00,38.39232922534848
2025-08-20 01:00:00,40.856198177133415
2025-08-20 02:00:00,37.86732776538973
2025-08-20 03:00:00,31.107281050374382
2025-08-20 04:00:00,27.250595032808796
2025-08-20 05:00:00,25.64806786585057
2025-08-20 06:00:00,25.0057359234926
2025-08-20 07:00:00,23.25296530626273
2025-08-20 08:00:00,22.912372856651942
2025-08-20 09:00:00,16.432816962573437
2025-08-20 10:00:00,16.88504594326568
2025-08-20 11:00:00,20.508687242128595
2025-08-20 12:00:00,23.93827356737391
2025-08-20 13:00:00,22.49046402002841
2025-08-20 14:00:00,33.513133933786555
2025-08-20 15:00:00,39.50470596159225
2025-08-20 16:00:00,42.34813747326259
2025-08-20 17:00:00,46.67059943022853
2025-08-20 18:00:00,44.011612287730635
2025-08-20 19:00:00,41.65406685458802
2025-08-20 20:00:00,43.5233198447346
2025-08-20 21:00:00,41.51596163573058
2025-08-20 22:00:00,38.74934759426665
2025-08-20 23:00:00,37.9705101404609
2025-08-21 00:00:00,35.40916583990291
2025-08-21 01:00:00,36.44024299422641
2025-08-21 02:00:00,33.7885299702952
2025-08-21 03:00:00,28.574680953783865
2025-08-21 04:00:00,26.002097976167633
2025-08-21 05:00:00,24.246715152741306
2025-08-21 06:00:00,21.839880798679307
2025-08-21 07:00:00,19.60410014854418
2025-08-21 08:00:00,17.826331269698624
2025-08-21 09:00:00,10.46146147647703
2025-08-21 10:00:00,10.344504223070638
2025-08-21 11:00:00,15.434533841095059
2025-08-21 12:00:00,21.959740273580948
2025-08-21 13:00:00,20.407771602858862
2025-08-21 14:00:00,31.99926588468143
2025-08-21 15:00:00,41.45360882721801
2025-08-21 16:00:00,67.03851246643002
2025-08-21 17:00:00,45.71104782551788
2025-08-21 18:00:00,38.494801799808286
2025-08-21 19:00:00,38.77566615013928
2025-08-21 20:00:00,41.644075521695115
2025-08-21 21:00:00,40.35254670817633
2025-08-21 22:00:00,39.995531659790515
2025-08-21 23:00:00,37.21528344577563
2025-08-22 00:00:00,34.403884343082716
2025-08-22 01:00:00,33.249208398129184
2025-08-22 02:00:00,32.601351339296436
2025-08-22 03:00:00,27.737281569710312
2025-08-22 04:00:00,24.227520917697777
2025-08-22 05:00:00,22.328963893433926
2025-08-22 06:00:00,20.53898601229036
2025-08-22 07:00:00,20.545191061647696
2025-08-22 08:00:00,17.536825898169784
2025-08-22 09:00:00,10.544853705849214
2025-08-22 10:00:00,9.83656670049119
2025-08-22 11:00:00,14.430786702113098
2025-08-22 12:00:00,19.351791375860078
2025-08-22 13:00:00,21.612217175534024
2025-08-22 14:00:00,30.02672242043208
2025-08-22 15:00:00,34.49881509095814
2025-08-22 16:00:00,46.126848779770974
2025-08-22 17:00:00,37.96418655376081
2025-08-22 18:00:00,36.682497969901064
2025-08-22 19:00:00,38.99375726144073
2025-08-22 20:00:00,41.677158337685256
2025-08-22 21:00:00,39.816538847098194
2025-08-22 22:00:00,37.215277380985405
2025-08-22 23:00:00,34.878593258222516
2025-08-23 00:00:00,33.917585519168185
2025-08-23 01:00:00,32.530195603423806
2025-08-23 02:00:00,32.48075737611651
2025-08-23 03:00:00,25.90687577119988
2025-08-23 04:00:00,22.266893526335174
2025-08-23 05:00:00,21.409371919949
2025-08-23 06:00:00,20.57202074779579
2025-08-23 07:00:00,19.112559540821746
2025-08-23 08:00:00,16.607258937493935
2025-08-23 09:00:00,11.508003456032245
2025-08-23 10:00:00,9.493146352987402
2025-08-23 11:00:00,12.176279634051781
2025-08-23 12:00:00,15.417288954401675
2025-08-23 13:00:00,19.17160594485225
2025-08-23 14:00:00,25.520335007334065
2025-08-23 15:00:00,30.337035628716507
2025-08-23 16:00:00,26.72309736851998
2025-08-23 17:00:00,27.83803439371061
2025-08-23 18:00:00,29.58338021078134
2025-08-23 19:00:00,34.80458443424025
2025-08-23 20:00:00,38.204630540823054
2025-08-23 21:00:00,37.96948682175875
2025-08-23 22:00:00,35.60879335586304
2025-08-23 23:00:00,33.68847541160883
2025-08-24 00:00:00,32.058144258308694
2025-08-24 01:00:00,30.991652752522132
2025-08-24 02:00:00,29.808108965238645
2025-08-24 03:00:00,25.71310036537521
2025-08-24 04:00:00,22.30935925242006
2025-08-24 05:00:00,19.92027929125615
2025-08-24 06:00:00,18.562566487557838
2025-08-24 07:00:00,17.26451198775793
2025-08-24 08:00:00,14.1254438070557
2025-08-24 09:00:00,5.567693629962807
2025-08-24 10:00:00,1.3911203216452581
2025-08-24 11:00:00,5.507970863539228
2025-08-24 12:00:00,9.717069305749591
2025-08-24 13:00:00,14.566805120155687
2025-08-24 14:00:00,22.52655805270738
2025-08-24 15:00:00,37.296829541931444
2025-08-24 16:00:00,35.06995858742001
2025-08-24 17:00:00,30.17465854689297
2025-08-24 18:00:00,31.882651488274746
2025-08-24 19:00:00,37.55374705733708
2025-08-24 20:00:00,39.63886050056516
2025-08-24 21:00:00,39.47385814797616
2025-08-24 22:00:00,37.76669293537709
2025-08-24 23:00:00,35.10962936181265
2025-08-25 00:00:00,33.99005239529222
2025-08-25 01:00:00,32.07546937740002
2025-08-25 02:00:00,29.94124041440591
2025-08-25 03:00:00,26.438347062225304
2025-08-25 04:00:00,23.24047201218424
2025-08-25 05:00:00,21.303557539258513
2025-08-25 06:00:00,20.239705663728163
2025-08-25 07:00:00,19.490476910477394
2025-08-25 08:00:00,16.618322068582046
2025-08-25 09:00:00,10.283410035248506
2025-08-25 10:00:00,5.4921415511217875
2025-08-25 11:00:00,7.5626145005633525
2025-08-25 12:00:00,14.379900639735418
2025-08-25 13:00:00,19.45821648130245
2025-08-25 14:00:00,37.9301556205109
2025-08-25 15:00:00,41.257653534500676
2025-08-25 16:00:00,50.51881087394432
2025-08-25 17:00:00,37.4194863983853
2025-08-25 18:00:00,34.90447977047769
2025-08-25 19:00:00,40.31725084645887
2025-08-25 20:00:00,44.65082326317315
2025-08-25 21:00:00,43.066894571464786
2025-08-25 22:00:00,41.50425119974037
2025-08-25 23:00:00,39.06103446036386
2025-08-26 00:00:00,36.47907388793294
2025-08-26 01:00:00,34.713313335281384
2025-08-26 02:00:00,31.712817597631222
2025-08-26 03:00:00,28.39328497397808
2025-08-26 04:00:00,24.07473995794882
2025-08-26 05:00:00,21.816268693372265
2025-08-26 06:00:00,18.929826893588437
2025-08-26 07:00:00,18.582424993711847
2025-08-26 08:00:00,16.019196421477204
2025-08-26 09:00:00,12.173850485366149
2025-08-26 10:00:00,8.408748040689021
2025-08-26 11:00:00,10.435959779344392
2025-08-26 12:00:00,16.380751514093827
2025-08-26 13:00:00,19.65004111581325
2025-08-26 14:00:00,31.47185973227589
2025-08-26 15:00:00,31.748446360531076
2025-08-26 16:00:00,33.73797570313581
2025-08-26 17:00:00,30.574104602653094
2025-08-26 18:00:00,33.03873744005905
2025-08-26 19:00:00,38.465397757549574
2025-08-26 20:00:00,41.27242203238617
2025-08-26 21:00:00,40.30588279125738
2025-08-26 22:00:00,37.47643997245924
2025-08-26 23:00:00,36.42745953334743
