timestamp,price_q70
2025-01-03 00:00:00,23.279232003368147
2025-01-03 01:00:00,22.99311730203409
2025-01-03 02:00:00,22.96753774801148
2025-01-03 03:00:00,16.72953054391158
2025-01-03 04:00:00,17.051723444307793
2025-01-03 05:00:00,18.20787760518561
2025-01-03 06:00:00,18.604258751563137
2025-01-03 07:00:00,19.706597584820113
2025-01-03 08:00:00,18.655852271984447
2025-01-03 09:00:00,14.260238667294345
2025-01-03 10:00:00,14.86993649049072
2025-01-03 11:00:00,24.66993055087305
2025-01-03 12:00:00,38.78831818364202
2025-01-03 13:00:00,43.75302834062645
2025-01-03 14:00:00,32.400862726742304
2025-01-03 15:00:00,22.594973528199045
2025-01-03 16:00:00,20.68418855703628
2025-01-03 17:00:00,23.426365801948823
2025-01-03 18:00:00,22.29350218276668
2025-01-03 19:00:00,21.454596567644344
2025-01-03 20:00:00,21.288053872008508
2025-01-03 21:00:00,20.703225058672345
2025-01-03 22:00:00,21.155112927823538
2025-01-03 23:00:00,21.506242946534815
2025-01-04 00:00:00,22.95816393672424
2025-01-04 01:00:00,21.8029737771214
2025-01-04 02:00:00,24.5857300778926
2025-01-04 03:00:00,18.75124220607197
2025-01-04 04:00:00,19.17304706375249
2025-01-04 05:00:00,19.57870248556391
2025-01-04 06:00:00,19.10023877654137
2025-01-04 07:00:00,17.274126425910225
2025-01-04 08:00:00,15.564768336225708
2025-01-04 09:00:00,11.249549754076952
2025-01-04 10:00:00,13.123441364208743
2025-01-04 11:00:00,22.891912103487066
2025-01-04 12:00:00,28.334539881935065
2025-01-04 13:00:00,24.99669009157188
2025-01-04 14:00:00,19.18174552286065
2025-01-04 15:00:00,14.84063036747984
2025-01-04 16:00:00,16.513119046499813
2025-01-04 17:00:00,20.287498106951993
2025-01-04 18:00:00,19.20217990593446
2025-01-04 19:00:00,17.415562229738622
2025-01-04 20:00:00,16.616110310665412
2025-01-04 21:00:00,16.301811343681283
2025-01-04 22:00:00,16.123515723858805
2025-01-04 23:00:00,16.739155628238326
2025-01-05 00:00:00,17.4071035238891
2025-01-05 01:00:00,15.838737179936514
2025-01-05 02:00:00,17.035673547161867
2025-01-05 03:00:00,11.817493861230478
2025-01-05 04:00:00,6.099716931909256
2025-01-05 05:00:00,3.9080905264871704
2025-01-05 06:00:00,1.970066866668236
2025-01-05 07:00:00,0.9698221011514792
2025-01-05 08:00:00,-3.846374426752555
2025-01-05 09:00:00,-6.687040576185656
2025-01-05 10:00:00,-5.478100596521506
2025-01-05 11:00:00,3.003408324619769
2025-01-05 12:00:00,8.897918492171064
2025-01-05 13:00:00,9.95264537873695
2025-01-05 14:00:00,8.586974801728061
2025-01-05 15:00:00,9.206068831434322
2025-01-05 16:00:00,6.373963258941505
2025-01-05 17:00:00,1.8341922096095913
2025-01-05 18:00:00,-2.230730370057663
2025-01-05 19:00:00,-4.198247937071981
2025-01-05 20:00:00,-4.240439366154431
2025-01-05 21:00:00,-4.664481486052864
2025-01-05 22:00:00,-4.1593923342280545
2025-01-05 23:00:00,-4.713075359325322
2025-01-06 00:00:00,-1.635027036874061
2025-01-06 01:00:00,-2.251536956272738
2025-01-06 02:00:00,-1.5107656405110566
2025-01-06 03:00:00,-5.850105624902431
2025-01-06 04:00:00,-10.185316855397993
2025-01-06 05:00:00,-9.445183136486646
2025-01-06 06:00:00,-7.879481737320824
2025-01-06 07:00:00,-2.7041667796871613
2025-01-06 08:00:00,-3.0157911633775796
2025-01-06 09:00:00,-7.6647853363469745
2025-01-06 10:00:00,-8.601566791987125
2025-01-06 11:00:00,3.1332835081901713
2025-01-06 12:00:00,12.380161455718955
2025-01-06 13:00:00,14.291052788049301
2025-01-06 14:00:00,14.699115824488139
2025-01-06 15:00:00,15.025649413172935
2025-01-06 16:00:00,17.225535341336787
2025-01-06 17:00:00,19.691042250750606
2025-01-06 18:00:00,19.423094915547548
2025-01-06 19:00:00,18.415741861968076
2025-01-06 20:00:00,19.481414717451624
2025-01-06 21:00:00,21.795970852853547
2025-01-06 22:00:00,23.16260701354818
2025-01-06 23:00:00,26.324864328670746
2025-01-07 00:00:00,30.60993911777215
2025-01-07 01:00:00,30.63286733931735
2025-01-07 02:00:00,30.038082333224143
2025-01-07 03:00:00,22.73598819645903
2025-01-07 04:00:00,22.26918596371173
2025-01-07 05:00:00,23.12909950846247
2025-01-07 06:00:00,23.673758212132423
2025-01-07 07:00:00,23.993257796054195
2025-01-07 08:00:00,19.052298588231512
2025-01-07 09:00:00,15.17543273252062
2025-01-07 10:00:00,19.18185162302786
2025-01-07 11:00:00,39.29819662177826
2025-01-07 12:00:00,42.92129561918205
2025-01-07 13:00:00,36.592281830547314
2025-01-07 14:00:00,33.02597644028615
2025-01-07 15:00:00,30.534952135139807
2025-01-07 16:00:00,31.28825389381532
2025-01-07 17:00:00,36.594864483489516
2025-01-07 18:00:00,35.28336136253445
2025-01-07 19:00:00,32.99749088868428
2025-01-07 20:00:00,31.800762857225266
2025-01-07 21:00:00,34.86481173585706
2025-01-07 22:00:00,37.16809351810702
2025-01-07 23:00:00,41.067418143502266
2025-01-08 00:00:00,46.65191999497068
2025-01-08 01:00:00,39.83387134446872
2025-01-08 02:00:00,36.39208390950304
2025-01-08 03:00:00,28.55608476311678
2025-01-08 04:00:00,25.646670504353647
2025-01-08 05:00:00,24.71120140373665
2025-01-08 06:00:00,23.945759807508782
2025-01-08 07:00:00,22.781764170429643
2025-01-08 08:00:00,19.525623236764194
2025-01-08 09:00:00,10.613546966090151
2025-01-08 10:00:00,18.46280191608343
2025-01-08 11:00:00,32.08360622018983
2025-01-08 12:00:00,33.88088948211479
2025-01-08 13:00:00,32.92262386769639
2025-01-08 14:00:00,30.09355753581713
2025-01-08 15:00:00,27.92617680940961
2025-01-08 16:00:00,28.893037142210165
2025-01-08 17:00:00,32.49879223850968
2025-01-08 18:00:00,30.70352214416738
2025-01-08 19:00:00,28.483429606910477
2025-01-08 20:00:00,27.13574857176404
2025-01-08 21:00:00,29.51432193474763
2025-01-08 22:00:00,30.925816933701114
2025-01-08 23:00:00,34.15028952848667
2025-01-09 00:00:00,38.366681549747824
2025-01-09 01:00:00,38.205231960930355
2025-01-09 02:00:00,43.860939330818404
2025-01-09 03:00:00,30.345142445711616
2025-01-09 04:00:00,27.1073281015025
2025-01-09 05:00:00,26.45056237243842
2025-01-09 06:00:00,26.310248908508235
2025-01-09 07:00:00,23.318925742931928
2025-01-09 08:00:00,22.864233263462125
2025-01-09 09:00:00,24.20449247705167
2025-01-09 10:00:00,26.712912124665102
2025-01-09 11:00:00,36.83318108036351
2025-01-09 12:00:00,41.325222317868906
2025-01-09 13:00:00,39.65209180604665
2025-01-09 14:00:00,41.04041659977083
2025-01-09 15:00:00,38.673894241322415
2025-01-09 16:00:00,35.04326624837165
2025-01-09 17:00:00,34.687215820106
2025-01-09 18:00:00,31.506238660208695
2025-01-09 19:00:00,29.859360172972202
2025-01-09 20:00:00,30.925876251434584
2025-01-09 21:00:00,31.797992927347366
2025-01-09 22:00:00,33.610386272454356
2025-01-09 23:00:00,36.0545733207422
2025-01-10 00:00:00,39.33914542941518
2025-01-10 01:00:00,42.632541165160376
2025-01-10 02:00:00,41.006665317464524
2025-01-10 03:00:00,33.95520470670209
2025-01-10 04:00:00,32.73470346593069
2025-01-10 05:00:00,29.915801690322507
2025-01-10 06:00:00,29.203287110369867
2025-01-10 07:00:00,29.84490395612652
2025-01-10 08:00:00,33.287940047004184
2025-01-10 09:00:00,36.0687026596359
2025-01-10 10:00:00,33.78192110124598
2025-01-10 11:00:00,38.78003975542608
2025-01-10 12:00:00,41.66418131732062
2025-01-10 13:00:00,42.62775705543042
2025-01-10 14:00:00,43.68646307659457
2025-01-10 15:00:00,43.17839545919958
2025-01-10 16:00:00,43.290834743012915
2025-01-10 17:00:00,40.86725042539703
2025-01-10 18:00:00,36.75410226090824
2025-01-10 19:00:00,35.857258910539514
2025-01-10 20:00:00,35.82736683573626
2025-01-10 21:00:00,35.93715065240455
2025-01-10 22:00:00,35.85023485503331
2025-01-10 23:00:00,35.732099430239785
2025-01-11 00:00:00,36.43569363676195
2025-01-11 01:00:00,35.48070222432886
2025-01-11 02:00:00,31.733383610980844
2025-01-11 03:00:00,29.384414824482768
2025-01-11 04:00:00,28.03931829857548
2025-01-11 05:00:00,26.303970695515133
2025-01-11 06:00:00,25.35411532099281
2025-01-11 07:00:00,24.32200813511215
2025-01-11 08:00:00,23.303620003630563
2025-01-11 09:00:00,23.826753693285614
2025-01-11 10:00:00,23.77158294083249
2025-01-11 11:00:00,30.18738268140799
2025-01-11 12:00:00,36.80490215346106
2025-01-11 13:00:00,33.157584813371
2025-01-11 14:00:00,34.045538863553936
2025-01-11 15:00:00,33.84676440031271
2025-01-11 16:00:00,35.0403247498047
2025-01-11 17:00:00,38.78394897427025
2025-01-11 18:00:00,35.240107433517146
2025-01-11 19:00:00,31.83835094248292
2025-01-11 20:00:00,31.024451789848086
2025-01-11 21:00:00,29.627711960273274
2025-01-11 22:00:00,29.541263827819236
2025-01-11 23:00:00,29.16141216611836
2025-01-12 00:00:00,29.921720093857097
2025-01-12 01:00:00,31.682222695185995
2025-01-12 02:00:00,26.69807059683011
2025-01-12 03:00:00,22.069586932323762
2025-01-12 04:00:00,21.853754473880944
2025-01-12 05:00:00,19.62220824604692
2025-01-12 06:00:00,15.29640230546086
2025-01-12 07:00:00,12.551419750225016
2025-01-12 08:00:00,6.161055319850081
2025-01-12 09:00:00,1.6203589578697242
2025-01-12 10:00:00,2.080487959942817
2025-01-12 11:00:00,16.721288694625734
2025-01-12 12:00:00,24.90079470273562
2025-01-12 13:00:00,21.32696203504351
2025-01-12 14:00:00,18.521758642498387
2025-01-12 15:00:00,16.246654927423876
2025-01-12 16:00:00,17.198608461258498
2025-01-12 17:00:00,23.473189423328023
2025-01-12 18:00:00,23.339495595975
2025-01-12 19:00:00,21.888983310462585
2025-01-12 20:00:00,19.67393279954189
2025-01-12 21:00:00,21.864524117629422
2025-01-12 22:00:00,23.329502672240917
2025-01-12 23:00:00,26.316780262369974
2025-01-13 00:00:00,30.041330757178606
2025-01-13 01:00:00,34.00867002525458
2025-01-13 02:00:00,32.695106859208295
2025-01-13 03:00:00,23.89243564425088
2025-01-13 04:00:00,20.59954933953131
2025-01-13 05:00:00,18.31853702376556
2025-01-13 06:00:00,15.129455169024352
2025-01-13 07:00:00,15.829987188327209
2025-01-13 08:00:00,6.455792390100935
2025-01-13 09:00:00,1.1303658841089825
2025-01-13 10:00:00,6.464812565486545
2025-01-13 11:00:00,19.85236600597717
2025-01-13 12:00:00,26.532075716261854
2025-01-13 13:00:00,24.855656304963283
2025-01-13 14:00:00,21.247810559283355
2025-01-13 15:00:00,19.475084589112434
2025-01-13 16:00:00,20.646132896961046
2025-01-13 17:00:00,25.740638093946817
2025-01-13 18:00:00,25.67929333641281
2025-01-13 19:00:00,24.178296465086184
2025-01-13 20:00:00,23.565084280663076
2025-01-13 21:00:00,25.211026827227894
2025-01-13 22:00:00,27.446176783860608
2025-01-13 23:00:00,34.29641566482175
2025-01-14 00:00:00,50.99069354204436
2025-01-14 01:00:00,89.16510413060425
2025-01-14 02:00:00,68.76245332534259
2025-01-14 03:00:00,26.418695936847588
2025-01-14 04:00:00,22.671325095100745
2025-01-14 05:00:00,21.876583021514303
2025-01-14 06:00:00,21.066117989357238
2025-01-14 07:00:00,19.224592362905685
2025-01-14 08:00:00,14.825217207751797
2025-01-14 09:00:00,12.460099319886806
2025-01-14 10:00:00,15.43309237342895
2025-01-14 11:00:00,27.896692116251803
2025-01-14 12:00:00,46.06689686059123
2025-01-14 13:00:00,51.219128200501636
2025-01-14 14:00:00,46.52979464032678
2025-01-14 15:00:00,28.1231285945621
2025-01-14 16:00:00,21.13448752465824
2025-01-14 17:00:00,26.528939828886905
2025-01-14 18:00:00,27.73996891384868
2025-01-14 19:00:00,24.73438060808673
2025-01-14 20:00:00,24.283344479807727
2025-01-14 21:00:00,24.805409330463963
2025-01-14 22:00:00,26.098181776246296
2025-01-14 23:00:00,30.995158618288343
2025-01-15 00:00:00,40.283699183923545
2025-01-15 01:00:00,56.97588669313576
2025-01-15 02:00:00,48.40404326105511
2025-01-15 03:00:00,30.54487758074929
2025-01-15 04:00:00,30.41174509181557
2025-01-15 05:00:00,27.761665619823034
2025-01-15 06:00:00,28.848956473758353
2025-01-15 07:00:00,28.361851695196194
2025-01-15 08:00:00,27.564418289778285
2025-01-15 09:00:00,28.720087605328985
2025-01-15 10:00:00,28.73743545656376
2025-01-15 11:00:00,37.666564140235316
2025-01-15 12:00:00,57.481426545212834
2025-01-15 13:00:00,60.98235075682681
2025-01-15 14:00:00,57.96800572846258
2025-01-15 15:00:00,43.36146355956243
2025-01-15 16:00:00,34.26473490896926
2025-01-15 17:00:00,35.08524598472799
2025-01-15 18:00:00,35.798221005834996
2025-01-15 19:00:00,41.12112758800791
2025-01-15 20:00:00,39.68561955972091
2025-01-15 21:00:00,36.1498086077465
2025-01-15 22:00:00,37.632803057421526
2025-01-15 23:00:00,48.315024952197255
2025-01-16 00:00:00,152.04132041997016
2025-01-16 01:00:00,933.7596446560141
2025-01-16 02:00:00,139.48279063887543
2025-01-16 03:00:00,24.95083349159466
2025-01-16 04:00:00,20.2297105625282
2025-01-16 05:00:00,16.903978910587952
2025-01-16 06:00:00,16.420466092466434
2025-01-16 07:00:00,14.655014448211189
2025-01-16 08:00:00,13.146287239497907
2025-01-16 09:00:00,12.209127468542194
2025-01-16 10:00:00,12.640941354489815
2025-01-16 11:00:00,22.565795573348208
2025-01-16 12:00:00,33.55635208621413
2025-01-16 13:00:00,30.899901231234253
2025-01-16 14:00:00,32.05659117402323
2025-01-16 15:00:00,35.654583165502075
2025-01-16 16:00:00,34.52967654643288
2025-01-16 17:00:00,35.31005077154169
2025-01-16 18:00:00,26.984366372060588
2025-01-16 19:00:00,27.027966025050382
2025-01-16 20:00:00,26.621778091795193
2025-01-16 21:00:00,21.63381584534062
2025-01-16 22:00:00,24.87892829043887
2025-01-16 23:00:00,32.35335536480515
2025-01-17 00:00:00,76.22534067154587
2025-01-17 01:00:00,381.1388617229384
2025-01-17 02:00:00,64.10682569185826
2025-01-17 03:00:00,27.558676058616445
2025-01-17 04:00:00,23.892963964225366
2025-01-17 05:00:00,23.634714640278485
2025-01-17 06:00:00,22.57047821914892
2025-01-17 07:00:00,20.328079957009457
2025-01-17 08:00:00,16.203855478422714
2025-01-17 09:00:00,15.097947743446948
2025-01-17 10:00:00,16.866132970946897
2025-01-17 11:00:00,29.160892168510355
2025-01-17 12:00:00,33.677350671288174
2025-01-17 13:00:00,26.67002313779834
2025-01-17 14:00:00,23.797320693608604
2025-01-17 15:00:00,22.317282528484377
2025-01-17 16:00:00,22.11217706394395
2025-01-17 17:00:00,25.701586589500806
2025-01-17 18:00:00,21.38287733599211
2025-01-17 19:00:00,19.655844946835746
2025-01-17 20:00:00,19.319326689793183
2025-01-17 21:00:00,18.609837324427044
2025-01-17 22:00:00,19.718541629450975
2025-01-17 23:00:00,23.47212474275993
2025-01-18 00:00:00,29.290306569940732
2025-01-18 01:00:00,31.462876067104524
2025-01-18 02:00:00,26.997629882819805
2025-01-18 03:00:00,20.077248145403136
2025-01-18 04:00:00,19.945127007075644
2025-01-18 05:00:00,19.077959030193067
2025-01-18 06:00:00,15.719473128094947
2025-01-18 07:00:00,15.639930695937581
2025-01-18 08:00:00,14.894269778758348
2025-01-18 09:00:00,9.399975249675885
2025-01-18 10:00:00,14.08889989192808
2025-01-18 11:00:00,23.184439924028688
2025-01-18 12:00:00,25.46464421494547
2025-01-18 13:00:00,24.577631199444475
2025-01-18 14:00:00,23.100000532889155
2025-01-18 15:00:00,22.425388542563844
2025-01-18 16:00:00,22.505922168836314
2025-01-18 17:00:00,21.574078556162778
2025-01-18 18:00:00,17.347250715556804
2025-01-18 19:00:00,13.439401240221422
2025-01-18 20:00:00,18.111239402967918
2025-01-18 21:00:00,17.85145938213933
2025-01-18 22:00:00,17.832243070888183
2025-01-18 23:00:00,19.163725869453433
2025-01-19 00:00:00,20.687468327208624
2025-01-19 01:00:00,21.910379565301927
2025-01-19 02:00:00,20.4011149983588
2025-01-19 03:00:00,9.538755723710894
2025-01-19 04:00:00,8.763133174386867
2025-01-19 05:00:00,7.532713607082981
2025-01-19 06:00:00,6.507836500517957
2025-01-19 07:00:00,6.392254815906981
2025-01-19 08:00:00,3.4668786060003822
2025-01-19 09:00:00,-1.5417867061344117
2025-01-19 10:00:00,-1.0225051334636583
2025-01-19 11:00:00,8.549378607376081
2025-01-19 12:00:00,13.773203884724728
2025-01-19 13:00:00,11.121124568638358
2025-01-19 14:00:00,10.277073242697925
2025-01-19 15:00:00,11.668215107990056
2025-01-19 16:00:00,12.852541803328396
2025-01-19 17:00:00,14.368100628413975
2025-01-19 18:00:00,12.495767009356713
2025-01-19 19:00:00,12.916879171423696
2025-01-19 20:00:00,17.098637827992334
2025-01-19 21:00:00,21.639719686393207
2025-01-19 22:00:00,24.622978652730374
2025-01-19 23:00:00,29.55277231704238
2025-01-20 00:00:00,34.32454179888362
2025-01-20 01:00:00,40.48606279305816
2025-01-20 02:00:00,38.50695281696093
2025-01-20 03:00:00,26.942419747477473
2025-01-20 04:00:00,23.25493205905841
2025-01-20 05:00:00,24.619840904185953
2025-01-20 06:00:00,26.842955271886883
2025-01-20 07:00:00,27.14276373850026
2025-01-20 08:00:00,20.603447915776293
2025-01-20 09:00:00,11.951647345335063
2025-01-20 10:00:00,17.490091277228927
2025-01-20 11:00:00,37.165896397966584
2025-01-20 12:00:00,49.1454859084857
2025-01-20 13:00:00,51.92467895873306
2025-01-20 14:00:00,49.03645269353174
2025-01-20 15:00:00,47.10888572041921
2025-01-20 16:00:00,44.9340503308998
2025-01-20 17:00:00,52.773516191105
2025-01-20 18:00:00,41.62022008954735
2025-01-20 19:00:00,39.04894430989624
2025-01-20 20:00:00,39.991806223435155
2025-01-20 21:00:00,42.63744862371223
2025-01-20 22:00:00,42.349664225434715
2025-01-20 23:00:00,46.09236783561827
2025-01-21 00:00:00,51.091250367858365
2025-01-21 01:00:00,53.2804008005793
2025-01-21 02:00:00,56.096959659427824
2025-01-21 03:00:00,45.47542888373895
2025-01-21 04:00:00,42.191010661963595
2025-01-21 05:00:00,45.44351353305314
2025-01-21 06:00:00,45.98025228486092
2025-01-21 07:00:00,46.44921837595544
2025-01-21 08:00:00,47.0084972770437
2025-01-21 09:00:00,50.32632864444261
2025-01-21 10:00:00,47.38517096382262
2025-01-21 11:00:00,51.65451130432843
2025-01-21 12:00:00,62.30431343438333
2025-01-21 13:00:00,60.77028919868395
2025-01-21 14:00:00,58.00684578686603
2025-01-21 15:00:00,55.79250960806509
2025-01-21 16:00:00,47.10309385927661
2025-01-21 17:00:00,45.98557606196828
2025-01-21 18:00:00,42.07933301796698
2025-01-21 19:00:00,40.644965705829236
2025-01-21 20:00:00,44.9930630835825
2025-01-21 21:00:00,46.63665798542147
2025-01-21 22:00:00,45.84679592577129
2025-01-21 23:00:00,57.22255281009135
2025-01-22 00:00:00,65.36308384531262
2025-01-22 01:00:00,62.95317859419066
2025-01-22 02:00:00,73.89230975737958
2025-01-22 03:00:00,53.18419288692135
2025-01-22 04:00:00,40.412541173763806
2025-01-22 05:00:00,38.36336720360096
2025-01-22 06:00:00,35.06932318289135
2025-01-22 07:00:00,33.13097463651561
2025-01-22 08:00:00,30.65263850982799
2025-01-22 09:00:00,24.451654701283815
2025-01-22 10:00:00,20.505095158471843
2025-01-22 11:00:00,32.02488971770957
2025-01-22 12:00:00,46.05632192932957
2025-01-22 13:00:00,39.79444068570594
2025-01-22 14:00:00,35.13981083380874
2025-01-22 15:00:00,31.018364506754246
2025-01-22 16:00:00,28.739708247395995
2025-01-22 17:00:00,32.03067044923097
2025-01-22 18:00:00,30.674178656559494
2025-01-22 19:00:00,25.50867056817689
2025-01-22 20:00:00,26.86553527510045
2025-01-22 21:00:00,28.170763355064214
2025-01-22 22:00:00,30.505401170534093
2025-01-22 23:00:00,38.75602846462883
2025-01-23 00:00:00,53.15784162610441
2025-01-23 01:00:00,58.5171448414177
2025-01-23 02:00:00,48.42113195496706
2025-01-23 03:00:00,29.102671449670844
2025-01-23 04:00:00,26.282350422037812
2025-01-23 05:00:00,24.280974007942273
2025-01-23 06:00:00,19.372719328948826
2025-01-23 07:00:00,17.678978828000286
2025-01-23 08:00:00,12.477195763104634
2025-01-23 09:00:00,6.783888649129817
2025-01-23 10:00:00,9.922417161532687
2025-01-23 11:00:00,25.06765309970941
2025-01-23 12:00:00,35.34955482685078
2025-01-23 13:00:00,32.27287409525673
2025-01-23 14:00:00,25.410470046804875
2025-01-23 15:00:00,21.369694575586582
2025-01-23 16:00:00,19.043591565678355
2025-01-23 17:00:00,23.915949017389263
2025-01-23 18:00:00,27.457823156198533
2025-01-23 19:00:00,25.518485901564034
2025-01-23 20:00:00,27.801311355940484
2025-01-23 21:00:00,27.197639991209133
2025-01-23 22:00:00,32.305011213590504
2025-01-23 23:00:00,40.134562599724646
2025-01-24 00:00:00,41.02049316195028
2025-01-24 01:00:00,44.84471150604475
2025-01-24 02:00:00,35.63838063890783
2025-01-24 03:00:00,22.93240714312936
2025-01-24 04:00:00,22.321291649039335
2025-01-24 05:00:00,18.402751825125094
2025-01-24 06:00:00,11.726112212369527
2025-01-24 07:00:00,10.18465063155945
2025-01-24 08:00:00,5.901145532256159
2025-01-24 09:00:00,4.151273735740226
2025-01-24 10:00:00,6.616547322819655
2025-01-24 11:00:00,23.442549271020276
2025-01-24 12:00:00,40.36377943620918
2025-01-24 13:00:00,37.41365191863944
2025-01-24 14:00:00,55.9158329709073
2025-01-24 15:00:00,72.21718801341649
2025-01-24 16:00:00,91.71048282689924
2025-01-24 17:00:00,74.3617273358436
2025-01-24 18:00:00,57.68357900880051
2025-01-24 19:00:00,37.56208252722282
2025-01-24 20:00:00,32.2616344133626
2025-01-24 21:00:00,28.469152117103558
2025-01-24 22:00:00,29.260844374948537
2025-01-24 23:00:00,31.538564008387183
2025-01-25 00:00:00,32.30921439777783
2025-01-25 01:00:00,38.0748720242535
2025-01-25 02:00:00,29.347329808537914
2025-01-25 03:00:00,21.830048289184955
2025-01-25 04:00:00,23.498469533637717
2025-01-25 05:00:00,20.468579503855402
2025-01-25 06:00:00,14.032895324252204
2025-01-25 07:00:00,12.80563967850899
2025-01-25 08:00:00,6.668285932212743
2025-01-25 09:00:00,3.601512976381258
2025-01-25 10:00:00,8.262545099598798
2025-01-25 11:00:00,26.391059004298103
2025-01-25 12:00:00,36.02997284550972
2025-01-25 13:00:00,36.65408329470351
2025-01-25 14:00:00,41.8489872229376
2025-01-25 15:00:00,46.42452913501107
2025-01-25 16:00:00,50.50067316117757
2025-01-25 17:00:00,44.03551565574417
2025-01-25 18:00:00,38.633507050736995
2025-01-25 19:00:00,29.07992433622182
2025-01-25 20:00:00,24.63725993006599
2025-01-25 21:00:00,25.071437781313783
2025-01-25 22:00:00,23.096001046868274
2025-01-25 23:00:00,24.51589563397366
2025-01-26 00:00:00,26.76341623837423
2025-01-26 01:00:00,30.434606600783948
2025-01-26 02:00:00,24.91288781287712
2025-01-26 03:00:00,17.800448188420315
2025-01-26 04:00:00,18.96113677457776
2025-01-26 05:00:00,18.284286129019502
2025-01-26 06:00:00,17.8296389796857
2025-01-26 07:00:00,20.595909912050526
2025-01-26 08:00:00,21.967019377141234
2025-01-26 09:00:00,22.809820156668053
2025-01-26 10:00:00,31.260938463772305
2025-01-26 11:00:00,36.300224196396655
2025-01-26 12:00:00,37.89323975573206
2025-01-26 13:00:00,30.289885267013627
2025-01-26 14:00:00,26.898820835590783
2025-01-26 15:00:00,27.60289339694548
2025-01-26 16:00:00,27.45517605979125
2025-01-26 17:00:00,26.15196553408982
2025-01-26 18:00:00,25.07747495801997
2025-01-26 19:00:00,22.232812326771565
2025-01-26 20:00:00,20.443607561546575
2025-01-26 21:00:00,22.312979634700962
2025-01-26 22:00:00,23.250244118557166
2025-01-26 23:00:00,24.737496157251147
2025-01-27 00:00:00,26.202222121011804
2025-01-27 01:00:00,23.781334235376978
2025-01-27 02:00:00,25.49352682583477
2025-01-27 03:00:00,25.21575546610282
2025-01-27 04:00:00,21.17629568214514
2025-01-27 05:00:00,19.55926778207801
2025-01-27 06:00:00,20.17477708504497
2025-01-27 07:00:00,21.049414088118322
2025-01-27 08:00:00,22.44609477265818
2025-01-27 09:00:00,22.407025516021374
2025-01-27 10:00:00,22.240105658641852
2025-01-27 11:00:00,29.69156090678802
2025-01-27 12:00:00,36.54496900111019
2025-01-27 13:00:00,28.92143439935334
2025-01-27 14:00:00,28.604111787469158
2025-01-27 15:00:00,27.128001607466473
2025-01-27 16:00:00,26.35047152080263
2025-01-27 17:00:00,28.29173412675726
2025-01-27 18:00:00,27.00717663230309
2025-01-27 19:00:00,25.832997679816597
2025-01-27 20:00:00,25.09019647214958
2025-01-27 21:00:00,26.952635189079967
2025-01-27 22:00:00,27.727608315867677
2025-01-27 23:00:00,28.66530661846192
2025-01-28 00:00:00,31.250616008140657
2025-01-28 01:00:00,33.21779478223246
2025-01-28 02:00:00,36.04797545311078
2025-01-28 03:00:00,44.26981754185545
2025-01-28 04:00:00,29.892531974829748
2025-01-28 05:00:00,24.7796149901727
2025-01-28 06:00:00,22.153952320548527
2025-01-28 07:00:00,22.161219766086646
2025-01-28 08:00:00,21.016619349415574
2025-01-28 09:00:00,21.26451810200256
2025-01-28 10:00:00,22.32409663403807
2025-01-28 11:00:00,31.639333077725666
2025-01-28 12:00:00,41.375056846624645
2025-01-28 13:00:00,44.55936918231118
2025-01-28 14:00:00,39.30580651387411
2025-01-28 15:00:00,31.775815680330865
2025-01-28 16:00:00,31.601865430906336
2025-01-28 17:00:00,32.33452094208592
2025-01-28 18:00:00,31.095182074359986
2025-01-28 19:00:00,29.551810489309986
2025-01-28 20:00:00,29.63637857778044
2025-01-28 21:00:00,30.99283622439629
2025-01-28 22:00:00,37.992054682440944
2025-01-28 23:00:00,45.58323291481018
2025-01-29 00:00:00,52.53168015011399
2025-01-29 01:00:00,53.72612067389161
2025-01-29 02:00:00,53.79960155882692
2025-01-29 03:00:00,46.086509593393515
2025-01-29 04:00:00,29.96522658752581
2025-01-29 05:00:00,27.759572172760194
2025-01-29 06:00:00,24.40341231018006
2025-01-29 07:00:00,22.259394441313123
2025-01-29 08:00:00,23.90637550355827
2025-01-29 09:00:00,26.12853768362141
2025-01-29 10:00:00,34.53908311410842
2025-01-29 11:00:00,32.661939420466716
2025-01-29 12:00:00,41.81932717503475
2025-01-29 13:00:00,46.058991328790974
2025-01-29 14:00:00,39.16348097201546
2025-01-29 15:00:00,32.887971987132936
2025-01-29 16:00:00,35.48151517991401
2025-01-29 17:00:00,33.41704532815369
2025-01-29 18:00:00,32.29929343983869
2025-01-29 19:00:00,32.28977729307693
2025-01-29 20:00:00,32.38323825832916
2025-01-29 21:00:00,30.644725384703477
2025-01-29 22:00:00,31.73494751292896
2025-01-29 23:00:00,33.88668411442548
2025-01-30 00:00:00,38.27235612319445
2025-01-30 01:00:00,39.671984359264265
2025-01-30 02:00:00,38.96914552739807
2025-01-30 03:00:00,34.518098707026844
2025-01-30 04:00:00,32.13531061301344
2025-01-30 05:00:00,28.163257672897483
2025-01-30 06:00:00,25.77055824393482
2025-01-30 07:00:00,23.583192375515758
2025-01-30 08:00:00,22.342130308626977
2025-01-30 09:00:00,22.594188082599473
2025-01-30 10:00:00,26.390475099508073
2025-01-30 11:00:00,28.123282694377345
2025-01-30 12:00:00,36.61810043644503
2025-01-30 13:00:00,46.76898206132997
2025-01-30 14:00:00,42.65591710898916
2025-01-30 15:00:00,33.04261691449416
2025-01-30 16:00:00,31.204051108469866
2025-01-30 17:00:00,29.04870461215528
2025-01-30 18:00:00,27.61728808387024
2025-01-30 19:00:00,24.95338701255068
2025-01-30 20:00:00,23.81119728966755
2025-01-30 21:00:00,24.03752851611832
2025-01-30 22:00:00,23.468776459526207
2025-01-30 23:00:00,22.700230821792598
2025-01-31 00:00:00,24.757318229688153
2025-01-31 01:00:00,24.140285424410624
2025-01-31 02:00:00,21.39787572181954
2025-01-31 03:00:00,19.40396825700362
2025-01-31 04:00:00,21.415166346619102
2025-01-31 05:00:00,17.580190785627053
2025-01-31 06:00:00,13.933110426760853
2025-01-31 07:00:00,10.659123221127675
2025-01-31 08:00:00,10.708413824668451
2025-01-31 09:00:00,11.644176391541263
2025-01-31 10:00:00,12.453003161345542
2025-01-31 11:00:00,14.110908289418424
2025-01-31 12:00:00,17.254710410154388
2025-01-31 13:00:00,23.88076276905186
2025-01-31 14:00:00,22.042480334658094
2025-01-31 15:00:00,17.906694509830427
2025-01-31 16:00:00,17.730663600714504
2025-01-31 17:00:00,19.309925141951975
2025-01-31 18:00:00,20.294409449662577
2025-01-31 19:00:00,17.77005742206405
2025-01-31 20:00:00,16.88866303226176
2025-01-31 21:00:00,15.92682591524992
2025-01-31 22:00:00,17.297130754018166
2025-01-31 23:00:00,17.586272941928595
2025-02-01 00:00:00,21.717888983262768
2025-02-01 01:00:00,20.83667272396222
2025-02-01 02:00:00,15.580262676130307
2025-02-01 03:00:00,7.034177997676679
2025-02-01 04:00:00,6.982549610946508
2025-02-01 05:00:00,5.44985585970827
2025-02-01 06:00:00,3.637054099773697
2025-02-01 07:00:00,1.4194169349036088
2025-02-01 08:00:00,-2.5268394173951463
2025-02-01 09:00:00,-4.00443140573937
2025-02-01 10:00:00,-3.5803613239436785
2025-02-01 11:00:00,8.836119128140394
2025-02-01 12:00:00,19.936535331383975
2025-02-01 13:00:00,19.51628173332463
2025-02-01 14:00:00,20.553708853737074
2025-02-01 15:00:00,23.72442050807082
2025-02-01 16:00:00,20.6726523629867
2025-02-01 17:00:00,23.233039973676824
2025-02-01 18:00:00,24.606251979102655
2025-02-01 19:00:00,21.65195754674749
2025-02-01 20:00:00,20.710771819623126
2025-02-01 21:00:00,20.676849764498794
2025-02-01 22:00:00,20.846494105071123
2025-02-01 23:00:00,21.7996614300631
2025-02-02 00:00:00,22.882089665389966
2025-02-02 01:00:00,24.22647360912081
2025-02-02 02:00:00,19.966866842282574
2025-02-02 03:00:00,10.622736986515466
2025-02-02 04:00:00,11.825006465962478
2025-02-02 05:00:00,6.193279318119988
2025-02-02 06:00:00,5.484457855673139
2025-02-02 07:00:00,4.620310236354883
2025-02-02 08:00:00,-3.7710385852786414
2025-02-02 09:00:00,-8.377370171799
2025-02-02 10:00:00,-6.206362419012335
2025-02-02 11:00:00,7.585917179855757
2025-02-02 12:00:00,14.082608229580396
2025-02-02 13:00:00,12.975759576663988
2025-02-02 14:00:00,10.99525910563248
2025-02-02 15:00:00,12.93405078614748
2025-02-02 16:00:00,11.385941465929749
2025-02-02 17:00:00,13.269687526555357
2025-02-02 18:00:00,14.473097419846464
2025-02-02 19:00:00,13.092926017841855
2025-02-02 20:00:00,9.997577552161239
2025-02-02 21:00:00,10.850740218651616
2025-02-02 22:00:00,10.640613439131073
2025-02-02 23:00:00,14.659431785703122
2025-02-03 00:00:00,16.261627419441645
2025-02-03 01:00:00,19.949644785680327
2025-02-03 02:00:00,15.200537022880347
2025-02-03 03:00:00,6.097009236296709
2025-02-03 04:00:00,7.530613619772961
2025-02-03 05:00:00,5.531424648079195
2025-02-03 06:00:00,7.330091205410981
2025-02-03 07:00:00,7.3493422111836715
2025-02-03 08:00:00,-2.095829212534219
2025-02-03 09:00:00,-7.7318352779638975
2025-02-03 10:00:00,-8.673979956517625
2025-02-03 11:00:00,4.153713986660916
2025-02-03 12:00:00,12.25445836625251
2025-02-03 13:00:00,10.880095004973635
2025-02-03 14:00:00,9.447179076248492
2025-02-03 15:00:00,8.02361660074065
2025-02-03 16:00:00,7.4605553780586
2025-02-03 17:00:00,10.91654944578364
2025-02-03 18:00:00,13.111662488947996
2025-02-03 19:00:00,10.057671774842982
2025-02-03 20:00:00,8.268575517043608
2025-02-03 21:00:00,8.964088499313275
2025-02-03 22:00:00,10.044323453810694
2025-02-03 23:00:00,13.264553329801512
2025-02-04 00:00:00,16.27969037723585
2025-02-04 01:00:00,19.79340636109376
2025-02-04 02:00:00,15.414349992759611
2025-02-04 03:00:00,7.169526942498304
2025-02-04 04:00:00,10.259067793421666
2025-02-04 05:00:00,12.398193544926718
2025-02-04 06:00:00,11.968458206038274
2025-02-04 07:00:00,9.477386917980105
2025-02-04 08:00:00,5.442583386587832
2025-02-04 09:00:00,2.9643154037141612
2025-02-04 10:00:00,2.358494015224099
2025-02-04 11:00:00,14.651228765159841
2025-02-04 12:00:00,19.17341218870335
2025-02-04 13:00:00,15.257437341488234
2025-02-04 14:00:00,13.70029841490863
2025-02-04 15:00:00,12.598780158348392
2025-02-04 16:00:00,12.457070864674101
2025-02-04 17:00:00,17.690756223433784
2025-02-04 18:00:00,21.543159208826427
2025-02-04 19:00:00,20.15741828581146
2025-02-04 20:00:00,19.119109831303575
2025-02-04 21:00:00,20.55855043997542
2025-02-04 22:00:00,20.05096614212935
2025-02-04 23:00:00,20.32099764347138
2025-02-05 00:00:00,21.55613266593332
2025-02-05 01:00:00,22.49834648155985
2025-02-05 02:00:00,18.148703929950617
2025-02-05 03:00:00,16.02673535436507
2025-02-05 04:00:00,14.945728266803288
2025-02-05 05:00:00,15.340351667113888
2025-02-05 06:00:00,13.579069589910816
2025-02-05 07:00:00,13.046249572171531
2025-02-05 08:00:00,14.515766506674478
2025-02-05 09:00:00,15.014766129069312
2025-02-05 10:00:00,13.31732008129245
2025-02-05 11:00:00,19.660938684781815
2025-02-05 12:00:00,42.32958261737041
2025-02-05 13:00:00,41.905709161357436
2025-02-05 14:00:00,81.74050680035661
2025-02-05 15:00:00,65.45729753878
2025-02-05 16:00:00,36.58975696752016
2025-02-05 17:00:00,50.91084332864426
2025-02-05 18:00:00,43.833434995844534
2025-02-05 19:00:00,34.32676837773542
2025-02-05 20:00:00,57.68460945473708
2025-02-05 21:00:00,50.55190648546445
2025-02-05 22:00:00,39.646345329198496
2025-02-05 23:00:00,32.14855638626271
2025-02-06 00:00:00,51.866048326079294
2025-02-06 01:00:00,76.62259279876736
2025-02-06 02:00:00,46.42707066419307
2025-02-06 03:00:00,24.858544844959177
2025-02-06 04:00:00,19.7730265033199
2025-02-06 05:00:00,15.325631745246646
2025-02-06 06:00:00,12.7674252376932
2025-02-06 07:00:00,12.332079210369868
2025-02-06 08:00:00,12.742385405758471
2025-02-06 09:00:00,11.911047262188713
2025-02-06 10:00:00,8.86882085980126
2025-02-06 11:00:00,11.990356786319074
2025-02-06 12:00:00,25.38472629574478
2025-02-06 13:00:00,23.564066105805225
2025-02-06 14:00:00,37.16970468577623
2025-02-06 15:00:00,30.265421566110973
2025-02-06 16:00:00,20.269290977112405
2025-02-06 17:00:00,26.761389837792127
2025-02-06 18:00:00,23.999142185307765
2025-02-06 19:00:00,19.847271786305793
2025-02-06 20:00:00,27.672868591021995
2025-02-06 21:00:00,23.637796171199376
2025-02-06 22:00:00,19.4708133769776
2025-02-06 23:00:00,17.830090238376457
2025-02-07 00:00:00,26.415935637192046
2025-02-07 01:00:00,34.62509314601336
2025-02-07 02:00:00,21.482537252340784
2025-02-07 03:00:00,13.525891263315032
2025-02-07 04:00:00,10.330537928116769
2025-02-07 05:00:00,10.021575795541994
2025-02-07 06:00:00,7.699750811758371
2025-02-07 07:00:00,8.573294842653171
2025-02-07 08:00:00,6.80453131188924
2025-02-07 09:00:00,5.652567210468661
2025-02-07 10:00:00,0.7288577049587578
2025-02-07 11:00:00,7.599861889562124
2025-02-07 12:00:00,9.146906468305225
2025-02-07 13:00:00,10.294305123919836
2025-02-07 14:00:00,9.715543075466563
2025-02-07 15:00:00,10.312039879784633
2025-02-07 16:00:00,13.301219985922712
2025-02-07 17:00:00,20.01518285563444
2025-02-07 18:00:00,24.316920453518506
2025-02-07 19:00:00,26.561158405305477
2025-02-07 20:00:00,29.019400204595797
2025-02-07 21:00:00,28.274298557236005
2025-02-07 22:00:00,26.373994138060947
2025-02-07 23:00:00,27.01836780377281
2025-02-08 00:00:00,28.461067530347872
2025-02-08 01:00:00,27.87986773516704
2025-02-08 02:00:00,25.626601762472575
2025-02-08 03:00:00,21.768786306486827
2025-02-08 04:00:00,18.013634696444015
2025-02-08 05:00:00,16.748931837015387
2025-02-08 06:00:00,14.523303321765699
2025-02-08 07:00:00,12.690536523284605
2025-02-08 08:00:00,10.972305366483829
2025-02-08 09:00:00,8.663312923074212
2025-02-08 10:00:00,7.144411594578609
2025-02-08 11:00:00,12.167725179070032
2025-02-08 12:00:00,14.433175417410137
2025-02-08 13:00:00,12.206443280701986
2025-02-08 14:00:00,8.429300159513433
2025-02-08 15:00:00,9.404350303607176
2025-02-08 16:00:00,12.851343175633351
2025-02-08 17:00:00,18.515000660644727
2025-02-08 18:00:00,24.074211124804105
2025-02-08 19:00:00,22.183627764944248
2025-02-08 20:00:00,20.435107335985762
2025-02-08 21:00:00,17.597995305132187
2025-02-08 22:00:00,16.75681299640469
2025-02-08 23:00:00,16.481943488715892
2025-02-09 00:00:00,17.150017559632435
2025-02-09 01:00:00,17.145949088888568
2025-02-09 02:00:00,15.537528321010361
2025-02-09 03:00:00,12.956772828072614
2025-02-09 04:00:00,7.643698119494009
2025-02-09 05:00:00,5.243275287876373
2025-02-09 06:00:00,4.985520840869245
2025-02-09 07:00:00,4.288349835342853
2025-02-09 08:00:00,1.791051631759279
2025-02-09 09:00:00,-1.6742839437915336
2025-02-09 10:00:00,-7.037521293920144
2025-02-09 11:00:00,-1.4446172216061295
2025-02-09 12:00:00,7.655734372464712
2025-02-09 13:00:00,9.740126601187852
2025-02-09 14:00:00,11.030470900782733
2025-02-09 15:00:00,12.638501588102699
2025-02-09 16:00:00,18.129518191198066
2025-02-09 17:00:00,23.26210772283245
2025-02-09 18:00:00,26.868975482993545
2025-02-09 19:00:00,27.296300206240847
2025-02-09 20:00:00,25.455032848653023
2025-02-09 21:00:00,22.193746774460934
2025-02-09 22:00:00,19.39812725274905
2025-02-09 23:00:00,17.2678629764505
2025-02-10 00:00:00,19.860059044081446
2025-02-10 01:00:00,19.32367003046693
2025-02-10 02:00:00,18.65506237875386
2025-02-10 03:00:00,15.412545967729331
2025-02-10 04:00:00,13.343437524089895
2025-02-10 05:00:00,14.099746808188835
2025-02-10 06:00:00,14.706894789935342
2025-02-10 07:00:00,14.644624451867934
2025-02-10 08:00:00,14.41064855801279
2025-02-10 09:00:00,12.968262093260973
2025-02-10 10:00:00,12.223466040385512
2025-02-10 11:00:00,14.815738699588119
2025-02-10 12:00:00,21.26692795715646
2025-02-10 13:00:00,23.674665351981943
2025-02-10 14:00:00,25.443142707148336
2025-02-10 15:00:00,26.297888487158964
2025-02-10 16:00:00,29.67308764241601
2025-02-10 17:00:00,29.418815520416498
2025-02-10 18:00:00,31.173429869947668
2025-02-10 19:00:00,32.2113080494441
2025-02-10 20:00:00,31.44375868126914
2025-02-10 21:00:00,29.11777985987987
2025-02-10 22:00:00,27.36884814734578
2025-02-10 23:00:00,26.617747208641102
2025-02-11 00:00:00,28.36255242681973
2025-02-11 01:00:00,28.418419830802485
2025-02-11 02:00:00,30.860152152635273
2025-02-11 03:00:00,32.60153482326343
2025-02-11 04:00:00,28.282961339401407
2025-02-11 05:00:00,33.01969652723792
2025-02-11 06:00:00,23.58747989222179
2025-02-11 07:00:00,22.70237697685304
2025-02-11 08:00:00,23.365151697027542
2025-02-11 09:00:00,25.1268737562929
2025-02-11 10:00:00,26.53886854827234
2025-02-11 11:00:00,29.407012444263493
2025-02-11 12:00:00,33.666426032674195
2025-02-11 13:00:00,31.955778457284516
2025-02-11 14:00:00,39.2459991740242
2025-02-11 15:00:00,38.033169178800286
2025-02-11 16:00:00,30.688587174887285
2025-02-11 17:00:00,33.68043472625959
2025-02-11 18:00:00,33.52758596271385
2025-02-11 19:00:00,32.033414022449165
2025-02-11 20:00:00,30.31524779425755
2025-02-11 21:00:00,29.663049963092547
2025-02-11 22:00:00,28.650627038460332
2025-02-11 23:00:00,29.32055871463965
2025-02-12 00:00:00,33.0782869863246
2025-02-12 01:00:00,33.69348777905888
2025-02-12 02:00:00,34.62567957782006
2025-02-12 03:00:00,28.863938442989973
2025-02-12 04:00:00,24.706841048045696
2025-02-12 05:00:00,25.883630087684292
2025-02-12 06:00:00,22.293003402332904
2025-02-12 07:00:00,21.031246812171556
2025-02-12 08:00:00,21.46461511921977
2025-02-12 09:00:00,22.448949207437405
2025-02-12 10:00:00,23.1696288877252
2025-02-12 11:00:00,30.35517202505999
2025-02-12 12:00:00,32.150816220720856
2025-02-12 13:00:00,31.29250456274408
2025-02-12 14:00:00,37.40853364388577
2025-02-12 15:00:00,35.91278292425758
2025-02-12 16:00:00,32.20123965609226
2025-02-12 17:00:00,38.68106045790562
2025-02-12 18:00:00,40.944595468089126
2025-02-12 19:00:00,45.078406549628696
2025-02-12 20:00:00,36.91181919903855
2025-02-12 21:00:00,47.842855604317116
2025-02-12 22:00:00,52.682931629378814
2025-02-12 23:00:00,55.46089677722831
2025-02-13 00:00:00,63.577344857997815
2025-02-13 01:00:00,51.00728743699625
2025-02-13 02:00:00,53.429447530500404
2025-02-13 03:00:00,34.340820002392256
2025-02-13 04:00:00,35.90179088579385
2025-02-13 05:00:00,26.26705691681848
2025-02-13 06:00:00,25.539917306472926
2025-02-13 07:00:00,21.053382421042066
2025-02-13 08:00:00,21.031336608818005
2025-02-13 09:00:00,23.55869605496765
2025-02-13 10:00:00,25.91286645285886
2025-02-13 11:00:00,25.00110198160467
2025-02-13 12:00:00,23.83627582365431
2025-02-13 13:00:00,26.839364557033804
2025-02-13 14:00:00,31.93901067529643
2025-02-13 15:00:00,50.20976877970281
2025-02-13 16:00:00,48.5459678948585
2025-02-13 17:00:00,33.83134443934468
2025-02-13 18:00:00,34.6797269989199
2025-02-13 19:00:00,35.110681659015924
2025-02-13 20:00:00,31.50840407199714
2025-02-13 21:00:00,36.40679097970958
2025-02-13 22:00:00,39.15524377335943
2025-02-13 23:00:00,41.23944675317295
2025-02-14 00:00:00,53.55470030141372
2025-02-14 01:00:00,58.67850696219723
2025-02-14 02:00:00,46.661403838582785
2025-02-14 03:00:00,30.994881211381365
2025-02-14 04:00:00,30.318997081600447
2025-02-14 05:00:00,25.204646064457148
2025-02-14 06:00:00,23.9786781199115
2025-02-14 07:00:00,20.73019062203516
2025-02-14 08:00:00,19.380904022723314
2025-02-14 09:00:00,21.57857930393384
2025-02-14 10:00:00,25.186138076263987
2025-02-14 11:00:00,30.546350594265416
2025-02-14 12:00:00,37.538932401822805
2025-02-14 13:00:00,36.112021180392176
2025-02-14 14:00:00,35.6333567569232
2025-02-14 15:00:00,39.886790635471336
2025-02-14 16:00:00,35.762239102817944
2025-02-14 17:00:00,28.32205174011723
2025-02-14 18:00:00,26.489375214524646
2025-02-14 19:00:00,23.58524715790204
2025-02-14 20:00:00,23.466784736953812
2025-02-14 21:00:00,24.22744447089971
2025-02-14 22:00:00,25.309007708681605
2025-02-14 23:00:00,26.371350270087884
2025-02-15 00:00:00,30.328326004779697
2025-02-15 01:00:00,33.25471339451175
2025-02-15 02:00:00,27.056277792669274
2025-02-15 03:00:00,20.9701190022645
2025-02-15 04:00:00,19.90905427073736
2025-02-15 05:00:00,19.05733398748748
2025-02-15 06:00:00,18.36042760295593
2025-02-15 07:00:00,16.35894301409867
2025-02-15 08:00:00,15.201335219957242
2025-02-15 09:00:00,16.9205862890216
2025-02-15 10:00:00,19.220614815046055
2025-02-15 11:00:00,22.689026609825966
2025-02-15 12:00:00,25.982288178789627
2025-02-15 13:00:00,26.265093795921
2025-02-15 14:00:00,26.372926547716663
2025-02-15 15:00:00,25.147909247239664
2025-02-15 16:00:00,24.08522195945071
2025-02-15 17:00:00,23.74043914333576
2025-02-15 18:00:00,23.69142027055342
2025-02-15 19:00:00,22.347832693303797
2025-02-15 20:00:00,22.60107112079787
2025-02-15 21:00:00,23.3839882023867
2025-02-15 22:00:00,23.826299064681663
2025-02-15 23:00:00,25.967397418838683
2025-02-16 00:00:00,27.796585683314582
2025-02-16 01:00:00,23.861940073679214
2025-02-16 02:00:00,22.61574672046741
2025-02-16 03:00:00,20.55602895125332
2025-02-16 04:00:00,16.993561061067293
2025-02-16 05:00:00,16.652444838655978
2025-02-16 06:00:00,16.502862393301164
2025-02-16 07:00:00,7.281484383533358
2025-02-16 08:00:00,4.362571557069357
2025-02-16 09:00:00,2.9946568120428703
2025-02-16 10:00:00,3.2242715208384305
2025-02-16 11:00:00,7.07125040915725
2025-02-16 12:00:00,13.509290144644012
2025-02-16 13:00:00,19.66227732539646
2025-02-16 14:00:00,16.71052212029026
2025-02-16 15:00:00,16.76063780344186
2025-02-16 16:00:00,22.168658185306732
2025-02-16 17:00:00,22.631437742411297
2025-02-16 18:00:00,22.719481131910825
2025-02-16 19:00:00,19.23983773800044
2025-02-16 20:00:00,18.98517531573664
2025-02-16 21:00:00,21.038080163833726
2025-02-16 22:00:00,21.414180416757116
2025-02-16 23:00:00,23.73576894651223
2025-02-17 00:00:00,27.47296880401117
2025-02-17 01:00:00,28.6944655123327
2025-02-17 02:00:00,28.133939587584774
2025-02-17 03:00:00,21.00219099679437
2025-02-17 04:00:00,18.334203686504495
2025-02-17 05:00:00,18.058517487667405
2025-02-17 06:00:00,19.13609483929073
2025-02-17 07:00:00,16.73148284849279
2025-02-17 08:00:00,10.367910490879751
2025-02-17 09:00:00,5.866007397574538
2025-02-17 10:00:00,4.227865157191056
2025-02-17 11:00:00,12.055909163323602
2025-02-17 12:00:00,27.473590461764555
2025-02-17 13:00:00,29.061398866451682
2025-02-17 14:00:00,23.390619678861647
2025-02-17 15:00:00,20.93498252593947
2025-02-17 16:00:00,18.056695229832037
2025-02-17 17:00:00,21.578011420546673
2025-02-17 18:00:00,25.122422497894824
2025-02-17 19:00:00,22.686211795503226
2025-02-17 20:00:00,21.512266811891404
2025-02-17 21:00:00,21.94373518048308
2025-02-17 22:00:00,23.92089002305055
2025-02-17 23:00:00,26.343875395315997
2025-02-18 00:00:00,28.064418711906228
2025-02-18 01:00:00,29.25613930133556
2025-02-18 02:00:00,25.18057034796774
2025-02-18 03:00:00,16.441428984863812
2025-02-18 04:00:00,18.663532728924736
2025-02-18 05:00:00,14.51600772057523
2025-02-18 06:00:00,13.476820666354037
2025-02-18 07:00:00,11.356991378829768
2025-02-18 08:00:00,5.839013963994891
2025-02-18 09:00:00,4.481380393878621
2025-02-18 10:00:00,7.298959900971721
2025-02-18 11:00:00,10.851654002074067
2025-02-18 12:00:00,24.856913246345357
2025-02-18 13:00:00,23.752847796059314
2025-02-18 14:00:00,20.130935949263954
2025-02-18 15:00:00,17.618093991058196
2025-02-18 16:00:00,16.075222008662408
2025-02-18 17:00:00,17.094006670908325
2025-02-18 18:00:00,19.330338424747826
2025-02-18 19:00:00,16.581485257408374
2025-02-18 20:00:00,9.519779128743403
2025-02-18 21:00:00,15.218883659983101
2025-02-18 22:00:00,16.833007992626374
2025-02-18 23:00:00,19.40203617400751
2025-02-19 00:00:00,22.243612441724604
2025-02-19 01:00:00,20.827020805620844
2025-02-19 02:00:00,18.892314417496586
2025-02-19 03:00:00,14.016375773330038
2025-02-19 04:00:00,16.036607831595223
2025-02-19 05:00:00,15.13823030986614
2025-02-19 06:00:00,13.99416519065309
2025-02-19 07:00:00,12.992856078884117
2025-02-19 08:00:00,14.182960379317842
2025-02-19 09:00:00,14.659745119594415
2025-02-19 10:00:00,15.021781711393102
2025-02-19 11:00:00,16.607931100307486
2025-02-19 12:00:00,24.051691729609242
2025-02-19 13:00:00,28.324575532689625
2025-02-19 14:00:00,28.9586133923371
2025-02-19 15:00:00,32.2558282734583
2025-02-19 16:00:00,31.626814544093666
2025-02-19 17:00:00,32.21758411787095
2025-02-19 18:00:00,36.695845676633745
2025-02-19 19:00:00,34.14996444940906
2025-02-19 20:00:00,34.88079957934494
2025-02-19 21:00:00,45.33288841858511
2025-02-19 22:00:00,52.201824190845386
2025-02-19 23:00:00,59.642207721694334
2025-02-20 00:00:00,112.41813251180416
2025-02-20 01:00:00,155.4687808501246
2025-02-20 02:00:00,180.91590662973826
2025-02-20 03:00:00,157.0664371964175
2025-02-20 04:00:00,109.53069312978738
2025-02-20 05:00:00,94.70924327250091
2025-02-20 06:00:00,62.56474687393666
2025-02-20 07:00:00,53.282433577726195
2025-02-20 08:00:00,45.263023600932534
2025-02-20 09:00:00,44.64407089854424
2025-02-20 10:00:00,46.56778149880056
2025-02-20 11:00:00,49.8488724538808
2025-02-20 12:00:00,103.68970457885503
2025-02-20 13:00:00,135.19800445171973
2025-02-20 14:00:00,150.9567729609125
2025-02-20 15:00:00,156.80123501256182
2025-02-20 16:00:00,110.565715742957
2025-02-20 17:00:00,83.65477559593319
2025-02-20 18:00:00,81.29926199060635
2025-02-20 19:00:00,85.10895586546113
2025-02-20 20:00:00,69.76677062514072
2025-02-20 21:00:00,62.645684596165495
2025-02-20 22:00:00,71.07395794449775
2025-02-20 23:00:00,126.28761567261179
2025-02-21 00:00:00,189.94874177922478
2025-02-21 01:00:00,215.34332975201548
2025-02-21 02:00:00,110.3723759606359
2025-02-21 03:00:00,87.10217384173522
2025-02-21 04:00:00,65.31222922349346
2025-02-21 05:00:00,57.105757586291425
2025-02-21 06:00:00,43.435620492518765
2025-02-21 07:00:00,35.35292548236142
2025-02-21 08:00:00,26.39711437261742
2025-02-21 09:00:00,24.27159317680039
2025-02-21 10:00:00,26.359228512343336
2025-02-21 11:00:00,36.88286437999171
2025-02-21 12:00:00,70.63318600730099
2025-02-21 13:00:00,91.72881892071874
2025-02-21 14:00:00,99.98260700204354
2025-02-21 15:00:00,99.17779295187484
2025-02-21 16:00:00,74.265869284665
2025-02-21 17:00:00,65.77427000704489
2025-02-21 18:00:00,69.9781355057568
2025-02-21 19:00:00,62.941188374992066
2025-02-21 20:00:00,52.80182151787168
2025-02-21 21:00:00,55.15061664863027
2025-02-21 22:00:00,63.28081226057492
2025-02-21 23:00:00,99.18521723946074
2025-02-22 00:00:00,125.64029182858695
2025-02-22 01:00:00,123.12227088966314
2025-02-22 02:00:00,78.63068391379113
2025-02-22 03:00:00,55.17782946724472
2025-02-22 04:00:00,41.78955888778477
2025-02-22 05:00:00,37.0129962169373
2025-02-22 06:00:00,36.92532893940081
2025-02-22 07:00:00,34.50439385549899
2025-02-22 08:00:00,35.14228507065126
2025-02-22 09:00:00,38.00188702968226
2025-02-22 10:00:00,40.08472772783621
2025-02-22 11:00:00,46.265796928673225
2025-02-22 12:00:00,71.38658063430239
2025-02-22 13:00:00,64.41714979172492
2025-02-22 14:00:00,59.90958141106625
2025-02-22 15:00:00,57.66420491080163
2025-02-22 16:00:00,51.69269598119567
2025-02-22 17:00:00,51.74092426136659
2025-02-22 18:00:00,50.0330263610274
2025-02-22 19:00:00,46.67955346688049
2025-02-22 20:00:00,42.30773599138841
2025-02-22 21:00:00,42.928415707485804
2025-02-22 22:00:00,47.80602808974465
2025-02-22 23:00:00,56.599106993832706
2025-02-23 00:00:00,61.29006696461978
2025-02-23 01:00:00,58.992655964511926
2025-02-23 02:00:00,51.45154974774441
2025-02-23 03:00:00,36.639494274969245
2025-02-23 04:00:00,30.010822554333632
2025-02-23 05:00:00,27.981245406703003
2025-02-23 06:00:00,28.151316748239783
2025-02-23 07:00:00,25.319870518044983
2025-02-23 08:00:00,23.27769929363361
2025-02-23 09:00:00,20.379066998601296
2025-02-23 10:00:00,22.184834062248946
2025-02-23 11:00:00,29.339051677973256
2025-02-23 12:00:00,49.97683517154988
2025-02-23 13:00:00,37.34813189465834
2025-02-23 14:00:00,40.10229630554543
2025-02-23 15:00:00,37.17904817338098
2025-02-23 16:00:00,34.4086871264041
2025-02-23 17:00:00,39.26498998621191
2025-02-23 18:00:00,34.42469252815373
2025-02-23 19:00:00,32.69633266695121
2025-02-23 20:00:00,28.491179965876643
2025-02-23 21:00:00,28.871760881270095
2025-02-23 22:00:00,32.63464022221333
2025-02-23 23:00:00,33.67304171443677
2025-02-24 00:00:00,38.504492955225246
2025-02-24 01:00:00,40.559104527024445
2025-02-24 02:00:00,33.74748661324634
2025-02-24 03:00:00,30.70487562450026
2025-02-24 04:00:00,27.979798757768844
2025-02-24 05:00:00,24.420505563423845
2025-02-24 06:00:00,23.73998030393737
2025-02-24 07:00:00,21.499940371921994
2025-02-24 08:00:00,19.210143381729637
2025-02-24 09:00:00,15.227434999270532
2025-02-24 10:00:00,11.479121506195854
2025-02-24 11:00:00,14.946665120120963
2025-02-24 12:00:00,40.376761665249504
2025-02-24 13:00:00,29.691427542640653
2025-02-24 14:00:00,30.413064686083583
2025-02-24 15:00:00,27.001197199848527
2025-02-24 16:00:00,22.944946728087274
2025-02-24 17:00:00,28.643371114916356
2025-02-24 18:00:00,31.272437074619596
2025-02-24 19:00:00,28.518546619584644
2025-02-24 20:00:00,25.83834349305229
2025-02-24 21:00:00,25.846503609039257
2025-02-24 22:00:00,26.29562241917107
2025-02-24 23:00:00,29.235489304640794
2025-02-25 00:00:00,44.06759585023766
2025-02-25 01:00:00,80.84440786374067
2025-02-25 02:00:00,32.510513132720284
2025-02-25 03:00:00,23.966039361970292
2025-02-25 04:00:00,23.957972515551326
2025-02-25 05:00:00,19.46947516111885
2025-02-25 06:00:00,16.65615614757345
2025-02-25 07:00:00,10.274596613175552
2025-02-25 08:00:00,3.676622633068383
2025-02-25 09:00:00,1.308996568391595
2025-02-25 10:00:00,3.1252602203508033
2025-02-25 11:00:00,11.798266501124822
2025-02-25 12:00:00,38.097865979298895
2025-02-25 13:00:00,33.298949980317396
2025-02-25 14:00:00,20.968157675423416
2025-02-25 15:00:00,15.946954457488099
2025-02-25 16:00:00,13.556146974367305
2025-02-25 17:00:00,16.7596542027243
2025-02-25 18:00:00,21.918754594439765
2025-02-25 19:00:00,19.796121751685227
2025-02-25 20:00:00,16.781497537053884
2025-02-25 21:00:00,17.134681116386165
2025-02-25 22:00:00,20.0993178105489
2025-02-25 23:00:00,24.330935733174915
2025-02-26 00:00:00,34.87226702737444
2025-02-26 01:00:00,50.374812697962895
2025-02-26 02:00:00,21.164377216688653
2025-02-26 03:00:00,15.749273378471342
2025-02-26 04:00:00,15.04769688944143
2025-02-26 05:00:00,10.264322297122021
2025-02-26 06:00:00,9.216025355464666
2025-02-26 07:00:00,3.1529678789451543
2025-02-26 08:00:00,-4.505940458471818
2025-02-26 09:00:00,-4.427054815516018
2025-02-26 10:00:00,-6.763465250947901
2025-02-26 11:00:00,0.48340878729996517
2025-02-26 12:00:00,21.55488782020691
2025-02-26 13:00:00,21.111010327547266
2025-02-26 14:00:00,13.173456705332887
2025-02-26 15:00:00,9.460671203332021
2025-02-26 16:00:00,7.062520090200321
2025-02-26 17:00:00,10.518546690718248
2025-02-26 18:00:00,18.370896708001656
2025-02-26 19:00:00,17.16466770358414
2025-02-26 20:00:00,14.215485552910396
2025-02-26 21:00:00,12.954976251991257
2025-02-26 22:00:00,12.350622029744416
2025-02-26 23:00:00,18.408535556033797
2025-02-27 00:00:00,21.920792273856097
2025-02-27 01:00:00,21.959501280541946
2025-02-27 02:00:00,11.516616287381392
2025-02-27 03:00:00,5.576486452583106
2025-02-27 04:00:00,3.369369658652971
2025-02-27 05:00:00,2.3663818970012653
2025-02-27 06:00:00,1.5594652036916956
2025-02-27 07:00:00,-1.4664831590638843
2025-02-27 08:00:00,-5.177555608896737
2025-02-27 09:00:00,-4.703656548175721
2025-02-27 10:00:00,-4.577954392619061
2025-02-27 11:00:00,4.884928844228776
2025-02-27 12:00:00,14.54140208882053
2025-02-27 13:00:00,16.268217443116157
2025-02-27 14:00:00,12.188262366102624
2025-02-27 15:00:00,11.19706650370545
2025-02-27 16:00:00,10.97537721842912
2025-02-27 17:00:00,13.51571601166271
2025-02-27 18:00:00,19.340116012657525
2025-02-27 19:00:00,17.774208474819027
2025-02-27 20:00:00,15.649120407486416
2025-02-27 21:00:00,17.516844186344454
2025-02-27 22:00:00,15.722378869667752
2025-02-27 23:00:00,17.32829345847293
2025-02-28 00:00:00,20.27418137565224
2025-02-28 01:00:00,18.773053253967593
2025-02-28 02:00:00,14.81450748742087
2025-02-28 03:00:00,13.69688953034149
2025-02-28 04:00:00,8.105729804390945
2025-02-28 05:00:00,2.4170039024292964
2025-02-28 06:00:00,0.5147071125655012
2025-02-28 07:00:00,1.4432396635109277
2025-02-28 08:00:00,3.2831288902503686
2025-02-28 09:00:00,3.656729763591961
2025-02-28 10:00:00,4.2482171759887555
2025-02-28 11:00:00,10.696978136568779
2025-02-28 12:00:00,26.54822314135528
2025-02-28 13:00:00,38.342827454016586
2025-02-28 14:00:00,46.34772490491733
2025-02-28 15:00:00,40.31364998010869
2025-02-28 16:00:00,25.626070825450622
2025-02-28 17:00:00,24.59689724991174
2025-02-28 18:00:00,24.28149087530054
2025-02-28 19:00:00,21.599836670521427
2025-02-28 20:00:00,20.714489121393097
2025-02-28 21:00:00,20.51405336294688
2025-02-28 22:00:00,21.08906606242077
2025-02-28 23:00:00,23.150958759278122
2025-03-01 00:00:00,28.90819315972452
2025-03-01 01:00:00,28.43690837796102
2025-03-01 02:00:00,19.526346400084737
2025-03-01 03:00:00,18.236572097579018
2025-03-01 04:00:00,14.404407272952193
2025-03-01 05:00:00,9.514395343576156
2025-03-01 06:00:00,7.290543226408772
2025-03-01 07:00:00,4.315096476436879
2025-03-01 08:00:00,0.24540386995037344
2025-03-01 09:00:00,2.8868877478966497
2025-03-01 10:00:00,5.951912893156207
2025-03-01 11:00:00,11.988231080600059
2025-03-01 12:00:00,36.42608505651487
2025-03-01 13:00:00,36.24861301143887
2025-03-01 14:00:00,39.97321473572874
2025-03-01 15:00:00,28.726549584963596
2025-03-01 16:00:00,24.436279454453423
2025-03-01 17:00:00,25.714561427362128
2025-03-01 18:00:00,38.23677983541739
2025-03-01 19:00:00,44.21322174049189
2025-03-01 20:00:00,33.15203767469705
2025-03-01 21:00:00,39.236051682327194
2025-03-01 22:00:00,51.39650044916534
2025-03-01 23:00:00,58.770750924078875
2025-03-02 00:00:00,46.037153279949834
2025-03-02 01:00:00,116.11835727860935
2025-03-02 02:00:00,24.287043306159184
2025-03-02 03:00:00,14.349452312826257
2025-03-02 04:00:00,12.072952298807092
2025-03-02 05:00:00,10.786303062093355
2025-03-02 06:00:00,11.574379637124462
2025-03-02 07:00:00,9.850542442877526
2025-03-02 08:00:00,6.399270535997607
2025-03-02 09:00:00,2.6394913090585583
2025-03-02 10:00:00,3.496028386097598
2025-03-02 11:00:00,21.0955825538218
2025-03-02 12:00:00,96.45405845208748
2025-03-02 13:00:00,48.096711285956616
2025-03-02 14:00:00,28.00831184292115
2025-03-02 15:00:00,18.53069026805004
2025-03-02 16:00:00,16.735447020833423
2025-03-02 17:00:00,21.083975709218716
2025-03-02 18:00:00,28.740526331019723
2025-03-02 19:00:00,32.091264509366844
2025-03-02 20:00:00,25.262036443074972
2025-03-02 21:00:00,27.11119537406711
2025-03-02 22:00:00,30.20466463295868
2025-03-02 23:00:00,30.915414433922738
2025-03-03 00:00:00,28.594012334964834
2025-03-03 01:00:00,54.482349680243516
2025-03-03 02:00:00,10.94734222464159
2025-03-03 03:00:00,7.101888049811472
2025-03-03 04:00:00,5.217235597540679
2025-03-03 05:00:00,3.5081711282662624
2025-03-03 06:00:00,3.4433643611269065
2025-03-03 07:00:00,3.1708125299244414
2025-03-03 08:00:00,-2.166829203929423
2025-03-03 09:00:00,-5.878613250600351
2025-03-03 10:00:00,-1.204033875563832
2025-03-03 11:00:00,15.53242582020719
2025-03-03 12:00:00,53.39511648681925
2025-03-03 13:00:00,59.81480402490721
2025-03-03 14:00:00,57.0319225291872
2025-03-03 15:00:00,46.43195602171118
2025-03-03 16:00:00,27.118369791102623
2025-03-03 17:00:00,28.35112161933819
2025-03-03 18:00:00,30.50068775755558
2025-03-03 19:00:00,28.480964620982583
2025-03-03 20:00:00,26.995941838823068
2025-03-03 21:00:00,25.685142114111656
2025-03-03 22:00:00,24.346106685002166
2025-03-03 23:00:00,25.47803590955693
2025-03-04 00:00:00,27.379268255537124
2025-03-04 01:00:00,25.885139303301347
2025-03-04 02:00:00,20.346541209744984
2025-03-04 03:00:00,25.435207966525564
2025-03-04 04:00:00,23.091435118770466
2025-03-04 05:00:00,14.83021130017683
2025-03-04 06:00:00,14.266768231118
2025-03-04 07:00:00,16.553799260646954
2025-03-04 08:00:00,16.356165057198716
2025-03-04 09:00:00,35.48405951539921
2025-03-04 10:00:00,25.583320620632197
2025-03-04 11:00:00,18.66488775246836
2025-03-04 12:00:00,23.868425614075406
2025-03-04 13:00:00,37.780102698181885
2025-03-04 14:00:00,43.0338783825186
2025-03-04 15:00:00,38.451954271033934
2025-03-04 16:00:00,27.638998087419818
2025-03-04 17:00:00,33.146699065636696
2025-03-04 18:00:00,29.458310776082342
2025-03-04 19:00:00,27.724132707217166
2025-03-04 20:00:00,28.308219640045724
2025-03-04 21:00:00,26.01140452880902
2025-03-04 22:00:00,23.81679562284771
2025-03-04 23:00:00,26.24940768416342
2025-03-05 00:00:00,23.236044179313517
2025-03-05 01:00:00,23.497630763220105
2025-03-05 02:00:00,20.848608778930522
2025-03-05 03:00:00,17.170995296306405
2025-03-05 04:00:00,11.393076962328944
2025-03-05 05:00:00,8.407269975564432
2025-03-05 06:00:00,7.28163044196421
2025-03-05 07:00:00,6.128129312475136
2025-03-05 08:00:00,4.102492066621282
2025-03-05 09:00:00,15.726637442211937
2025-03-05 10:00:00,13.81187750761883
2025-03-05 11:00:00,3.9653261125906845
2025-03-05 12:00:00,14.56488094142392
2025-03-05 13:00:00,20.070292247291228
2025-03-05 14:00:00,25.382832828182387
2025-03-05 15:00:00,24.109035488282906
2025-03-05 16:00:00,23.32389419285689
2025-03-05 17:00:00,23.159085448118795
2025-03-05 18:00:00,22.510426890973577
2025-03-05 19:00:00,22.359273157799468
2025-03-05 20:00:00,23.25533104708825
2025-03-05 21:00:00,22.83761474934374
2025-03-05 22:00:00,23.95436904331839
2025-03-05 23:00:00,24.163346243801232
2025-03-06 00:00:00,27.610660485985456
2025-03-06 01:00:00,26.590158873245592
2025-03-06 02:00:00,17.750109652197477
2025-03-06 03:00:00,7.136120900196608
2025-03-06 04:00:00,4.08889114640257
2025-03-06 05:00:00,3.126349943760732
2025-03-06 06:00:00,3.757464578954473
2025-03-06 07:00:00,7.849294442135768
2025-03-06 08:00:00,0.28706281528878835
2025-03-06 09:00:00,1.735803561555042
2025-03-06 10:00:00,5.472582431054945
2025-03-06 11:00:00,12.290062140187516
2025-03-06 12:00:00,37.448083956509244
2025-03-06 13:00:00,50.25856025233786
2025-03-06 14:00:00,32.27586121381479
2025-03-06 15:00:00,19.832458959100542
2025-03-06 16:00:00,17.53530132698241
2025-03-06 17:00:00,18.665517919874407
2025-03-06 18:00:00,23.065028845565653
2025-03-06 19:00:00,26.497162770616384
2025-03-06 20:00:00,24.497423836754468
2025-03-06 21:00:00,24.49408611157094
2025-03-06 22:00:00,24.825019131808187
2025-03-06 23:00:00,28.316166493677883
2025-03-07 00:00:00,40.75289085979015
2025-03-07 01:00:00,63.9587393861646
2025-03-07 02:00:00,25.070526755669754
2025-03-07 03:00:00,10.796905856394945
2025-03-07 04:00:00,7.4895942964094075
2025-03-07 05:00:00,5.243627804682683
2025-03-07 06:00:00,5.608153462976245
2025-03-07 07:00:00,3.416795611934936
2025-03-07 08:00:00,-1.2404556147364583
2025-03-07 09:00:00,0.4051731630100057
2025-03-07 10:00:00,4.966317898269134
2025-03-07 11:00:00,16.28401158248241
2025-03-07 12:00:00,29.187451160125566
2025-03-07 13:00:00,35.66322080293266
2025-03-07 14:00:00,34.18555201850771
2025-03-07 15:00:00,28.706335800683632
2025-03-07 16:00:00,20.823106098447468
2025-03-07 17:00:00,19.403859763141114
2025-03-07 18:00:00,21.46442868965501
2025-03-07 19:00:00,21.749483745286646
2025-03-07 20:00:00,21.58543235593045
2025-03-07 21:00:00,22.74780249591059
2025-03-07 22:00:00,22.39515539573764
2025-03-07 23:00:00,26.701959377255182
2025-03-08 00:00:00,33.40247775599366
2025-03-08 01:00:00,48.77898970015874
2025-03-08 02:00:00,24.241625910999996
2025-03-08 03:00:00,19.17261711223385
2025-03-08 04:00:00,14.677809709123533
2025-03-08 05:00:00,13.699592060182804
2025-03-08 06:00:00,14.514787354411206
2025-03-08 07:00:00,11.979799071644488
2025-03-08 08:00:00,10.518620318127187
2025-03-08 09:00:00,11.440203741144362
2025-03-08 10:00:00,11.607661230344355
2025-03-08 11:00:00,17.443954615218757
2025-03-08 12:00:00,31.539302222447304
2025-03-08 13:00:00,28.61077985450106
2025-03-08 14:00:00,25.014130092464054
2025-03-08 15:00:00,23.165222293380076
2025-03-08 16:00:00,17.444163197551347
2025-03-08 17:00:00,18.47122483318853
2025-03-08 18:00:00,21.33600542932312
2025-03-08 19:00:00,22.70224942444445
2025-03-08 21:00:00,17.881372195997546
2025-03-08 22:00:00,15.973147106338212
2025-03-08 23:00:00,17.433420274025785
2025-03-09 00:00:00,16.34745365352542
2025-03-09 01:00:00,21.4749909977422
2025-03-09 03:00:00,22.720571502515238
2025-03-09 04:00:00,17.512336492425362
2025-03-09 05:00:00,14.533605943700664
2025-03-09 06:00:00,17.90338181894101
2025-03-09 07:00:00,16.74328263008624
2025-03-09 08:00:00,19.507612815911106
2025-03-09 09:00:00,19.14388346419351
2025-03-09 10:00:00,22.33046079826079
2025-03-09 11:00:00,25.130188494459617
2025-03-09 12:00:00,14.285769291980566
2025-03-09 13:00:00,14.195359615218715
2025-03-09 14:00:00,21.99201554874853
2025-03-09 15:00:00,28.162571268360164
2025-03-09 16:00:00,24.53691998578624
2025-03-09 17:00:00,26.896237457357348
2025-03-09 18:00:00,25.321625356245182
2025-03-09 19:00:00,27.422692029520167
2025-03-09 20:00:00,30.929774303512612
2025-03-09 21:00:00,29.948150952219056
2025-03-09 22:00:00,24.704371740922515
2025-03-09 23:00:00,25.457492249894397
2025-03-10 00:00:00,27.679378239781347
2025-03-10 01:00:00,27.514617879819625
2025-03-10 02:00:00,30.694614900382568
2025-03-10 03:00:00,31.011119085370623
2025-03-10 04:00:00,24.30481815979081
2025-03-10 05:00:00,22.56974343921415
2025-03-10 06:00:00,25.667629773774607
2025-03-10 07:00:00,20.604061487918045
2025-03-10 08:00:00,19.265270824526272
2025-03-10 09:00:00,15.387633237790567
2025-03-10 10:00:00,13.877125112888896
2025-03-10 11:00:00,10.39504155423468
2025-03-10 12:00:00,5.432691643154749
2025-03-10 13:00:00,5.03066616898408
2025-03-10 14:00:00,25.94360444777635
2025-03-10 15:00:00,32.64574061137132
2025-03-10 16:00:00,31.79057000155007
2025-03-10 17:00:00,30.65573838401133
2025-03-10 18:00:00,26.593209160971234
2025-03-10 19:00:00,30.427493952484436
2025-03-10 20:00:00,30.432436362720452
2025-03-10 21:00:00,27.319140714959477
2025-03-10 22:00:00,25.464651539178533
2025-03-10 23:00:00,24.496691697615763
2025-03-11 00:00:00,27.99535633431181
2025-03-11 01:00:00,35.57859403956441
2025-03-11 02:00:00,38.73912722541264
2025-03-11 03:00:00,90.07498242181246
2025-03-11 04:00:00,23.80231419389558
2025-03-11 05:00:00,20.452034822757398
2025-03-11 06:00:00,20.007127415216925
2025-03-11 07:00:00,17.363378468727607
2025-03-11 08:00:00,11.808978628869394
2025-03-11 09:00:00,0.4686473568904042
2025-03-11 10:00:00,-1.6746537991032961
2025-03-11 11:00:00,-2.408085873639993
2025-03-11 12:00:00,-1.0297629283027927
2025-03-11 13:00:00,6.22450340909612
2025-03-11 14:00:00,29.916925327053914
2025-03-11 15:00:00,33.88911166563116
2025-03-11 16:00:00,19.85486448178672
2025-03-11 17:00:00,13.985956283625693
2025-03-11 18:00:00,13.345987238862266
2025-03-11 19:00:00,21.620264079797433
2025-03-11 20:00:00,23.053886398403613
2025-03-11 21:00:00,20.945155697409717
2025-03-11 22:00:00,18.534362563789973
2025-03-11 23:00:00,17.51129644525998
2025-03-12 00:00:00,20.567796924888412
2025-03-12 01:00:00,25.36195459014233
2025-03-12 02:00:00,33.21123385020816
2025-03-12 03:00:00,62.822433002940386
2025-03-12 04:00:00,7.665460366510341
2025-03-12 05:00:00,5.758231607012591
2025-03-12 06:00:00,5.112995388587977
2025-03-12 07:00:00,3.9232198605177686
2025-03-12 08:00:00,0.20584412511715314
2025-03-12 09:00:00,-5.667648525816307
2025-03-12 10:00:00,-4.147636037447955
2025-03-12 11:00:00,-1.6394590256031838
2025-03-12 12:00:00,1.6333024260195725
2025-03-12 13:00:00,6.132005068265387
2025-03-12 14:00:00,35.37915683197303
2025-03-12 15:00:00,57.671230465871275
2025-03-12 16:00:00,25.980693425866974
2025-03-12 17:00:00,16.56521839169532
2025-03-12 18:00:00,15.020797408453628
2025-03-12 19:00:00,18.46920880200988
2025-03-12 20:00:00,18.945868575545788
2025-03-12 21:00:00,17.52646494807975
2025-03-12 22:00:00,15.328008908151663
2025-03-12 23:00:00,14.714621989057397
2025-03-13 00:00:00,20.453618884051146
2025-03-13 01:00:00,21.51458598551583
2025-03-13 02:00:00,26.740222523844544
2025-03-13 03:00:00,35.01640296382964
2025-03-13 04:00:00,12.415955545472736
2025-03-13 05:00:00,10.040869671554944
2025-03-13 06:00:00,9.524046044212543
2025-03-13 07:00:00,2.757522478538752
2025-03-13 08:00:00,0.6588628512142115
2025-03-13 09:00:00,-0.13179792847389102
2025-03-13 10:00:00,-1.464127288535927
2025-03-13 11:00:00,0.10570381784048993
2025-03-13 12:00:00,14.19359641776923
2025-03-13 13:00:00,12.220227727235079
2025-03-13 14:00:00,26.710217591001992
2025-03-13 15:00:00,42.775188056527014
2025-03-13 16:00:00,30.378143072808154
2025-03-13 17:00:00,23.988202934600572
2025-03-13 18:00:00,22.502052475140918
2025-03-13 19:00:00,26.484879577368122
2025-03-13 20:00:00,27.550306017815046
2025-03-13 21:00:00,27.894766153716464
2025-03-13 22:00:00,24.976533107780458
2025-03-13 23:00:00,24.60739462364547
2025-03-14 00:00:00,29.053663649007667
2025-03-14 01:00:00,35.07661644293416
2025-03-14 02:00:00,39.69747247654814
2025-03-14 03:00:00,57.8272222563247
2025-03-14 04:00:00,20.57072184876526
2025-03-14 05:00:00,16.16707379440427
2025-03-14 06:00:00,16.993912308361065
2025-03-14 07:00:00,12.173911316173623
2025-03-14 08:00:00,7.531477350318488
2025-03-14 09:00:00,2.7623086390399805
2025-03-14 10:00:00,-3.1178801281784025
2025-03-14 11:00:00,-1.6981896026332859
2025-03-14 12:00:00,9.380732019716394
2025-03-14 13:00:00,11.384469948377372
2025-03-14 14:00:00,17.6879798243163
2025-03-14 15:00:00,27.274467237950155
2025-03-14 16:00:00,26.722052149109995
2025-03-14 17:00:00,25.881208061634624
2025-03-14 18:00:00,27.046891923770126
2025-03-14 19:00:00,32.06733621120894
2025-03-14 20:00:00,32.616262818903266
2025-03-14 21:00:00,31.753519610434516
2025-03-14 22:00:00,26.687909824523484
2025-03-14 23:00:00,24.530486122367783
2025-03-15 00:00:00,25.537225878361014
2025-03-15 01:00:00,27.40107863378432
2025-03-15 02:00:00,27.673218832018442
2025-03-15 03:00:00,32.53895207179145
2025-03-15 04:00:00,17.77362666417381
2025-03-15 05:00:00,14.533647024327509
2025-03-15 06:00:00,11.935522153862895
2025-03-15 07:00:00,11.704233658194882
2025-03-15 08:00:00,14.128187674744149
2025-03-15 09:00:00,10.885614683490335
2025-03-15 10:00:00,10.08309873651595
2025-03-15 11:00:00,9.13425915551855
2025-03-15 12:00:00,11.982600357852617
2025-03-15 13:00:00,14.505372223879188
2025-03-15 14:00:00,19.19910983089671
2025-03-15 15:00:00,23.507772183379483
2025-03-15 16:00:00,27.87898402526059
2025-03-15 17:00:00,32.221411411611
2025-03-15 18:00:00,28.406426331064136
2025-03-15 19:00:00,46.183961797915124
2025-03-15 20:00:00,45.274212478708165
2025-03-15 21:00:00,77.24219033693184
2025-03-15 22:00:00,51.28936179395827
2025-03-15 23:00:00,37.74673193837
2025-03-16 00:00:00,35.36778600587801
2025-03-16 01:00:00,32.73714665895226
2025-03-16 02:00:00,29.747126329163404
2025-03-16 03:00:00,37.717386866139954
2025-03-16 04:00:00,16.86160179921377
2025-03-16 05:00:00,3.2160397314553637
2025-03-16 06:00:00,-1.2079839860031898
2025-03-16 07:00:00,-2.013684029121559
2025-03-16 08:00:00,-2.942433587046856
2025-03-16 09:00:00,-7.6213846809380055
2025-03-16 10:00:00,-7.212047305666377
2025-03-16 11:00:00,-4.692513682204195
2025-03-16 12:00:00,0.17706715474009904
2025-03-16 13:00:00,5.36142523918797
2025-03-16 14:00:00,26.39774426087854
2025-03-16 15:00:00,41.59915671587467
2025-03-16 16:00:00,41.17300442885892
2025-03-16 17:00:00,48.82947710457934
2025-03-16 18:00:00,46.18795545015746
2025-03-16 19:00:00,48.07879488395972
2025-03-16 20:00:00,48.12399068520837
2025-03-16 21:00:00,56.95446896553352
2025-03-16 22:00:00,41.61129948714516
2025-03-16 23:00:00,33.81877114670851
2025-03-17 00:00:00,33.34448095000251
2025-03-17 01:00:00,30.994969640082257
2025-03-17 02:00:00,29.595581238171413
2025-03-17 03:00:00,31.81036322525258
2025-03-17 04:00:00,18.108006642095887
2025-03-17 05:00:00,10.034982449373274
2025-03-17 06:00:00,9.795599355425567
2025-03-17 07:00:00,9.602593854949813
2025-03-17 08:00:00,4.102035358193468
2025-03-17 09:00:00,-4.438574799600733
2025-03-17 10:00:00,-6.408262150284373
2025-03-17 11:00:00,-5.6022856971480515
2025-03-17 12:00:00,-3.545303557406054
2025-03-17 13:00:00,5.9582830158284095
2025-03-17 14:00:00,30.72748359310017
2025-03-17 15:00:00,58.76105178887109
2025-03-17 16:00:00,34.1603378632304
2025-03-17 17:00:00,28.502812895072257
2025-03-17 18:00:00,23.423375297601797
2025-03-17 19:00:00,24.847254948811134
2025-03-17 20:00:00,27.022558564202352
2025-03-17 21:00:00,24.928629179364616
2025-03-17 22:00:00,22.5741398620745
2025-03-17 23:00:00,19.501710052644032
2025-03-18 00:00:00,19.073804199653143
2025-03-18 01:00:00,19.497315184671404
2025-03-18 02:00:00,19.168808330177832
2025-03-18 03:00:00,17.64325858846926
2025-03-18 04:00:00,5.188203157478623
2025-03-18 05:00:00,2.6550494750346627
2025-03-18 06:00:00,2.2898063826020505
2025-03-18 07:00:00,0.8678866262564643
2025-03-18 08:00:00,-1.63777477307809
2025-03-18 09:00:00,-4.744038621877542
2025-03-18 10:00:00,-3.166974241407264
2025-03-18 11:00:00,5.196015565570955
2025-03-18 12:00:00,9.929683214900825
2025-03-18 13:00:00,15.251795998611422
2025-03-18 14:00:00,30.350823867101973
2025-03-18 15:00:00,38.431638296669476
2025-03-18 16:00:00,26.253593724853687
2025-03-18 17:00:00,23.521110875124666
2025-03-18 18:00:00,19.826558526268034
2025-03-18 19:00:00,22.758826622591837
2025-03-18 20:00:00,23.139654958937825
2025-03-18 21:00:00,20.7226783384091
2025-03-18 22:00:00,20.507485137292562
2025-03-18 23:00:00,19.32725625140644
2025-03-19 00:00:00,19.502348214809285
2025-03-19 01:00:00,20.592700879493602
2025-03-19 02:00:00,21.22548896751524
2025-03-19 03:00:00,15.77816488989854
2025-03-19 04:00:00,1.4164847094627946
2025-03-19 05:00:00,1.3162852088342274
2025-03-19 06:00:00,1.5960128990673303
2025-03-19 07:00:00,3.048766949522595
2025-03-19 08:00:00,-0.30041615308911296
2025-03-19 09:00:00,-0.6199884932362106
2025-03-19 10:00:00,0.7549489223736172
2025-03-19 11:00:00,5.658858693494626
2025-03-19 12:00:00,6.569947216225106
2025-03-19 13:00:00,16.540665225553756
2025-03-19 14:00:00,33.127530627676734
2025-03-19 15:00:00,43.06686143974975
2025-03-19 16:00:00,35.414958840011224
2025-03-19 17:00:00,30.299859897067254
2025-03-19 18:00:00,25.79430099317826
2025-03-19 19:00:00,29.580479970918123
2025-03-19 20:00:00,30.371776065724394
2025-03-19 21:00:00,28.17995399077877
2025-03-19 22:00:00,26.678752863025178
2025-03-19 23:00:00,25.79611139024464
2025-03-20 00:00:00,26.56897135148568
2025-03-20 01:00:00,34.50410495597716
2025-03-20 02:00:00,71.63494614744556
2025-03-20 03:00:00,64.60023942216485
2025-03-20 04:00:00,9.639446265995556
2025-03-20 05:00:00,3.3044573237370134
2025-03-20 06:00:00,2.3634394271758166
2025-03-20 07:00:00,-1.118529067158488
2025-03-20 08:00:00,-3.269464537372594
2025-03-20 09:00:00,-4.727492191650908
2025-03-20 10:00:00,-5.68157030403069
2025-03-20 11:00:00,-5.266218825691528
2025-03-20 12:00:00,-5.038958373116319
2025-03-20 13:00:00,-1.3159375698438265
2025-03-20 14:00:00,16.22330426072867
2025-03-20 15:00:00,23.36153426938041
2025-03-20 16:00:00,21.89514579798974
2025-03-20 17:00:00,23.592846410512163
2025-03-20 18:00:00,21.461628589377625
2025-03-20 19:00:00,25.959315433426067
2025-03-20 20:00:00,26.743088656829602
2025-03-20 21:00:00,23.99063123649265
2025-03-20 22:00:00,24.453775821656855
2025-03-20 23:00:00,25.133961525541334
2025-03-21 00:00:00,27.781350788723053
2025-03-21 01:00:00,31.762794951670333
2025-03-21 02:00:00,49.12345901554083
2025-03-21 03:00:00,44.28443303775245
2025-03-21 04:00:00,15.881736819111799
2025-03-21 05:00:00,15.258387128047191
2025-03-21 06:00:00,13.040586312190639
2025-03-21 07:00:00,10.163831422450716
2025-03-21 08:00:00,3.421177032610104
2025-03-21 09:00:00,-4.4860590356931835
2025-03-21 10:00:00,-8.607086538522536
2025-03-21 11:00:00,-7.109113808345086
2025-03-21 12:00:00,-5.45619101440666
2025-03-21 13:00:00,-0.7077960589255938
2025-03-21 14:00:00,13.253467791635492
2025-03-21 15:00:00,16.395005751617244
2025-03-21 16:00:00,12.720559956277897
2025-03-21 17:00:00,8.448080359655647
2025-03-21 18:00:00,9.06504053526553
2025-03-21 19:00:00,17.017217750689735
2025-03-21 20:00:00,19.058710049926113
2025-03-21 21:00:00,18.36221985977554
2025-03-21 22:00:00,17.877525741205464
2025-03-21 23:00:00,19.64273489210033
2025-03-22 00:00:00,21.71574118704105
2025-03-22 01:00:00,24.81645893068029
2025-03-22 02:00:00,30.071229249176316
2025-03-22 03:00:00,21.785255838716573
2025-03-22 04:00:00,6.9652867338676305
2025-03-22 05:00:00,4.57221718430864
2025-03-22 06:00:00,1.6518524215427306
2025-03-22 07:00:00,1.9187840882786602
2025-03-22 08:00:00,-0.24102043364859418
2025-03-22 09:00:00,-3.6553863958705026
2025-03-22 10:00:00,-2.220443148826638
2025-03-22 11:00:00,-0.28978942600007124
2025-03-22 12:00:00,0.34054303224752963
2025-03-22 13:00:00,8.670156347698358
2025-03-22 14:00:00,24.340827937179153
2025-03-22 15:00:00,30.758396975746468
2025-03-22 16:00:00,14.733803288263159
2025-03-22 17:00:00,8.964926134152769
2025-03-22 18:00:00,9.271175287220869
2025-03-22 19:00:00,16.239618386902805
2025-03-22 20:00:00,19.780404488746917
2025-03-22 21:00:00,17.293217187392916
2025-03-22 22:00:00,15.789243835519832
2025-03-22 23:00:00,15.370369786571102
2025-03-23 00:00:00,19.482496262792438
2025-03-23 01:00:00,19.747191090954704
2025-03-23 02:00:00,19.99595351905444
2025-03-23 03:00:00,16.408020570182337
2025-03-23 04:00:00,3.751602005621961
2025-03-23 05:00:00,2.3176341081200973
2025-03-23 06:00:00,1.2086914691402735
2025-03-23 07:00:00,0.8928622716216721
2025-03-23 08:00:00,-3.1674322811569717
2025-03-23 09:00:00,-7.890418821963883
2025-03-23 10:00:00,-8.728305865761254
2025-03-23 11:00:00,-7.183758713645172
2025-03-23 12:00:00,-4.445664041462538
2025-03-23 13:00:00,6.382708858238855
2025-03-23 14:00:00,18.970949383311243
2025-03-23 15:00:00,21.965961483341385
2025-03-23 16:00:00,18.97957440149051
2025-03-23 17:00:00,15.501102126485812
2025-03-23 18:00:00,16.277873851090217
2025-03-23 19:00:00,22.738336165162693
2025-03-23 20:00:00,23.26997927308704
2025-03-23 21:00:00,21.214848137877816
2025-03-23 22:00:00,21.190912407628396
2025-03-23 23:00:00,20.141260706975515
2025-03-24 00:00:00,22.60123590213591
2025-03-24 01:00:00,22.46599246742558
2025-03-24 02:00:00,21.09688594659599
2025-03-24 03:00:00,19.9076667760507
2025-03-24 04:00:00,14.211777532710245
2025-03-24 05:00:00,9.428856995531598
2025-03-24 06:00:00,4.628897106987073
2025-03-24 07:00:00,10.298155332981638
2025-03-24 08:00:00,9.431206552207623
2025-03-24 09:00:00,4.98943576978653
2025-03-24 10:00:00,3.640685206345586
2025-03-24 11:00:00,5.632081451082362
2025-03-24 12:00:00,0.6610709051982927
2025-03-24 13:00:00,9.620937789469984
2025-03-24 14:00:00,23.35093962379663
2025-03-24 15:00:00,27.094530112065794
2025-03-24 16:00:00,31.825859947542362
2025-03-24 17:00:00,31.182927422416558
2025-03-24 18:00:00,28.282940076109078
2025-03-24 19:00:00,30.952947397674443
2025-03-24 20:00:00,31.853965593914523
2025-03-24 21:00:00,28.720517247363546
2025-03-24 22:00:00,27.331993695375097
2025-03-24 23:00:00,25.924040893140678
2025-03-25 00:00:00,26.912381965254696
2025-03-25 01:00:00,28.22000030180805
2025-03-25 02:00:00,27.397325664178613
2025-03-25 03:00:00,21.166646354680772
2025-03-25 04:00:00,12.817755136823926
2025-03-25 05:00:00,7.224338102124454
2025-03-25 06:00:00,5.519518249139165
2025-03-25 07:00:00,5.5748694777027215
2025-03-25 08:00:00,0.010728720467707247
2025-03-25 09:00:00,-4.53128498983579
2025-03-25 10:00:00,-5.137680208030546
2025-03-25 11:00:00,1.0858690294405986
2025-03-25 12:00:00,0.8438405565694436
2025-03-25 13:00:00,9.056151873332178
2025-03-25 14:00:00,47.577131369250495
2025-03-25 15:00:00,130.5242041169508
2025-03-25 16:00:00,52.918124044493545
2025-03-25 17:00:00,23.60295700014223
2025-03-25 18:00:00,23.314763636290653
2025-03-25 19:00:00,28.6898591327963
2025-03-25 20:00:00,32.810004113965476
2025-03-25 21:00:00,31.50167217357332
2025-03-25 22:00:00,28.731172061627163
2025-03-25 23:00:00,27.046065054196657
2025-03-26 00:00:00,26.006493987943703
2025-03-26 01:00:00,27.354633854606494
2025-03-26 02:00:00,28.208052083213623
2025-03-26 03:00:00,20.680239031635136
2025-03-26 04:00:00,13.996071632553711
2025-03-26 05:00:00,5.804921137781089
2025-03-26 06:00:00,4.385833539175955
2025-03-26 07:00:00,4.0965772720428415
2025-03-26 08:00:00,2.435748755077187
2025-03-26 09:00:00,1.5612321986341342
2025-03-26 10:00:00,2.5658194279566398
2025-03-26 11:00:00,7.451936214344176
2025-03-26 12:00:00,9.26950809601185
2025-03-26 13:00:00,29.44169391929564
2025-03-26 14:00:00,53.29436570012902
2025-03-26 15:00:00,88.77834261240683
2025-03-26 16:00:00,37.31894109193802
2025-03-26 17:00:00,23.274000051806418
2025-03-26 18:00:00,26.57162894519715
2025-03-26 19:00:00,34.04446057235597
2025-03-26 20:00:00,37.09616345669056
2025-03-26 21:00:00,33.377759214794615
2025-03-26 22:00:00,31.93915336515451
2025-03-26 23:00:00,29.983205654217915
2025-03-27 00:00:00,30.140053738061187
2025-03-27 01:00:00,33.73651662736515
2025-03-27 02:00:00,33.79152021285744
2025-03-27 03:00:00,30.340439268221697
2025-03-27 04:00:00,24.202663844633094
2025-03-27 05:00:00,15.471713171262072
2025-03-27 06:00:00,13.548305098923333
2025-03-27 07:00:00,12.446885595217001
2025-03-27 08:00:00,7.572435479398696
2025-03-27 09:00:00,5.065168921906894
2025-03-27 10:00:00,2.046569263674192
2025-03-27 11:00:00,5.882715683476613
2025-03-27 12:00:00,9.48419386098696
2025-03-27 13:00:00,18.80565548959266
2025-03-27 14:00:00,26.7407169594005
2025-03-27 15:00:00,32.02041141100127
2025-03-27 16:00:00,24.337470313748536
2025-03-27 17:00:00,20.14307542343094
2025-03-27 18:00:00,20.11156713254425
2025-03-27 19:00:00,23.475841676322805
2025-03-27 20:00:00,24.375243738472573
2025-03-27 21:00:00,21.82086744494953
2025-03-27 22:00:00,21.678743291030116
2025-03-27 23:00:00,22.740810526323404
2025-03-28 00:00:00,24.592629318005507
2025-03-28 01:00:00,29.325735214983165
2025-03-28 02:00:00,33.216487226397696
2025-03-28 03:00:00,28.6018299834732
2025-03-28 04:00:00,24.23559791986728
2025-03-28 05:00:00,16.576238277854394
2025-03-28 06:00:00,13.881537669321592
2025-03-28 07:00:00,11.362830039100357
2025-03-28 08:00:00,8.344006434501027
2025-03-28 09:00:00,8.568975803191666
2025-03-28 10:00:00,7.062323952888966
2025-03-28 11:00:00,7.657460126223395
2025-03-28 12:00:00,10.255688067179316
2025-03-28 13:00:00,12.063173135464567
2025-03-28 14:00:00,17.112327960279867
2025-03-28 15:00:00,21.3798796462833
2025-03-28 16:00:00,27.47738967431904
2025-03-28 17:00:00,27.880319657655836
2025-03-28 18:00:00,25.624228121202812
2025-03-28 19:00:00,28.496309271720655
2025-03-28 20:00:00,33.29131750063079
2025-03-28 21:00:00,29.028079758627936
2025-03-28 22:00:00,26.12838164023756
2025-03-28 23:00:00,25.299070403919576
2025-03-29 00:00:00,26.63473304755596
2025-03-29 01:00:00,30.551734021471567
2025-03-29 02:00:00,31.673121883635847
2025-03-29 03:00:00,35.734937903058984
2025-03-29 04:00:00,22.54306125405237
2025-03-29 05:00:00,18.086302754459535
2025-03-29 06:00:00,17.018882580817408
2025-03-29 07:00:00,15.622988548767463
2025-03-29 08:00:00,17.32279483810272
2025-03-29 09:00:00,21.541923746210905
2025-03-29 10:00:00,22.594640423772244
2025-03-29 11:00:00,17.3882861280578
2025-03-29 12:00:00,15.20832542898499
2025-03-29 13:00:00,15.011203658115294
2025-03-29 14:00:00,20.374559875258424
2025-03-29 15:00:00,22.23949839481444
2025-03-29 16:00:00,19.59477488356283
2025-03-29 17:00:00,19.07378553352268
2025-03-29 18:00:00,20.501219799054425
2025-03-29 19:00:00,24.30423451348274
2025-03-29 20:00:00,27.929762687203763
2025-03-29 21:00:00,24.770250788034627
2025-03-29 22:00:00,25.058834871225557
2025-03-29 23:00:00,22.46886774622439
2025-03-30 00:00:00,21.273099240632213
2025-03-30 01:00:00,24.395018101803146
2025-03-30 02:00:00,23.09247475848078
2025-03-30 03:00:00,23.846699396402173
2025-03-30 04:00:00,19.340670644845254
2025-03-30 05:00:00,17.03297808681057
2025-03-30 06:00:00,14.90238738690918
2025-03-30 07:00:00,13.628658983818914
2025-03-30 08:00:00,14.930017163154895
2025-03-30 09:00:00,15.028276052254416
2025-03-30 10:00:00,11.494751737551026
2025-03-30 11:00:00,6.2860532292561375
2025-03-30 12:00:00,-1.8498896522026125
2025-03-30 13:00:00,6.912660905082028
2025-03-30 14:00:00,18.442305099919427
2025-03-30 15:00:00,22.254997748160505
2025-03-30 16:00:00,36.351790227603935
2025-03-30 17:00:00,59.07139242985159
2025-03-30 18:00:00,53.47483973626861
2025-03-30 19:00:00,52.41091522722394
2025-03-30 20:00:00,50.35208245134471
2025-03-30 21:00:00,44.22235558850627
2025-03-30 22:00:00,41.22026335126644
2025-03-30 23:00:00,34.095126994404325
2025-03-31 00:00:00,31.28751143546801
2025-03-31 01:00:00,31.10853605862844
2025-03-31 02:00:00,28.320643443486194
2025-03-31 03:00:00,25.52930029905157
2025-03-31 04:00:00,20.11768799438751
2025-03-31 05:00:00,16.37808333888623
2025-03-31 06:00:00,15.96549264115166
2025-03-31 07:00:00,15.148879499686393
2025-03-31 08:00:00,15.34989981886728
2025-03-31 09:00:00,13.539110638698135
2025-03-31 10:00:00,24.63476031060222
2025-03-31 11:00:00,13.549709518062512
2025-03-31 12:00:00,21.674860691393853
2025-03-31 13:00:00,33.66782460203473
2025-03-31 14:00:00,58.67932956796179
2025-03-31 15:00:00,72.11184728139828
2025-03-31 16:00:00,52.89314680807238
2025-03-31 17:00:00,40.499551540855144
2025-03-31 18:00:00,38.747124720322944
2025-03-31 19:00:00,42.14637635875853
2025-03-31 20:00:00,46.20397553811667
2025-03-31 21:00:00,47.484021583042676
2025-03-31 22:00:00,54.47353196906019
2025-03-31 23:00:00,47.67140159682264
2025-04-01 00:00:00,45.44452691308721
2025-04-01 01:00:00,39.529945625008054
2025-04-01 02:00:00,41.70465127569572
2025-04-01 03:00:00,34.98657306795584
2025-04-01 04:00:00,23.268640965617486
2025-04-01 05:00:00,18.035548437134118
2025-04-01 06:00:00,16.346089012227406
2025-04-01 07:00:00,13.241088253197743
2025-04-01 08:00:00,9.753221561795892
2025-04-01 09:00:00,9.311997694199635
2025-04-01 10:00:00,12.800414444501172
2025-04-01 11:00:00,8.720324171750544
2025-04-01 12:00:00,12.263870627550837
2025-04-01 13:00:00,21.766284143578485
2025-04-01 14:00:00,56.760478039277395
2025-04-01 15:00:00,76.22044722743661
2025-04-01 16:00:00,38.42003124235472
2025-04-01 17:00:00,20.54911846285
2025-04-01 18:00:00,23.332249379655654
2025-04-01 19:00:00,31.35904110296308
2025-04-01 20:00:00,37.935740951717754
2025-04-01 21:00:00,38.013374211103425
2025-04-01 22:00:00,36.51161056961622
2025-04-01 23:00:00,33.740891335990206
2025-04-02 00:00:00,35.56590900783004
2025-04-02 01:00:00,41.48479215037745
2025-04-02 02:00:00,50.50699968790607
2025-04-02 03:00:00,32.518978960261016
2025-04-02 04:00:00,23.0848606172181
2025-04-02 05:00:00,20.291492691692564
2025-04-02 06:00:00,18.95318298684536
2025-04-02 07:00:00,14.690041963469737
2025-04-02 08:00:00,10.747773225603655
2025-04-02 09:00:00,10.078312480159173
2025-04-02 10:00:00,11.273348018750875
2025-04-02 11:00:00,10.723955087148981
2025-04-02 12:00:00,14.800484379693776
2025-04-02 13:00:00,20.338465964608744
2025-04-02 14:00:00,36.43618740090286
2025-04-02 15:00:00,47.375139913686866
2025-04-02 16:00:00,46.57307538057587
2025-04-02 17:00:00,31.628346847248952
2025-04-02 18:00:00,28.295630362420656
2025-04-02 19:00:00,29.891695078132923
2025-04-02 20:00:00,31.433986147673515
2025-04-02 21:00:00,30.123325250580496
2025-04-02 22:00:00,29.05906248070645
2025-04-02 23:00:00,28.375059265951805
2025-04-03 00:00:00,28.34973975854901
2025-04-03 01:00:00,31.162456897701663
2025-04-03 02:00:00,37.83678523284337
2025-04-03 03:00:00,38.44556449344415
2025-04-03 04:00:00,25.04348710223505
2025-04-03 05:00:00,22.39754061362961
2025-04-03 06:00:00,21.48444535858091
2025-04-03 07:00:00,23.372420707874177
2025-04-03 08:00:00,29.629235070654133
2025-04-03 09:00:00,27.060137166549456
2025-04-03 10:00:00,22.98509534528478
2025-04-03 11:00:00,24.82654758746646
2025-04-03 12:00:00,44.349318183485956
2025-04-03 13:00:00,59.02734592660454
2025-04-03 14:00:00,75.06794918870716
2025-04-03 15:00:00,74.97413844294071
2025-04-03 16:00:00,63.270070163736406
2025-04-03 17:00:00,33.891455485092514
2025-04-03 18:00:00,30.040147612723125
2025-04-03 19:00:00,30.417120585627842
2025-04-03 20:00:00,29.11585739805444
2025-04-03 21:00:00,25.443516138722142
2025-04-03 22:00:00,23.02286937202684
2025-04-03 23:00:00,21.6216460532058
2025-04-04 00:00:00,21.165515717167363
2025-04-04 01:00:00,21.814356106445484
2025-04-04 02:00:00,21.854239939976395
2025-04-04 03:00:00,22.903339738178218
2025-04-04 04:00:00,18.77261180703973
2025-04-04 05:00:00,17.806411111578957
2025-04-04 06:00:00,18.070655038725754
2025-04-04 07:00:00,11.437103206917122
2025-04-04 08:00:00,11.88132984389089
2025-04-04 09:00:00,13.252739255337344
2025-04-04 10:00:00,12.323299521168009
2025-04-04 11:00:00,14.318984827492391
2025-04-04 12:00:00,17.274728048668592
2025-04-04 13:00:00,28.630312369426424
2025-04-04 14:00:00,37.48412692494182
2025-04-04 15:00:00,36.58163563391949
2025-04-04 16:00:00,32.42837491131468
2025-04-04 17:00:00,27.311726625714368
2025-04-04 18:00:00,27.65556151040107
2025-04-04 19:00:00,31.452299067683338
2025-04-04 20:00:00,32.441990350691015
2025-04-04 21:00:00,28.596921400176804
2025-04-04 22:00:00,29.326165382729002
2025-04-04 23:00:00,29.754968145689023
2025-04-05 00:00:00,35.37841970838943
2025-04-05 01:00:00,40.43921386405325
2025-04-05 02:00:00,38.54384443951582
2025-04-05 03:00:00,31.297010431595105
2025-04-05 04:00:00,24.37449312190212
2025-04-05 05:00:00,21.58777008069938
2025-04-05 06:00:00,19.587434014126856
2025-04-05 07:00:00,14.855857428498656
2025-04-05 08:00:00,13.597086959684523
2025-04-05 09:00:00,14.087703638179702
2025-04-05 10:00:00,15.343647105769845
2025-04-05 11:00:00,15.452442745108629
2025-04-05 12:00:00,15.601140197020642
2025-04-05 13:00:00,20.9478844403092
2025-04-05 14:00:00,24.111934241086608
2025-04-05 15:00:00,27.592666379364346
2025-04-05 16:00:00,28.722956016474615
2025-04-05 17:00:00,25.57990084706739
2025-04-05 18:00:00,25.65765161859842
2025-04-05 19:00:00,27.561973227895955
2025-04-05 20:00:00,28.833704177226217
2025-04-05 21:00:00,29.047878264726396
2025-04-05 22:00:00,29.52171911099254
2025-04-05 23:00:00,27.151361681913354
2025-04-06 00:00:00,28.26108929992061
2025-04-06 01:00:00,29.848916759267905
2025-04-06 02:00:00,31.584436799579805
2025-04-06 03:00:00,28.86474673175216
2025-04-06 04:00:00,26.942767605871452
2025-04-06 05:00:00,25.05336061640446
2025-04-06 06:00:00,23.10377636272215
2025-04-06 07:00:00,20.189400284492624
2025-04-06 08:00:00,19.133864267225917
2025-04-06 09:00:00,14.09270836355222
2025-04-06 10:00:00,16.450568098546913
2025-04-06 11:00:00,15.603549609862249
2025-04-06 12:00:00,14.801949724879996
2025-04-06 13:00:00,16.54536555749855
2025-04-06 14:00:00,17.53065954411577
2025-04-06 15:00:00,20.229791952024375
2025-04-06 16:00:00,19.744035284186342
2025-04-06 17:00:00,17.32089662933577
2025-04-06 18:00:00,17.779815607843915
2025-04-06 19:00:00,19.347817516813688
2025-04-06 20:00:00,19.328895083714617
2025-04-06 21:00:00,20.188232462626704
2025-04-06 22:00:00,22.52287378730814
2025-04-06 23:00:00,23.23634597104779
2025-04-07 00:00:00,26.13068958537071
2025-04-07 01:00:00,27.34275204904312
2025-04-07 02:00:00,26.408978098924234
2025-04-07 03:00:00,28.331138596160834
2025-04-07 04:00:00,21.851175219085377
2025-04-07 05:00:00,19.876243681778735
2025-04-07 06:00:00,16.696203582678727
2025-04-07 07:00:00,16.176163552167957
2025-04-07 08:00:00,11.13653840366427
2025-04-07 09:00:00,8.890513631862243
2025-04-07 10:00:00,11.1970408300596
2025-04-07 11:00:00,7.5129290728033915
2025-04-07 12:00:00,7.923881498536679
2025-04-07 13:00:00,5.927604215443925
2025-04-07 14:00:00,21.554022134350806
2025-04-07 15:00:00,60.40132773688101
2025-04-07 16:00:00,69.66640855990613
2025-04-07 17:00:00,115.87208646635271
2025-04-07 18:00:00,111.58673463384827
2025-04-07 19:00:00,61.29794566212128
2025-04-07 20:00:00,52.56057205215076
2025-04-07 21:00:00,57.937885801053454
2025-04-07 22:00:00,74.16700741705752
2025-04-07 23:00:00,84.77664570701197
2025-04-08 00:00:00,84.09781038876729
2025-04-08 01:00:00,246.08989609322364
2025-04-08 02:00:00,249.42919445220235
2025-04-08 03:00:00,42.31099260010534
2025-04-08 04:00:00,21.3610996640406
2025-04-08 05:00:00,25.296336563549445
2025-04-08 06:00:00,23.08616069614637
2025-04-08 07:00:00,19.078282410742716
2025-04-08 08:00:00,11.565360243829316
2025-04-08 09:00:00,6.750740668834137
2025-04-08 10:00:00,6.233872479875537
2025-04-08 11:00:00,0.4864007225223075
2025-04-08 12:00:00,-0.3595230778378166
2025-04-08 13:00:00,4.515430517466569
2025-04-08 14:00:00,30.258566135008916
2025-04-08 15:00:00,55.84916220486419
2025-04-08 16:00:00,81.75296279606111
2025-04-08 17:00:00,69.2376258548411
2025-04-08 18:00:00,52.12095075722075
2025-04-08 19:00:00,36.46119103183251
2025-04-08 20:00:00,35.8335940527968
2025-04-08 21:00:00,34.90862644796656
2025-04-08 22:00:00,39.27320628109944
2025-04-08 23:00:00,42.53759684151938
2025-04-09 00:00:00,43.994225257275644
2025-04-09 01:00:00,111.41692634898061
2025-04-09 02:00:00,113.37587812408923
2025-04-09 03:00:00,20.90087384500464
2025-04-09 04:00:00,13.358801194826984
2025-04-09 05:00:00,17.816799026053417
2025-04-09 06:00:00,15.639779772401768
2025-04-09 07:00:00,12.510764625923864
2025-04-09 08:00:00,4.9221436975572015
2025-04-09 09:00:00,1.4119521858340038
2025-04-09 10:00:00,-1.2430714376851908
2025-04-09 11:00:00,-2.594527098933433
2025-04-09 12:00:00,-3.17211935104999
2025-04-09 13:00:00,-0.1785234607321389
2025-04-09 14:00:00,19.160736410847036
2025-04-09 15:00:00,28.39250668068916
2025-04-09 16:00:00,30.199519480809677
2025-04-09 17:00:00,18.222670619923225
2025-04-09 18:00:00,15.214306682833906
2025-04-09 19:00:00,23.76608167071534
2025-04-09 20:00:00,24.34760298651863
2025-04-09 21:00:00,20.825936617042423
2025-04-09 22:00:00,19.43714327670581
2025-04-09 23:00:00,18.21502291790084
2025-04-10 00:00:00,19.753044374344313
2025-04-10 01:00:00,22.531076961554692
2025-04-10 02:00:00,24.258564349103544
2025-04-10 03:00:00,7.9182063526557185
2025-04-10 04:00:00,2.0871843246244004
2025-04-10 05:00:00,1.9995650428742422
2025-04-10 06:00:00,0.4737055566043619
2025-04-10 07:00:00,-1.176034149178191
2025-04-10 08:00:00,-4.579289633109509
2025-04-10 09:00:00,-5.093654291099459
2025-04-10 10:00:00,-0.9961111477595542
2025-04-10 11:00:00,2.968537477047427
2025-04-10 12:00:00,5.048218993151162
2025-04-10 13:00:00,5.180668207167
2025-04-10 14:00:00,24.137538213440664
2025-04-10 15:00:00,42.824452613468324
2025-04-10 16:00:00,18.42670589360317
2025-04-10 17:00:00,12.723103955243339
2025-04-10 18:00:00,16.037785864134875
2025-04-10 19:00:00,28.775632449988894
2025-04-10 20:00:00,32.18303656221916
2025-04-10 21:00:00,31.583263337610774
2025-04-10 22:00:00,27.63048048625102
2025-04-10 23:00:00,24.303244572742212
2025-04-11 00:00:00,25.12285191463281
2025-04-11 01:00:00,27.498022364618024
2025-04-11 02:00:00,36.34751160563841
2025-04-11 03:00:00,15.658269012665388
2025-04-11 04:00:00,12.123655078097325
2025-04-11 05:00:00,11.97921713325065
2025-04-11 06:00:00,11.796016559745588
2025-04-11 07:00:00,6.3224290178937865
2025-04-11 08:00:00,-0.036058171613430105
2025-04-11 09:00:00,-3.480674873325123
2025-04-11 10:00:00,-0.8739749105126792
2025-04-11 11:00:00,4.947339384723073
2025-04-11 12:00:00,6.3991375177616225
2025-04-11 13:00:00,8.62579240070727
2025-04-11 14:00:00,39.95207275569643
2025-04-11 15:00:00,46.34806102384455
2025-04-11 16:00:00,23.94707844727323
2025-04-11 17:00:00,18.057012145766237
2025-04-11 18:00:00,22.891660475323526
2025-04-11 19:00:00,34.15225584940767
2025-04-11 20:00:00,39.45264322802066
2025-04-11 21:00:00,38.8463874306041
2025-04-11 22:00:00,33.83459524387837
2025-04-11 23:00:00,30.023394428951033
2025-04-12 00:00:00,33.18183689762397
2025-04-12 01:00:00,35.25948811527779
2025-04-12 02:00:00,45.4081216355719
2025-04-12 03:00:00,23.53888902765697
2025-04-12 04:00:00,18.74238291068836
2025-04-12 05:00:00,15.497349896310839
2025-04-12 06:00:00,13.976932196819197
2025-04-12 07:00:00,10.89527025158721
2025-04-12 08:00:00,4.331428893771157
2025-04-12 09:00:00,1.0955892449954185
2025-04-12 10:00:00,5.945598500608217
2025-04-12 11:00:00,10.699485383159248
2025-04-12 12:00:00,6.776724446393853
2025-04-12 13:00:00,9.961040644632284
2025-04-12 14:00:00,34.78210415281294
2025-04-12 15:00:00,41.66223898752808
2025-04-12 16:00:00,23.55107371775894
2025-04-12 17:00:00,15.224894899280846
2025-04-12 18:00:00,17.475122654915182
2025-04-12 19:00:00,26.479533156534988
2025-04-12 20:00:00,32.75000382576024
2025-04-12 21:00:00,30.701315486935997
2025-04-12 22:00:00,28.570404590495787
2025-04-12 23:00:00,24.030273592594188
2025-04-13 00:00:00,23.41149564295605
2025-04-13 01:00:00,22.55499234527395
2025-04-13 02:00:00,24.59115741798056
2025-04-13 03:00:00,10.393930740485816
2025-04-13 04:00:00,5.47693050107856
2025-04-13 05:00:00,2.3609924255704007
2025-04-13 06:00:00,0.26233087672116945
2025-04-13 07:00:00,-1.1319427471763666
2025-04-13 08:00:00,-5.406511012081093
2025-04-13 09:00:00,-8.09692738069886
2025-04-13 10:00:00,-4.971218970793251
2025-04-13 11:00:00,-1.1981392580370895
2025-04-13 12:00:00,-0.2506338996148472
2025-04-13 13:00:00,3.7347281993269323
2025-04-13 14:00:00,18.42771264252341
2025-04-13 15:00:00,21.9191117829038
2025-04-13 16:00:00,17.935956360570124
2025-04-13 17:00:00,15.47129437923176
2025-04-13 18:00:00,17.18115511208155
2025-04-13 19:00:00,24.918846516591756
2025-04-13 20:00:00,29.983939249640546
2025-04-13 21:00:00,28.435087761990147
2025-04-13 22:00:00,27.360322315812276
2025-04-13 23:00:00,24.91750630859589
2025-04-14 00:00:00,25.022708649989553
2025-04-14 01:00:00,23.809259936441954
2025-04-14 02:00:00,21.098186605612504
2025-04-14 03:00:00,7.342105244101496
2025-04-14 04:00:00,2.461463812516226
2025-04-14 05:00:00,1.8631176594405023
2025-04-14 06:00:00,0.6976000645355418
2025-04-14 07:00:00,0.028864378300271908
2025-04-14 08:00:00,-1.0259374628392364
2025-04-14 09:00:00,-2.208901312818876
2025-04-14 10:00:00,1.361019635133406
2025-04-14 11:00:00,2.718249481728157
2025-04-14 12:00:00,2.681460289801532
2025-04-14 13:00:00,7.890684158989253
2025-04-14 14:00:00,18.055914057100466
2025-04-14 15:00:00,17.109565487531285
2025-04-14 16:00:00,19.029866615617646
2025-04-14 17:00:00,17.931672884612624
2025-04-14 18:00:00,21.58472414354145
2025-04-14 19:00:00,31.057648059139176
2025-04-14 20:00:00,35.36901697344497
2025-04-14 21:00:00,33.92630831893833
2025-04-14 22:00:00,31.83138167151023
2025-04-14 23:00:00,29.613384069622523
2025-04-15 00:00:00,29.780123293486195
2025-04-15 01:00:00,29.317644423285767
2025-04-15 02:00:00,25.926824833920172
2025-04-15 03:00:00,15.76843067670282
2025-04-15 04:00:00,10.480154921212895
2025-04-15 05:00:00,7.291060216315163
2025-04-15 06:00:00,10.884110452363096
2025-04-15 07:00:00,8.952218122332663
2025-04-15 08:00:00,6.719384451017227
2025-04-15 09:00:00,7.326110455207176
2025-04-15 10:00:00,10.313690312808667
2025-04-15 11:00:00,10.993077026439247
2025-04-15 12:00:00,9.709007645400694
2025-04-15 13:00:00,24.94317539599553
2025-04-15 14:00:00,36.498239202927216
2025-04-15 15:00:00,46.03509119003117
2025-04-15 16:00:00,50.332563414492185
2025-04-15 17:00:00,29.049643466897308
2025-04-15 18:00:00,29.773122025636653
2025-04-15 19:00:00,34.411263973131554
2025-04-15 20:00:00,37.748547990990176
2025-04-15 21:00:00,34.96364587709536
2025-04-15 22:00:00,32.8379426458903
2025-04-15 23:00:00,30.219168343438717
2025-04-16 00:00:00,28.008355382234807
2025-04-16 01:00:00,31.409993649594036
2025-04-16 02:00:00,28.902213874637894
2025-04-16 03:00:00,26.437706990955895
2025-04-16 04:00:00,14.429117878701216
2025-04-16 05:00:00,9.480587345881174
2025-04-16 06:00:00,8.417044485769873
2025-04-16 07:00:00,9.852633863052214
2025-04-16 08:00:00,8.755289182247857
2025-04-16 09:00:00,5.803462711716312
2025-04-16 10:00:00,3.34825504667319
2025-04-16 11:00:00,8.392773470050825
2025-04-16 12:00:00,4.505141969436667
2025-04-16 13:00:00,9.47510099946465
2025-04-16 14:00:00,30.532594428066552
2025-04-16 15:00:00,52.8852386317755
2025-04-16 16:00:00,37.26986014009583
2025-04-16 17:00:00,20.82520919099799
2025-04-16 18:00:00,18.37559364091854
2025-04-16 19:00:00,24.200779181248816
2025-04-16 20:00:00,27.338756351036434
2025-04-16 21:00:00,24.77029480841123
2025-04-16 22:00:00,23.683918198989716
2025-04-16 23:00:00,22.482748265993322
2025-04-17 00:00:00,21.5310022754251
2025-04-17 01:00:00,23.363019633742447
2025-04-17 02:00:00,23.218798253870865
2025-04-17 03:00:00,23.37043291110696
2025-04-17 04:00:00,13.527856267454057
2025-04-17 05:00:00,11.66824268966032
2025-04-17 06:00:00,6.967083511391101
2025-04-17 07:00:00,8.508948668524898
2025-04-17 08:00:00,7.162558821541174
2025-04-17 09:00:00,5.506926643011027
2025-04-17 10:00:00,3.0018152291893347
2025-04-17 11:00:00,8.749398151352139
2025-04-17 12:00:00,11.132546520072694
2025-04-17 13:00:00,11.940491374926033
2025-04-17 14:00:00,30.386840768821145
2025-04-17 15:00:00,66.92807300529715
2025-04-17 16:00:00,70.21907970056694
2025-04-17 17:00:00,29.981641836847157
2025-04-17 18:00:00,25.423156046989394
2025-04-17 19:00:00,35.33291463194101
2025-04-17 20:00:00,35.241192339341154
2025-04-17 21:00:00,34.33536650916695
2025-04-17 22:00:00,32.052275185478486
2025-04-17 23:00:00,30.018559457693325
2025-04-18 00:00:00,30.732200978288937
2025-04-18 01:00:00,37.15863777540263
2025-04-18 02:00:00,53.62414031974687
2025-04-18 03:00:00,25.47864008895381
2025-04-18 04:00:00,17.170796747216805
2025-04-18 05:00:00,14.440152918476667
2025-04-18 06:00:00,10.156177976212721
2025-04-18 07:00:00,8.369442970244249
2025-04-18 08:00:00,7.107102072341318
2025-04-18 09:00:00,3.402268066697695
2025-04-18 10:00:00,2.163571099231566
2025-04-18 11:00:00,3.0087032339062167
2025-04-18 12:00:00,7.181945201176061
2025-04-18 13:00:00,11.35239190408401
2025-04-18 14:00:00,20.590999959575207
2025-04-18 15:00:00,32.09056162200381
2025-04-18 16:00:00,41.66379852315123
2025-04-18 17:00:00,26.146488426259353
2025-04-18 18:00:00,25.27788393626755
2025-04-18 19:00:00,32.099373147305904
2025-04-18 20:00:00,32.704945167414266
2025-04-18 21:00:00,30.617338026747134
2025-04-18 22:00:00,26.833700584904445
2025-04-18 23:00:00,25.007186942502084
2025-04-19 00:00:00,23.852109503812976
2025-04-19 01:00:00,27.108889542330513
2025-04-19 02:00:00,31.6694591178896
2025-04-19 03:00:00,17.726945799874716
2025-04-19 04:00:00,14.146629631876825
2025-04-19 05:00:00,8.639746586082323
2025-04-19 06:00:00,7.525257566135015
2025-04-19 07:00:00,9.246893791003199
2025-04-19 08:00:00,7.078128588517926
2025-04-19 09:00:00,6.07335263050927
2025-04-19 10:00:00,6.059646791013382
2025-04-19 11:00:00,20.01681641584264
2025-04-19 12:00:00,20.868580805037443
2025-04-19 13:00:00,18.72901432393212
2025-04-19 14:00:00,22.485930025190523
2025-04-19 15:00:00,22.924616321868392
2025-04-19 16:00:00,25.93416389041894
2025-04-19 17:00:00,25.62096370660847
2025-04-19 18:00:00,27.053962911353356
2025-04-19 19:00:00,31.241030913806302
2025-04-19 20:00:00,29.429056452197695
2025-04-19 21:00:00,27.03169791316586
2025-04-19 22:00:00,24.43974151880022
2025-04-19 23:00:00,21.51118827513075
2025-04-20 00:00:00,18.825065833724704
2025-04-20 01:00:00,19.650122626777748
2025-04-20 02:00:00,17.31700399523974
2025-04-20 03:00:00,14.701670622131854
2025-04-20 04:00:00,12.147722317663648
2025-04-20 05:00:00,9.80481595553793
2025-04-20 06:00:00,10.803083347658793
2025-04-20 07:00:00,10.950264650683586
2025-04-20 08:00:00,7.324162037859985
2025-04-20 09:00:00,5.920881262637906
2025-04-20 10:00:00,4.52623142314996
2025-04-20 11:00:00,9.719842969378085
2025-04-20 12:00:00,12.298576804484266
2025-04-20 13:00:00,14.728163079455665
2025-04-20 14:00:00,18.317615531145787
2025-04-20 15:00:00,21.212500431669874
2025-04-20 16:00:00,22.035620969818044
2025-04-20 17:00:00,22.28784340870224
2025-04-20 18:00:00,22.811590655630948
2025-04-20 19:00:00,23.143174474852913
2025-04-20 20:00:00,22.637489480726362
2025-04-20 21:00:00,22.017255229643485
2025-04-20 22:00:00,24.558354425288606
2025-04-20 23:00:00,26.847469888783376
2025-04-21 00:00:00,25.87783227983782
2025-04-21 01:00:00,21.266136338474745
2025-04-21 02:00:00,19.965730923146992
2025-04-21 03:00:00,15.116133623397777
2025-04-21 04:00:00,11.900187107313556
2025-04-21 05:00:00,9.100520839088665
2025-04-21 06:00:00,7.790027397172875
2025-04-21 07:00:00,7.256805765596694
2025-04-21 08:00:00,4.246411100895443
2025-04-21 09:00:00,0.440299243699678
2025-04-21 10:00:00,1.326373535302671
2025-04-21 11:00:00,0.5017194989945554
2025-04-21 12:00:00,4.42433782953435
2025-04-21 13:00:00,8.100696563797264
2025-04-21 14:00:00,28.255006476857705
2025-04-21 15:00:00,58.841611264070515
2025-04-21 16:00:00,78.95669544575256
2025-04-21 17:00:00,111.42356714550534
2025-04-21 18:00:00,29.486630119792572
2025-04-21 19:00:00,25.53787664234711
2025-04-21 20:00:00,26.017350057561647
2025-04-21 21:00:00,25.3048166364971
2025-04-21 22:00:00,25.1838545307583
2025-04-21 23:00:00,24.703228467195288
2025-04-22 00:00:00,21.892700667465355
2025-04-22 01:00:00,22.41976155389206
2025-04-22 02:00:00,22.065496962273194
2025-04-22 03:00:00,15.61839242927983
2025-04-22 04:00:00,11.31218922370011
2025-04-22 05:00:00,9.724470844796205
2025-04-22 06:00:00,5.770959367718776
2025-04-22 07:00:00,2.2046912463218864
2025-04-22 08:00:00,-2.1831660377790127
2025-04-22 09:00:00,-6.532887578928961
2025-04-22 10:00:00,-3.457705526147234
2025-04-22 11:00:00,-0.5637712310920555
2025-04-22 12:00:00,-0.26693675304445236
2025-04-22 13:00:00,1.9856465000555812
2025-04-22 14:00:00,25.773918185318937
2025-04-22 15:00:00,57.737238987973555
2025-04-22 16:00:00,42.39026922110454
2025-04-22 17:00:00,48.776094732049266
2025-04-22 18:00:00,19.10584880141563
2025-04-22 19:00:00,27.974524026696077
2025-04-22 20:00:00,32.75178640703483
2025-04-22 21:00:00,31.78465897451251
2025-04-22 22:00:00,29.144014283589932
2025-04-22 23:00:00,25.376315598687214
2025-04-23 00:00:00,25.72375047828555
2025-04-23 01:00:00,26.231664023437478
2025-04-23 02:00:00,24.54755875744107
2025-04-23 03:00:00,16.968233144224516
2025-04-23 04:00:00,11.509441607240621
2025-04-23 05:00:00,11.731833616687826
2025-04-23 06:00:00,10.306937322176362
2025-04-23 07:00:00,8.808838011756583
2025-04-23 08:00:00,9.771798667494073
2025-04-23 09:00:00,7.978420123820143
2025-04-23 10:00:00,4.9614743384185225
2025-04-23 11:00:00,6.057025457809661
2025-04-23 12:00:00,5.245437976857545
2025-04-23 13:00:00,9.066080454160991
2025-04-23 14:00:00,30.589974080618685
2025-04-23 15:00:00,59.043447211003205
2025-04-23 16:00:00,45.048092295331735
2025-04-23 17:00:00,35.80733078991511
2025-04-23 18:00:00,29.55148669558464
2025-04-23 19:00:00,36.051625957580896
2025-04-23 20:00:00,38.042224725417306
2025-04-23 21:00:00,37.319329531330105
2025-04-23 22:00:00,34.49839137182454
2025-04-23 23:00:00,33.543336856553815
2025-04-24 00:00:00,29.656503558999713
2025-04-24 01:00:00,34.29112532204043
2025-04-24 02:00:00,34.985811364764096
2025-04-24 03:00:00,33.62689135447787
2025-04-24 04:00:00,18.77718609189649
2025-04-24 05:00:00,17.421214329601472
2025-04-24 06:00:00,13.744313324846335
2025-04-24 07:00:00,11.533601037110902
2025-04-24 08:00:00,10.160515430196263
2025-04-24 09:00:00,6.5787577731344165
2025-04-24 10:00:00,3.170970201711073
2025-04-24 11:00:00,8.501848590041348
2025-04-24 12:00:00,12.333699537656392
2025-04-24 13:00:00,12.900795322842491
2025-04-24 14:00:00,25.68035364409637
2025-04-24 15:00:00,35.12102600233839
2025-04-24 16:00:00,31.4746376608929
2025-04-24 17:00:00,28.642045028142302
2025-04-24 18:00:00,28.41726226217925
2025-04-24 19:00:00,31.059540021584187
2025-04-24 20:00:00,31.541278704517953
2025-04-24 21:00:00,29.921221670091754
2025-04-24 22:00:00,28.289491579004565
2025-04-24 23:00:00,28.486735286596662
2025-04-25 00:00:00,33.96652485218687
2025-04-25 01:00:00,43.54720153121007
2025-04-25 02:00:00,47.1486297599649
2025-04-25 03:00:00,73.35723353671112
2025-04-25 04:00:00,30.945528965889615
2025-04-25 05:00:00,20.465127380472964
2025-04-25 06:00:00,15.3353517023092
2025-04-25 07:00:00,11.598050652410649
2025-04-25 08:00:00,7.900238854937765
2025-04-25 09:00:00,12.058967099839913
2025-04-25 10:00:00,16.265608856046214
2025-04-25 11:00:00,14.307601913893818
2025-04-25 12:00:00,15.684836996981058
2025-04-25 13:00:00,15.691466411684049
2025-04-25 14:00:00,19.803158499758165
2025-04-25 15:00:00,25.907804616341892
2025-04-25 16:00:00,27.19616584053143
2025-04-25 17:00:00,21.190274966888566
2025-04-25 18:00:00,23.312192064319337
2025-04-25 19:00:00,25.280727428988236
2025-04-25 20:00:00,25.003510760664884
2025-04-25 21:00:00,22.874458802296818
2025-04-25 22:00:00,20.891901020035885
2025-04-25 23:00:00,21.404761083441514
2025-04-26 00:00:00,24.453857685663213
2025-04-26 01:00:00,29.14760164819754
2025-04-26 02:00:00,33.83138987493652
2025-04-26 03:00:00,48.97505623352568
2025-04-26 04:00:00,25.116343246098666
2025-04-26 05:00:00,20.733982284370576
2025-04-26 06:00:00,17.84029952350954
2025-04-26 07:00:00,12.905658014930118
2025-04-26 08:00:00,11.731546156587045
2025-04-26 09:00:00,11.364644409757043
2025-04-26 10:00:00,11.597531270777221
2025-04-26 11:00:00,8.410798892006168
2025-04-26 12:00:00,7.33153954521702
2025-04-26 13:00:00,9.687405653088767
2025-04-26 14:00:00,16.157606093066512
2025-04-26 15:00:00,35.72934394092048
2025-04-26 16:00:00,34.156797864403195
2025-04-26 17:00:00,23.013941618303452
2025-04-26 18:00:00,24.70594665051032
2025-04-26 19:00:00,29.683778233315646
2025-04-26 20:00:00,31.955228030231858
2025-04-26 21:00:00,29.900521239192305
2025-04-26 22:00:00,26.68656058635002
2025-04-26 23:00:00,24.45181877142027
2025-04-27 00:00:00,23.890592539819327
2025-04-27 01:00:00,22.48025500778678
2025-04-27 02:00:00,22.377663564488014
2025-04-27 03:00:00,19.386288680674856
2025-04-27 04:00:00,13.571788925992742
2025-04-27 05:00:00,11.990625263521588
2025-04-27 06:00:00,9.921225345735829
2025-04-27 07:00:00,8.262518921681401
2025-04-27 08:00:00,6.701571989013067
2025-04-27 09:00:00,2.9943909729917895
2025-04-27 10:00:00,2.041988907495013
2025-04-27 11:00:00,1.1996140148474594
2025-04-27 12:00:00,7.094647324838607
2025-04-27 13:00:00,18.125634376796494
2025-04-27 14:00:00,32.79556018167557
2025-04-27 15:00:00,46.04854685335275
2025-04-27 16:00:00,95.7308496533784
2025-04-27 17:00:00,34.35480973584219
2025-04-27 18:00:00,29.729326166528303
2025-04-27 19:00:00,30.57231991002166
2025-04-27 20:00:00,50.13968915846684
2025-04-27 21:00:00,35.68948197572289
2025-04-27 22:00:00,29.026092999192755
2025-04-27 23:00:00,24.934253945041114
2025-04-28 00:00:00,26.062434328344803
2025-04-28 01:00:00,27.800039305947276
2025-04-28 02:00:00,26.143039813390658
2025-04-28 03:00:00,19.91627878982969
2025-04-28 04:00:00,15.454392494378338
2025-04-28 05:00:00,14.67293501702527
2025-04-28 06:00:00,13.973510680063441
2025-04-28 07:00:00,13.338654267163944
2025-04-28 08:00:00,10.149458818153894
2025-04-28 09:00:00,5.5632154226661035
2025-04-28 10:00:00,7.299441576133063
2025-04-28 11:00:00,6.5679136088635754
2025-04-28 12:00:00,8.51852604291944
2025-04-28 13:00:00,14.786573990064223
2025-04-28 14:00:00,25.034430322046358
2025-04-28 15:00:00,30.438757109788636
2025-04-28 16:00:00,53.45019985968666
2025-04-28 17:00:00,28.442984445250953
2025-04-28 18:00:00,26.792048022279793
2025-04-28 19:00:00,30.290536954197478
2025-04-28 20:00:00,37.49998588978835
2025-04-28 21:00:00,32.11801705441286
2025-04-28 22:00:00,26.90483135673588
2025-04-28 23:00:00,25.84939184754824
2025-04-29 00:00:00,27.601920136737807
2025-04-29 01:00:00,30.692891923000406
2025-04-29 02:00:00,28.035297847818306
2025-04-29 03:00:00,22.298516656143793
2025-04-29 04:00:00,18.7880101933531
2025-04-29 05:00:00,17.587625122369072
2025-04-29 06:00:00,17.350712236625192
2025-04-29 07:00:00,16.95730256792711
2025-04-29 08:00:00,12.347018861454602
2025-04-29 09:00:00,12.35251419288381
2025-04-29 10:00:00,12.0001645535366
2025-04-29 11:00:00,11.575200128659874
2025-04-29 12:00:00,12.002723818955547
2025-04-29 13:00:00,21.465738103603282
2025-04-29 14:00:00,26.02949041510182
2025-04-29 15:00:00,30.971863666312895
2025-04-29 16:00:00,29.659803799221105
2025-04-29 17:00:00,24.193108453998217
2025-04-29 18:00:00,23.851668074313636
2025-04-29 19:00:00,29.465503613767005
2025-04-29 20:00:00,28.84351519655774
2025-04-29 21:00:00,27.42304153187329
2025-04-29 22:00:00,25.72315261017516
2025-04-29 23:00:00,25.562350236341597
2025-04-30 00:00:00,30.48197121535182
2025-04-30 01:00:00,27.30378387867984
2025-04-30 02:00:00,26.57603988592512
2025-04-30 03:00:00,22.561962549244296
2025-04-30 04:00:00,19.18866101634928
2025-04-30 05:00:00,21.97610787045988
2025-04-30 06:00:00,16.04318721118941
2025-04-30 07:00:00,10.01833012483207
2025-04-30 08:00:00,6.207437614177336
2025-04-30 09:00:00,8.786930155970309
2025-04-30 10:00:00,9.660996821939644
2025-04-30 11:00:00,7.853645172889219
2025-04-30 12:00:00,7.657031634898509
2025-04-30 13:00:00,13.13798855906187
2025-04-30 14:00:00,20.42203708754356
2025-04-30 15:00:00,40.0558635556192
2025-04-30 16:00:00,50.09472343846042
2025-04-30 17:00:00,35.78173991285276
2025-04-30 18:00:00,31.73495059445094
2025-04-30 19:00:00,32.388349351656
2025-04-30 20:00:00,35.586617417855514
2025-04-30 21:00:00,32.39523318191345
2025-04-30 22:00:00,30.190502683298
2025-04-30 23:00:00,28.116006022208847
2025-05-01 00:00:00,28.921232892937883
2025-05-01 01:00:00,29.761453992567066
2025-05-01 02:00:00,35.0141424035154
2025-05-01 03:00:00,23.64243811170383
2025-05-01 04:00:00,20.692542886741727
2025-05-01 05:00:00,20.843905241163952
2025-05-01 06:00:00,19.538090812983206
2025-05-01 07:00:00,17.795517156454874
2025-05-01 08:00:00,19.882396927217805
2025-05-01 09:00:00,19.290826747546564
2025-05-01 10:00:00,18.47350069748907
2025-05-01 11:00:00,16.191641270984007
2025-05-01 12:00:00,14.746834685647151
2025-05-01 13:00:00,17.07631880661927
2025-05-01 14:00:00,25.558884017332385
2025-05-01 15:00:00,53.92716330352409
2025-05-01 16:00:00,63.83720616622544
2025-05-01 17:00:00,106.29843520778466
2025-05-01 18:00:00,66.05839121697221
2025-05-01 19:00:00,44.648824492446046
2025-05-01 20:00:00,40.69105265144104
2025-05-01 21:00:00,34.485786463938965
2025-05-01 22:00:00,31.119985230918612
2025-05-01 23:00:00,36.77558622482453
2025-05-02 00:00:00,39.10148258895048
2025-05-02 01:00:00,48.54681543787952
2025-05-02 02:00:00,49.070338161958176
2025-05-02 03:00:00,23.734651519915747
2025-05-02 04:00:00,19.160257700747728
2025-05-02 05:00:00,21.34010110989012
2025-05-02 06:00:00,20.48060474078019
2025-05-02 07:00:00,18.875203331382902
2025-05-02 08:00:00,17.044473624814778
2025-05-02 09:00:00,12.714994724906754
2025-05-02 10:00:00,13.555894134079965
2025-05-02 11:00:00,44.330011089510975
2025-05-02 12:00:00,58.10040836033092
2025-05-02 13:00:00,30.67918601204522
2025-05-02 14:00:00,26.416278649278052
2025-05-02 15:00:00,44.57169246029378
2025-05-02 16:00:00,36.683982700862295
2025-05-02 17:00:00,51.233594184865815
2025-05-02 18:00:00,37.965249524143694
2025-05-02 19:00:00,33.31558102459678
2025-05-02 20:00:00,34.58324722951202
2025-05-02 21:00:00,31.491531290998086
2025-05-02 22:00:00,29.04411683688684
2025-05-02 23:00:00,28.470813491391176
2025-05-03 00:00:00,31.18126346389888
2025-05-03 01:00:00,35.26976247823824
2025-05-03 02:00:00,30.844804727528764
2025-05-03 03:00:00,18.85830828046968
2025-05-03 04:00:00,16.30756887353103
2025-05-03 05:00:00,16.471298943350487
2025-05-03 06:00:00,15.161672267666086
2025-05-03 07:00:00,11.425875220518611
2025-05-03 08:00:00,8.531063678036665
2025-05-03 09:00:00,4.4911216560202165
2025-05-03 10:00:00,5.515208971177068
2025-05-03 11:00:00,19.985952952644762
2025-05-03 12:00:00,23.299444034439542
2025-05-03 13:00:00,14.227787170564728
2025-05-03 14:00:00,17.988312204887645
2025-05-03 15:00:00,31.235753132747615
2025-05-03 16:00:00,32.082533844180865
2025-05-03 17:00:00,27.900360114204467
2025-05-03 18:00:00,28.562761101709178
2025-05-03 19:00:00,28.598981136893265
2025-05-03 20:00:00,29.42961739926029
2025-05-03 21:00:00,26.015908031272662
2025-05-03 22:00:00,24.762592136472104
2025-05-03 23:00:00,25.43471002938338
2025-05-04 00:00:00,25.34288200384745
2025-05-04 01:00:00,24.081176568868347
2025-05-04 02:00:00,22.390078899176665
2025-05-04 03:00:00,15.082061073562569
2025-05-04 04:00:00,9.820398150540457
2025-05-04 05:00:00,10.067194918102759
2025-05-04 06:00:00,11.115785375411312
2025-05-04 07:00:00,7.701713426157944
2025-05-04 08:00:00,1.3219267725335226
2025-05-04 09:00:00,-4.5330109688812
2025-05-04 10:00:00,-3.044713775510566
2025-05-04 11:00:00,-2.5370343712908556
2025-05-04 12:00:00,-3.1239912528487768
2025-05-04 13:00:00,-1.0972265030405879
2025-05-04 14:00:00,8.498612088765388
2025-05-04 15:00:00,29.53410042629459
2025-05-04 16:00:00,29.06590816068797
2025-05-04 17:00:00,14.41645917854994
2025-05-04 18:00:00,14.970243126165204
2025-05-04 19:00:00,22.58169284371021
2025-05-04 20:00:00,28.862879655634245
2025-05-04 21:00:00,27.823301079565883
2025-05-04 22:00:00,27.09794734348211
2025-05-04 23:00:00,25.493635585649027
2025-05-05 00:00:00,25.6389587064644
2025-05-05 01:00:00,22.75651437636548
2025-05-05 02:00:00,22.850102994416275
2025-05-05 03:00:00,11.785747950510798
2025-05-05 04:00:00,7.46094120819886
2025-05-05 05:00:00,6.018278105898834
2025-05-05 06:00:00,6.640236206730405
2025-05-05 07:00:00,3.395668543789701
2025-05-05 08:00:00,-2.63155500995743
2025-05-05 09:00:00,-6.774841351536279
2025-05-05 10:00:00,-4.176434413108374
2025-05-05 11:00:00,-1.3388893258815442
2025-05-05 12:00:00,0.3148507987096321
2025-05-05 13:00:00,-0.475047266763059
2025-05-05 14:00:00,12.607125280461819
2025-05-05 15:00:00,21.552584321945417
2025-05-05 16:00:00,22.456310507868945
2025-05-05 17:00:00,19.200061841521773
2025-05-05 18:00:00,19.54944919289289
2025-05-05 19:00:00,27.332619542104386
2025-05-05 20:00:00,31.34594850022197
2025-05-05 21:00:00,30.621084516331557
2025-05-05 22:00:00,28.294923769571344
2025-05-05 23:00:00,26.83516776540059
2025-05-06 00:00:00,27.524516722047366
2025-05-06 01:00:00,24.436037168639132
2025-05-06 02:00:00,22.347460185083314
2025-05-06 03:00:00,13.44428910055307
2025-05-06 04:00:00,9.952342495518073
2025-05-06 05:00:00,9.936173344862915
2025-05-06 06:00:00,11.99542994769279
2025-05-06 07:00:00,7.22189011281346
2025-05-06 08:00:00,8.209277125672674
2025-05-06 09:00:00,6.995648166931351
2025-05-06 10:00:00,9.248685152026217
2025-05-06 11:00:00,12.910814308301898
2025-05-06 12:00:00,13.581191162842424
2025-05-06 13:00:00,12.601017584525007
2025-05-06 14:00:00,19.864905152595018
2025-05-06 15:00:00,22.412332548134057
2025-05-06 16:00:00,24.178291821235373
2025-05-06 17:00:00,24.225933882068283
2025-05-06 18:00:00,24.178355987814626
2025-05-06 19:00:00,25.83061883399831
2025-05-06 20:00:00,25.401565143474382
2025-05-06 21:00:00,23.596005795985022
2025-05-06 22:00:00,22.226815935904153
2025-05-06 23:00:00,23.617464021202306
2025-05-07 00:00:00,23.361215298387908
2025-05-07 01:00:00,24.43872190823864
2025-05-07 02:00:00,27.51344479535978
2025-05-07 03:00:00,2.1103240861094927
2025-05-07 04:00:00,17.012374914934373
2025-05-07 05:00:00,15.390116004454338
2025-05-07 06:00:00,18.359877000136862
2025-05-07 07:00:00,13.545998349188281
2025-05-07 08:00:00,16.32293113820095
2025-05-07 09:00:00,16.21984193627898
2025-05-07 10:00:00,15.754272489544867
2025-05-07 11:00:00,16.978790297365528
2025-05-07 12:00:00,15.077524560907548
2025-05-07 13:00:00,13.31589264887533
2025-05-07 14:00:00,34.43133293199504
2025-05-07 15:00:00,51.76598293169698
2025-05-07 16:00:00,53.09515643678562
2025-05-07 17:00:00,51.4689359533521
2025-05-07 18:00:00,25.64351468890717
2025-05-07 19:00:00,29.7048046780371
2025-05-07 20:00:00,33.80307081814289
2025-05-07 21:00:00,33.90269058100802
2025-05-07 22:00:00,31.045023741053893
2025-05-07 23:00:00,28.251828656801674
2025-05-08 00:00:00,26.11897893494349
2025-05-08 01:00:00,26.711253976913238
2025-05-08 02:00:00,27.372738528644078
2025-05-08 03:00:00,14.686276995736938
2025-05-08 04:00:00,16.316918726857786
2025-05-08 05:00:00,14.57949527328343
2025-05-08 06:00:00,14.157785590567812
2025-05-08 07:00:00,9.979263456259511
2025-05-08 08:00:00,5.13884123298889
2025-05-08 09:00:00,4.962666985025915
2025-05-08 10:00:00,3.682105530995049
2025-05-08 11:00:00,3.1282662317528453
2025-05-08 12:00:00,3.27956379435292
2025-05-08 13:00:00,4.047453365343968
2025-05-08 14:00:00,24.20918336690348
2025-05-08 15:00:00,52.442519114871146
2025-05-08 16:00:00,47.442804058952134
2025-05-08 17:00:00,34.29635904453621
2025-05-08 18:00:00,24.029570497530273
2025-05-08 19:00:00,29.655150120258426
2025-05-08 20:00:00,34.84009649357158
2025-05-08 21:00:00,34.71877639852107
2025-05-08 22:00:00,32.45119682233363
2025-05-08 23:00:00,30.708467661522217
2025-05-09 00:00:00,29.29076651201028
2025-05-09 01:00:00,29.83506733733894
2025-05-09 02:00:00,27.179455975413223
2025-05-09 03:00:00,19.990376364920888
2025-05-09 04:00:00,16.548013001449565
2025-05-09 05:00:00,15.519041177637327
2025-05-09 06:00:00,14.732048257657764
2025-05-09 07:00:00,14.445987179065549
2025-05-09 08:00:00,8.83911555455814
2025-05-09 09:00:00,5.8280244039144335
2025-05-09 10:00:00,10.58196247907039
2025-05-09 11:00:00,11.92964757158503
2025-05-09 12:00:00,29.35236693456031
2025-05-09 13:00:00,31.622032479393777
2025-05-09 14:00:00,61.88813387282929
2025-05-09 15:00:00,71.19017769768801
2025-05-09 16:00:00,471.4199622208339
2025-05-09 17:00:00,95.96465959938183
2025-05-09 18:00:00,54.848336450164155
2025-05-09 19:00:00,50.26680311197678
2025-05-09 20:00:00,43.604431924787995
2025-05-09 21:00:00,34.47096813685625
2025-05-09 22:00:00,30.341954210601315
2025-05-09 23:00:00,27.42977031471358
2025-05-10 00:00:00,24.773421342664122
2025-05-10 01:00:00,25.612250776257596
2025-05-10 02:00:00,22.678532065518343
2025-05-10 03:00:00,15.272134321208295
2025-05-10 04:00:00,11.690770387327355
2025-05-10 05:00:00,11.11297239880578
2025-05-10 06:00:00,9.028588369097738
2025-05-10 07:00:00,7.101877110723616
2025-05-10 08:00:00,0.7432802429853658
2025-05-10 09:00:00,-0.5419831630172305
2025-05-10 10:00:00,1.7230094635758306
2025-05-10 11:00:00,4.015086582856578
2025-05-10 12:00:00,10.916523983839678
2025-05-10 13:00:00,11.970559595480433
2025-05-10 14:00:00,29.204057124291538
2025-05-10 15:00:00,45.21402804712052
2025-05-10 16:00:00,206.23490496277134
2025-05-10 17:00:00,71.07969195951505
2025-05-10 18:00:00,48.666508650496375
2025-05-10 19:00:00,42.63321491518104
2025-05-10 20:00:00,39.52969043722817
2025-05-10 21:00:00,36.07771118187937
2025-05-10 22:00:00,32.5755919509348
2025-05-10 23:00:00,29.144775123446255
2025-05-11 00:00:00,26.91171793416868
2025-05-11 01:00:00,26.614322000201867
2025-05-11 02:00:00,24.185892004903803
2025-05-11 03:00:00,17.724664395979854
2025-05-11 04:00:00,15.546434758899203
2025-05-11 05:00:00,13.34250427270639
2025-05-11 06:00:00,10.052372463338575
2025-05-11 07:00:00,5.553286866901696
2025-05-11 08:00:00,0.8920614581588737
2025-05-11 09:00:00,-1.8459926594234022
2025-05-11 10:00:00,-2.0752697266664515
2025-05-11 11:00:00,2.17971742069124
2025-05-11 12:00:00,1.3270879185666735
2025-05-11 13:00:00,-0.18119657607548792
2025-05-11 14:00:00,10.853080570950425
2025-05-11 15:00:00,28.51186616226752
2025-05-11 16:00:00,43.072741477406815
2025-05-11 17:00:00,36.33191950874341
2025-05-11 18:00:00,33.427885165329606
2025-05-11 19:00:00,35.173013944577654
2025-05-11 20:00:00,35.68037252646042
2025-05-11 21:00:00,34.77546956623245
2025-05-11 22:00:00,31.130661130389974
2025-05-11 23:00:00,29.42682828902832
2025-05-12 00:00:00,30.697545919341607
2025-05-12 01:00:00,31.67024001534332
2025-05-12 02:00:00,28.420630853154503
2025-05-12 03:00:00,20.538517777550865
2025-05-12 04:00:00,17.665730808870727
2025-05-12 05:00:00,15.990472192109058
2025-05-12 06:00:00,14.816624903428275
2025-05-12 07:00:00,11.096389686654273
2025-05-12 08:00:00,2.086509222272207
2025-05-12 09:00:00,-1.890651108057146
2025-05-12 10:00:00,-0.8700996407004872
2025-05-12 11:00:00,3.1373527711433566
2025-05-12 12:00:00,2.550816662211095
2025-05-12 13:00:00,4.6233028385664845
2025-05-12 14:00:00,20.983981073796244
2025-05-12 15:00:00,58.656389318905454
2025-05-12 16:00:00,69.25836757841445
2025-05-12 17:00:00,52.58903699751216
2025-05-12 18:00:00,28.898225241250742
2025-05-12 19:00:00,30.000301821949197
2025-05-12 20:00:00,34.607811973049934
2025-05-12 21:00:00,35.06890289569587
2025-05-12 22:00:00,32.13294097945782
2025-05-12 23:00:00,31.694837472277378
2025-05-13 00:00:00,31.35698101258563
2025-05-13 01:00:00,32.98445040088425
2025-05-13 02:00:00,28.54036304763086
2025-05-13 03:00:00,19.881966132665493
2025-05-13 04:00:00,17.81842939277306
2025-05-13 05:00:00,15.601352088715545
2025-05-13 06:00:00,15.455697149038905
2025-05-13 07:00:00,10.60167486369759
2025-05-13 08:00:00,3.7298953077830452
2025-05-13 09:00:00,0.8049492472791362
2025-05-13 10:00:00,4.782113574406161
2025-05-13 11:00:00,8.35873615257634
2025-05-13 12:00:00,7.647058060273085
2025-05-13 13:00:00,12.50467716092691
2025-05-13 14:00:00,36.072078398450465
2025-05-13 15:00:00,54.60822257059023
2025-05-13 16:00:00,38.58431693375861
2025-05-13 17:00:00,29.936003290457244
2025-05-13 18:00:00,22.80113932016821
2025-05-13 19:00:00,30.402196012881486
2025-05-13 20:00:00,35.828437774695914
2025-05-13 21:00:00,30.89699023153806
2025-05-13 22:00:00,25.032631989705518
2025-05-13 23:00:00,22.75035257217707
2025-05-14 00:00:00,23.2980030968883
2025-05-14 01:00:00,27.707098936348235
2025-05-14 02:00:00,23.98715098745059
2025-05-14 03:00:00,11.494293421486375
2025-05-14 04:00:00,8.659825239482306
2025-05-14 05:00:00,10.07616983393271
2025-05-14 06:00:00,8.765374533022412
2025-05-14 07:00:00,6.104511421449944
2025-05-14 08:00:00,0.8822816136690174
2025-05-14 09:00:00,-1.2351810310106393
2025-05-14 10:00:00,2.5220444510959816
2025-05-14 11:00:00,3.9130961722884128
2025-05-14 12:00:00,3.7344709099576505
2025-05-14 13:00:00,7.341888687407807
2025-05-14 14:00:00,23.631614287306444
2025-05-14 15:00:00,30.322109278927208
2025-05-14 16:00:00,27.32955017916226
2025-05-14 17:00:00,27.05213551996664
2025-05-14 18:00:00,27.714933665914845
2025-05-14 19:00:00,35.87949610118228
2025-05-14 20:00:00,39.37467947739717
2025-05-14 21:00:00,37.52108467620259
2025-05-14 22:00:00,33.50967002879699
2025-05-14 23:00:00,31.749879688415824
2025-05-15 00:00:00,30.95105846851115
2025-05-15 01:00:00,31.875740571347805
2025-05-15 02:00:00,28.527664675421462
2025-05-15 03:00:00,19.1102333486154
2025-05-15 04:00:00,13.635907851743337
2025-05-15 05:00:00,14.19236152076405
2025-05-15 06:00:00,14.413427976160083
2025-05-15 07:00:00,9.1190298664875
2025-05-15 08:00:00,5.241319346053919
2025-05-15 09:00:00,4.1017506081330755
2025-05-15 10:00:00,3.7049676993287024
2025-05-15 11:00:00,5.477083863567802
2025-05-15 12:00:00,5.424914369068123
2025-05-15 13:00:00,9.893174262076476
2025-05-15 14:00:00,22.46936594368799
2025-05-15 15:00:00,25.245601379454065
2025-05-15 16:00:00,30.349415575790953
2025-05-15 17:00:00,32.94889082102595
2025-05-15 18:00:00,36.04413399085605
2025-05-15 19:00:00,41.21190419763496
2025-05-15 20:00:00,42.732324657315246
2025-05-15 21:00:00,41.05119071089974
2025-05-15 22:00:00,37.24056370089192
2025-05-15 23:00:00,34.39301347658084
2025-05-16 00:00:00,30.909936949034677
2025-05-16 01:00:00,29.66613387255698
2025-05-16 02:00:00,27.392313605198584
2025-05-16 03:00:00,19.73225905152167
2025-05-16 04:00:00,17.073285544665634
2025-05-16 05:00:00,14.668341095889103
2025-05-16 06:00:00,16.41398756795225
2025-05-16 07:00:00,14.557119603808916
2025-05-16 08:00:00,13.243024033625584
2025-05-16 09:00:00,10.760872545774962
2025-05-16 10:00:00,10.270510544471092
2025-05-16 11:00:00,27.20345329164401
2025-05-16 12:00:00,44.768968262436324
2025-05-16 13:00:00,28.453024981108697
2025-05-16 14:00:00,33.930548972380315
2025-05-16 15:00:00,46.11817644488585
2025-05-16 16:00:00,44.74163919425051
2025-05-16 17:00:00,32.415123591256354
2025-05-16 18:00:00,33.66773885304554
2025-05-16 19:00:00,37.04162844769175
2025-05-16 20:00:00,36.92557555238203
2025-05-16 21:00:00,35.008435029392
2025-05-16 22:00:00,31.921776668816555
2025-05-16 23:00:00,29.80060932976611
2025-05-17 00:00:00,28.527550150078717
2025-05-17 01:00:00,28.812290863994956
2025-05-17 02:00:00,26.322297184101956
2025-05-17 03:00:00,21.628879720255423
2025-05-17 04:00:00,19.443031126929434
2025-05-17 05:00:00,17.145408720271757
2025-05-17 06:00:00,16.455809063435662
2025-05-17 07:00:00,17.903611862379105
2025-05-17 08:00:00,18.128925031366226
2025-05-17 09:00:00,18.11110020045195
2025-05-17 10:00:00,14.701139464896197
2025-05-17 11:00:00,47.738265954835455
2025-05-17 12:00:00,65.98459289321488
2025-05-17 13:00:00,106.28140232336882
2025-05-17 14:00:00,332.86451606800415
2025-05-17 15:00:00,278.9841765993308
2025-05-17 16:00:00,94.48057743592237
2025-05-17 17:00:00,51.905876354455046
2025-05-17 18:00:00,37.21904662102946
2025-05-17 19:00:00,38.188160004842615
2025-05-17 20:00:00,39.95644842653325
2025-05-17 21:00:00,35.74708893832757
2025-05-17 22:00:00,30.95356565937242
2025-05-17 23:00:00,27.357755874334007
2025-05-18 00:00:00,26.493595831806672
2025-05-18 01:00:00,25.791047710612453
2025-05-18 02:00:00,24.22792449030229
2025-05-18 03:00:00,21.74914801116652
2025-05-18 04:00:00,19.322694953522962
2025-05-18 05:00:00,19.938240749625805
2025-05-18 06:00:00,18.883414900275447
2025-05-18 07:00:00,16.975415021132356
2025-05-18 08:00:00,13.969930710785386
2025-05-18 09:00:00,7.749317765267573
2025-05-18 10:00:00,6.252680601223642
2025-05-18 11:00:00,19.392414156047366
2025-05-18 12:00:00,27.052259379517647
2025-05-18 13:00:00,57.40876196769241
2025-05-18 14:00:00,145.63033384492908
2025-05-18 15:00:00,139.00445568057958
2025-05-18 16:00:00,65.08760696944192
2025-05-18 17:00:00,40.68256763619325
2025-05-18 18:00:00,34.140656028264665
2025-05-18 19:00:00,37.49639502680702
2025-05-18 20:00:00,41.665913869437766
2025-05-18 21:00:00,41.36883545424845
2025-05-18 22:00:00,39.542420601427516
2025-05-18 23:00:00,32.07497775568423
2025-05-19 00:00:00,31.105856132470237
2025-05-19 01:00:00,29.66097158042116
2025-05-19 02:00:00,27.089016308785673
2025-05-19 03:00:00,26.229731852106845
2025-05-19 04:00:00,20.792781328299874
2025-05-19 05:00:00,18.819889472477293
2025-05-19 06:00:00,18.35113132546412
2025-05-19 07:00:00,18.59697489774702
2025-05-19 08:00:00,17.78167535820999
2025-05-19 09:00:00,11.157354223400688
2025-05-19 10:00:00,10.651167223298879
2025-05-19 11:00:00,11.141351927401672
2025-05-19 12:00:00,11.02555892576128
2025-05-19 13:00:00,20.11429885462053
2025-05-19 14:00:00,25.705695384682603
2025-05-19 15:00:00,36.07578843362253
2025-05-19 16:00:00,33.85959001017059
2025-05-19 17:00:00,29.50007036420553
2025-05-19 18:00:00,30.048706469943912
2025-05-19 19:00:00,32.96129138296033
2025-05-19 20:00:00,36.26988323772622
2025-05-19 21:00:00,34.11173825175702
2025-05-19 22:00:00,34.679585449626906
2025-05-19 23:00:00,34.40645464645391
2025-05-20 00:00:00,33.80046696421296
2025-05-20 01:00:00,41.08600439922345
2025-05-20 02:00:00,28.77224756999745
2025-05-20 03:00:00,23.835908209069235
2025-05-20 04:00:00,22.49046742698632
2025-05-20 05:00:00,21.200726883279817
2025-05-20 06:00:00,24.46181954608407
2025-05-20 07:00:00,18.869698326952715
2025-05-20 08:00:00,16.67769009271175
2025-05-20 09:00:00,15.54906727313846
2025-05-20 10:00:00,19.184284275698058
2025-05-20 11:00:00,14.342033756009563
2025-05-20 12:00:00,12.9487549044465
2025-05-20 13:00:00,16.53739621379221
2025-05-20 14:00:00,19.87510237492818
2025-05-20 15:00:00,23.626774262021993
2025-05-20 16:00:00,28.983682170143265
2025-05-20 17:00:00,35.522476311970046
2025-05-20 18:00:00,35.04973288543402
2025-05-20 19:00:00,34.0511549091338
2025-05-20 20:00:00,35.8042632026511
2025-05-20 21:00:00,34.908114533076215
2025-05-20 22:00:00,32.55735801852681
2025-05-20 23:00:00,30.687054823494787
2025-05-21 00:00:00,31.966437989498825
2025-05-21 01:00:00,35.18864731736907
2025-05-21 02:00:00,30.738269153859267
2025-05-21 03:00:00,21.131026343450518
2025-05-21 04:00:00,16.411352193955892
2025-05-21 05:00:00,9.81991509871522
2025-05-21 06:00:00,14.839629849723915
2025-05-21 07:00:00,10.981563937142813
2025-05-21 08:00:00,6.382967931505844
2025-05-21 09:00:00,2.6704364209847844
2025-05-21 10:00:00,4.0467137913968605
2025-05-21 11:00:00,3.902140354495779
2025-05-21 12:00:00,6.571756747768875
2025-05-21 13:00:00,8.568924947761735
2025-05-21 14:00:00,22.69448285582496
2025-05-21 15:00:00,84.06842199589951
2025-05-21 16:00:00,42.44683085750179
2025-05-21 17:00:00,24.950994578513413
2025-05-21 18:00:00,23.0052072613871
2025-05-21 19:00:00,29.103000645396843
2025-05-21 20:00:00,34.950591305817944
2025-05-21 21:00:00,36.80794016186215
2025-05-21 22:00:00,31.438467738780094
2025-05-21 23:00:00,28.68141573460102
2025-05-22 00:00:00,26.50923480469908
2025-05-22 01:00:00,26.62465541574736
2025-05-22 02:00:00,24.604143814937498
2025-05-22 03:00:00,16.525992254575645
2025-05-22 04:00:00,9.84233007215479
2025-05-22 05:00:00,3.681085262989151
2025-05-22 06:00:00,5.725366647360073
2025-05-22 07:00:00,3.25127039413153
2025-05-22 08:00:00,-1.9048165750807788
2025-05-22 09:00:00,-4.096787480828313
2025-05-22 10:00:00,-0.7628678548858253
2025-05-22 11:00:00,3.858637618059247
2025-05-22 12:00:00,7.658023826936818
2025-05-22 13:00:00,12.415185578094508
2025-05-22 14:00:00,38.062510530127334
2025-05-22 15:00:00,73.90816092013156
2025-05-22 16:00:00,35.05930251537118
2025-05-22 17:00:00,23.01371757020295
2025-05-22 18:00:00,25.90243939127807
2025-05-22 19:00:00,33.382816724685995
2025-05-22 20:00:00,36.66956312845883
2025-05-22 21:00:00,36.76819084712354
2025-05-22 22:00:00,33.15064512934575
2025-05-22 23:00:00,32.08911796369516
2025-05-23 00:00:00,32.94175381592804
2025-05-23 01:00:00,31.104228657237666
2025-05-23 02:00:00,30.28289121379271
2025-05-23 03:00:00,20.961223792087175
2025-05-23 04:00:00,17.058196787552852
2025-05-23 05:00:00,13.718223307448303
2025-05-23 06:00:00,13.346298643947799
2025-05-23 07:00:00,17.517663508514428
2025-05-23 08:00:00,13.294307522988925
2025-05-23 09:00:00,20.671210736465408
2025-05-23 10:00:00,6.967108843497114
2025-05-23 11:00:00,14.575308345009349
2025-05-23 12:00:00,9.588499608300054
2025-05-23 13:00:00,12.846341759656111
2025-05-23 14:00:00,24.20525811314769
2025-05-23 15:00:00,36.9326444358982
2025-05-23 16:00:00,30.38693622255875
2025-05-23 17:00:00,39.76823219805507
2025-05-23 18:00:00,35.22095235322949
2025-05-23 19:00:00,42.30236654838198
2025-05-23 20:00:00,43.440918774528676
2025-05-23 21:00:00,41.657405183850244
2025-05-23 22:00:00,37.47246787909491
2025-05-23 23:00:00,35.867898559419736
2025-05-24 00:00:00,34.828566157529075
2025-05-24 01:00:00,32.853391721088
2025-05-24 02:00:00,30.381828295691747
2025-05-24 03:00:00,22.496257332749703
2025-05-24 04:00:00,18.58095614576197
2025-05-24 05:00:00,15.834944549077663
2025-05-24 06:00:00,15.202707467698225
2025-05-24 07:00:00,16.15705024900814
2025-05-24 08:00:00,10.290128562944776
2025-05-24 09:00:00,17.597891133806716
2025-05-24 10:00:00,19.555610124965522
2025-05-24 11:00:00,9.691296186907062
2025-05-24 12:00:00,5.407070482036333
2025-05-24 13:00:00,8.417938040834755
2025-05-24 14:00:00,16.787518828671587
2025-05-24 15:00:00,24.64773894585073
2025-05-24 16:00:00,26.30801751961188
2025-05-24 17:00:00,32.700021701779264
2025-05-24 18:00:00,33.143249431254766
2025-05-24 19:00:00,40.29870077698652
2025-05-24 20:00:00,44.58905721966697
2025-05-24 21:00:00,43.38556607929133
2025-05-24 22:00:00,39.28609953341461
2025-05-24 23:00:00,37.9160028360513
2025-05-25 00:00:00,34.66762438536657
2025-05-25 01:00:00,33.145292583976165
2025-05-25 02:00:00,28.244396914595175
2025-05-25 03:00:00,23.079866524414488
2025-05-25 04:00:00,19.098455847311964
2025-05-25 05:00:00,17.43940679431414
2025-05-25 06:00:00,15.739023444800244
2025-05-25 07:00:00,13.890462741088598
2025-05-25 08:00:00,7.055662647604919
2025-05-25 09:00:00,6.837996131838879
2025-05-25 10:00:00,8.352792905843112
2025-05-25 11:00:00,4.037975360624517
2025-05-25 12:00:00,7.748375993239096
2025-05-25 13:00:00,10.584664095172993
2025-05-25 14:00:00,17.569196009979425
2025-05-25 15:00:00,21.93942221293672
2025-05-25 16:00:00,25.641200494347807
2025-05-25 17:00:00,25.998855423274232
2025-05-25 18:00:00,29.574733059740055
2025-05-25 19:00:00,39.256079156868466
2025-05-25 20:00:00,41.96862587994349
2025-05-25 21:00:00,41.79656756072655
2025-05-25 22:00:00,39.08544125713328
2025-05-25 23:00:00,35.57478546864355
2025-05-26 00:00:00,35.27294986625018
2025-05-26 01:00:00,30.456331417206904
2025-05-26 02:00:00,28.05817937213698
2025-05-26 03:00:00,19.300262864448907
2025-05-26 04:00:00,15.479463182972136
2025-05-26 05:00:00,16.740330919806144
2025-05-26 06:00:00,14.137143079864165
2025-05-26 07:00:00,13.261240064698637
2025-05-26 08:00:00,7.1249368649622244
2025-05-26 09:00:00,4.438873430388384
2025-05-26 10:00:00,5.361067527234812
2025-05-26 11:00:00,5.962210044423649
2025-05-26 12:00:00,8.294101502699844
2025-05-26 13:00:00,14.711918721728518
2025-05-26 14:00:00,26.102704873736613
2025-05-26 15:00:00,36.591120440869574
2025-05-26 16:00:00,29.210877463097237
2025-05-26 17:00:00,34.44224896723547
2025-05-26 18:00:00,35.28074222795023
2025-05-26 19:00:00,44.60053113208466
2025-05-26 20:00:00,44.66468281706946
2025-05-26 21:00:00,43.39726352824029
2025-05-26 22:00:00,41.56526410176786
2025-05-26 23:00:00,40.93147020711492
2025-05-27 00:00:00,37.333113073735774
2025-05-27 01:00:00,33.94127409112186
2025-05-27 02:00:00,32.62902224965949
2025-05-27 03:00:00,28.12753894761799
2025-05-27 04:00:00,25.49763169546278
2025-05-27 05:00:00,21.09537490820834
2025-05-27 06:00:00,20.41991002937122
2025-05-27 07:00:00,16.348906814413677
2025-05-27 08:00:00,12.161118411719025
2025-05-27 09:00:00,11.497936917064415
2025-05-27 10:00:00,9.617484663304761
2025-05-27 11:00:00,9.84615645262677
2025-05-27 12:00:00,9.707728055866777
2025-05-27 13:00:00,16.005548872108605
2025-05-27 14:00:00,25.609274615281862
2025-05-27 15:00:00,38.17377707374921
2025-05-27 16:00:00,58.91245547831344
2025-05-27 17:00:00,47.453622874560374
2025-05-27 18:00:00,32.80122212507199
2025-05-27 19:00:00,31.201577814984212
2025-05-27 20:00:00,30.744019668310433
2025-05-27 21:00:00,29.622247252308703
2025-05-27 22:00:00,30.259956677928205
2025-05-27 23:00:00,30.553473920269038
2025-05-28 00:00:00,29.56806631002299
2025-05-28 01:00:00,34.73371594946339
2025-05-28 02:00:00,30.143873544153273
2025-05-28 03:00:00,23.148123272795335
2025-05-28 04:00:00,19.150394784641005
2025-05-28 05:00:00,17.91677854933473
2025-05-28 06:00:00,16.107953972588223
2025-05-28 07:00:00,13.431270086717754
2025-05-28 08:00:00,9.73540698594608
2025-05-28 09:00:00,12.228487012319867
2025-05-28 10:00:00,14.827708787783596
2025-05-28 11:00:00,19.765438677362464
2025-05-28 12:00:00,23.370318448913466
2025-05-28 13:00:00,22.373628579848774
2025-05-28 14:00:00,51.1674759559496
2025-05-28 15:00:00,63.14047650497517
2025-05-28 16:00:00,85.83809503810936
2025-05-28 17:00:00,51.92857868178321
2025-05-28 18:00:00,40.25119752821645
2025-05-28 19:00:00,44.93766195877475
2025-05-28 20:00:00,46.14075117343707
2025-05-28 21:00:00,45.78504058231927
2025-05-28 22:00:00,44.24732048250828
2025-05-28 23:00:00,39.15160978205381
2025-05-29 00:00:00,42.924624554227734
2025-05-29 01:00:00,41.13647744024129
2025-05-29 02:00:00,37.11599030898541
2025-05-29 03:00:00,27.8436510661517
2025-05-29 04:00:00,22.4670865219263
2025-05-29 05:00:00,19.677523660406656
2025-05-29 06:00:00,17.050954620845186
2025-05-29 07:00:00,13.628304638449311
2025-05-29 08:00:00,10.517084633518763
2025-05-29 09:00:00,11.02816530518223
2025-05-29 10:00:00,12.844239763124058
2025-05-29 11:00:00,16.34417342032198
2025-05-29 12:00:00,16.28167419548272
2025-05-29 13:00:00,15.614802525608942
2025-05-29 14:00:00,28.884896156394102
2025-05-29 15:00:00,34.835097830687374
2025-05-29 16:00:00,41.29899286050445
2025-05-29 17:00:00,28.891932861054585
2025-05-29 18:00:00,24.251438116944755
2025-05-29 19:00:00,30.483525885400326
2025-05-29 20:00:00,34.51763404076919
2025-05-29 21:00:00,35.05378162111463
2025-05-29 22:00:00,32.678989320885435
2025-05-29 23:00:00,31.04233184238846
2025-05-30 00:00:00,33.22803893444473
2025-05-30 01:00:00,33.55833148185145
2025-05-30 02:00:00,31.36884124136778
2025-05-30 03:00:00,22.47651065990455
2025-05-30 04:00:00,19.73140457160522
2025-05-30 05:00:00,17.06163887093061
2025-05-30 06:00:00,17.784361281326774
2025-05-30 07:00:00,13.949412368303133
2025-05-30 08:00:00,11.990102031710613
2025-05-30 09:00:00,9.992922815213353
2025-05-30 10:00:00,10.996405731741817
2025-05-30 11:00:00,19.584499228268143
2025-05-30 12:00:00,11.151816503941717
2025-05-30 13:00:00,12.52415618051927
2025-05-30 14:00:00,23.02098635979398
2025-05-30 15:00:00,31.1347374164792
2025-05-30 16:00:00,37.86974312176556
2025-05-30 17:00:00,36.40591218793661
2025-05-30 18:00:00,36.10634494612787
2025-05-30 19:00:00,45.89945194597331
2025-05-30 20:00:00,51.31039773560674
2025-05-30 21:00:00,52.612219168402966
2025-05-30 22:00:00,43.91361022472862
2025-05-30 23:00:00,39.97733813029748
2025-05-31 00:00:00,36.59325008311748
2025-05-31 01:00:00,36.97305163756934
2025-05-31 02:00:00,34.94829803537829
2025-05-31 03:00:00,32.66044818156366
2025-05-31 04:00:00,26.32202502601018
2025-05-31 05:00:00,21.743846150698342
2025-05-31 06:00:00,19.809071778229985
2025-05-31 07:00:00,17.04300170014126
2025-05-31 08:00:00,14.432992852289628
2025-05-31 09:00:00,15.00911685176152
2025-05-31 10:00:00,14.412103581681803
2025-05-31 11:00:00,15.452862590205756
2025-05-31 12:00:00,18.0118093058023
2025-05-31 13:00:00,21.094037653540198
2025-05-31 14:00:00,41.79364598895965
2025-05-31 15:00:00,71.18321740367699
2025-05-31 16:00:00,172.91465928868243
2025-05-31 17:00:00,58.355753892864705
2025-05-31 18:00:00,49.71536225408991
2025-05-31 19:00:00,48.49932876288529
2025-05-31 20:00:00,40.13931674822798
2025-05-31 21:00:00,41.93558339124621
2025-05-31 22:00:00,38.62489646793584
2025-05-31 23:00:00,33.12715870475406
2025-06-01 00:00:00,29.376115739887496
2025-06-01 01:00:00,27.713529335569827
2025-06-01 02:00:00,24.02952196054457
2025-06-01 03:00:00,20.620099275598534
2025-06-01 04:00:00,17.104532001729122
2025-06-01 05:00:00,13.889751044852394
2025-06-01 06:00:00,12.424234016588738
2025-06-01 07:00:00,10.835298011105372
2025-06-01 08:00:00,5.900415220249786
2025-06-01 09:00:00,2.4874786353732827
2025-06-01 10:00:00,1.2577435056761377
2025-06-01 11:00:00,4.4890086391166575
2025-06-01 12:00:00,12.929344147305393
2025-06-01 13:00:00,20.368461763132622
2025-06-01 14:00:00,44.71445079006944
2025-06-01 15:00:00,60.331089686754964
2025-06-01 16:00:00,95.56513313287675
2025-06-01 17:00:00,41.01282870989427
2025-06-01 18:00:00,41.47052904439096
2025-06-01 19:00:00,41.128445716395156
2025-06-01 20:00:00,41.976453698063565
2025-06-01 21:00:00,42.312380708097116
2025-06-01 22:00:00,37.83364005794008
2025-06-01 23:00:00,34.4792983973282
2025-06-02 00:00:00,33.003653674548744
2025-06-02 01:00:00,31.276801726676474
2025-06-02 02:00:00,27.20459068578247
2025-06-02 03:00:00,22.91195657619451
2025-06-02 04:00:00,19.817759158100223
2025-06-02 05:00:00,16.527177591023268
2025-06-02 06:00:00,13.86138265828101
2025-06-02 07:00:00,12.651929489653014
2025-06-02 08:00:00,7.785307879189096
2025-06-02 09:00:00,3.505574909199849
2025-06-02 10:00:00,3.216655268874762
2025-06-02 11:00:00,9.63990891533266
2025-06-02 12:00:00,13.805367227845704
2025-06-02 13:00:00,21.92912265160275
2025-06-02 14:00:00,32.956603036050865
2025-06-02 15:00:00,50.09249406845714
2025-06-02 16:00:00,39.73626105312606
2025-06-02 17:00:00,31.822782441760467
2025-06-02 18:00:00,34.879247964424025
2025-06-02 19:00:00,40.43118255109321
2025-06-02 20:00:00,44.523887692424466
2025-06-02 21:00:00,44.132244108570085
2025-06-02 22:00:00,40.433282668901285
2025-06-02 23:00:00,39.13929248009056
2025-06-03 00:00:00,37.344289262470966
2025-06-03 01:00:00,37.13604957786531
2025-06-03 02:00:00,33.3054609547056
2025-06-03 03:00:00,26.658637432852437
2025-06-03 04:00:00,22.60409911825567
2025-06-03 05:00:00,18.49937686726219
2025-06-03 06:00:00,16.186464853952536
2025-06-03 07:00:00,13.672555763602157
2025-06-03 08:00:00,6.928391412034428
2025-06-03 09:00:00,3.111632856265775
2025-06-03 10:00:00,0.43556018429955384
2025-06-03 11:00:00,2.214818224601666
2025-06-03 12:00:00,8.110760665106353
2025-06-03 13:00:00,12.800350523089747
2025-06-03 14:00:00,21.4743836305212
2025-06-03 15:00:00,39.603952168830475
2025-06-03 16:00:00,37.1963920608659
2025-06-03 17:00:00,33.64812163511887
2025-06-03 18:00:00,33.67133731734706
2025-06-03 19:00:00,39.1777258341663
2025-06-03 20:00:00,41.01743897078573
2025-06-03 21:00:00,39.86893493520695
2025-06-03 22:00:00,37.95932974251095
2025-06-03 23:00:00,36.70790503335833
2025-06-04 00:00:00,36.18672529443541
2025-06-04 01:00:00,34.05678441894362
2025-06-04 02:00:00,28.613454002829517
2025-06-04 03:00:00,21.29871768142257
2025-06-04 04:00:00,17.874856328743725
2025-06-04 05:00:00,9.847896581828978
2025-06-04 06:00:00,6.185466539631945
2025-06-04 07:00:00,4.611419737862159
2025-06-04 08:00:00,6.291479678958648
2025-06-04 09:00:00,5.446564038560263
2025-06-04 10:00:00,3.549733072077132
2025-06-04 11:00:00,6.703465306492548
2025-06-04 12:00:00,9.164901407181704
2025-06-04 13:00:00,12.660275073365447
2025-06-04 14:00:00,20.5193803166826
2025-06-04 15:00:00,41.210599064202235
2025-06-04 16:00:00,29.858827840473364
2025-06-04 17:00:00,26.161088994240934
2025-06-04 18:00:00,27.38900002611086
2025-06-04 19:00:00,33.86887002056422
2025-06-04 20:00:00,37.659379379087646
2025-06-04 21:00:00,39.10688752003858
2025-06-04 22:00:00,35.38639947554447
2025-06-04 23:00:00,34.12164643948229
2025-06-05 00:00:00,33.645031728186986
2025-06-05 01:00:00,33.293412493186786
2025-06-05 02:00:00,32.34729779992614
2025-06-05 03:00:00,23.75941302105638
2025-06-05 04:00:00,19.550985648424568
2025-06-05 05:00:00,16.924236990288684
2025-06-05 06:00:00,14.308624401077616
2025-06-05 07:00:00,13.296711835129832
2025-06-05 08:00:00,10.63234466410751
2025-06-05 09:00:00,10.86157633466783
2025-06-05 10:00:00,13.067711222818735
2025-06-05 11:00:00,12.557514734789022
2025-06-05 12:00:00,10.996191505808866
2025-06-05 13:00:00,12.0469740180916
2025-06-05 14:00:00,22.237812863432627
2025-06-05 15:00:00,31.39453899413305
2025-06-05 16:00:00,30.41809399272623
2025-06-05 17:00:00,29.584986452445353
2025-06-05 18:00:00,26.455066513030225
2025-06-05 19:00:00,31.60744806735714
2025-06-05 20:00:00,36.055257957942885
2025-06-05 21:00:00,35.54475627481317
2025-06-05 22:00:00,33.44382653635932
2025-06-05 23:00:00,31.757297224471454
2025-06-06 00:00:00,32.82007592631294
2025-06-06 01:00:00,37.75696013906218
2025-06-06 02:00:00,32.865183685271774
2025-06-06 03:00:00,24.1474564552424
2025-06-06 04:00:00,18.53279879309306
2025-06-06 05:00:00,16.931507100817825
2025-06-06 06:00:00,16.075749375973732
2025-06-06 07:00:00,10.977372088153873
2025-06-06 08:00:00,-2.7117697370114833
2025-06-06 09:00:00,2.2954867844482516
2025-06-06 10:00:00,2.8248188618095424
2025-06-06 11:00:00,5.408305488768673
2025-06-06 12:00:00,8.39995045004216
2025-06-06 13:00:00,10.613029671390954
2025-06-06 14:00:00,35.548566601765735
2025-06-06 15:00:00,50.62314914260766
2025-06-06 16:00:00,76.72493921458253
2025-06-06 17:00:00,67.91411977232387
2025-06-06 18:00:00,37.54801992348475
2025-06-06 19:00:00,41.15329788509514
2025-06-06 20:00:00,41.14813973966147
2025-06-06 21:00:00,41.60312392412864
2025-06-06 22:00:00,38.354301584549745
2025-06-06 23:00:00,42.525093103856015
2025-06-07 00:00:00,50.15376658267364
2025-06-07 01:00:00,52.880707635265075
2025-06-07 02:00:00,54.259164870723005
2025-06-07 03:00:00,30.086993103270704
2025-06-07 04:00:00,23.8712708683359
2025-06-07 05:00:00,21.206068669227367
2025-06-07 06:00:00,19.33617311859875
2025-06-07 07:00:00,16.932201522101476
2025-06-07 08:00:00,11.715004541328744
2025-06-07 09:00:00,11.389540721793127
2025-06-07 10:00:00,2.8117598415903187
2025-06-07 11:00:00,2.130019280230711
2025-06-07 12:00:00,6.718978131571904
2025-06-07 13:00:00,9.964822640073885
2025-06-07 14:00:00,26.380000584343215
2025-06-07 15:00:00,33.459778471592536
2025-06-07 16:00:00,49.602193914938276
2025-06-07 17:00:00,49.88761157489812
2025-06-07 18:00:00,35.05078124003628
2025-06-07 19:00:00,37.24814267158492
2025-06-07 20:00:00,38.16917317326133
2025-06-07 21:00:00,37.70976766308827
2025-06-07 22:00:00,35.64947489561646
2025-06-07 23:00:00,37.01342731526353
2025-06-08 00:00:00,40.95459972817135
2025-06-08 01:00:00,48.5978897864047
2025-06-08 02:00:00,40.13240524829584
2025-06-08 03:00:00,23.68047826944408
2025-06-08 04:00:00,19.357748116562856
2025-06-08 05:00:00,19.608793505237117
2025-06-08 06:00:00,17.386102149931403
2025-06-08 07:00:00,14.156520501139072
2025-06-08 08:00:00,10.277259201083476
2025-06-08 09:00:00,6.016753970758691
2025-06-08 10:00:00,2.099133702916793
2025-06-08 11:00:00,5.415053606051864
2025-06-08 12:00:00,7.188019228906401
2025-06-08 13:00:00,10.574424950790027
2025-06-08 14:00:00,25.0875103598728
2025-06-08 15:00:00,46.20335150757572
2025-06-08 16:00:00,47.81057731552964
2025-06-08 17:00:00,36.15417147134638
2025-06-08 18:00:00,30.804512990641637
2025-06-08 19:00:00,43.005799386046114
2025-06-08 20:00:00,40.78491911376303
2025-06-08 21:00:00,40.877305064029656
2025-06-08 22:00:00,36.78041649010093
2025-06-08 23:00:00,34.41663322344732
2025-06-09 00:00:00,35.74379533269629
2025-06-09 01:00:00,37.230992499159704
2025-06-09 02:00:00,29.1340832021623
2025-06-09 03:00:00,22.36280960923699
2025-06-09 04:00:00,16.608803131597785
2025-06-09 05:00:00,16.5027611062289
2025-06-09 06:00:00,16.29652150473944
2025-06-09 07:00:00,13.20713172343751
2025-06-09 08:00:00,7.074780432979525
2025-06-09 09:00:00,2.0367269794837317
2025-06-09 10:00:00,1.5791861931467694
2025-06-09 11:00:00,3.8899809827515224
2025-06-09 12:00:00,4.155877413243812
2025-06-09 13:00:00,10.522378363990262
2025-06-09 14:00:00,18.16695332059499
2025-06-09 15:00:00,27.063996000929176
2025-06-09 16:00:00,30.067300729043787
2025-06-09 17:00:00,29.336216549040937
2025-06-09 18:00:00,34.32767960755853
2025-06-09 19:00:00,40.336004065703094
2025-06-09 20:00:00,37.887235565034764
2025-06-09 21:00:00,39.499017587240324
2025-06-09 22:00:00,40.36606966568567
2025-06-09 23:00:00,38.549041525574225
2025-06-10 00:00:00,38.035500854813996
2025-06-10 01:00:00,35.509892222788885
2025-06-10 02:00:00,31.71930509212333
2025-06-10 03:00:00,24.810739389826477
2025-06-10 04:00:00,18.071988002971498
2025-06-10 05:00:00,15.440079624879925
2025-06-10 06:00:00,14.81125121204408
2025-06-10 07:00:00,13.252773216838529
2025-06-10 08:00:00,9.883638347674811
2025-06-10 09:00:00,6.797258604121093
2025-06-10 10:00:00,7.483896501824084
2025-06-10 11:00:00,8.117113109356833
2025-06-10 12:00:00,6.8682712552074365
2025-06-10 13:00:00,10.737979204828264
2025-06-10 14:00:00,19.104453990199126
2025-06-10 15:00:00,46.876844719397184
2025-06-10 16:00:00,65.11122607608335
2025-06-10 17:00:00,44.0213096424418
2025-06-10 18:00:00,36.18025093314924
2025-06-10 19:00:00,40.35809679354024
2025-06-10 20:00:00,43.4137201567148
2025-06-10 21:00:00,45.6050660250417
2025-06-10 22:00:00,39.94889895407743
2025-06-10 23:00:00,35.70904881098674
2025-06-11 00:00:00,32.72309795956321
2025-06-11 01:00:00,33.65394249657275
2025-06-11 02:00:00,30.118276881101835
2025-06-11 03:00:00,24.407145746755
2025-06-11 04:00:00,21.97728773031529
2025-06-11 05:00:00,25.30433137927121
2025-06-11 06:00:00,20.893018801209088
2025-06-11 07:00:00,16.612443832930158
2025-06-11 08:00:00,12.695143275872741
2025-06-11 09:00:00,14.77411917118977
2025-06-11 10:00:00,17.79162521029917
2025-06-11 11:00:00,31.165050974410427
2025-06-11 12:00:00,18.606246441348443
2025-06-11 13:00:00,20.9033038409847
2025-06-11 14:00:00,35.625586098669544
2025-06-11 15:00:00,40.88752547876079
2025-06-11 16:00:00,47.62315959230664
2025-06-11 17:00:00,41.92190031112377
2025-06-11 18:00:00,35.182583947697225
2025-06-11 19:00:00,38.949002782428856
2025-06-11 20:00:00,40.76298881279908
2025-06-11 21:00:00,44.26437849203553
2025-06-11 22:00:00,38.709544817089764
2025-06-11 23:00:00,37.18072154274794
2025-06-12 00:00:00,41.11082100745627
2025-06-12 01:00:00,40.389645682770464
2025-06-12 02:00:00,48.42960639801162
2025-06-12 03:00:00,44.07565081862317
2025-06-12 04:00:00,30.003994606261326
2025-06-12 05:00:00,28.82296326879135
2025-06-12 06:00:00,24.532322128635595
2025-06-12 07:00:00,20.420925544879594
2025-06-12 08:00:00,19.905039231080295
2025-06-12 09:00:00,17.25715293923781
2025-06-12 10:00:00,17.01496227484499
2025-06-12 11:00:00,24.078180863865565
2025-06-12 12:00:00,21.929693751064537
2025-06-12 13:00:00,18.109319712071688
2025-06-12 14:00:00,27.74186884199517
2025-06-12 15:00:00,43.58128526412051
2025-06-12 16:00:00,61.073829513904435
2025-06-12 17:00:00,57.00659170993284
2025-06-12 18:00:00,35.147280840757126
2025-06-12 19:00:00,34.16564586024587
2025-06-12 20:00:00,37.62244343517494
2025-06-12 21:00:00,37.66904604869228
2025-06-12 22:00:00,33.54736823031379
2025-06-12 23:00:00,31.517537398524038
2025-06-13 00:00:00,33.46571825403123
2025-06-13 01:00:00,39.89489419977876
2025-06-13 02:00:00,41.28926216253867
2025-06-13 03:00:00,30.952549215259943
2025-06-13 04:00:00,24.515353975964516
2025-06-13 05:00:00,23.82739838756766
2025-06-13 06:00:00,22.204857366954585
2025-06-13 07:00:00,17.37381733502063
2025-06-13 08:00:00,14.009264166288979
2025-06-13 09:00:00,11.278227781335051
2025-06-13 10:00:00,10.646144214947284
2025-06-13 11:00:00,13.177300666528655
2025-06-13 12:00:00,17.42980973992359
2025-06-13 13:00:00,13.689319280402563
2025-06-13 14:00:00,17.593667020051278
2025-06-13 15:00:00,34.44465020678742
2025-06-13 16:00:00,33.1193314212205
2025-06-13 17:00:00,28.859235570531748
2025-06-13 18:00:00,19.890488601951073
2025-06-13 19:00:00,23.160271510176052
2025-06-13 20:00:00,29.173444652799578
2025-06-13 21:00:00,29.795669149186114
2025-06-13 22:00:00,27.898834442572966
2025-06-13 23:00:00,26.45637171943577
2025-06-14 00:00:00,26.447374042748773
2025-06-14 01:00:00,28.424794185860776
2025-06-14 02:00:00,25.380909196252087
2025-06-14 03:00:00,19.442373028678823
2025-06-14 04:00:00,13.586599314595142
2025-06-14 05:00:00,8.130037359542863
2025-06-14 06:00:00,12.114798466242455
2025-06-14 07:00:00,11.261092800537265
2025-06-14 08:00:00,7.990553502793372
2025-06-14 09:00:00,2.2876066149024363
2025-06-14 10:00:00,0.6503643915144889
2025-06-14 11:00:00,4.664262861282336
2025-06-14 12:00:00,7.6485949264018585
2025-06-14 13:00:00,10.527956008335549
2025-06-14 14:00:00,22.259841190005655
2025-06-14 15:00:00,41.31703257151486
2025-06-14 16:00:00,43.0732190383976
2025-06-14 17:00:00,30.661148406031845
2025-06-14 18:00:00,30.5341445524365
2025-06-14 19:00:00,36.730085131407186
2025-06-14 20:00:00,40.976093711130005
2025-06-14 21:00:00,45.26377290400345
2025-06-14 22:00:00,38.25198618139966
2025-06-14 23:00:00,33.33092894902769
2025-06-15 00:00:00,31.38991192177
2025-06-15 01:00:00,28.572654617284883
2025-06-15 02:00:00,25.74357092927032
2025-06-15 03:00:00,21.79681975993551
2025-06-15 04:00:00,14.440209529588897
2025-06-15 05:00:00,8.698747051628501
2025-06-15 06:00:00,11.309786761158367
2025-06-15 07:00:00,10.828611555132204
2025-06-15 08:00:00,7.778902040953761
2025-06-15 09:00:00,4.701595682968679
2025-06-15 10:00:00,3.0186229321260876
2025-06-15 11:00:00,1.860086324648763
2025-06-15 12:00:00,4.6599435827631295
2025-06-15 13:00:00,7.950658789173567
2025-06-15 14:00:00,14.187695021971791
2025-06-15 15:00:00,26.169666536440047
2025-06-15 16:00:00,33.004207733681014
2025-06-15 17:00:00,25.33118260722298
2025-06-15 18:00:00,27.041201917144235
2025-06-15 19:00:00,31.850229935176195
2025-06-15 20:00:00,36.21009355405776
2025-06-15 21:00:00,37.19083995315225
2025-06-15 22:00:00,32.326137893276986
2025-06-15 23:00:00,28.212407932832306
2025-06-16 00:00:00,29.904171278791196
2025-06-16 01:00:00,28.587152272136468
2025-06-16 02:00:00,25.46704623339754
2025-06-16 03:00:00,21.482419491542107
2025-06-16 04:00:00,12.39427517298057
2025-06-16 05:00:00,10.41827208023921
2025-06-16 06:00:00,13.173929102440313
2025-06-16 07:00:00,8.37560216437783
2025-06-16 08:00:00,1.803120378374385
2025-06-16 09:00:00,0.25270601410140076
2025-06-16 10:00:00,-1.2933773225824374
2025-06-16 11:00:00,2.2155920861078293
2025-06-16 12:00:00,6.730165742065775
2025-06-16 13:00:00,14.082558015366509
2025-06-16 14:00:00,20.589440908686946
2025-06-16 15:00:00,25.48839058307093
2025-06-16 16:00:00,33.1765935776273
2025-06-16 17:00:00,29.429629394280273
2025-06-16 18:00:00,25.806225447686337
2025-06-16 19:00:00,27.910505203983078
2025-06-16 20:00:00,29.80121872258898
2025-06-16 21:00:00,28.979504525716987
2025-06-16 22:00:00,25.82865159195743
2025-06-16 23:00:00,24.569216149493673
2025-06-17 00:00:00,24.73164857645378
2025-06-17 01:00:00,29.92359280094875
2025-06-17 02:00:00,24.844190497016143
2025-06-17 03:00:00,19.15814686157556
2025-06-17 04:00:00,13.145644626609645
2025-06-17 05:00:00,11.703148186333301
2025-06-17 06:00:00,12.977443054339297
2025-06-17 07:00:00,10.338379490434598
2025-06-17 08:00:00,5.873282821827051
2025-06-17 09:00:00,2.854833462788772
2025-06-17 10:00:00,-0.07738024725214306
2025-06-17 11:00:00,3.6763017979049177
2025-06-17 12:00:00,6.8853789763476705
2025-06-17 13:00:00,12.596349330120766
2025-06-17 14:00:00,27.296702725247357
2025-06-17 15:00:00,66.3594642085663
2025-06-17 16:00:00,59.087929025760225
2025-06-17 17:00:00,32.13585385340672
2025-06-17 18:00:00,31.241028265495185
2025-06-17 19:00:00,37.33225104304804
2025-06-17 20:00:00,41.09858218649236
2025-06-17 21:00:00,41.798171415374355
2025-06-17 22:00:00,37.36135865096241
2025-06-17 23:00:00,33.59972366789812
2025-06-18 00:00:00,34.38017259290307
2025-06-18 01:00:00,33.96850975566297
2025-06-18 02:00:00,28.166294990255462
2025-06-18 03:00:00,20.052908816074854
2025-06-18 04:00:00,12.822719012236961
2025-06-18 05:00:00,13.175026791385482
2025-06-18 06:00:00,14.167358561737606
2025-06-18 07:00:00,12.205656929513982
2025-06-18 08:00:00,5.594823616258788
2025-06-18 09:00:00,2.129525159180728
2025-06-18 10:00:00,0.9635136306615651
2025-06-18 11:00:00,5.074950906275477
2025-06-18 12:00:00,7.64265938988192
2025-06-18 13:00:00,12.635954594098623
2025-06-18 14:00:00,23.714487798220265
2025-06-18 15:00:00,50.38026203727719
2025-06-18 16:00:00,40.77062850237789
2025-06-18 17:00:00,31.22133706396137
2025-06-18 18:00:00,32.4154401244163
2025-06-18 19:00:00,35.57592520826381
2025-06-18 20:00:00,38.92615313644837
2025-06-18 21:00:00,39.39695602797031
2025-06-18 22:00:00,36.71510171986562
2025-06-18 23:00:00,36.136157593496485
2025-06-19 00:00:00,34.908733811100596
2025-06-19 01:00:00,35.40501884269951
2025-06-19 02:00:00,32.90251477737772
2025-06-19 03:00:00,23.971891169436827
2025-06-19 04:00:00,19.690301232796042
2025-06-19 05:00:00,16.440584224004994
2025-06-19 06:00:00,16.18230455373923
2025-06-19 07:00:00,14.827302985617003
2025-06-19 08:00:00,8.757839036476929
2025-06-19 09:00:00,5.023696946528807
2025-06-19 10:00:00,3.034498788055668
2025-06-19 11:00:00,4.323322964402084
2025-06-19 12:00:00,7.381808456778136
2025-06-19 13:00:00,10.872404249156572
2025-06-19 14:00:00,18.428559234004684
2025-06-19 15:00:00,35.96186250490842
2025-06-19 16:00:00,45.321370114247884
2025-06-19 17:00:00,34.354760148356036
2025-06-19 18:00:00,32.01451023704526
2025-06-19 19:00:00,35.36043785026739
2025-06-19 20:00:00,39.09599712439326
2025-06-19 21:00:00,38.930977734764774
2025-06-19 22:00:00,36.28969157821424
2025-06-19 23:00:00,33.815746456776836
2025-06-20 00:00:00,33.054992342390584
2025-06-20 01:00:00,32.25723544147762
2025-06-20 02:00:00,29.511432658122338
2025-06-20 03:00:00,22.282510218404344
2025-06-20 04:00:00,18.491748110782993
2025-06-20 05:00:00,16.670677475265666
2025-06-20 06:00:00,15.888332292533034
2025-06-20 07:00:00,17.273037040835383
2025-06-20 08:00:00,17.797528684870656
2025-06-20 09:00:00,7.910264008678281
2025-06-20 10:00:00,5.518308243060983
2025-06-20 11:00:00,6.299640846700141
2025-06-20 12:00:00,7.532906232261849
2025-06-20 13:00:00,12.988891613380936
2025-06-20 14:00:00,25.020411423678848
2025-06-20 15:00:00,49.076626197740566
2025-06-20 16:00:00,65.93750044856857
2025-06-20 17:00:00,41.447974215619595
2025-06-20 18:00:00,36.63864245561069
2025-06-20 19:00:00,36.52099848753289
2025-06-20 20:00:00,39.95471240716961
2025-06-20 21:00:00,39.908202748181225
2025-06-20 22:00:00,37.7074394180728
2025-06-20 23:00:00,35.75937057293808
2025-06-21 00:00:00,35.04579967599512
2025-06-21 01:00:00,37.27747700001551
2025-06-21 02:00:00,33.35533228884336
2025-06-21 03:00:00,24.60247505611824
2025-06-21 04:00:00,21.94163412139013
2025-06-21 05:00:00,19.75489510936266
2025-06-21 06:00:00,19.969713145350017
2025-06-21 07:00:00,27.892710069352024
2025-06-21 08:00:00,25.778715436408582
2025-06-21 09:00:00,8.876621891598138
2025-06-21 10:00:00,6.8777773743045465
2025-06-21 11:00:00,11.283832439114004
2025-06-21 12:00:00,14.508622046776551
2025-06-21 13:00:00,17.412613206211404
2025-06-21 14:00:00,39.24717855588755
2025-06-21 15:00:00,121.56030317533997
2025-06-21 16:00:00,58.71663788942471
2025-06-21 17:00:00,37.0939769640761
2025-06-21 18:00:00,39.569704406924444
2025-06-21 19:00:00,34.75003748575162
2025-06-21 20:00:00,37.29355875596691
2025-06-21 21:00:00,37.80887789610262
2025-06-21 22:00:00,35.2635842158942
2025-06-21 23:00:00,33.34244563819709
2025-06-22 00:00:00,32.10585818450289
2025-06-22 01:00:00,31.73285761579925
2025-06-22 02:00:00,27.949101494719624
2025-06-22 03:00:00,21.52524858185891
2025-06-22 04:00:00,19.1222839140234
2025-06-22 05:00:00,16.98070299185653
2025-06-22 06:00:00,16.58019556176626
2025-06-22 07:00:00,16.880748717070638
2025-06-22 08:00:00,12.036222996681133
2025-06-22 09:00:00,4.05600062764923
2025-06-22 10:00:00,3.8251420850456475
2025-06-22 11:00:00,6.815570634986568
2025-06-22 12:00:00,9.862590255945332
2025-06-22 13:00:00,13.52058257619483
2025-06-22 14:00:00,30.110796873742043
2025-06-22 15:00:00,67.20923396575287
2025-06-22 16:00:00,36.708023187455545
2025-06-22 17:00:00,30.302252988440586
2025-06-22 18:00:00,31.165202077432816
2025-06-22 19:00:00,32.5594259736885
2025-06-22 20:00:00,36.95411433393291
2025-06-22 21:00:00,37.02103383041472
2025-06-22 22:00:00,33.23161847472372
2025-06-22 23:00:00,30.47218761202761
2025-06-23 00:00:00,30.45434271719533
2025-06-23 01:00:00,28.31997101777688
2025-06-23 02:00:00,25.00897803717085
2025-06-23 03:00:00,14.803091161010572
2025-06-23 04:00:00,11.443532196183895
2025-06-23 05:00:00,9.51255423133287
2025-06-23 06:00:00,12.786038423192794
2025-06-23 07:00:00,13.1805458094393
2025-06-23 08:00:00,8.984099663263112
2025-06-23 09:00:00,5.113586920032581
2025-06-23 10:00:00,4.999364599800337
2025-06-23 11:00:00,7.418927762924409
2025-06-23 12:00:00,8.955553793745667
2025-06-23 13:00:00,13.70709637127149
2025-06-23 14:00:00,23.70208092544186
2025-06-23 15:00:00,29.2744098514855
2025-06-23 16:00:00,33.65213772115695
2025-06-23 17:00:00,30.907512531916773
2025-06-23 18:00:00,31.227499708262343
2025-06-23 19:00:00,35.98157054487563
2025-06-23 20:00:00,40.06273377646605
2025-06-23 21:00:00,41.76772305348344
2025-06-23 22:00:00,37.82372487394743
2025-06-23 23:00:00,35.5159350448103
2025-06-24 00:00:00,34.018564298230466
2025-06-24 01:00:00,32.32385279367239
2025-06-24 02:00:00,28.103498849560697
2025-06-24 03:00:00,18.879463693159515
2025-06-24 04:00:00,15.908943995624089
2025-06-24 05:00:00,14.546605231066287
2025-06-24 06:00:00,15.212680867463623
2025-06-24 07:00:00,14.180009090559611
2025-06-24 08:00:00,11.81253091915405
2025-06-24 09:00:00,8.075556207307702
2025-06-24 10:00:00,5.756227572449044
2025-06-24 11:00:00,9.229371720612793
2025-06-24 12:00:00,12.717382452966314
2025-06-24 13:00:00,16.476391633461756
2025-06-24 14:00:00,30.054803764663284
2025-06-24 15:00:00,37.7053758640481
2025-06-24 16:00:00,42.39005444249666
2025-06-24 17:00:00,38.19649867196378
2025-06-24 18:00:00,34.57448831597927
2025-06-24 19:00:00,36.246815135688784
2025-06-24 20:00:00,39.439106423483636
2025-06-24 21:00:00,39.1058665150375
2025-06-24 22:00:00,37.01309680591546
2025-06-24 23:00:00,35.32231372888861
2025-06-25 00:00:00,34.31496845695831
2025-06-25 01:00:00,32.914587498064485
2025-06-25 02:00:00,29.17290717513048
2025-06-25 03:00:00,21.55287582279631
2025-06-25 04:00:00,15.481923227403477
2025-06-25 05:00:00,14.445378760460944
2025-06-25 06:00:00,14.090856343204347
2025-06-25 07:00:00,12.447968856758473
2025-06-25 08:00:00,7.99930981115096
2025-06-25 09:00:00,3.6037160584018335
2025-06-25 10:00:00,2.0076243596857095
2025-06-25 11:00:00,5.796861662933934
2025-06-25 12:00:00,10.476491131508602
2025-06-25 13:00:00,13.23688264557045
2025-06-25 14:00:00,23.712979033097387
2025-06-25 15:00:00,33.209622534331615
2025-06-25 16:00:00,37.96046849047839
2025-06-25 17:00:00,36.426983365126965
2025-06-25 18:00:00,35.68148434006961
2025-06-25 19:00:00,35.653561727097774
2025-06-25 20:00:00,38.67590968577099
2025-06-25 21:00:00,38.87511232518246
2025-06-25 22:00:00,36.02709763867824
2025-06-25 23:00:00,35.1681180916974
2025-06-26 00:00:00,33.9313999083999
2025-06-26 01:00:00,33.288885275690205
2025-06-26 02:00:00,30.459518550405434
2025-06-26 03:00:00,23.18940260545994
2025-06-26 04:00:00,16.83296784621019
2025-06-26 05:00:00,15.546373813076745
2025-06-26 06:00:00,14.231005794700868
2025-06-26 07:00:00,11.221415658161252
2025-06-26 08:00:00,8.258638077882285
2025-06-26 09:00:00,5.146863557472437
2025-06-26 10:00:00,6.706499972463914
2025-06-26 11:00:00,9.128405940609058
2025-06-26 12:00:00,12.31941828452533
2025-06-26 13:00:00,17.100052392629784
2025-06-26 14:00:00,24.007811215040963
2025-06-26 15:00:00,26.11490832829441
2025-06-26 16:00:00,26.61703260791849
2025-06-26 17:00:00,26.217675186416336
2025-06-26 18:00:00,28.874822338780685
2025-06-26 19:00:00,33.061450533867095
2025-06-26 20:00:00,37.0389841015167
2025-06-26 21:00:00,37.151142099843135
2025-06-26 22:00:00,34.00925327380352
2025-06-26 23:00:00,30.565958219465784
2025-06-27 00:00:00,30.36612953444102
2025-06-27 01:00:00,30.367146709450935
2025-06-27 02:00:00,26.5726955393346
2025-06-27 03:00:00,21.589967123873304
2025-06-27 04:00:00,17.31568418501382
2025-06-27 05:00:00,16.931569139098183
2025-06-27 06:00:00,15.68277540668138
2025-06-27 07:00:00,18.144937929218752
2025-06-27 08:00:00,16.08278584650684
2025-06-27 09:00:00,11.485934792645182
2025-06-27 10:00:00,9.812791894614858
2025-06-27 11:00:00,12.237313933870766
2025-06-27 12:00:00,18.321886351388574
2025-06-27 13:00:00,17.322547243126323
2025-06-27 14:00:00,19.361719189439803
2025-06-27 15:00:00,26.046999997303306
2025-06-27 16:00:00,27.628448202178944
2025-06-27 17:00:00,32.39471860158393
2025-06-27 18:00:00,31.53970026744051
2025-06-27 19:00:00,37.02078781694559
2025-06-27 20:00:00,40.14338978824135
2025-06-27 21:00:00,39.78375964645428
2025-06-27 22:00:00,36.39369477050776
2025-06-27 23:00:00,33.68054801011224
2025-06-28 00:00:00,33.36358654526406
2025-06-28 01:00:00,35.88053134851381
2025-06-28 02:00:00,31.267295425889426
2025-06-28 03:00:00,22.720764066349176
2025-06-28 04:00:00,18.11129713641667
2025-06-28 05:00:00,16.959743529831606
2025-06-28 06:00:00,15.586173997991954
2025-06-28 07:00:00,16.86222367800097
2025-06-28 08:00:00,12.836481854632012
2025-06-28 09:00:00,5.942121159335547
2025-06-28 10:00:00,3.701630344421125
2025-06-28 11:00:00,6.528757703067616
2025-06-28 12:00:00,27.009858188590236
2025-06-28 13:00:00,17.730376275425233
2025-06-28 14:00:00,45.54302113353933
2025-06-28 15:00:00,74.38475379445556
2025-06-28 16:00:00,63.893733068364156
2025-06-28 17:00:00,44.663183400201596
2025-06-28 18:00:00,36.43188219170272
2025-06-28 19:00:00,37.9249099728304
2025-06-28 20:00:00,41.14653361900736
2025-06-28 21:00:00,41.23897973803403
2025-06-28 22:00:00,37.36267471634041
2025-06-28 23:00:00,33.45070774963665
2025-06-29 00:00:00,31.760481459223776
2025-06-29 01:00:00,31.727643200761396
2025-06-29 02:00:00,28.35113840555469
2025-06-29 03:00:00,22.019747549329335
2025-06-29 04:00:00,17.551203384009764
2025-06-29 05:00:00,11.739540082783336
2025-06-29 06:00:00,13.772221517010504
2025-06-29 07:00:00,13.11228919119428
2025-06-29 08:00:00,8.584218529154654
2025-06-29 09:00:00,5.925383111334445
2025-06-29 10:00:00,1.252647816294469
2025-06-29 11:00:00,9.624733115923988
2025-06-29 12:00:00,19.85394937403861
2025-06-29 13:00:00,21.86979363246494
2025-06-29 14:00:00,31.17730710345462
2025-06-29 15:00:00,56.86478974066009
2025-06-29 16:00:00,56.923840180400006
2025-06-29 17:00:00,35.08903252054293
2025-06-29 18:00:00,32.68739057526988
2025-06-29 19:00:00,35.062509342929346
2025-06-29 20:00:00,39.89364366920813
2025-06-29 21:00:00,40.52125456531719
2025-06-29 22:00:00,37.288195483882475
2025-06-29 23:00:00,34.87182304917363
2025-06-30 00:00:00,35.195587109694394
2025-06-30 01:00:00,32.726468399852585
2025-06-30 02:00:00,29.520856313641545
2025-06-30 03:00:00,23.16594792380832
2025-06-30 04:00:00,19.747551799026127
2025-06-30 05:00:00,16.51485935464376
2025-06-30 06:00:00,16.744867869577792
2025-06-30 07:00:00,17.981505174476887
2025-06-30 08:00:00,9.466214091176099
2025-06-30 09:00:00,5.856426166829064
2025-06-30 10:00:00,4.038181845099443
2025-06-30 11:00:00,14.583069236426681
2025-06-30 12:00:00,18.95503540726061
2025-06-30 13:00:00,18.297758815587386
2025-06-30 14:00:00,20.468417109295086
2025-06-30 15:00:00,32.199619799821406
2025-06-30 16:00:00,36.46604479959457
2025-06-30 17:00:00,31.79772706976071
2025-06-30 18:00:00,29.744545435261006
2025-06-30 19:00:00,33.18707389108037
2025-06-30 20:00:00,38.85609644249433
2025-06-30 21:00:00,39.39894179041238
2025-06-30 22:00:00,37.668869094159966
2025-06-30 23:00:00,35.56470279155137
2025-07-01 00:00:00,34.873359638602125
2025-07-01 01:00:00,33.62004512183686
2025-07-01 02:00:00,30.005293786950578
2025-07-01 03:00:00,24.592372754502154
2025-07-01 04:00:00,20.289327337533013
2025-07-01 05:00:00,19.17075939054005
2025-07-01 06:00:00,18.78456756576192
2025-07-01 07:00:00,21.09729186567294
2025-07-01 08:00:00,16.569956785650906
2025-07-01 09:00:00,19.740139510441665
2025-07-01 10:00:00,20.09765464490374
2025-07-01 11:00:00,13.929813560715166
2025-07-01 12:00:00,19.429275203221977
2025-07-01 13:00:00,20.063454220670973
2025-07-01 14:00:00,28.33899085967243
2025-07-01 15:00:00,29.19807901608221
2025-07-01 16:00:00,35.867404659798254
2025-07-01 17:00:00,44.264121787583356
2025-07-01 18:00:00,40.85093916386999
2025-07-01 19:00:00,50.68975054365261
2025-07-01 20:00:00,49.40297558440543
2025-07-01 21:00:00,44.63998302965007
2025-07-01 22:00:00,40.137118340850066
2025-07-01 23:00:00,36.55511490838299
2025-07-02 00:00:00,34.50768470965771
2025-07-02 01:00:00,34.66672891367731
2025-07-02 02:00:00,30.641398763977357
2025-07-02 03:00:00,25.75741401083284
2025-07-02 04:00:00,23.736552245360766
2025-07-02 05:00:00,23.862934622250062
2025-07-02 06:00:00,22.359814648084097
2025-07-02 07:00:00,24.797213156351436
2025-07-02 08:00:00,21.95895391487256
2025-07-02 09:00:00,29.013719382531736
2025-07-02 10:00:00,26.81514133945953
2025-07-02 11:00:00,24.25510917101752
2025-07-02 12:00:00,48.017375220010976
2025-07-02 13:00:00,51.87611423213733
2025-07-02 14:00:00,59.67209189620956
2025-07-02 15:00:00,100.63814271923388
2025-07-02 16:00:00,166.29179227098683
2025-07-02 17:00:00,82.07391824789784
2025-07-02 18:00:00,73.58742104813308
2025-07-02 19:00:00,72.34396755093803
2025-07-02 20:00:00,59.533489029809104
2025-07-02 21:00:00,52.51428380619126
2025-07-02 22:00:00,46.72443286782715
2025-07-02 23:00:00,43.151122674504045
2025-07-03 00:00:00,42.67982865175356
2025-07-03 01:00:00,48.754586769026254
2025-07-03 02:00:00,42.04676661675199
2025-07-03 03:00:00,29.923767729161604
2025-07-03 04:00:00,25.92835277522494
2025-07-03 05:00:00,22.673122936927566
2025-07-03 06:00:00,21.743277742618858
2025-07-03 07:00:00,27.905487339501736
2025-07-03 08:00:00,23.982356095717215
2025-07-03 09:00:00,23.986682355018466
2025-07-03 10:00:00,19.81826711967148
2025-07-03 11:00:00,21.54066411241894
2025-07-03 12:00:00,32.74842851580912
2025-07-03 13:00:00,35.72143987319663
2025-07-03 14:00:00,40.54450273372885
2025-07-03 15:00:00,61.125080282228204
2025-07-03 16:00:00,86.7875674862486
2025-07-03 17:00:00,57.63938963544029
2025-07-03 18:00:00,58.59367204061991
2025-07-03 19:00:00,54.14396968375972
2025-07-03 20:00:00,49.044359882337844
2025-07-03 21:00:00,45.98107281372511
2025-07-03 22:00:00,40.96934937883394
2025-07-03 23:00:00,38.10647668628507
2025-07-04 00:00:00,37.79111173088814
2025-07-04 01:00:00,38.436457610879614
2025-07-04 02:00:00,35.174349963884836
2025-07-04 03:00:00,28.80849777558752
2025-07-04 04:00:00,23.05193495853826
2025-07-04 05:00:00,20.517320094343674
2025-07-04 06:00:00,18.468564204387278
2025-07-04 07:00:00,23.272907885735183
2025-07-04 08:00:00,21.952178356859527
2025-07-04 09:00:00,20.85718025355219
2025-07-04 10:00:00,21.885569273002936
2025-07-04 11:00:00,24.260671602943336
2025-07-04 12:00:00,23.709429598363236
2025-07-04 13:00:00,27.43645581128366
2025-07-04 14:00:00,28.335243121097264
2025-07-04 15:00:00,29.775418407845724
2025-07-04 16:00:00,32.84037407270905
2025-07-04 17:00:00,35.88716166633795
2025-07-04 18:00:00,34.5749658978781
2025-07-04 19:00:00,35.851618377268515
2025-07-04 20:00:00,36.18330280329494
2025-07-04 21:00:00,33.284620460806465
2025-07-04 22:00:00,30.25243433969305
2025-07-04 23:00:00,28.234907178984873
2025-07-05 00:00:00,27.385404079109872
2025-07-05 01:00:00,26.448118151174523
2025-07-05 02:00:00,24.422284500238124
2025-07-05 03:00:00,23.729481895649943
2025-07-05 04:00:00,21.202508576973138
2025-07-05 05:00:00,18.387408197306343
2025-07-05 06:00:00,17.02963067007613
2025-07-05 07:00:00,17.657151342789703
2025-07-05 08:00:00,16.632308096886646
2025-07-05 09:00:00,15.35320812368147
2025-07-05 10:00:00,14.149094114606157
2025-07-05 11:00:00,17.082051279757184
2025-07-05 12:00:00,17.351827117634496
2025-07-05 13:00:00,17.623450326394515
2025-07-05 14:00:00,21.108043992926195
2025-07-05 15:00:00,25.959358824506975
2025-07-05 16:00:00,28.60745534685737
2025-07-05 17:00:00,31.54634991119803
2025-07-05 18:00:00,29.95515316183648
2025-07-05 19:00:00,33.507415759824084
2025-07-05 20:00:00,34.605155177704134
2025-07-05 21:00:00,32.14965811016475
2025-07-05 22:00:00,29.645369868525712
2025-07-05 23:00:00,27.904542347402142
2025-07-06 00:00:00,29.45615994235097
2025-07-06 01:00:00,28.964405914369895
2025-07-06 02:00:00,28.332703139614914
2025-07-06 03:00:00,23.817431994687638
2025-07-06 04:00:00,21.89042165087237
2025-07-06 05:00:00,20.289667357382353
2025-07-06 06:00:00,18.76960200696813
2025-07-06 07:00:00,17.27067696801323
2025-07-06 08:00:00,15.463504060180538
2025-07-06 09:00:00,14.175025264525273
2025-07-06 10:00:00,13.330905814982815
2025-07-06 11:00:00,13.86763618310504
2025-07-06 12:00:00,16.330061149332938
2025-07-06 13:00:00,18.66196616437408
2025-07-06 14:00:00,21.12545019072389
2025-07-06 15:00:00,25.86588115407526
2025-07-06 16:00:00,32.328244682525785
2025-07-06 17:00:00,33.25077859431354
2025-07-06 18:00:00,33.3619783343861
2025-07-06 19:00:00,33.76693858623099
2025-07-06 20:00:00,34.97546634773914
2025-07-06 21:00:00,34.69846119343595
2025-07-06 22:00:00,31.100222733008675
2025-07-06 23:00:00,29.506940563774705
2025-07-07 00:00:00,31.9331833266162
2025-07-07 01:00:00,29.402047423393075
2025-07-07 02:00:00,27.8773989810048
2025-07-07 03:00:00,24.958167895516347
2025-07-07 04:00:00,22.43923939834681
2025-07-07 05:00:00,20.835651528476422
2025-07-07 06:00:00,18.917914461581223
2025-07-07 07:00:00,17.899734231979483
2025-07-07 08:00:00,17.306884305218514
2025-07-07 09:00:00,13.910390373927816
2025-07-07 10:00:00,12.98624155755364
2025-07-07 11:00:00,14.242011255232953
2025-07-07 12:00:00,15.571787835694161
2025-07-07 13:00:00,18.191730857092647
2025-07-07 14:00:00,23.29909865697494
2025-07-07 15:00:00,35.34331857768955
2025-07-07 16:00:00,52.0257740098257
2025-07-07 17:00:00,53.419801418979986
2025-07-07 18:00:00,37.24756889294243
2025-07-07 19:00:00,37.88636710099582
2025-07-07 20:00:00,39.81269061666766
2025-07-07 21:00:00,39.798409884800996
2025-07-07 22:00:00,38.56000196556778
2025-07-07 23:00:00,36.89549560417018
2025-07-08 00:00:00,36.80221952436059
2025-07-08 01:00:00,37.30054892523232
2025-07-08 02:00:00,30.504203661906125
2025-07-08 03:00:00,26.111251720723665
2025-07-08 04:00:00,22.946953132810965
2025-07-08 05:00:00,20.75726027755529
2025-07-08 06:00:00,19.002409069482894
2025-07-08 07:00:00,16.642229650312714
2025-07-08 08:00:00,15.061531859763939
2025-07-08 09:00:00,16.84021684541371
2025-07-08 10:00:00,12.474591128797849
2025-07-08 11:00:00,18.701294715540968
2025-07-08 12:00:00,16.159673668764388
2025-07-08 13:00:00,20.371780336239976
2025-07-08 14:00:00,30.795165846059618
2025-07-08 15:00:00,47.208727937877576
2025-07-08 16:00:00,48.61037488819133
2025-07-08 17:00:00,40.93464693123859
2025-07-08 18:00:00,34.90164202546208
2025-07-08 19:00:00,38.365037679014286
2025-07-08 20:00:00,43.40463725766938
2025-07-08 21:00:00,42.61615826669166
2025-07-08 22:00:00,38.43616758831166
2025-07-08 23:00:00,36.89454869939525
2025-07-09 00:00:00,34.771326676995685
2025-07-09 01:00:00,34.39967194539171
2025-07-09 02:00:00,29.484194650432435
2025-07-09 03:00:00,26.89355387228762
2025-07-09 04:00:00,22.054805825301155
2025-07-09 05:00:00,18.100693562222975
2025-07-09 06:00:00,17.187063735026673
2025-07-09 07:00:00,18.434929623301915
2025-07-09 08:00:00,19.62117766798846
2025-07-09 09:00:00,17.211203907448745
2025-07-09 10:00:00,18.29215979413139
2025-07-09 11:00:00,29.60068702632771
2025-07-09 12:00:00,62.61089002386301
2025-07-09 13:00:00,41.32452533858235
2025-07-09 14:00:00,49.051362339319546
2025-07-09 15:00:00,50.274481494651596
2025-07-09 16:00:00,46.75872601310061
2025-07-09 17:00:00,36.91898512481664
2025-07-09 18:00:00,34.38410659250905
2025-07-09 19:00:00,36.881405932560156
2025-07-09 20:00:00,39.40731618695984
2025-07-09 21:00:00,35.887661831877345
2025-07-09 22:00:00,31.804751364114935
2025-07-09 23:00:00,30.209524560013197
2025-07-10 00:00:00,30.712244776459897
2025-07-10 01:00:00,28.38385154830962
2025-07-10 02:00:00,24.649525525674182
2025-07-10 03:00:00,22.3819127918552
2025-07-10 04:00:00,20.485220939421346
2025-07-10 05:00:00,21.488686360410906
2025-07-10 06:00:00,23.61004873589582
2025-07-10 07:00:00,23.678349432491146
2025-07-10 08:00:00,21.014815325807984
2025-07-10 09:00:00,15.669661613249994
2025-07-10 10:00:00,21.57345331401002
2025-07-10 11:00:00,24.766353058096385
2025-07-10 12:00:00,49.328306669920465
2025-07-10 13:00:00,36.94405325289629
2025-07-10 14:00:00,43.33024784997493
2025-07-10 15:00:00,51.31609042693492
2025-07-10 16:00:00,53.36815007318434
2025-07-10 17:00:00,34.96878827441586
2025-07-10 18:00:00,30.33504728471696
2025-07-10 19:00:00,34.12469716329681
2025-07-10 20:00:00,38.13400022200431
2025-07-10 21:00:00,38.56408331848983
2025-07-10 22:00:00,35.579855121903854
2025-07-10 23:00:00,34.095872206836276
2025-07-11 00:00:00,32.3075244154825
2025-07-11 01:00:00,29.0073631407485
2025-07-11 02:00:00,26.653303138581016
2025-07-11 03:00:00,20.993376139869525
2025-07-11 04:00:00,16.612955162011275
2025-07-11 05:00:00,13.401481122174772
2025-07-11 06:00:00,15.35809112419055
2025-07-11 07:00:00,13.152403521466374
2025-07-11 08:00:00,7.002696698935409
2025-07-11 09:00:00,-0.36367273707169645
2025-07-11 10:00:00,2.713227600306294
2025-07-11 11:00:00,5.022916028459372
2025-07-11 12:00:00,14.459259750888423
2025-07-11 13:00:00,16.33760188645503
2025-07-11 14:00:00,25.877301818462414
2025-07-11 15:00:00,49.31027302405483
2025-07-11 16:00:00,41.7033394908065
2025-07-11 17:00:00,30.45824669409213
2025-07-11 18:00:00,30.2182047993473
2025-07-11 19:00:00,34.37284252404145
2025-07-11 20:00:00,39.152393107950296
2025-07-11 21:00:00,39.996983879445324
2025-07-11 22:00:00,37.11121471500134
2025-07-11 23:00:00,35.38512472615066
2025-07-12 00:00:00,35.3039253885316
2025-07-12 01:00:00,34.23363140657546
2025-07-12 02:00:00,30.074284872080142
2025-07-12 03:00:00,23.70793469209945
2025-07-12 04:00:00,17.04229125372131
2025-07-12 05:00:00,13.956699786795491
2025-07-12 06:00:00,14.392026869608506
2025-07-12 07:00:00,13.154801698283546
2025-07-12 08:00:00,17.12320569785642
2025-07-12 09:00:00,4.518369236692354
2025-07-12 10:00:00,3.898331410649309
2025-07-12 11:00:00,11.408775088710309
2025-07-12 12:00:00,13.319993792566507
2025-07-12 13:00:00,14.749093371547742
2025-07-12 14:00:00,28.543362548194494
2025-07-12 15:00:00,57.559396754384096
2025-07-12 16:00:00,726.9942933161856
2025-07-12 17:00:00,70.34715498458688
2025-07-12 18:00:00,22.928624433393015
2025-07-12 19:00:00,27.848366602259546
2025-07-12 20:00:00,33.24504080965565
2025-07-12 21:00:00,33.33565882119364
2025-07-12 22:00:00,30.758354384137753
2025-07-12 23:00:00,28.41460429033495
2025-07-13 00:00:00,40.652582001045026
2025-07-13 01:00:00,29.605142077808377
2025-07-13 02:00:00,23.430124598930117
2025-07-13 03:00:00,24.841702446239783
2025-07-13 04:00:00,19.903869436534517
2025-07-13 05:00:00,15.027568719235045
2025-07-13 06:00:00,15.21158619234586
2025-07-13 07:00:00,18.628310660822766
2025-07-13 08:00:00,19.50936663575378
2025-07-13 09:00:00,28.306162315160694
2025-07-13 10:00:00,36.63123654604281
2025-07-13 11:00:00,26.598182785939425
2025-07-13 12:00:00,42.631985056840215
2025-07-13 13:00:00,50.10263529924182
2025-07-13 14:00:00,49.85706334849826
2025-07-13 15:00:00,94.26706752283289
2025-07-13 16:00:00,327.1918031649159
2025-07-13 17:00:00,115.33085853221853
2025-07-13 18:00:00,66.2848460762218
2025-07-13 19:00:00,46.30252404681203
2025-07-13 20:00:00,48.3315203057266
2025-07-13 21:00:00,47.516827089087464
2025-07-13 22:00:00,40.26710732361742
2025-07-13 23:00:00,35.32363627268826
2025-07-14 00:00:00,39.71763778545353
2025-07-14 01:00:00,35.42922927617088
2025-07-14 02:00:00,31.238177340533248
2025-07-14 03:00:00,28.71973659595063
2025-07-14 04:00:00,22.760954692356986
2025-07-14 05:00:00,18.629821705575
2025-07-14 06:00:00,19.623558606127883
2025-07-14 07:00:00,21.172049336920043
2025-07-14 08:00:00,20.466493296438774
2025-07-14 09:00:00,26.798914727020023
2025-07-14 10:00:00,29.842988563108403
2025-07-14 11:00:00,33.28282583486777
2025-07-14 12:00:00,48.93298954489746
2025-07-14 13:00:00,46.31035215065796
2025-07-14 14:00:00,48.76182306150957
2025-07-14 15:00:00,60.233094986642136
2025-07-14 16:00:00,45.23016732492219
2025-07-14 17:00:00,61.688183089022694
2025-07-14 18:00:00,43.644593565467545
2025-07-14 19:00:00,37.56682290755124
2025-07-14 20:00:00,40.1216802930402
2025-07-14 21:00:00,39.04548171905816
2025-07-14 22:00:00,36.83043831577347
2025-07-14 23:00:00,34.924449673051136
2025-07-15 00:00:00,37.16862617721947
2025-07-15 01:00:00,41.938253893891826
2025-07-15 02:00:00,39.77564053761712
2025-07-15 03:00:00,29.136306710277392
2025-07-15 04:00:00,22.091358376621947
2025-07-15 05:00:00,19.523772629500776
2025-07-15 06:00:00,17.50576076041436
2025-07-15 07:00:00,15.654531589767872
2025-07-15 08:00:00,15.615936016908863
2025-07-15 09:00:00,11.941538493225904
2025-07-15 10:00:00,11.302273335388671
2025-07-15 11:00:00,17.590554355258877
2025-07-15 12:00:00,24.875782602675947
2025-07-15 13:00:00,24.56091692988296
2025-07-15 14:00:00,30.984419186571028
2025-07-15 15:00:00,39.82665259086707
2025-07-15 16:00:00,38.461705146183284
2025-07-15 17:00:00,33.557578665433404
2025-07-15 18:00:00,35.49623034803558
2025-07-15 19:00:00,41.783392055376396
2025-07-15 20:00:00,42.35665792285851
2025-07-15 21:00:00,40.61651926822158
2025-07-15 22:00:00,37.81421079309582
2025-07-15 23:00:00,35.55233631434302
2025-07-16 00:00:00,35.834365311272755
2025-07-16 01:00:00,35.601335699352575
2025-07-16 02:00:00,32.42408011364807
2025-07-16 03:00:00,25.447343710934902
2025-07-16 04:00:00,19.287706093618578
2025-07-16 05:00:00,16.041778270259883
2025-07-16 06:00:00,13.33592508917771
2025-07-16 07:00:00,11.58497040499825
2025-07-16 08:00:00,9.643522449339672
2025-07-16 09:00:00,6.692538953823692
2025-07-16 10:00:00,2.2016511439255764
2025-07-16 11:00:00,5.927649686294082
2025-07-16 12:00:00,10.199123853509601
2025-07-16 13:00:00,14.826854900792956
2025-07-16 14:00:00,24.425285501196377
2025-07-16 15:00:00,35.65881993676515
2025-07-16 16:00:00,36.263216161752474
2025-07-16 17:00:00,36.663786066930875
2025-07-16 18:00:00,36.393745140473946
2025-07-16 19:00:00,39.605387415504104
2025-07-16 20:00:00,39.4847991268858
2025-07-16 21:00:00,38.878803759762505
2025-07-16 22:00:00,36.865315892260995
2025-07-16 23:00:00,34.216218094311664
2025-07-17 00:00:00,32.50549737321218
2025-07-17 01:00:00,31.223446382395743
2025-07-17 02:00:00,27.92649798395941
2025-07-17 03:00:00,21.330357982426612
2025-07-17 04:00:00,14.683763863803653
2025-07-17 05:00:00,10.662068177064217
2025-07-17 06:00:00,10.789816944262029
2025-07-17 07:00:00,10.087128689273285
2025-07-17 08:00:00,12.146149117894328
2025-07-17 09:00:00,8.35099549220537
2025-07-17 10:00:00,4.921576203971255
2025-07-17 11:00:00,7.468056208794307
2025-07-17 12:00:00,9.93955807749723
2025-07-17 13:00:00,11.85301498013837
2025-07-17 14:00:00,18.21956932069588
2025-07-17 15:00:00,28.28909356824203
2025-07-17 16:00:00,32.202338226358634
2025-07-17 17:00:00,32.79070399214705
2025-07-17 18:00:00,33.376756421867626
2025-07-17 19:00:00,36.258611728665
2025-07-17 20:00:00,38.88225108485245
2025-07-17 21:00:00,39.91852852312343
2025-07-17 22:00:00,37.2425067795334
2025-07-17 23:00:00,36.103240530776155
2025-07-18 00:00:00,34.45240085897806
2025-07-18 01:00:00,32.61081383475961
2025-07-18 02:00:00,28.7848711823797
2025-07-18 03:00:00,22.359939760582147
2025-07-18 04:00:00,17.50407096875159
2025-07-18 05:00:00,15.203386110990772
2025-07-18 06:00:00,15.335883291927829
2025-07-18 07:00:00,13.820991800586881
2025-07-18 08:00:00,12.624629723974081
2025-07-18 09:00:00,10.242680753413415
2025-07-18 10:00:00,4.945562341991564
2025-07-18 11:00:00,5.869819793854253
2025-07-18 12:00:00,8.44084930597668
2025-07-18 13:00:00,10.432283305666374
2025-07-18 14:00:00,18.81408902536014
2025-07-18 15:00:00,27.578232051578116
2025-07-18 16:00:00,35.592803001714785
2025-07-18 17:00:00,32.21158308330651
2025-07-18 18:00:00,29.947668410298448
2025-07-18 19:00:00,34.495423487378474
2025-07-18 20:00:00,39.628248219076475
2025-07-18 21:00:00,39.27654123431018
2025-07-18 22:00:00,36.80740184902555
2025-07-18 23:00:00,35.51876837163882
2025-07-19 00:00:00,34.73531966125656
2025-07-19 01:00:00,35.008668088056574
2025-07-19 02:00:00,32.467884647493115
2025-07-19 03:00:00,25.76008011994873
2025-07-19 04:00:00,21.780591384017363
2025-07-19 05:00:00,18.43350298973979
2025-07-19 06:00:00,16.84335100484319
2025-07-19 07:00:00,13.916874438082889
2025-07-19 08:00:00,13.23319449374454
2025-07-19 09:00:00,8.917234672555967
2025-07-19 10:00:00,3.6165484156190546
2025-07-19 11:00:00,5.754545340998088
2025-07-19 12:00:00,12.83500677579454
2025-07-19 13:00:00,19.07127388545774
2025-07-19 14:00:00,28.101726248426345
2025-07-19 15:00:00,31.922196313023907
2025-07-19 16:00:00,31.284438169370812
2025-07-19 17:00:00,31.2480054870527
2025-07-19 18:00:00,31.676021650502626
2025-07-19 19:00:00,36.480847019312655
2025-07-19 20:00:00,40.012448587016195
2025-07-19 21:00:00,39.34911979795876
2025-07-19 22:00:00,37.318564141866375
2025-07-19 23:00:00,35.94832759829034
2025-07-20 00:00:00,33.79728751579449
2025-07-20 01:00:00,32.09448897920663
2025-07-20 02:00:00,28.77106266907617
2025-07-20 03:00:00,23.271803981799714
2025-07-20 04:00:00,15.77323405550154
2025-07-20 05:00:00,10.74934673792773
2025-07-20 06:00:00,10.932187858199631
2025-07-20 07:00:00,11.535119051950474
2025-07-20 08:00:00,11.458563545129381
2025-07-20 09:00:00,6.455431499771544
2025-07-20 10:00:00,2.0107379897679345
2025-07-20 11:00:00,4.979610632678492
2025-07-20 12:00:00,8.435563585515682
2025-07-20 13:00:00,13.114710352930597
2025-07-20 14:00:00,19.651271759906628
2025-07-20 15:00:00,27.246920411669375
2025-07-20 16:00:00,26.39418400899133
2025-07-20 17:00:00,26.071377898437035
2025-07-20 18:00:00,27.544880456073038
2025-07-20 19:00:00,34.73291794057554
2025-07-20 20:00:00,38.54785137170038
2025-07-20 21:00:00,37.77639810328378
2025-07-20 22:00:00,34.946007051628015
2025-07-20 23:00:00,32.37250592755594
2025-07-21 00:00:00,32.88192997220958
2025-07-21 01:00:00,29.773872511404758
2025-07-21 02:00:00,27.047073390220756
2025-07-21 03:00:00,22.684611410140853
2025-07-21 04:00:00,14.757148681515334
2025-07-21 05:00:00,12.872301989945765
2025-07-21 06:00:00,13.318945404750297
2025-07-21 07:00:00,13.25974448249948
2025-07-21 08:00:00,12.093382076823879
2025-07-21 09:00:00,7.224849296506172
2025-07-21 10:00:00,1.9417330898767529
2025-07-21 11:00:00,6.079172682222914
2025-07-21 12:00:00,8.804870592438338
2025-07-21 13:00:00,11.628728109063271
2025-07-21 14:00:00,18.122893343206812
2025-07-21 15:00:00,25.763995252768094
2025-07-21 16:00:00,26.261979825275084
2025-07-21 17:00:00,26.73965774674254
2025-07-21 18:00:00,29.850277451818492
2025-07-21 19:00:00,36.18221197195486
2025-07-21 20:00:00,38.86171244633188
2025-07-21 21:00:00,39.523611235886754
2025-07-21 22:00:00,37.307721535740946
2025-07-21 23:00:00,35.5229373718503
2025-07-22 00:00:00,34.77335969189595
2025-07-22 01:00:00,36.905619542079044
2025-07-22 02:00:00,32.47453341580755
2025-07-22 03:00:00,27.404910751591334
2025-07-22 04:00:00,18.8155348117111
2025-07-22 05:00:00,16.37065425722277
2025-07-22 06:00:00,16.766872891563025
2025-07-22 07:00:00,14.485323403834574
2025-07-22 08:00:00,14.203383926621244
2025-07-22 09:00:00,7.2177991944738205
2025-07-22 10:00:00,4.52508829196196
2025-07-22 11:00:00,6.5051141912219554
2025-07-22 12:00:00,9.617751213619048
2025-07-22 13:00:00,14.875947869058473
2025-07-22 14:00:00,33.64398630314288
2025-07-22 15:00:00,41.78306233993476
2025-07-22 16:00:00,42.02187016393463
2025-07-22 17:00:00,37.561405615358815
2025-07-22 18:00:00,35.66594807231467
2025-07-22 19:00:00,38.356692904574146
2025-07-22 20:00:00,40.58272091028053
2025-07-22 21:00:00,40.51854132712312
2025-07-22 22:00:00,38.05000275487436
2025-07-22 23:00:00,37.13614779813394
2025-07-23 00:00:00,35.420902542925226
2025-07-23 01:00:00,35.0323004701737
2025-07-23 02:00:00,30.59057384001891
2025-07-23 03:00:00,23.911192259145423
2025-07-23 04:00:00,12.948154947342621
2025-07-23 05:00:00,9.127231886406138
2025-07-23 06:00:00,11.407207245462528
2025-07-23 07:00:00,9.93763753764389
2025-07-23 08:00:00,10.228735213060888
2025-07-23 09:00:00,3.167466857986631
2025-07-23 10:00:00,0.503769290189225
2025-07-23 11:00:00,4.344103416120655
2025-07-23 12:00:00,9.171886589743325
2025-07-23 13:00:00,14.691374761661585
2025-07-23 14:00:00,25.86732449166922
2025-07-23 15:00:00,36.28870616329419
2025-07-23 16:00:00,37.70651219834278
2025-07-23 17:00:00,43.068912388250716
2025-07-23 18:00:00,41.019384947997544
2025-07-23 19:00:00,39.359219220807574
2025-07-23 20:00:00,40.662258338317706
2025-07-23 21:00:00,40.366328177158124
2025-07-23 22:00:00,37.84520182376451
2025-07-23 23:00:00,38.03283571769331
2025-07-24 00:00:00,35.90486388453023
2025-07-24 01:00:00,35.314171648590644
2025-07-24 02:00:00,29.95660442650041
2025-07-24 03:00:00,23.189485766607362
2025-07-24 04:00:00,15.85162595361361
2025-07-24 05:00:00,9.428477124820724
2025-07-24 06:00:00,11.252625766109846
2025-07-24 07:00:00,8.838841466835916
2025-07-24 08:00:00,7.8579799522169935
2025-07-24 09:00:00,4.843125364212211
2025-07-24 10:00:00,0.9751796155517762
2025-07-24 11:00:00,1.2102388011517788
2025-07-24 12:00:00,5.1713980975064295
2025-07-24 13:00:00,10.865824696572885
2025-07-24 14:00:00,20.135470939560545
2025-07-24 15:00:00,30.496442713869925
2025-07-24 16:00:00,30.034581032557163
2025-07-24 17:00:00,32.95214889166486
2025-07-24 18:00:00,32.477414984843094
2025-07-24 19:00:00,37.40368564345547
2025-07-24 20:00:00,40.08189682880295
2025-07-24 21:00:00,38.89217806005948
2025-07-24 22:00:00,38.21980306104929
2025-07-24 23:00:00,37.416804571930655
2025-07-25 00:00:00,36.946576690514206
2025-07-25 01:00:00,35.65903686741291
2025-07-25 02:00:00,32.03131564482869
2025-07-25 03:00:00,24.390178784479037
2025-07-25 04:00:00,15.868875730999434
2025-07-25 05:00:00,11.336025787291119
2025-07-25 06:00:00,12.148834003240152
2025-07-25 07:00:00,11.042995117770602
2025-07-25 08:00:00,9.258860232673216
2025-07-25 09:00:00,1.2454358193088624
2025-07-25 10:00:00,0.9221423129081616
2025-07-25 11:00:00,3.1887525791569726
2025-07-25 12:00:00,6.9121536966246895
2025-07-25 13:00:00,10.577960067494375
2025-07-25 14:00:00,18.91522833849298
2025-07-25 15:00:00,30.728170345939112
2025-07-25 16:00:00,27.511468325255624
2025-07-25 17:00:00,29.41671727663224
2025-07-25 18:00:00,29.72699332063292
2025-07-25 19:00:00,36.453508118309
2025-07-25 20:00:00,40.47468727267773
2025-07-25 21:00:00,41.633943182673015
2025-07-25 22:00:00,42.06356616964884
2025-07-25 23:00:00,39.872736579263815
2025-07-26 00:00:00,40.28918468998451
2025-07-26 01:00:00,38.56455312277937
2025-07-26 02:00:00,34.20590256576782
2025-07-26 03:00:00,26.613677568709736
2025-07-26 04:00:00,21.325886227360513
2025-07-26 05:00:00,18.349368748582673
2025-07-26 06:00:00,17.395984932819378
2025-07-26 07:00:00,16.83819212895716
2025-07-26 08:00:00,19.75408632858244
2025-07-26 09:00:00,11.425449996290208
2025-07-26 10:00:00,25.07191956757832
2025-07-26 11:00:00,16.196548104925135
2025-07-26 12:00:00,19.85539754754335
2025-07-26 13:00:00,31.04516786037495
2025-07-26 14:00:00,29.521308361020267
2025-07-26 15:00:00,36.817165652499476
2025-07-26 16:00:00,34.93770090253797
2025-07-26 17:00:00,37.35524980600683
2025-07-26 18:00:00,37.791202438945724
2025-07-26 19:00:00,41.60514220403996
2025-07-26 20:00:00,43.46228530554952
2025-07-26 21:00:00,41.91698454441768
2025-07-26 22:00:00,39.99651817533018
2025-07-26 23:00:00,36.04372719651917
2025-07-27 00:00:00,36.00671679556483
2025-07-27 01:00:00,35.389076011841176
2025-07-27 02:00:00,31.2693261044659
2025-07-27 03:00:00,25.793140809343544
2025-07-27 04:00:00,22.428402071236324
2025-07-27 05:00:00,17.049730183507005
2025-07-27 06:00:00,18.022169783858125
2025-07-27 07:00:00,18.21636897619803
2025-07-27 08:00:00,24.134291909007263
2025-07-27 09:00:00,25.259951327385146
2025-07-27 10:00:00,21.752483045625418
2025-07-27 11:00:00,18.61482821067821
2025-07-27 12:00:00,30.08565210841122
2025-07-27 13:00:00,24.27269249019822
2025-07-27 14:00:00,24.40516310252078
2025-07-27 15:00:00,28.773997299866842
2025-07-27 16:00:00,32.424571686640824
2025-07-27 17:00:00,35.92544803923824
2025-07-27 18:00:00,31.706705915687003
2025-07-27 19:00:00,36.61693495109115
2025-07-27 20:00:00,40.50440242182037
2025-07-27 21:00:00,38.454448577269545
2025-07-27 22:00:00,35.10923742880176
2025-07-27 23:00:00,32.59308491231647
2025-07-28 00:00:00,34.19636262061467
2025-07-28 01:00:00,33.13967896888575
2025-07-28 02:00:00,30.5880694829838
2025-07-28 03:00:00,23.98185172740306
2025-07-28 04:00:00,18.241441007850618
2025-07-28 05:00:00,10.812372985144036
2025-07-28 06:00:00,13.060396158614298
2025-07-28 07:00:00,13.993322597147708
2025-07-28 08:00:00,13.865731232484464
2025-07-28 09:00:00,11.816150237573748
2025-07-28 10:00:00,7.318958070462405
2025-07-28 11:00:00,10.356230717275194
2025-07-28 12:00:00,15.883447081259039
2025-07-28 13:00:00,14.193687557240997
2025-07-28 14:00:00,20.4999855244452
2025-07-28 15:00:00,27.21435102413462
2025-07-28 16:00:00,35.36465947160784
2025-07-28 17:00:00,34.727086621680876
2025-07-28 18:00:00,31.81444391113066
2025-07-28 19:00:00,36.394468012584284
2025-07-28 20:00:00,40.48582372496797
2025-07-28 21:00:00,41.160984509025965
2025-07-28 22:00:00,36.704931606723235
2025-07-28 23:00:00,33.873516735294025
2025-07-29 00:00:00,33.134135456054
2025-07-29 01:00:00,33.312544757492184
2025-07-29 02:00:00,30.666735488462
2025-07-29 03:00:00,22.464745695597813
2025-07-29 04:00:00,16.594724784648253
2025-07-29 05:00:00,12.498368830057979
2025-07-29 06:00:00,11.82805367477515
2025-07-29 07:00:00,11.958450120927267
2025-07-29 08:00:00,7.563176833653732
2025-07-29 09:00:00,1.9748029694805351
2025-07-29 10:00:00,1.621981616389043
2025-07-29 11:00:00,3.6587306242681303
2025-07-29 12:00:00,11.153586908232901
2025-07-29 13:00:00,15.031195676070212
2025-07-29 14:00:00,26.990603508137408
2025-07-29 15:00:00,48.56323838892493
2025-07-29 16:00:00,57.49210105341505
2025-07-29 17:00:00,43.815685225402795
2025-07-29 18:00:00,39.63951969297189
2025-07-29 19:00:00,41.68375996009378
2025-07-29 20:00:00,42.85516588038599
2025-07-29 21:00:00,43.00381744898569
2025-07-29 22:00:00,41.24921989211387
2025-07-29 23:00:00,39.52969512277567
2025-07-30 00:00:00,38.09707560310715
2025-07-30 01:00:00,35.09450471887206
2025-07-30 02:00:00,31.59202677953432
2025-07-30 03:00:00,25.440265218972286
2025-07-30 04:00:00,19.694207501866963
2025-07-30 05:00:00,16.73579366913846
2025-07-30 06:00:00,14.028570516791829
2025-07-30 07:00:00,13.457917781812231
2025-07-30 08:00:00,10.94130503980375
2025-07-30 09:00:00,4.376909413887733
2025-07-30 10:00:00,-0.37326842032802043
2025-07-30 11:00:00,3.0387582259814314
2025-07-30 12:00:00,8.82669979076826
2025-07-30 13:00:00,13.479668322920354
2025-07-30 14:00:00,45.00511496126098
2025-07-30 15:00:00,66.36074550509333
2025-07-30 16:00:00,61.69563819885279
2025-07-30 17:00:00,43.77564789263353
2025-07-30 18:00:00,38.793256831939246
2025-07-30 19:00:00,41.391658606709115
2025-07-30 20:00:00,42.60236877361095
2025-07-30 21:00:00,42.9886065991775
2025-07-30 22:00:00,40.51785922803668
2025-07-30 23:00:00,38.70326994178617
2025-07-31 00:00:00,37.270864011946045
2025-07-31 01:00:00,34.79616894297692
2025-07-31 02:00:00,32.6497084384024
2025-07-31 03:00:00,25.366328824645237
2025-07-31 04:00:00,20.817557620132362
2025-07-31 05:00:00,17.083145765069656
2025-07-31 06:00:00,15.278695292010028
2025-07-31 07:00:00,14.569856636237052
2025-07-31 08:00:00,12.270490651673855
2025-07-31 09:00:00,5.718462591760437
2025-07-31 10:00:00,4.6513368586585075
2025-07-31 11:00:00,6.355643471280501
2025-07-31 12:00:00,14.21695259482382
2025-07-31 13:00:00,17.57630870826247
2025-07-31 14:00:00,92.19124272809879
2025-07-31 15:00:00,155.71643619975973
2025-07-31 16:00:00,86.39310977293157
2025-07-31 17:00:00,62.153498587931466
2025-07-31 18:00:00,44.27046058677679
2025-07-31 19:00:00,44.38960749146227
2025-07-31 20:00:00,46.07253418165211
2025-07-31 21:00:00,44.915864443898386
2025-07-31 22:00:00,42.757485452247984
2025-07-31 23:00:00,40.640322399135755
2025-08-01 00:00:00,40.20129977370126
2025-08-01 01:00:00,40.44438996589955
2025-08-01 02:00:00,36.066023896708316
2025-08-01 03:00:00,28.839147985831115
2025-08-01 04:00:00,24.11544783030441
2025-08-01 05:00:00,21.136755000773913
2025-08-01 06:00:00,20.351939647319675
2025-08-01 07:00:00,22.082384187795267
2025-08-01 08:00:00,15.805721349545422
2025-08-01 09:00:00,6.875164065449909
2025-08-01 10:00:00,6.375464197635557
2025-08-01 11:00:00,11.204651268039857
2025-08-01 12:00:00,15.153320469753247
2025-08-01 13:00:00,18.19419717944863
2025-08-01 14:00:00,67.7803868213418
2025-08-01 15:00:00,101.63830767320002
2025-08-01 16:00:00,99.67045983392251
2025-08-01 17:00:00,88.07646661330368
2025-08-01 18:00:00,50.44421339358409
2025-08-01 19:00:00,48.12549232000595
2025-08-01 20:00:00,54.735916470749515
2025-08-01 21:00:00,54.15019044843141
2025-08-01 22:00:00,54.911916115342024
2025-08-01 23:00:00,52.25356837094767
2025-08-02 00:00:00,51.929369442575876
2025-08-02 01:00:00,48.8762013833948
2025-08-02 02:00:00,46.99217719720873
2025-08-02 03:00:00,38.07327652285829
2025-08-02 04:00:00,29.89736625299681
2025-08-02 05:00:00,25.210035267404667
2025-08-02 06:00:00,22.786582049882867
2025-08-02 07:00:00,22.440077616752934
2025-08-02 08:00:00,17.31142805343869
2025-08-02 09:00:00,12.459803443094179
2025-08-02 10:00:00,10.830123001701688
2025-08-02 11:00:00,18.875257104681673
2025-08-02 12:00:00,39.41098105408132
2025-08-02 13:00:00,29.420582566178588
2025-08-02 14:00:00,79.63659712546364
2025-08-02 15:00:00,75.8113797403812
2025-08-02 16:00:00,84.7591534097343
2025-08-02 17:00:00,75.1430763173114
2025-08-02 18:00:00,50.28210355969725
2025-08-02 19:00:00,49.92532421631541
2025-08-02 20:00:00,55.921660173284074
2025-08-02 21:00:00,51.83878559744857
2025-08-02 22:00:00,47.769011129167325
2025-08-02 23:00:00,43.691772863257356
2025-08-03 00:00:00,41.697242055706255
2025-08-03 01:00:00,41.65390199972713
2025-08-03 02:00:00,44.88931345684041
2025-08-03 03:00:00,31.698461352220185
2025-08-03 04:00:00,26.711299999176045
2025-08-03 05:00:00,22.456325805530565
2025-08-03 06:00:00,20.41388091265111
2025-08-03 07:00:00,19.04622361006157
2025-08-03 08:00:00,13.628322752629341
2025-08-03 09:00:00,7.044797307946956
2025-08-03 10:00:00,5.262341207209356
2025-08-03 11:00:00,16.739197870021954
2025-08-03 12:00:00,25.869115019543244
2025-08-03 13:00:00,23.594241825981765
2025-08-03 14:00:00,43.25621274274129
2025-08-03 15:00:00,41.79308564645637
2025-08-03 16:00:00,42.48961130512846
2025-08-03 17:00:00,39.90732200872819
2025-08-03 18:00:00,36.43282981231847
2025-08-03 19:00:00,36.999872388785406
2025-08-03 20:00:00,39.349083661084656
2025-08-03 21:00:00,39.427562303811925
2025-08-03 22:00:00,36.10353398622241
2025-08-03 23:00:00,35.360516340708415
2025-08-04 00:00:00,35.03626513293821
2025-08-04 01:00:00,34.66045349932934
2025-08-04 02:00:00,33.07234196164711
2025-08-04 03:00:00,24.959011055789144
2025-08-04 04:00:00,20.355620267312823
2025-08-04 05:00:00,17.80544891516889
2025-08-04 06:00:00,15.009413227741017
2025-08-04 07:00:00,12.18841334172802
2025-08-04 08:00:00,7.456077705757123
2025-08-04 09:00:00,-0.9050227581677073
2025-08-04 10:00:00,2.246374679416488
2025-08-04 11:00:00,7.816970092696723
2025-08-04 12:00:00,10.021252129839283
2025-08-04 13:00:00,19.73434681707729
2025-08-04 14:00:00,35.13398159203138
2025-08-04 15:00:00,57.915262622921254
2025-08-04 16:00:00,56.56681818636589
2025-08-04 17:00:00,36.22719571668741
2025-08-04 18:00:00,34.710524045548645
2025-08-04 19:00:00,39.3214097584301
2025-08-04 20:00:00,42.78755618318639
2025-08-04 21:00:00,44.645202970267704
2025-08-04 22:00:00,42.40432953586978
2025-08-04 23:00:00,38.964496948097064
2025-08-05 00:00:00,37.260815338403994
2025-08-05 01:00:00,36.02465218984289
2025-08-05 02:00:00,32.31104469956194
2025-08-05 03:00:00,27.11101906676405
2025-08-05 04:00:00,23.703321432489332
2025-08-05 05:00:00,20.30714472190645
2025-08-05 06:00:00,17.25592974328864
2025-08-05 07:00:00,13.894998197239742
2025-08-05 08:00:00,10.620113643257602
2025-08-05 09:00:00,4.836827338159338
2025-08-05 10:00:00,6.010780732789507
2025-08-05 11:00:00,6.946486669647573
2025-08-05 12:00:00,11.846818473599578
2025-08-05 13:00:00,16.285013102692968
2025-08-05 14:00:00,24.883348988218607
2025-08-05 15:00:00,31.75743665767908
2025-08-05 16:00:00,31.79152544655768
2025-08-05 17:00:00,24.29204469225437
2025-08-05 18:00:00,26.149607650920267
2025-08-05 19:00:00,33.86407648620426
2025-08-05 20:00:00,39.03151274068783
2025-08-05 21:00:00,38.93462642527755
2025-08-05 22:00:00,36.82666761774855
2025-08-05 23:00:00,34.87502067482538
2025-08-06 00:00:00,34.00603065434142
2025-08-06 01:00:00,32.50638865030286
2025-08-06 02:00:00,29.451446371736665
2025-08-06 03:00:00,23.021932265993087
2025-08-06 04:00:00,17.905490242620566
2025-08-06 05:00:00,15.662968424448966
2025-08-06 06:00:00,13.397482021394554
2025-08-06 07:00:00,11.651907812470677
2025-08-06 08:00:00,6.682326534994513
2025-08-06 09:00:00,3.4937843317314226
2025-08-06 10:00:00,0.10751199663032417
2025-08-06 11:00:00,2.189571271665666
2025-08-06 12:00:00,8.389149642251041
2025-08-06 13:00:00,15.184855299760839
2025-08-06 14:00:00,24.605700595167725
2025-08-06 15:00:00,31.531029736542692
2025-08-06 16:00:00,31.29955348017281
2025-08-06 17:00:00,29.7866336136584
2025-08-06 18:00:00,32.472719178717504
2025-08-06 19:00:00,38.59117831116759
2025-08-06 20:00:00,42.78455741418424
2025-08-06 21:00:00,41.89468948786328
2025-08-06 22:00:00,38.515927338124506
2025-08-06 23:00:00,36.39362743830494
2025-08-07 00:00:00,35.208973733833616
2025-08-07 01:00:00,33.82986820560451
2025-08-07 02:00:00,30.25854440743103
2025-08-07 03:00:00,22.69688658819049
2025-08-07 04:00:00,18.100720616097263
2025-08-07 05:00:00,14.080398331113354
2025-08-07 06:00:00,13.611405191291249
2025-08-07 07:00:00,12.973019396584991
2025-08-07 08:00:00,7.747512779555381
2025-08-07 09:00:00,4.8461781573587
2025-08-07 10:00:00,0.796640300074163
2025-08-07 11:00:00,4.067834539626556
2025-08-07 12:00:00,7.922807387028453
2025-08-07 13:00:00,14.149253660281103
2025-08-07 14:00:00,27.670673294119887
2025-08-07 15:00:00,51.13833281039718
2025-08-07 16:00:00,67.44970835588293
2025-08-07 17:00:00,35.59318400325521
2025-08-07 18:00:00,34.120034920189454
2025-08-07 19:00:00,39.465093740896194
2025-08-07 20:00:00,40.99946319180453
2025-08-07 21:00:00,40.683400677234694
2025-08-07 22:00:00,37.74058497185401
2025-08-07 23:00:00,35.2767698797669
2025-08-08 00:00:00,35.34319568889282
2025-08-08 01:00:00,33.672227706406666
2025-08-08 02:00:00,31.842148635296358
2025-08-08 03:00:00,24.03445912811296
2025-08-08 04:00:00,20.409496977515225
2025-08-08 05:00:00,17.13227920298649
2025-08-08 06:00:00,17.199640684912985
2025-08-08 07:00:00,16.2033435552013
2025-08-08 08:00:00,7.651451795543064
2025-08-08 09:00:00,1.9315780764458546
2025-08-08 10:00:00,-0.2593733306945343
2025-08-08 11:00:00,2.0387348030216867
2025-08-08 12:00:00,6.237210582865471
2025-08-08 13:00:00,12.35685429649644
2025-08-08 14:00:00,27.138608587561958
2025-08-08 15:00:00,66.31776516344875
2025-08-08 16:00:00,57.875598753613254
2025-08-08 17:00:00,34.871342184534726
2025-08-08 18:00:00,35.58833203521235
2025-08-08 19:00:00,38.24882956029265
2025-08-08 20:00:00,39.73865932027351
2025-08-08 21:00:00,39.726011014096386
2025-08-08 22:00:00,36.83166168987173
2025-08-08 23:00:00,35.21891959593502
2025-08-09 00:00:00,35.105974332734604
2025-08-09 01:00:00,33.50257053177125
2025-08-09 02:00:00,31.406877974965756
2025-08-09 03:00:00,24.00079025898506
2025-08-09 04:00:00,18.880999560936097
2025-08-09 05:00:00,16.642529056297303
2025-08-09 06:00:00,15.112755758556407
2025-08-09 07:00:00,12.143973824400888
2025-08-09 08:00:00,6.575589477347193
2025-08-09 09:00:00,0.6465631948112553
2025-08-09 10:00:00,-1.388174518734474
2025-08-09 11:00:00,0.6993900134929091
2025-08-09 12:00:00,4.994402813784893
2025-08-09 13:00:00,12.347938766792216
2025-08-09 14:00:00,23.00782350730613
2025-08-09 15:00:00,48.6365244585664
2025-08-09 16:00:00,35.751968305368884
2025-08-09 17:00:00,31.775899631092823
2025-08-09 18:00:00,33.221079113024935
2025-08-09 19:00:00,37.60585537031464
2025-08-09 20:00:00,40.934698509570964
2025-08-09 21:00:00,40.420819266002574
2025-08-09 22:00:00,37.96395549320325
2025-08-09 23:00:00,35.51372193798743
2025-08-10 00:00:00,33.50602528917552
2025-08-10 01:00:00,32.846903815798626
2025-08-10 02:00:00,30.354353479877812
2025-08-10 03:00:00,23.086532443662808
2025-08-10 04:00:00,17.884558540775256
2025-08-10 05:00:00,11.651222496316825
2025-08-10 06:00:00,11.44323321923517
2025-08-10 07:00:00,9.638476063827989
2025-08-10 08:00:00,4.74546049800184
2025-08-10 09:00:00,-1.17106570494106
2025-08-10 10:00:00,-6.413519295967916
2025-08-10 11:00:00,-2.991195185707995
2025-08-10 12:00:00,3.0153636335264653
2025-08-10 13:00:00,10.217624067492324
2025-08-10 14:00:00,21.203463973360964
2025-08-10 15:00:00,27.34596123952202
2025-08-10 16:00:00,25.869605486110487
2025-08-10 17:00:00,26.21629976351342
2025-08-10 18:00:00,28.871879743518807
2025-08-10 19:00:00,36.29286897408521
2025-08-10 20:00:00,39.65111214983325
2025-08-10 21:00:00,38.35331383158755
2025-08-10 22:00:00,36.00585433233376
2025-08-10 23:00:00,34.157271911547205
2025-08-11 00:00:00,34.922040499763604
2025-08-11 01:00:00,33.919920981112
2025-08-11 02:00:00,32.66357741214845
2025-08-11 03:00:00,24.954632605626415
2025-08-11 04:00:00,20.458806796122772
2025-08-11 05:00:00,16.895490261334455
2025-08-11 06:00:00,19.356743981607924
2025-08-11 07:00:00,16.808735931631887
2025-08-11 08:00:00,9.869600827289597
2025-08-11 09:00:00,5.294744624447956
2025-08-11 10:00:00,5.854105454143301
2025-08-11 11:00:00,12.419581427708772
2025-08-11 12:00:00,6.880622227001553
2025-08-11 13:00:00,11.07813108588572
2025-08-11 14:00:00,20.875700936963053
2025-08-11 15:00:00,26.90632757643396
2025-08-11 16:00:00,29.672333469402428
2025-08-11 17:00:00,27.94972128382562
2025-08-11 18:00:00,33.107804471681064
2025-08-11 19:00:00,40.770191057368294
2025-08-11 20:00:00,47.73068729514714
2025-08-11 21:00:00,50.17804371568978
2025-08-11 22:00:00,43.73771230636494
2025-08-11 23:00:00,42.428339806419174
2025-08-12 00:00:00,39.98151983502919
2025-08-12 01:00:00,38.61837626165414
2025-08-12 02:00:00,35.765028944731355
2025-08-12 03:00:00,27.294159113915217
2025-08-12 04:00:00,23.110742519846383
2025-08-12 05:00:00,20.933578435209135
2025-08-12 06:00:00,21.895084936100677
2025-08-12 07:00:00,24.473510020270083
2025-08-12 08:00:00,13.04743239701985
2025-08-12 09:00:00,8.59217388345143
2025-08-12 10:00:00,7.261427655390284
2025-08-12 11:00:00,12.206856155598773
2025-08-12 12:00:00,11.909921150662873
2025-08-12 13:00:00,16.150276341215108
2025-08-12 14:00:00,39.60602845082079
2025-08-12 15:00:00,49.3338320102699
2025-08-12 16:00:00,59.295622161594025
2025-08-12 17:00:00,62.492402281706305
2025-08-12 18:00:00,49.200481632271725
2025-08-12 19:00:00,45.91973013871088
2025-08-12 20:00:00,47.36293595426647
2025-08-12 21:00:00,46.447528924583864
2025-08-12 22:00:00,42.83944795734808
2025-08-12 23:00:00,39.494726348250886
2025-08-13 00:00:00,40.712896609016475
2025-08-13 01:00:00,42.358104207782866
2025-08-13 02:00:00,39.71429092713894
2025-08-13 03:00:00,29.037771631445718
2025-08-13 04:00:00,23.882280471141794
2025-08-13 05:00:00,21.769412268471623
2025-08-13 06:00:00,21.023422039547974
2025-08-13 07:00:00,19.206512042088352
2025-08-13 08:00:00,15.938269760641097
2025-08-13 09:00:00,12.25870199117607
2025-08-13 10:00:00,8.635471905752041
2025-08-13 11:00:00,13.031131757410622
2025-08-13 12:00:00,16.668566833875676
2025-08-13 13:00:00,37.07171685876198
2025-08-13 14:00:00,55.20839575111119
2025-08-13 15:00:00,54.83885722376112
2025-08-13 16:00:00,54.99055486983312
2025-08-13 17:00:00,53.11800529172037
2025-08-13 18:00:00,46.63616990233202
2025-08-13 19:00:00,48.52481932102464
2025-08-13 20:00:00,49.13705661273834
2025-08-13 21:00:00,46.64326666812422
2025-08-13 22:00:00,42.22315178546499
2025-08-13 23:00:00,40.839490678096524
2025-08-14 00:00:00,41.5247048180721
2025-08-14 01:00:00,45.569328488833136
2025-08-14 02:00:00,42.96443761128176
2025-08-14 03:00:00,28.49464075202293
2025-08-14 04:00:00,23.65826284525119
2025-08-14 05:00:00,22.45434300192132
2025-08-14 06:00:00,20.155833742991174
2025-08-14 07:00:00,21.006340807671318
2025-08-14 08:00:00,19.419209689620654
2025-08-14 09:00:00,13.365840440364277
2025-08-14 10:00:00,12.81182550832351
2025-08-14 11:00:00,22.079006017713976
2025-08-14 12:00:00,21.34367053656241
2025-08-14 13:00:00,32.662471921923
2025-08-14 14:00:00,51.05217915014718
2025-08-14 15:00:00,52.962842149108646
2025-08-14 16:00:00,48.215712466517225
2025-08-14 17:00:00,36.3493347059739
2025-08-14 18:00:00,37.82776092248741
2025-08-14 19:00:00,43.565348144053836
2025-08-14 20:00:00,46.173301269199186
2025-08-14 21:00:00,45.79654182472554
2025-08-14 22:00:00,42.518189557367094
2025-08-14 23:00:00,41.67133397227752
2025-08-15 00:00:00,39.42699608600554
2025-08-15 01:00:00,40.39303476164094
2025-08-15 02:00:00,36.61934532010152
2025-08-15 03:00:00,27.016514516471208
2025-08-15 04:00:00,22.172182808335837
2025-08-15 05:00:00,19.78918615084378
2025-08-15 06:00:00,18.756945840600203
2025-08-15 07:00:00,20.376187520539645
2025-08-15 08:00:00,20.059718614376273
2025-08-15 09:00:00,11.357635052802769
2025-08-15 10:00:00,9.094388158138436
2025-08-15 11:00:00,14.715692380480107
2025-08-15 12:00:00,14.902817031537133
2025-08-15 13:00:00,20.40849074556687
2025-08-15 14:00:00,38.447391643975486
2025-08-15 15:00:00,55.139125860377035
2025-08-15 16:00:00,57.51579682323798
2025-08-15 17:00:00,35.7000984209966
2025-08-15 18:00:00,36.68521375982982
2025-08-15 19:00:00,42.301200780244244
2025-08-15 20:00:00,43.33659860110583
2025-08-15 21:00:00,42.52526465401245
2025-08-15 22:00:00,40.270118694379214
2025-08-15 23:00:00,38.77254471425113
2025-08-16 00:00:00,38.17981582984393
2025-08-16 01:00:00,41.71807974735076
2025-08-16 02:00:00,39.29967224528709
2025-08-16 03:00:00,28.17588332634406
2025-08-16 04:00:00,21.009664772401283
2025-08-16 05:00:00,18.133346879202207
2025-08-16 06:00:00,17.674442242358715
2025-08-16 07:00:00,15.842602218732518
2025-08-16 08:00:00,12.74092820567501
2025-08-16 09:00:00,8.745356918729016
2025-08-16 10:00:00,4.500782927857807
2025-08-16 11:00:00,8.889037600364215
2025-08-16 12:00:00,11.903835907768446
2025-08-16 13:00:00,18.719418386057658
2025-08-16 14:00:00,32.54482929241364
2025-08-16 15:00:00,47.94825821841335
2025-08-16 16:00:00,52.95758788489917
2025-08-16 17:00:00,40.54350833344946
2025-08-16 18:00:00,34.15304294222683
2025-08-16 19:00:00,35.89920571267799
2025-08-16 20:00:00,38.68769022756487
2025-08-16 21:00:00,38.393775240639876
2025-08-16 22:00:00,36.05549256820508
2025-08-16 23:00:00,34.026023190911175
2025-08-17 00:00:00,32.10996937063185
2025-08-17 01:00:00,32.511856508603586
2025-08-17 02:00:00,30.995270262946413
2025-08-17 03:00:00,23.917124713194433
2025-08-17 04:00:00,19.295266631433247
2025-08-17 05:00:00,16.751348821615114
2025-08-17 06:00:00,17.265947635421423
2025-08-17 07:00:00,15.701593386786373
2025-08-17 08:00:00,17.72093783585326
2025-08-17 09:00:00,11.284127079287812
2025-08-17 10:00:00,12.01710726444001
2025-08-17 11:00:00,13.927936918430708
2025-08-17 12:00:00,19.096928231249528
2025-08-17 13:00:00,19.199711705010404
2025-08-17 14:00:00,34.61887005007008
2025-08-17 15:00:00,50.244860694417824
2025-08-17 16:00:00,62.73002782269235
2025-08-17 17:00:00,41.70547251041751
2025-08-17 18:00:00,35.7062107970299
2025-08-17 19:00:00,39.259944723374595
2025-08-17 20:00:00,43.60023859482518
2025-08-17 21:00:00,41.526690763920854
2025-08-17 22:00:00,38.47683421656319
2025-08-17 23:00:00,35.351282536848636
2025-08-18 00:00:00,35.38004972161792
2025-08-18 01:00:00,32.45854582808303
2025-08-18 02:00:00,30.100934509707027
2025-08-18 03:00:00,24.529224700514995
2025-08-18 04:00:00,19.685309033740904
2025-08-18 05:00:00,16.269011030116598
2025-08-18 06:00:00,12.754509684350634
2025-08-18 07:00:00,16.377857281582802
2025-08-18 08:00:00,18.33723205195186
2025-08-18 09:00:00,8.575722149617073
2025-08-18 10:00:00,4.180982280150375
2025-08-18 11:00:00,7.398341061959796
2025-08-18 12:00:00,16.32527115426657
2025-08-18 13:00:00,19.81081532402754
2025-08-18 14:00:00,44.966050554793576
2025-08-18 15:00:00,49.38132996542571
2025-08-18 16:00:00,70.45698214865445
2025-08-18 17:00:00,55.543399603288236
2025-08-18 18:00:00,42.79233333510693
2025-08-18 19:00:00,45.29819191699455
2025-08-18 20:00:00,46.52851125945397
2025-08-18 21:00:00,44.4048693000708
2025-08-18 22:00:00,42.82078298422094
2025-08-18 23:00:00,40.085875174852376
2025-08-19 00:00:00,39.42995567819852
2025-08-19 01:00:00,38.756686574192585
2025-08-19 02:00:00,38.68334408087022
2025-08-19 03:00:00,26.607769342148345
2025-08-19 04:00:00,20.79594773458849
2025-08-19 05:00:00,18.04627708987069
2025-08-19 06:00:00,16.11588644503082
2025-08-19 07:00:00,18.543585479668582
2025-08-19 08:00:00,14.6874196847585
2025-08-19 09:00:00,3.7076672517959333
2025-08-19 10:00:00,3.410636484701392
2025-08-19 11:00:00,7.108387433523762
2025-08-19 12:00:00,13.51022877536629
2025-08-19 13:00:00,17.445784082658193
2025-08-19 14:00:00,55.449076747392816
2025-08-19 15:00:00,60.63096003079349
2025-08-19 16:00:00,79.95080924701219
2025-08-19 17:00:00,61.48210270891207
2025-08-19 18:00:00,59.78076287223699
2025-08-19 19:00:00,53.078219353810596
2025-08-19 20:00:00,53.17072407635234
2025-08-19 21:00:00,51.4995642273947
2025-08-19 22:00:00,50.66915038860137
2025-08-19 23:00:00,48.454353158079485
2025-08-20 00:00:00,45.58359633601996
2025-08-20 01:00:00,56.423226887817194
2025-08-20 02:00:00,52.11836055649228
2025-08-20 03:00:00,33.85115723827281
2025-08-20 04:00:00,28.0731347001716
2025-08-20 05:00:00,27.669355699241134
2025-08-20 06:00:00,27.753167983344003
2025-08-20 07:00:00,28.145465091502192
2025-08-20 08:00:00,34.68413402634274
2025-08-20 09:00:00,20.60723906271225
2025-08-20 10:00:00,29.493631850266027
2025-08-20 11:00:00,38.569761865799954
2025-08-20 12:00:00,45.627736014244356
2025-08-20 13:00:00,27.251391692501592
2025-08-20 14:00:00,61.28938086438959
2025-08-20 15:00:00,69.22073816716515
2025-08-20 16:00:00,68.71327865899305
2025-08-20 17:00:00,74.66455481575932
2025-08-20 18:00:00,62.984634105876424
2025-08-20 19:00:00,52.306080841513605
2025-08-20 20:00:00,53.61360694730267
2025-08-20 21:00:00,49.99522005613611
2025-08-20 22:00:00,46.01386592147524
2025-08-20 23:00:00,43.46414910547235
2025-08-21 00:00:00,39.87135614217139
2025-08-21 01:00:00,43.480758118315926
2025-08-21 02:00:00,39.42786871714037
2025-08-21 03:00:00,28.70349357560843
2025-08-21 04:00:00,24.023779043634097
2025-08-21 05:00:00,21.97664761783879
2025-08-21 06:00:00,18.075574105261868
2025-08-21 07:00:00,17.436713221425194
2025-08-21 08:00:00,18.265966632469784
2025-08-21 09:00:00,10.103042940403162
2025-08-21 10:00:00,15.314222023853382
2025-08-21 11:00:00,26.499819462572233
2025-08-21 12:00:00,40.37809906280457
2025-08-21 13:00:00,28.1836489100245
2025-08-21 14:00:00,59.4389152968932
2025-08-21 15:00:00,82.79070291791554
2025-08-21 16:00:00,162.45908044810636
2025-08-21 17:00:00,82.51615022639172
2025-08-21 18:00:00,60.17205423401754
2025-08-21 19:00:00,50.34037901577318
2025-08-21 20:00:00,52.80625138377348
2025-08-21 21:00:00,49.41102250532185
2025-08-21 22:00:00,47.38844124281117
2025-08-21 23:00:00,43.201046900012976
2025-08-22 00:00:00,40.6255509804937
2025-08-22 01:00:00,39.904917353016046
2025-08-22 02:00:00,41.50613725038501
2025-08-22 03:00:00,28.2508791298534
2025-08-22 04:00:00,22.451770952993712
2025-08-22 05:00:00,19.467624225335005
2025-08-22 06:00:00,17.32372267313805
2025-08-22 07:00:00,22.38439749651131
2025-08-22 08:00:00,19.55401793254947
2025-08-22 09:00:00,12.165433146660424
2025-08-22 10:00:00,12.923579843773641
2025-08-22 11:00:00,20.58183819020817
2025-08-22 12:00:00,25.974113419908534
2025-08-22 13:00:00,27.81043933079975
2025-08-22 14:00:00,51.077335234644224
2025-08-22 15:00:00,60.652966987464815
2025-08-22 16:00:00,86.2303776241638
2025-08-22 17:00:00,55.28921316235885
2025-08-22 18:00:00,48.669017599153
2025-08-22 19:00:00,47.27098799470946
2025-08-22 20:00:00,49.893609138370195
2025-08-22 21:00:00,46.749581933821155
2025-08-22 22:00:00,43.09663296497644
2025-08-22 23:00:00,39.99944704467462
2025-08-23 00:00:00,40.814717723429006
2025-08-23 01:00:00,38.89177380451027
2025-08-23 02:00:00,42.749811875070534
2025-08-23 03:00:00,26.677391246508467
2025-08-23 04:00:00,20.13788461728926
2025-08-23 05:00:00,18.74025421163194
2025-08-23 06:00:00,18.386207897136877
2025-08-23 07:00:00,18.563929228866712
2025-08-23 08:00:00,16.982560260509167
2025-08-23 09:00:00,14.926138687789846
2025-08-23 10:00:00,10.566820793548292
2025-08-23 11:00:00,14.108980728716345
2025-08-23 12:00:00,19.370910889962985
2025-08-23 13:00:00,25.57778454151371
2025-08-23 14:00:00,43.92390741444698
2025-08-23 15:00:00,56.385747339190246
2025-08-23 16:00:00,39.88481630813348
2025-08-23 17:00:00,37.43211805830894
2025-08-23 18:00:00,37.89038462115219
2025-08-23 19:00:00,42.44738289564194
2025-08-23 20:00:00,45.15955053686392
2025-08-23 21:00:00,44.27605570504255
2025-08-23 22:00:00,41.28847466843144
2025-08-23 23:00:00,38.782103139269694
2025-08-24 00:00:00,36.947075861241565
2025-08-24 01:00:00,35.03798658857559
2025-08-24 02:00:00,34.18926311349317
2025-08-24 03:00:00,26.09951691332273
2025-08-24 04:00:00,19.49673008112538
2025-08-24 05:00:00,16.5939444766978
2025-08-24 06:00:00,15.78707126688866
2025-08-24 07:00:00,14.844902011576202
2025-08-24 08:00:00,11.265109141327507
2025-08-24 09:00:00,3.4009730324144605
2025-08-24 10:00:00,-1.0232230812256495
2025-08-24 11:00:00,4.525603148029515
2025-08-24 12:00:00,9.768354844849664
2025-08-24 13:00:00,17.179892273696957
2025-08-24 14:00:00,38.29931592064959
2025-08-24 15:00:00,77.17800078934552
2025-08-24 16:00:00,62.3845678904797
2025-08-24 17:00:00,45.42582583947276
2025-08-24 18:00:00,41.81213959618323
2025-08-24 19:00:00,48.88313989708051
2025-08-24 20:00:00,47.481486916826356
2025-08-24 21:00:00,45.8087093649289
2025-08-24 22:00:00,43.765179877000044
2025-08-24 23:00:00,39.823290255036795
2025-08-25 00:00:00,38.9794047729833
2025-08-25 01:00:00,36.47824902070698
2025-08-25 02:00:00,32.999942084380756
2025-08-25 03:00:00,26.5392387756204
2025-08-25 04:00:00,20.585941787432617
2025-08-25 05:00:00,18.01734908326404
2025-08-25 06:00:00,16.704028251998377
2025-08-25 07:00:00,17.62785662144902
2025-08-25 08:00:00,15.837321582942613
2025-08-25 09:00:00,11.957516996903584
2025-08-25 10:00:00,7.2797515587898065
2025-08-25 11:00:00,11.99228402350585
2025-08-25 12:00:00,20.424397704514437
2025-08-25 13:00:00,28.12019324106156
2025-08-25 14:00:00,81.03528144301036
2025-08-25 15:00:00,80.03663454236603
2025-08-25 16:00:00,107.5609415515755
2025-08-25 17:00:00,55.00675206932334
2025-08-25 18:00:00,45.37289985914447
2025-08-25 19:00:00,49.96703000299163
2025-08-25 20:00:00,52.93200280152716
2025-08-25 21:00:00,50.25211945268493
2025-08-25 22:00:00,47.83272752489014
2025-08-25 23:00:00,44.45017411398714
2025-08-26 00:00:00,41.557609053364224
2025-08-26 01:00:00,38.9354760447334
2025-08-26 02:00:00,35.08011715101465
2025-08-26 03:00:00,29.191206418111378
2025-08-26 04:00:00,22.791387692192842
2025-08-26 05:00:00,19.730636649893068
2025-08-26 06:00:00,14.885301527552226
2025-08-26 07:00:00,17.347295605755807
2025-08-26 08:00:00,16.40595277953986
2025-08-26 09:00:00,12.712042730140437
2025-08-26 10:00:00,8.102754409346527
2025-08-26 11:00:00,11.454740665838207
2025-08-26 12:00:00,21.906169849769714
2025-08-26 13:00:00,26.203705996287802
2025-08-26 14:00:00,58.42913821572487
2025-08-26 15:00:00,55.93121707179098
2025-08-26 16:00:00,55.23156911126927
2025-08-26 17:00:00,39.51189139321357
2025-08-26 18:00:00,39.66309464522919
2025-08-26 19:00:00,46.000622293578395
2025-08-26 20:00:00,48.48198483809871
2025-08-26 21:00:00,47.12540850770805
2025-08-26 22:00:00,43.0829101348382
2025-08-26 23:00:00,41.390738882643745
