Hour Ending,COAST,EAST,FWEST,NORTH,NCENT,SOUTH,SCENT,WEST,ERCOT
01/01/2025 01:00,"10,538.55","1,545.47","7,090.62","1,388.57","11,964.87","3,012.77","6,447.30","1,235.72","43,223.86"
01/01/2025 02:00,"10,477.91","1,553.99","7,040.46","1,390.39","12,064.92","2,962.80","6,382.65","1,249.40","43,122.53"
01/01/2025 03:00,"10,363.02","1,534.58","7,028.74","1,390.63","12,040.26","2,981.43","6,320.12","1,259.73","42,918.51"
01/01/2025 04:00,"10,259.98","1,548.08","6,992.73","1,402.42","12,055.42","2,970.76","6,277.13","1,274.24","42,780.78"
01/01/2025 05:00,"10,332.69","1,585.77","7,026.07","1,425.90","12,307.61","2,975.63","6,298.52","1,301.04","43,253.23"
01/01/2025 06:00,"10,446.69","1,648.26","7,012.22","1,466.18","12,617.55","3,003.49","6,452.08","1,338.51","43,984.99"
01/01/2025 07:00,"10,675.95","1,727.90","6,972.76","1,514.24","13,189.92","3,045.19","6,684.01","1,382.11","45,192.09"
01/01/2025 08:00,"10,751.08","1,799.64","6,963.40","1,549.92","13,645.63","3,043.86","6,893.62","1,404.32","46,051.47"
01/01/2025 09:00,"10,855.83","1,770.87","7,051.29","1,552.17","13,689.70","3,049.27","7,021.28","1,397.79","46,388.19"
01/01/2025 10:00,"10,964.11","1,751.89","7,133.75","1,536.87","13,438.37","3,138.62","7,012.36","1,334.60","46,310.57"
01/01/2025 11:00,"11,080.50","1,683.10","7,119.18","1,515.86","13,245.00","3,249.45","6,955.87","1,264.07","46,113.02"
01/01/2025 12:00,"11,169.91","1,609.37","7,231.97","1,476.94","12,961.72","3,361.62","6,862.07","1,206.24","45,879.84"
01/01/2025 13:00,"11,172.47","1,527.11","7,275.32","1,437.74","12,626.78","3,425.01","6,693.21","1,166.35","45,323.99"
01/01/2025 14:00,"11,117.30","1,459.73","7,262.13","1,389.02","12,170.99","3,457.08","6,563.56","1,137.72","44,557.53"
01/01/2025 15:00,"11,126.25","1,429.32","7,221.30","1,362.87","11,896.02","3,353.19","6,550.64","1,124.80","44,064.39"
01/01/2025 16:00,"11,213.65","1,409.13","7,146.25","1,244.63","11,854.36","3,366.47","6,626.07","1,114.43","43,974.98"
01/01/2025 17:00,"11,305.42","1,456.18","7,174.23","1,194.65","12,201.79","3,371.40","6,803.65","1,140.69","44,648.01"
01/01/2025 18:00,"11,606.08","1,564.68","7,146.92","1,291.70","13,015.82","3,508.34","7,157.04","1,178.64","46,469.22"
01/01/2025 19:00,"11,796.20","1,653.16","6,972.76","1,363.61","13,581.25","3,627.84","7,501.95","1,234.15","47,730.94"
01/01/2025 20:00,"11,736.39","1,669.68","6,884.02","1,390.79","13,715.40","3,576.50","7,494.13","1,248.17","47,715.08"
01/01/2025 21:00,"11,754.37","1,710.67","7,049.98","1,465.64","13,979.03","3,505.95","7,412.46","1,275.14","48,153.24"
01/01/2025 22:00,"11,680.48","1,720.13","7,192.82","1,515.37","14,054.44","3,508.55","7,252.43","1,296.65","48,220.88"
01/01/2025 23:00,"11,381.97","1,648.52","7,143.20","1,489.61","13,704.24","3,381.11","6,925.73","1,282.42","46,956.80"
01/01/2025 24:00,"11,034.36","1,652.58","7,136.45","1,465.45","13,431.83","3,258.15","6,625.44","1,271.11","45,875.36"
01/02/2025 01:00,"10,566.48","1,647.78","7,217.42","1,458.46","13,233.76","2,968.82","6,535.89","1,225.69","44,854.31"
01/02/2025 02:00,"10,305.38","1,642.50","7,242.37","1,450.78","13,125.39","2,934.68","6,413.78","1,231.44","44,346.31"
01/02/2025 03:00,"10,194.71","1,659.93","7,254.25","1,457.50","13,171.44","2,817.69","6,376.77","1,243.99","44,176.28"
01/02/2025 04:00,"10,183.57","1,686.35","7,226.08","1,466.87","13,344.31","2,785.39","6,413.43","1,258.44","44,364.44"
01/02/2025 05:00,"10,416.34","1,738.41","7,279.19","1,494.00","13,807.17","2,837.32","6,564.91","1,285.64","45,422.98"
01/02/2025 06:00,"10,865.03","1,846.61","7,301.11","1,549.31","14,679.51","2,913.24","6,811.36","1,327.52","47,293.69"
01/02/2025 07:00,"11,440.62","1,980.96","7,337.17","1,617.58","15,768.34","3,030.24","7,170.69","1,400.28","49,745.87"
01/02/2025 08:00,"11,856.03","2,075.19","7,283.37","1,665.44","16,504.85","3,207.70","7,495.99","1,454.35","51,542.92"
01/02/2025 09:00,"12,127.12","2,030.47","7,378.97","1,653.00","16,284.93","3,329.71","7,655.27","1,427.35","51,886.81"
01/02/2025 10:00,"12,276.65","1,870.71","7,331.68","1,603.09","15,418.02","3,379.96","7,726.47","1,360.18","50,966.77"
01/02/2025 11:00,"12,354.87","1,756.58","7,341.17","1,550.65","14,602.33","3,408.33","7,684.99","1,299.58","49,998.50"
01/02/2025 12:00,"12,349.98","1,653.48","7,330.90","1,486.85","13,896.88","3,455.30","7,551.70","1,247.38","48,972.47"
01/02/2025 13:00,"12,326.66","1,579.42","7,275.42","1,456.21","13,439.75","3,509.65","7,450.89","1,194.77","48,232.77"
01/02/2025 14:00,"12,314.97","1,591.69","7,297.44","1,429.11","13,102.82","3,637.53","7,352.00","1,160.15","47,885.71"
01/02/2025 15:00,"12,281.80","1,576.89","7,303.18","1,417.43","12,760.02","3,810.32","7,262.24","1,141.41","47,553.28"
01/02/2025 16:00,"12,282.67","1,602.60","7,321.98","1,407.46","12,695.40","3,817.34","7,165.12","1,140.79","47,433.36"
01/02/2025 17:00,"12,235.75","1,566.76","7,315.72","1,403.35","12,763.47","3,783.97","7,203.51","1,162.27","47,434.80"
01/02/2025 18:00,"12,587.12","1,688.56","7,158.52","1,432.18","13,490.21","3,786.18","7,457.27","1,206.56","48,806.59"
01/02/2025 19:00,"12,678.51","1,712.32","7,104.76","1,297.07","14,091.96","3,870.77","7,737.49","1,248.12","49,740.99"
01/02/2025 20:00,"12,424.25","1,700.65","7,047.95","1,391.20","13,995.91","3,806.99","7,660.63","1,247.55","49,275.12"
01/02/2025 21:00,"12,228.68","1,695.92","7,204.26","1,418.62","13,949.82","3,798.59","7,502.37","1,239.32","49,037.56"
01/02/2025 22:00,"11,963.03","1,640.48","7,358.87","1,414.27","13,772.01","3,668.74","7,293.86","1,232.39","48,343.64"
01/02/2025 23:00,"11,543.45","1,575.52","7,416.44","1,387.37","13,260.07","3,572.37","6,941.65","1,207.40","46,904.27"
01/02/2025 24:00,"11,104.42","1,509.93","7,424.47","1,361.55","12,687.92","3,401.56","6,549.62","1,177.46","45,216.92"
01/03/2025 01:00,"10,737.40","1,434.39","7,390.84","1,444.76","12,166.54","3,270.59","6,229.75","1,173.84","43,848.11"
01/03/2025 02:00,"10,486.75","1,414.37","7,416.17","1,446.18","11,995.53","3,121.52","6,017.87","1,174.02","43,072.40"
01/03/2025 03:00,"10,309.78","1,401.31","7,418.37","1,453.96","11,912.96","3,052.22","5,899.12","1,185.04","42,632.78"
01/03/2025 04:00,"10,272.81","1,410.04","7,432.58","1,464.21","11,994.01","2,950.78","5,860.33","1,183.54","42,568.30"
01/03/2025 05:00,"10,419.62","1,452.57","7,423.42","1,501.14","12,368.20","2,849.57","5,953.39","1,199.21","43,167.10"
01/03/2025 06:00,"10,779.37","1,515.14","7,408.83","1,559.74","13,042.56","2,892.27","6,197.27","1,245.90","44,641.09"
01/03/2025 07:00,"11,255.24","1,599.16","7,440.55","1,628.84","14,003.07","3,002.47","6,570.58","1,311.67","46,811.57"
01/03/2025 08:00,"11,581.69","1,685.37","7,520.67","1,700.32","14,669.78","3,096.61","6,890.39","1,369.82","48,514.63"
01/03/2025 09:00,"11,781.71","1,712.09","7,468.70","1,720.60","14,699.81","3,155.14","7,058.30","1,372.18","48,968.54"
01/03/2025 10:00,"11,895.12","1,586.45","7,439.84","1,683.10","14,256.71","3,241.14","7,156.05","1,342.95","48,601.36"
01/03/2025 11:00,"12,011.76","1,567.68","7,408.26","1,627.61","13,735.36","3,372.51","7,210.05","1,309.91","48,243.15"
01/03/2025 12:00,"12,075.10","1,521.24","7,365.07","1,569.00","13,262.81","3,482.62","7,230.26","1,281.08","47,787.19"
01/03/2025 13:00,"12,076.55","1,487.51","7,284.65","1,509.67","12,848.83","3,495.12","7,202.92","1,243.01","47,148.28"
01/03/2025 14:00,"12,135.39","1,463.63","7,148.77","1,472.10","12,570.98","3,549.53","7,152.11","1,214.75","46,707.26"
01/03/2025 15:00,"12,235.32","1,453.88","7,128.46","1,442.77","12,373.07","3,616.48","7,058.94","1,191.51","46,500.44"
01/03/2025 16:00,"12,236.36","1,434.67","7,052.06","1,443.16","12,244.79","3,652.47","7,066.50","1,178.49","46,308.48"
01/03/2025 17:00,"12,192.59","1,448.69","6,997.40","1,453.70","12,375.94","3,594.87","7,176.61","1,179.93","46,419.72"
01/03/2025 18:00,"12,387.11","1,494.79","7,034.38","1,497.11","12,908.11","3,537.62","7,325.46","1,203.16","47,387.75"
01/03/2025 19:00,"12,486.07","1,545.07","7,124.71","1,549.01","13,240.01","3,639.64","7,521.32","1,264.09","48,369.90"
01/03/2025 20:00,"12,336.25","1,498.19","7,139.19","1,546.92","13,061.93","3,590.91","7,439.92","1,272.68","47,885.99"
01/03/2025 21:00,"12,152.47","1,497.33","7,128.64","1,539.19","12,829.67","3,574.83","7,303.91","1,270.00","47,296.05"
01/03/2025 22:00,"11,994.24","1,484.36","7,155.79","1,530.62","12,525.96","3,505.85","7,076.77","1,259.47","46,533.06"
01/03/2025 23:00,"11,655.91","1,412.78","7,127.60","1,503.23","12,055.05","3,491.44","6,833.95","1,217.04","45,296.99"
01/03/2025 24:00,"11,215.24","1,360.60","7,113.68","1,467.18","11,456.05","3,420.92","6,493.49","1,160.57","43,687.72"
01/04/2025 01:00,"10,826.64","1,299.41","7,096.80","1,438.31","10,951.40","3,273.71","6,170.54","1,111.90","42,168.72"
01/04/2025 02:00,"10,485.92","1,244.57","7,077.34","1,428.40","10,599.22","3,152.44","5,959.83","1,090.34","41,038.07"
01/04/2025 03:00,"10,233.73","1,234.14","7,036.07","1,421.68","10,295.92","3,058.14","5,789.45","1,076.40","40,145.53"
01/04/2025 04:00,"10,078.31","1,216.68","6,991.11","1,423.45","10,186.71","2,981.14","5,713.39","1,071.51","39,662.29"
01/04/2025 05:00,"10,046.93","1,243.44","6,985.29","1,437.54","10,244.97","2,931.42","5,688.57","1,074.87","39,653.02"
01/04/2025 06:00,"10,166.94","1,273.53","6,985.29","1,452.83","10,533.18","2,954.70","5,789.51","1,091.77","40,247.74"
01/04/2025 07:00,"10,436.32","1,343.19","6,987.99","1,462.31","10,960.39","3,010.36","5,988.51","1,118.09","41,307.17"
01/04/2025 08:00,"10,722.62","1,423.60","7,032.82","1,495.10","11,452.32","2,941.46","6,212.31","1,146.71","42,426.93"
01/04/2025 09:00,"11,029.68","1,492.76","7,053.77","1,511.96","11,967.83","3,041.10","6,439.92","1,162.47","43,699.50"
01/04/2025 10:00,"11,365.64","1,517.04","7,040.00","1,534.75","12,345.85","3,149.18","6,703.96","1,169.53","44,825.94"
01/04/2025 11:00,"11,660.75","1,514.05","7,169.97","1,545.15","12,581.80","3,303.82","6,863.66","1,165.84","45,805.05"
01/04/2025 12:00,"11,848.51","1,477.29","7,193.57","1,538.99","12,627.26","3,507.28","6,933.93","1,149.14","46,275.97"
01/04/2025 13:00,"11,934.71","1,437.21","7,212.98","1,521.13","12,393.39","3,662.55","6,964.90","1,134.32","46,261.19"
01/04/2025 14:00,"12,056.39","1,376.40","7,227.72","1,505.01","12,159.41","3,827.62","6,965.67","1,124.90","46,243.12"
01/04/2025 15:00,"12,055.50","1,362.17","7,246.49","1,481.64","12,105.68","3,862.09","6,963.32","1,119.68","46,196.56"
01/04/2025 16:00,"12,060.59","1,363.11","7,234.27","1,472.22","12,063.70","3,932.40","6,963.84","1,117.88","46,208.01"
01/04/2025 17:00,"12,126.00","1,394.83","7,258.14","1,486.34","12,095.70","3,966.79","7,026.79","1,124.00","46,478.60"
01/04/2025 18:00,"12,437.42","1,488.09","7,135.24","1,434.35","12,551.47","3,984.15","7,232.81","1,144.22","47,407.75"
01/04/2025 19:00,"12,709.94","1,526.20","6,987.74","1,534.72","12,937.97","4,025.27","7,473.55","1,201.38","48,396.78"
01/04/2025 20:00,"12,568.72","1,511.90","7,002.62","1,497.81","12,758.59","3,992.82","7,398.82","1,194.30","47,925.57"
01/04/2025 21:00,"12,345.64","1,483.38","6,989.55","1,482.45","12,554.13","3,892.73","7,278.24","1,165.85","47,191.98"
01/04/2025 22:00,"12,171.60","1,438.96","6,959.95","1,463.69","12,253.68","3,768.00","7,084.71","1,144.75","46,285.35"
01/04/2025 23:00,"11,795.31","1,374.26","7,004.19","1,462.00","11,700.78","3,559.14","6,799.50","1,119.22","44,814.41"
01/04/2025 24:00,"11,409.24","1,291.61","7,041.51","1,424.72","11,129.16","3,360.03","6,492.02","1,074.19","43,222.46"
01/05/2025 01:00,"11,041.85","1,224.91","6,970.80","1,391.49","10,606.38","3,231.15","6,176.41","1,059.98","41,702.97"
01/05/2025 02:00,"10,758.03","1,167.94","6,978.25","1,375.01","10,168.11","3,198.65","5,912.99","1,037.15","40,596.13"
01/05/2025 03:00,"10,545.81","1,132.22","7,084.60","1,369.99","9,839.18","3,050.62","5,731.24","1,022.31","39,775.95"
01/05/2025 04:00,"10,394.99","1,113.75","7,075.81","1,368.98","9,581.44","2,919.15","5,648.15","1,051.81","39,154.08"
01/05/2025 05:00,"10,330.41","1,112.57","6,973.03","1,385.87","9,514.38","2,883.70","5,607.79","1,064.77","38,872.52"
01/05/2025 06:00,"10,424.76","1,124.35","7,033.49","1,430.85","9,638.71","2,880.95","5,641.83","1,081.21","39,256.13"
01/05/2025 07:00,"10,606.45","1,186.11","7,139.21","1,486.19","9,907.61","2,969.18","5,765.86","1,122.93","40,183.54"
01/05/2025 08:00,"10,727.63","1,243.63","7,192.94","1,544.86","10,368.09","3,092.24","5,924.33","1,166.35","41,260.07"
01/05/2025 09:00,"11,051.36","1,325.30","7,205.44","1,607.81","11,117.93","3,180.10","6,154.42","1,205.59","42,847.95"
01/05/2025 10:00,"11,558.88","1,375.56","7,179.54","1,654.59","11,853.44","3,373.76","6,429.88","1,211.77","44,637.42"
01/05/2025 11:00,"12,033.38","1,423.09","7,168.06","1,680.33","12,260.04","3,567.17","6,577.28","1,197.34","45,906.69"
01/05/2025 12:00,"12,323.49","1,429.66","7,184.25","1,696.10","12,712.89","3,732.50","6,590.57","1,172.25","46,841.70"
01/05/2025 13:00,"12,616.63","1,448.68","7,163.35","1,702.55","13,158.23","3,888.25","6,715.38","1,144.34","47,837.41"
01/05/2025 14:00,"12,800.77","1,433.90","7,200.98","1,691.83","13,372.92","4,117.45","6,738.83","1,131.01","48,487.69"
01/05/2025 15:00,"12,687.12","1,435.79","7,165.23","1,695.56","13,586.08","4,228.20","6,744.51","1,138.48","48,680.99"
01/05/2025 16:00,"12,458.66","1,437.10","7,102.62","1,717.32","14,054.65","4,337.27","6,793.43","1,159.10","49,060.16"
01/05/2025 17:00,"12,139.01","1,525.63","7,116.96","1,777.29","14,983.86","4,211.66","6,921.71","1,194.73","49,870.84"
01/05/2025 18:00,"12,096.07","1,744.45","7,181.71","1,879.35","16,769.00","4,153.46","7,155.77","1,249.57","52,229.37"
01/05/2025 19:00,"12,360.05","1,966.81","7,274.49","1,976.29","18,464.42","4,052.18","7,620.20","1,337.39","55,051.84"
01/05/2025 20:00,"12,370.00","2,090.60","7,345.38","2,011.92","19,302.68","3,922.93","7,782.11","1,370.14","56,195.76"
01/05/2025 21:00,"12,383.57","2,174.45","7,461.53","2,021.37","19,847.51","3,769.33","7,866.38","1,395.71","56,919.85"
01/05/2025 22:00,"12,415.83","2,241.89","7,492.52","2,012.84","19,979.97","3,678.23","7,907.60","1,407.79","57,136.67"
01/05/2025 23:00,"12,272.58","2,240.88","7,518.81","1,978.38","19,502.32","3,475.43","7,867.60","1,397.14","56,253.14"
01/05/2025 24:00,"12,139.69","2,232.65","7,546.63","1,965.87","19,131.81","3,334.74","7,830.08","1,388.21","55,569.67"
01/06/2025 01:00,"12,289.00","2,282.74","7,652.93","1,995.94","19,286.65","3,231.92","7,136.14","1,306.23","55,181.54"
01/06/2025 02:00,"12,367.66","2,321.84","7,674.15","1,984.72","19,282.28","3,144.72","7,132.66","1,316.18","55,224.22"
01/06/2025 03:00,"12,543.31","2,291.40","7,742.25","1,979.52","19,383.19","3,132.65","7,197.21","1,332.77","55,602.30"
01/06/2025 04:00,"12,840.23","2,399.41","7,695.84","2,012.50","19,672.25","3,165.32","7,394.08","1,348.36","56,527.98"
01/06/2025 05:00,"13,360.74","2,514.64","7,688.62","2,020.03","20,340.00","3,236.86","7,737.31","1,383.66","58,281.87"
01/06/2025 06:00,"14,104.29","2,636.19","7,679.21","2,032.42","21,410.60","3,473.80","8,343.38","1,443.04","61,122.92"
01/06/2025 07:00,"15,166.40","2,781.92","7,713.15","2,123.74","22,829.85","3,836.06","9,147.83","1,538.86","65,137.80"
01/06/2025 08:00,"15,923.03","2,865.71","7,823.65","2,209.53","23,680.23","4,061.92","9,681.48","1,613.88","67,859.43"
01/06/2025 09:00,"16,098.65","2,861.83","7,876.40","2,191.59","23,362.02","4,077.92","9,760.87","1,595.70","67,824.98"
01/06/2025 10:00,"16,049.87","2,800.13","7,820.64","2,169.73","22,456.13","4,031.05","9,458.43","1,532.96","66,318.93"
01/06/2025 11:00,"15,843.15","2,644.54","7,723.78","2,105.48","21,369.03","3,987.21","9,137.27","1,474.58","64,285.06"
01/06/2025 12:00,"15,489.48","2,519.31","7,695.18","2,035.88","20,348.44","3,871.78","8,838.29","1,426.55","62,224.91"
01/06/2025 13:00,"15,045.64","2,373.01","7,662.04","1,966.04","19,231.61","3,803.85","8,562.76","1,385.38","60,030.33"
01/06/2025 14:00,"14,701.19","2,249.23","7,632.54","1,908.68","18,396.68","3,721.38","8,315.56","1,344.67","58,269.94"
01/06/2025 15:00,"14,346.08","2,209.38","7,562.05","1,859.63","17,588.03","3,655.20","8,127.66","1,305.60","56,653.63"
01/06/2025 16:00,"14,180.72","2,160.68","7,593.64","1,834.97","17,245.61","3,585.68","8,094.14","1,297.87","55,993.31"
01/06/2025 17:00,"14,219.83","2,207.65","7,654.38","1,844.85","17,444.12","3,678.14","8,320.01","1,307.31","56,676.30"
01/06/2025 18:00,"14,842.58","2,362.23","7,412.20","1,827.81","18,733.79","3,826.34","8,818.65","1,350.94","59,174.54"
01/06/2025 19:00,"15,543.50","2,521.06","7,431.68","1,906.46","20,110.16","4,202.37","9,383.35","1,428.34","62,526.91"
01/06/2025 20:00,"15,700.38","2,585.67","7,717.24","1,983.27","20,524.44","4,349.23","9,520.02","1,445.16","63,825.41"
01/06/2025 21:00,"15,676.22","2,610.60","7,753.62","1,991.77","20,672.04","4,458.16","9,508.91","1,451.05","64,122.37"
01/06/2025 22:00,"15,499.11","2,579.91","7,659.79","1,983.33","20,427.91","4,534.46","9,322.50","1,440.63","63,447.64"
01/06/2025 23:00,"14,998.68","2,511.94","7,671.85","1,950.30","19,737.22","4,469.94","8,936.30","1,404.41","61,680.65"
01/06/2025 24:00,"14,597.56","2,450.15","7,640.35","1,932.21","19,033.67","4,356.10","8,595.15","1,366.76","59,971.96"
01/07/2025 01:00,"14,005.42","2,364.33","7,483.58","1,880.51","18,123.88","4,167.98","9,512.59","1,485.27","59,023.55"
01/07/2025 02:00,"13,852.31","2,334.27","7,333.42","1,804.74","17,912.56","4,102.11","9,487.11","1,494.40","58,320.90"
01/07/2025 03:00,"13,852.26","2,348.43","7,400.98","1,858.62","18,025.74","4,095.05","9,573.80","1,502.40","58,657.28"
01/07/2025 04:00,"14,032.69","2,376.49","7,401.48","1,702.10","18,402.01","4,133.82","9,761.16","1,519.66","59,329.41"
01/07/2025 05:00,"14,387.89","2,442.81","7,459.52","1,634.13","19,158.27","4,237.66","10,054.35","1,546.28","60,920.91"
01/07/2025 06:00,"15,038.97","2,576.43","7,480.83","1,822.50","20,148.70","4,469.88","10,601.02","1,608.72","63,747.06"
01/07/2025 07:00,"15,803.27","2,720.69","7,629.13","2,089.75","21,452.62","4,754.84","11,376.19","1,705.25","67,531.74"
01/07/2025 08:00,"16,018.58","2,758.03","7,625.95","2,113.09","22,056.45","4,967.35","11,715.07","1,760.26","69,014.78"
01/07/2025 09:00,"15,734.66","2,703.77","7,628.01","2,011.01","21,894.67","4,832.09","11,323.92","1,713.44","67,841.58"
01/07/2025 10:00,"15,273.96","2,600.22","7,661.63","2,079.04","21,085.45","4,737.63","10,660.96","1,630.08","65,728.97"
01/07/2025 11:00,"14,867.97","2,469.54","7,618.14","2,021.99","19,933.55","4,671.34","10,018.75","1,542.72","63,144.01"
01/07/2025 12:00,"14,352.95","2,329.99","7,552.85","1,953.38","18,862.97","4,555.96","9,438.13","1,472.02","60,518.24"
01/07/2025 13:00,"13,868.62","2,198.27","7,521.27","1,886.17","17,939.37","4,453.65","8,961.72","1,462.73","58,291.80"
01/07/2025 14:00,"13,573.58","2,107.63","7,497.06","1,853.09","17,344.22","4,302.33","8,647.37","1,416.38","56,741.66"
01/07/2025 15:00,"13,326.68","2,030.62","7,433.63","1,838.18","16,788.12","4,291.19","8,427.18","1,389.92","55,525.52"
01/07/2025 16:00,"13,166.36","1,997.41","7,424.24","1,828.56","16,668.60","4,340.62","8,450.18","1,373.09","55,249.06"
01/07/2025 17:00,"13,257.65","2,037.99","7,439.37","1,833.74","17,108.96","4,523.77","8,741.91","1,402.48","56,345.88"
01/07/2025 18:00,"13,906.29","2,213.67","7,392.18","1,927.29","18,481.26","4,767.18","9,435.61","1,488.56","59,612.04"
01/07/2025 19:00,"14,489.13","2,403.23","7,316.14","2,009.67","19,779.18","5,029.92","10,072.14","1,599.87","62,699.30"
01/07/2025 20:00,"14,512.43","2,453.94","7,417.08","2,007.98","19,974.14","5,098.85","10,222.14","1,602.65","63,289.21"
01/07/2025 21:00,"14,360.99","2,458.68","7,549.45","1,991.33","19,958.96","5,052.92","10,223.47","1,588.20","63,184.00"
01/07/2025 22:00,"14,080.71","2,433.83","7,525.10","1,965.10","19,534.24","4,940.83","10,066.66","1,584.32","62,130.79"
01/07/2025 23:00,"13,575.99","2,363.35","7,566.45","1,921.04","18,874.94","4,695.27","9,697.20","1,553.49","60,247.73"
01/07/2025 24:00,"13,131.13","2,309.60","7,601.29","1,891.37","18,236.05","4,498.06","9,385.69","1,524.14","58,577.33"
01/08/2025 01:00,"13,053.95","2,250.22","7,522.03","1,860.05","17,895.02","4,288.57","9,238.76","1,510.28","57,618.87"
01/08/2025 02:00,"12,938.45","2,258.91","7,464.72","1,863.27","17,824.98","4,244.36","9,188.12","1,508.22","57,291.03"
01/08/2025 03:00,"12,967.76","2,276.06","7,359.07","1,884.44","17,922.71","4,137.72","9,249.22","1,516.04","57,313.01"
01/08/2025 04:00,"13,150.26","2,322.63","7,276.27","1,914.29","18,204.36","4,100.26","9,385.06","1,531.47","57,884.61"
01/08/2025 05:00,"13,427.85","2,382.27","7,279.62","1,947.20","18,671.97","4,224.42","9,648.21","1,563.72","59,145.27"
01/08/2025 06:00,"14,153.37","2,513.62","7,217.83","2,014.87","19,714.44","4,454.42","10,143.53","1,618.43","61,830.51"
01/08/2025 07:00,"15,052.57","2,691.16","7,470.09","2,117.63","21,199.63","4,787.41","10,853.30","1,714.69","65,886.49"
01/08/2025 08:00,"15,419.86","2,736.18","7,546.43","2,161.98","21,900.29","4,904.00","11,182.90","1,757.70","67,609.37"
01/08/2025 09:00,"15,478.05","2,683.24","7,669.44","2,142.30","21,593.58","4,842.24","11,129.98","1,734.57","67,273.40"
01/08/2025 10:00,"15,524.24","2,585.24","7,650.28","2,097.28","21,080.30","4,877.07","10,977.38","1,712.97","66,504.75"
01/08/2025 11:00,"15,528.16","2,437.14","7,639.25","2,034.09","20,371.81","4,875.75","10,773.88","1,662.63","65,322.71"
01/08/2025 12:00,"15,481.88","2,328.86","7,666.56","1,971.23","19,222.80","4,828.45","10,571.35","1,621.13","63,692.26"
01/08/2025 13:00,"15,357.30","2,205.03","7,699.11","1,904.91","18,158.87","4,770.96","10,357.12","1,591.32","62,044.62"
01/08/2025 14:00,"15,257.33","2,125.39","7,698.89","1,850.38","17,346.19","4,724.46","10,155.31","1,545.26","60,703.20"
01/08/2025 15:00,"15,013.76","2,061.25","7,699.75","1,797.17","16,755.08","4,691.87","10,001.41","1,511.47","59,531.77"
01/08/2025 16:00,"14,949.86","2,043.32","7,723.58","1,762.85","16,511.78","4,720.29","9,985.09","1,507.49","59,204.25"
01/08/2025 17:00,"15,013.78","2,078.28","7,528.54","1,734.74","16,828.79","4,832.34","10,162.47","1,541.76","59,720.69"
01/08/2025 18:00,"15,463.03","2,237.47","7,555.47","1,784.10","17,985.00","5,079.23","10,560.39","1,600.76","62,265.45"
01/08/2025 19:00,"15,826.42","2,393.51","7,507.48","1,855.30","19,156.37","5,338.54","10,908.70","1,669.96","64,656.28"
01/08/2025 20:00,"15,762.34","2,445.55","7,503.30","1,877.51","19,467.62","5,300.86","10,842.79","1,669.66","64,869.64"
01/08/2025 21:00,"15,509.99","2,435.20","7,429.86","1,854.46","19,569.62","5,182.49","10,625.98","1,658.00","64,265.62"
01/08/2025 22:00,"15,074.97","2,395.44","7,406.35","1,875.52","19,409.92","5,087.50","10,260.10","1,584.92","63,094.73"
01/08/2025 23:00,"14,359.58","2,306.29","7,362.34","1,853.50","18,831.80","4,947.07","9,750.92","1,527.58","60,939.07"
01/08/2025 24:00,"13,728.11","2,268.88","7,304.18","1,832.65","18,164.77","4,746.31","9,288.68","1,482.62","58,816.19"
01/09/2025 01:00,"13,232.12","2,257.46","7,606.59","1,803.95","17,656.33","4,415.91","8,985.30","1,453.66","57,411.32"
01/09/2025 02:00,"12,972.31","2,226.78","7,575.27","1,779.44","17,223.25","4,321.95","8,793.75","1,443.53","56,336.27"
01/09/2025 03:00,"12,795.84","2,205.65","7,550.12","1,765.52","16,827.28","4,278.84","8,745.60","1,441.15","55,610.00"
01/09/2025 04:00,"12,841.67","2,208.52","7,519.39","1,788.54","16,594.54","4,286.36","8,755.61","1,452.44","55,447.07"
01/09/2025 05:00,"13,115.09","2,224.44","7,556.06","1,832.95","16,841.91","4,379.70","8,903.58","1,490.77","56,344.50"
01/09/2025 06:00,"13,725.28","2,315.93","7,486.78","1,843.64","17,340.11","4,631.53","9,343.58","1,558.94","58,245.80"
01/09/2025 07:00,"14,529.40","2,437.95","7,425.18","1,838.03","18,011.84","5,049.97","10,056.81","1,644.88","60,994.05"
01/09/2025 08:00,"14,909.57","2,488.03","7,488.19","1,915.41","18,689.77","5,158.89","10,369.92","1,699.00","62,718.78"
01/09/2025 09:00,"15,028.40","2,464.99","7,507.45","1,980.63","19,289.45","5,110.66","10,391.55","1,719.14","63,492.27"
01/09/2025 10:00,"15,151.74","2,453.81","7,629.74","2,000.47","19,854.95","5,157.13","10,419.85","1,725.32","64,393.02"
01/09/2025 11:00,"15,112.59","2,425.33","7,731.30","2,036.80","20,228.52","5,097.76","10,473.83","1,718.04","64,824.16"
01/09/2025 12:00,"15,084.59","2,394.89","7,739.77","2,031.15","20,362.68","5,156.16","10,626.66","1,729.56","65,125.46"
01/09/2025 13:00,"15,115.36","2,378.93","7,642.25","2,005.80","20,276.35","5,269.58","10,774.25","1,733.87","65,196.38"
01/09/2025 14:00,"15,223.22","2,392.02","7,662.67","1,990.27","20,156.94","5,251.76","10,931.27","1,734.86","65,343.00"
01/09/2025 15:00,"15,266.79","2,424.84","7,709.60","1,972.04","20,086.76","5,213.72","11,063.10","1,741.11","65,477.97"
01/09/2025 16:00,"15,403.43","2,464.79","7,704.99","1,949.81","20,141.06","5,240.79","11,267.24","1,738.91","65,911.03"
01/09/2025 17:00,"15,608.62","2,514.00","7,677.66","1,932.52","20,289.42","5,342.87","11,574.06","1,745.19","66,684.34"
01/09/2025 18:00,"16,009.93","2,635.44","7,413.04","1,929.75","20,680.95","5,573.33","11,932.17","1,770.69","67,945.29"
01/09/2025 19:00,"16,172.73","2,659.52","7,300.42","1,957.84","20,692.65","5,785.82","12,034.39","1,792.68","68,396.06"
01/09/2025 20:00,"16,035.17","2,660.48","7,589.22","1,980.28","20,310.75","5,833.19","11,771.53","1,778.85","67,959.47"
01/09/2025 21:00,"15,865.81","2,642.58","7,577.95","1,959.96","19,872.01","5,819.40","11,374.10","1,764.97","66,876.79"
01/09/2025 22:00,"15,579.81","2,561.96","7,580.29","1,908.84","19,418.97","5,668.33","10,919.26","1,717.22","65,354.66"
01/09/2025 23:00,"15,081.95","2,428.73","7,603.27","1,868.13","18,767.17","5,410.97","10,383.12","1,657.37","63,200.71"
01/09/2025 24:00,"14,580.70","2,343.93","7,566.47","1,831.95","18,170.17","5,141.88","9,910.01","1,599.22","61,144.34"
01/10/2025 01:00,"14,239.54","2,291.08","7,432.34","1,802.78","17,734.92","4,955.51","9,525.52","1,569.84","59,551.52"
01/10/2025 02:00,"13,988.92","2,236.81","7,435.31","1,788.45","17,510.08","4,845.37","9,368.93","1,559.20","58,733.08"
01/10/2025 03:00,"13,792.74","2,247.59","7,415.38","1,780.37","17,348.61","4,823.47","9,316.40","1,552.93","58,277.50"
01/10/2025 04:00,"13,864.45","2,261.05","7,440.60","1,785.39","17,441.75","4,776.02","9,390.06","1,565.37","58,524.68"
01/10/2025 05:00,"14,186.41","2,322.52","7,502.95","1,810.74","17,751.09","4,747.01","9,634.23","1,599.78","59,554.72"
01/10/2025 06:00,"14,794.64","2,415.62","7,565.68","1,850.03","18,430.18","4,932.00","10,181.62","1,657.36","61,827.11"
01/10/2025 07:00,"15,525.76","2,550.78","7,624.52","1,901.29","19,196.74","5,268.58","10,953.25","1,733.25","64,754.17"
01/10/2025 08:00,"15,903.46","2,627.71","7,629.59","1,956.41","19,801.87","5,341.67","11,301.31","1,786.87","66,348.89"
01/10/2025 09:00,"16,032.27","2,618.06","7,605.21","1,974.55","20,214.00","5,246.83","11,134.39","1,797.94","66,623.25"
01/10/2025 10:00,"16,141.72","2,590.42","7,523.29","1,985.72","20,575.39","5,143.68","10,928.52","1,786.81","66,675.57"
01/10/2025 11:00,"16,097.95","2,560.79","7,447.66","1,961.58","20,608.03","5,148.12","10,882.69","1,755.02","66,461.84"
01/10/2025 12:00,"16,122.67","2,512.02","7,435.11","1,936.12","20,553.90","5,115.16","10,777.88","1,708.25","66,161.10"
01/10/2025 13:00,"16,194.92","2,455.59","7,369.50","1,894.27","20,418.61","5,060.54","10,610.16","1,647.02","65,650.62"
01/10/2025 14:00,"16,229.50","2,403.70","7,346.95","1,856.38","20,222.04","5,013.46","10,459.95","1,591.53","65,123.51"
01/10/2025 15:00,"16,154.84","2,387.92","7,328.27","1,822.93","19,830.28","4,931.91","10,167.01","1,535.65","64,158.82"
01/10/2025 16:00,"16,149.54","2,377.62","7,358.17","1,807.56","19,279.45","4,917.77","9,919.89","1,482.85","63,292.84"
01/10/2025 17:00,"16,187.77","2,377.46","7,400.92","1,793.64","18,792.08","4,905.42","9,887.89","1,462.58","62,807.76"
01/10/2025 18:00,"16,448.96","2,454.44","7,362.81","1,845.20","19,364.44","4,964.35","10,196.42","1,500.26","64,136.88"
01/10/2025 19:00,"16,410.80","2,538.37","7,475.67","1,884.53","20,018.03","5,083.01","10,643.96","1,580.14","65,634.52"
01/10/2025 20:00,"16,120.75","2,507.09","7,577.47","1,879.46","19,851.91","5,029.49","10,699.01","1,613.25","65,278.42"
01/10/2025 21:00,"15,830.26","2,487.53","7,600.62","1,903.21","19,816.40","5,003.93","10,779.34","1,628.34","65,049.63"
01/10/2025 22:00,"15,479.14","2,473.02","7,667.07","1,895.36","19,674.42","4,901.05","10,734.94","1,630.53","64,455.53"
01/10/2025 23:00,"14,925.98","2,443.27","7,532.02","1,863.94","19,320.08","4,847.45","10,571.39","1,604.51","63,108.64"
01/10/2025 24:00,"14,395.58","2,390.14","7,522.36","1,825.49","18,887.50","4,725.15","10,378.32","1,575.50","61,700.03"
01/11/2025 01:00,"14,055.67","2,387.66","7,510.27","1,842.12","18,770.05","4,588.20","10,236.54","1,613.13","61,003.64"
01/11/2025 02:00,"13,903.70","2,358.26","7,482.17","1,848.73","18,780.02","4,510.20","10,246.68","1,624.97","60,754.74"
01/11/2025 03:00,"13,806.74","2,354.90","7,472.61","1,856.01","18,845.01","4,463.66","10,339.82","1,642.02","60,780.77"
01/11/2025 04:00,"13,874.86","2,382.24","7,464.96","1,863.75","18,957.99","4,463.58","10,491.94","1,675.09","61,174.40"
01/11/2025 05:00,"14,139.34","2,473.25","7,502.45","1,887.58","19,307.70","4,506.38","10,723.66","1,716.74","62,257.10"
01/11/2025 06:00,"14,547.25","2,535.94","7,535.55","1,916.71","19,782.08","4,633.52","11,021.79","1,761.28","63,734.12"
01/11/2025 07:00,"15,068.09","2,607.26","7,535.66","1,951.73","20,325.65","4,810.95","11,463.24","1,818.20","65,580.77"
01/11/2025 08:00,"15,461.67","2,701.94","7,520.87","1,982.43","20,895.93","4,837.26","11,850.04","1,867.76","67,117.89"
01/11/2025 09:00,"15,253.12","2,679.54","7,455.83","1,966.77","20,626.98","4,852.38","11,590.40","1,820.78","66,245.79"
01/11/2025 10:00,"14,798.48","2,480.91","7,659.39","1,915.77","19,606.56","4,704.52","10,703.57","1,700.41","63,569.61"
01/11/2025 11:00,"14,263.58","2,268.38","7,683.92","1,851.67","18,437.63","4,424.42","9,722.34","1,579.96","60,231.90"
01/11/2025 12:00,"13,753.58","2,099.70","7,637.62","1,785.35","17,313.09","4,198.24","8,908.36","1,472.14","57,168.10"
01/11/2025 13:00,"13,235.68","1,917.15","7,565.26","1,720.94","16,244.36","3,907.11","8,320.62","1,378.66","54,289.79"
01/11/2025 14:00,"12,785.85","1,809.83","7,528.51","1,673.18","15,355.99","3,657.15","7,844.86","1,333.75","51,989.12"
01/11/2025 15:00,"12,459.18","1,699.08","7,526.21","1,636.85","14,723.17","3,475.91","7,517.84","1,298.54","50,336.77"
01/11/2025 16:00,"12,279.39","1,616.25","7,416.44","1,609.87","14,343.93","3,434.71","7,406.13","1,272.67","49,379.39"
01/11/2025 17:00,"12,319.29","1,635.43","7,255.87","1,611.27","14,431.07","3,432.08","7,518.42","1,266.29","49,469.72"
01/11/2025 18:00,"12,826.21","1,781.91","7,255.48","1,574.84","15,221.36","3,621.30","7,997.57","1,301.11","51,579.77"
01/11/2025 19:00,"13,407.05","1,957.15","7,352.63","1,720.43","16,023.22","3,902.88","8,561.92","1,389.05","54,314.33"
01/11/2025 20:00,"13,652.75","2,008.23","7,356.21","1,734.77","16,231.74","4,086.20","8,771.03","1,426.16","55,267.09"
01/11/2025 21:00,"13,708.47","2,049.71","7,381.53","1,735.60","16,318.39","4,160.23","8,889.01","1,426.02","55,668.95"
01/11/2025 22:00,"13,700.35","2,066.10","7,377.89","1,724.63","16,210.57","4,177.69","8,905.61","1,428.31","55,591.15"
01/11/2025 23:00,"13,490.20","2,045.40","7,285.91","1,694.20","15,875.52","4,090.93","8,759.75","1,421.84","54,663.76"
01/11/2025 24:00,"13,262.45","1,988.98","7,215.47","1,654.12","15,541.95","3,987.77","8,584.16","1,402.40","53,637.30"
01/12/2025 01:00,"12,947.95","1,998.47","7,130.14","1,614.86","15,144.72","3,914.76","8,476.70","1,437.88","52,665.48"
01/12/2025 02:00,"12,694.31","1,975.99","7,103.96","1,588.43","14,914.79","3,936.76","8,414.82","1,438.18","52,067.23"
01/12/2025 03:00,"12,547.77","1,981.67","7,252.45","1,655.55","14,843.17","3,864.31","8,485.15","1,453.20","52,083.27"
01/12/2025 04:00,"12,447.59","2,023.32","7,094.70","1,605.73","14,931.81","3,806.93","8,610.43","1,469.07","51,989.57"
01/12/2025 05:00,"12,379.69","2,054.53","7,051.23","1,599.54","15,193.22","3,849.17","8,793.91","1,499.83","52,421.12"
01/12/2025 06:00,"12,370.94","2,114.77","7,226.89","1,685.14","15,603.37","3,915.26","9,116.24","1,545.73","53,578.33"
01/12/2025 07:00,"12,499.55","2,202.40","7,234.69","1,700.29","16,216.38","4,081.33","9,514.25","1,600.29","55,049.18"
01/12/2025 08:00,"12,621.90","2,259.53","7,265.48","1,762.33","16,862.26","4,291.14","9,882.50","1,646.47","56,591.61"
01/12/2025 09:00,"12,801.41","2,234.88","7,407.33","1,789.68","16,861.59","4,282.70","9,693.37","1,619.94","56,690.90"
01/12/2025 10:00,"13,064.87","2,085.03","7,544.98","1,755.27","16,252.14","4,084.39","9,056.72","1,530.42","55,373.82"
01/12/2025 11:00,"13,182.76","1,926.74","7,497.94","1,709.28","15,586.78","3,771.00","8,350.08","1,429.66","53,454.24"
01/12/2025 12:00,"13,131.11","1,789.79","7,382.60","1,666.64","14,942.13","3,551.06","7,820.86","1,344.87","51,629.06"
01/12/2025 13:00,"13,036.34","1,721.93","7,377.30","1,634.87","14,426.90","3,396.65","7,405.69","1,280.80","50,280.47"
01/12/2025 14:00,"12,819.10","1,602.37","7,399.98","1,599.86","13,908.52","3,338.29","7,131.77","1,238.48","49,038.36"
01/12/2025 15:00,"12,669.19","1,546.35","7,392.37","1,576.09","13,522.21","3,279.60","7,005.59","1,206.95","48,198.36"
01/12/2025 16:00,"12,577.20","1,540.60","7,286.42","1,570.37","13,377.10","3,308.24","7,004.89","1,188.49","47,853.32"
01/12/2025 17:00,"12,584.11","1,586.75","7,318.60","1,594.03","13,687.05","3,218.05","7,203.20","1,193.08","48,384.88"
01/12/2025 18:00,"12,842.49","1,698.30","7,346.43","1,665.01","14,543.01","3,358.34","7,623.61","1,252.51","50,329.70"
01/12/2025 19:00,"13,114.27","1,838.02","7,325.36","1,739.16","15,571.95","3,502.72","8,141.09","1,350.67","52,583.25"
01/12/2025 20:00,"13,043.41","1,880.08","7,302.29","1,754.00","15,832.86","3,569.83","8,331.25","1,350.67","53,064.38"
01/12/2025 21:00,"12,914.98","1,900.43","7,360.64","1,757.24","15,912.18","3,608.07","8,357.28","1,346.72","53,157.54"
01/12/2025 22:00,"12,656.28","1,903.28","7,255.62","1,722.90","15,691.18","3,644.08","8,239.57","1,351.94","52,464.85"
01/12/2025 23:00,"12,276.68","1,832.48","7,358.64","1,738.78","15,152.91","3,547.14","7,958.42","1,333.55","51,198.59"
01/12/2025 24:00,"11,855.16","1,764.84","7,299.01","1,706.48","14,602.29","3,493.41","7,692.44","1,313.06","49,726.69"
01/13/2025 01:00,"11,688.79","1,784.93","7,239.44","1,693.57","14,353.99","3,413.81","7,542.69","1,275.71","48,992.93"
01/13/2025 02:00,"11,629.23","1,741.43","7,276.05","1,710.17","14,364.04","3,390.98","7,509.73","1,278.51","48,900.15"
01/13/2025 03:00,"11,659.20","1,821.56","7,347.18","1,732.06","14,591.99","3,426.36","7,590.43","1,295.64","49,464.42"
01/13/2025 04:00,"11,851.55","1,874.23","7,378.90","1,749.06","15,097.79","3,501.82","7,719.04","1,322.20","50,494.60"
01/13/2025 05:00,"12,245.60","1,954.39","7,334.83","1,744.30","15,868.13","3,605.15","8,062.89","1,364.55","52,179.84"
01/13/2025 06:00,"13,020.99","2,076.32","7,263.84","1,830.12","17,216.06","3,926.22","8,625.78","1,439.46","55,398.79"
01/13/2025 07:00,"13,903.03","2,294.12","7,280.90","1,939.75","18,889.85","4,371.88","9,557.82","1,548.63","59,785.97"
01/13/2025 08:00,"14,112.15","2,361.58","7,133.12","1,919.37","19,574.30","4,446.97","9,975.36","1,611.08","61,133.94"
01/13/2025 09:00,"14,020.79","2,343.82","7,242.33","1,949.73","19,213.12","4,312.58","9,828.00","1,611.33","60,521.71"
01/13/2025 10:00,"13,848.59","2,246.56","7,591.49","1,908.35","18,331.33","4,115.46","9,304.27","1,535.87","58,881.92"
01/13/2025 11:00,"13,568.35","2,096.81","7,503.72","1,844.20","17,413.63","3,890.67","8,757.20","1,432.52","56,507.08"
01/13/2025 12:00,"13,288.09","1,964.42","7,458.84","1,780.87","16,520.90","3,632.94","8,254.82","1,357.55","54,258.44"
01/13/2025 13:00,"12,916.91","1,876.02","7,433.57","1,710.63","15,754.89","3,500.52","7,904.87","1,290.94","52,388.35"
01/13/2025 14:00,"12,638.27","1,785.97","7,376.27","1,657.62","15,011.33","3,391.21","7,662.84","1,230.73","50,754.24"
01/13/2025 15:00,"12,410.88","1,693.69","7,340.82","1,619.53","14,464.57","3,350.50","7,485.15","1,196.22","49,561.36"
01/13/2025 16:00,"12,278.45","1,627.62","7,322.41","1,586.92","14,085.69","3,296.19","7,439.62","1,177.02","48,813.91"
01/13/2025 17:00,"12,267.34","1,691.85","7,325.20","1,598.92","14,237.99","3,372.59","7,632.28","1,193.45","49,319.62"
01/13/2025 18:00,"12,755.38","1,848.77","7,222.63","1,653.33","15,342.64","3,485.23","8,078.93","1,244.53","51,631.44"
01/13/2025 19:00,"13,174.99","2,026.83","7,180.84","1,656.54","16,484.88","3,763.69","8,715.71","1,341.07","54,344.56"
01/13/2025 20:00,"13,138.07","2,092.32","7,075.88","1,677.25","16,841.59","3,848.74","9,092.32","1,370.10","55,136.28"
01/13/2025 21:00,"13,084.11","2,103.81","7,085.19","1,719.98","17,127.21","3,939.10","9,188.51","1,402.05","55,649.97"
01/13/2025 22:00,"12,920.87","2,064.56","7,210.28","1,754.93","17,061.68","3,986.22","9,106.70","1,409.64","55,514.88"
01/13/2025 23:00,"12,498.96","1,996.55","7,162.75","1,732.30","16,469.94","3,866.81","8,816.84","1,391.28","53,935.44"
01/13/2025 24:00,"12,208.03","1,967.15","7,194.76","1,714.32","16,094.14","3,702.30","8,578.07","1,379.47","52,838.25"
01/14/2025 01:00,"11,984.45","1,990.68","7,180.22","1,705.00","15,841.74","3,581.64","8,449.53","1,424.45","52,157.71"
01/14/2025 02:00,"11,911.51","1,996.06","7,071.93","1,703.57","15,939.36","3,524.45","8,456.03","1,437.93","52,040.85"
01/14/2025 03:00,"11,852.12","2,042.11","7,096.03","1,672.19","16,003.86","3,494.51","8,525.60","1,457.48","52,143.90"
01/14/2025 04:00,"12,046.90","2,098.12","7,265.14","1,547.04","16,467.20","3,517.18","8,694.01","1,490.47","53,126.06"
01/14/2025 05:00,"12,485.43","2,191.45","7,270.03","1,482.99","17,214.11","3,594.75","9,039.90","1,539.15","54,817.82"
01/14/2025 06:00,"13,179.97","2,337.93","7,291.56","1,635.32","18,339.85","3,812.75","9,584.40","1,608.60","57,790.37"
01/14/2025 07:00,"14,039.20","2,521.02","7,369.61","1,916.98","19,859.75","4,092.61","10,394.14","1,714.48","61,907.79"
01/14/2025 08:00,"14,331.64","2,595.06","7,380.41","1,964.44","20,342.60","4,225.30","10,726.66","1,752.46","63,318.57"
01/14/2025 09:00,"14,335.13","2,509.41","7,291.85","1,786.00","19,727.26","4,091.26","10,523.82","1,696.54","61,961.26"
01/14/2025 10:00,"14,239.95","2,324.33","7,443.46","1,844.78","18,270.96","4,106.14","9,998.28","1,604.16","59,832.06"
01/14/2025 11:00,"14,212.84","2,153.50","7,338.29","1,756.89","16,873.24","4,161.13","9,387.55","1,493.60","57,377.04"
01/14/2025 12:00,"14,096.34","1,986.03","7,272.98","1,684.82","15,721.20","4,152.77","8,988.01","1,381.01","55,283.16"
01/14/2025 13:00,"13,895.44","1,848.82","7,278.27","1,626.52","14,860.78","4,139.64","8,653.94","1,301.73","53,605.12"
01/14/2025 14:00,"13,826.88","1,764.56","7,296.16","1,584.85","14,193.19","4,061.63","8,356.19","1,242.41","52,325.88"
01/14/2025 15:00,"13,703.53","1,704.58","7,307.84","1,551.15","13,662.61","4,065.28","8,182.05","1,199.80","51,376.85"
01/14/2025 16:00,"13,668.54","1,693.02","7,310.45","1,543.86","13,453.19","4,096.92","8,228.28","1,201.74","51,196.00"
01/14/2025 17:00,"13,714.76","1,700.13","7,348.52","1,550.30","13,629.04","4,254.20","8,469.90","1,260.54","51,927.40"
01/14/2025 18:00,"13,963.36","1,777.61","7,118.52","1,546.76","14,422.47","4,399.72","8,831.27","1,307.48","53,367.18"
01/14/2025 19:00,"14,110.19","1,927.11","6,855.57","1,572.59","15,550.64","4,546.21","9,145.20","1,391.07","55,098.57"
01/14/2025 20:00,"13,971.74","2,025.66","6,956.40","1,592.48","15,848.00","4,574.49","9,115.30","1,428.68","55,512.74"
01/14/2025 21:00,"13,640.12","2,034.13","7,024.84","1,595.97","15,940.57","4,501.16","8,966.97","1,446.78","55,150.55"
01/14/2025 22:00,"13,299.58","2,009.54","7,119.17","1,600.11","15,865.03","4,404.05","8,651.08","1,456.23","54,404.79"
01/14/2025 23:00,"12,745.80","1,934.03","7,082.49","1,574.17","15,387.76","4,174.45","8,155.22","1,419.17","52,473.10"
01/14/2025 24:00,"12,200.91","1,844.58","7,071.13","1,568.53","14,828.81","3,959.17","7,702.55","1,391.05","50,566.73"
01/15/2025 01:00,"11,894.57","1,743.83","6,956.05","1,516.79","14,501.31","3,736.44","7,148.09","1,470.68","48,967.76"
01/15/2025 02:00,"11,611.72","1,728.73","6,888.64","1,513.58","14,403.51","3,672.37","7,016.41","1,476.89","48,311.86"
01/15/2025 03:00,"11,538.20","1,729.67","6,875.86","1,531.92","14,624.60","3,571.17","6,938.40","1,510.71","48,320.54"
01/15/2025 04:00,"11,621.48","1,754.06","6,808.66","1,557.08","14,956.46","3,539.89","7,010.13","1,541.68","48,789.44"
01/15/2025 05:00,"11,871.28","1,808.97","6,672.20","1,595.72","15,531.98","3,668.94","7,223.64","1,594.34","49,967.08"
01/15/2025 06:00,"12,498.38","1,915.87","6,624.27","1,666.46","16,691.18","3,874.79","7,667.20","1,671.14","52,609.29"
01/15/2025 07:00,"13,300.11","2,069.11","6,815.42","1,761.57","17,917.16","4,162.40","8,336.56","1,760.59","56,122.91"
01/15/2025 08:00,"13,498.38","2,058.89","6,751.11","1,791.55","18,286.06","4,206.28","8,603.41","1,787.27","56,982.96"
01/15/2025 09:00,"13,714.47","2,060.33","7,076.67","1,833.36","17,886.55","4,176.98","8,521.08","1,746.87","57,016.32"
01/15/2025 10:00,"14,033.28","1,982.36","7,444.37","1,827.07","16,818.13","4,202.00","8,464.80","1,678.78","56,450.80"
01/15/2025 11:00,"14,161.09","1,855.41","7,428.35","1,753.00","15,717.11","4,188.84","8,327.31","1,590.95","55,022.07"
01/15/2025 12:00,"14,132.65","1,741.60","7,354.60","1,668.87","14,693.14","4,128.21","8,087.20","1,490.05","53,296.33"
01/15/2025 13:00,"14,041.32","1,632.89","7,298.97","1,594.63","13,867.70","4,071.07","7,843.30","1,410.55","51,760.43"
01/15/2025 14:00,"13,940.86","1,583.65","7,265.86","1,552.93","13,240.93","3,996.95","7,598.29","1,357.48","50,536.94"
01/15/2025 15:00,"13,788.50","1,542.81","7,243.75","1,521.47","12,838.28","3,971.64","7,454.33","1,313.72","49,674.50"
01/15/2025 16:00,"13,659.26","1,534.77","7,251.48","1,512.18","12,674.81","3,987.34","7,469.04","1,280.18","49,369.06"
01/15/2025 17:00,"13,725.98","1,568.40","7,196.64","1,528.17","13,019.57","4,085.66","7,648.35","1,292.16","50,064.94"
01/15/2025 18:00,"13,837.23","1,655.21","6,850.15","1,501.73","13,619.10","4,216.98","8,077.42","1,312.60","51,070.42"
01/15/2025 19:00,"13,893.41","1,792.75","6,627.95","1,545.54","14,509.87","4,420.10","8,577.18","1,360.09","52,726.90"
01/15/2025 20:00,"13,793.71","1,802.65","6,628.74","1,568.65","14,817.94","4,382.26","8,725.15","1,373.15","53,092.24"
01/15/2025 21:00,"13,597.20","1,872.95","6,612.16","1,591.73","15,051.93","4,285.14","8,735.91","1,387.64","53,134.66"
01/15/2025 22:00,"13,177.16","1,887.76","6,671.36","1,579.99","14,849.28","4,191.04","8,617.52","1,366.33","52,340.44"
01/15/2025 23:00,"12,699.43","1,839.93","6,663.92","1,549.88","14,377.55","4,072.27","8,286.45","1,328.31","50,817.73"
01/15/2025 24:00,"12,285.84","1,788.51","6,742.60","1,534.40","13,931.62","3,888.93","7,993.14","1,290.20","49,455.25"
01/16/2025 01:00,"11,975.65","1,815.59","6,959.65","1,493.05","13,870.04","3,556.41","7,594.92","1,361.76","48,627.06"
01/16/2025 02:00,"11,917.22","1,830.31","6,950.49","1,501.73","13,948.35","3,485.01","7,557.91","1,374.51","48,565.54"
01/16/2025 03:00,"11,956.58","1,874.46","6,940.53","1,515.84","14,145.94","3,470.85","7,637.69","1,386.48","48,928.36"
01/16/2025 04:00,"12,155.82","1,925.76","6,908.76","1,535.46","14,530.91","3,495.44","7,781.60","1,414.59","49,748.32"
01/16/2025 05:00,"12,538.79","2,015.88","6,807.77","1,572.00","15,242.32","3,588.16","8,119.38","1,456.20","51,340.51"
01/16/2025 06:00,"13,268.39","2,184.26","6,871.15","1,642.80","16,450.97","3,842.03","8,728.17","1,530.99","54,518.76"
01/16/2025 07:00,"14,246.59","2,361.25","6,828.35","1,744.23","17,959.41","4,281.50","9,609.79","1,641.81","58,672.93"
01/16/2025 08:00,"14,631.27","2,435.77","6,939.46","1,802.04","18,560.22","4,408.19","10,005.62","1,683.31","60,465.89"
01/16/2025 09:00,"14,431.42","2,368.60","6,990.97","1,815.93","18,031.72","4,292.67","9,589.16","1,619.01","59,139.47"
01/16/2025 10:00,"14,083.84","2,193.48","7,392.85","1,811.50","16,869.56","4,060.02","8,804.68","1,534.48","56,750.40"
01/16/2025 11:00,"13,576.62","1,991.56","7,470.86","1,736.49","15,747.88","3,676.37","8,123.51","1,443.63","53,766.93"
01/16/2025 12:00,"13,041.87","1,805.65","7,438.50","1,652.56","14,617.29","3,473.78","7,643.23","1,348.35","51,021.23"
01/16/2025 13:00,"12,668.69","1,634.03","7,330.23","1,576.92","13,839.03","3,448.69","7,483.87","1,265.13","49,246.61"
01/16/2025 14:00,"12,424.32","1,557.59","7,297.64","1,527.75","13,205.64","3,375.34","7,208.95","1,200.66","47,797.90"
01/16/2025 15:00,"12,285.55","1,504.72","7,318.24","1,481.88","12,739.33","3,340.08","7,100.55","1,158.51","46,928.86"
01/16/2025 16:00,"12,112.44","1,477.04","7,280.70","1,454.66","12,495.01","3,362.60","7,100.72","1,156.85","46,440.01"
01/16/2025 17:00,"12,073.82","1,499.21","7,261.18","1,477.51","12,649.14","3,418.52","7,286.62","1,184.63","46,850.62"
01/16/2025 18:00,"12,415.98","1,594.84","6,913.69","1,503.89","13,421.15","3,559.68","7,579.96","1,231.85","48,221.05"
01/16/2025 19:00,"12,806.69","1,745.29","6,769.38","1,495.15","14,269.00","3,778.26","8,028.86","1,316.26","50,208.90"
01/16/2025 20:00,"12,959.72","1,832.85","7,033.40","1,577.25","14,606.54","3,907.65","8,212.01","1,344.33","51,473.75"
01/16/2025 21:00,"13,095.26","1,889.98","7,079.39","1,641.24","14,877.18","3,979.91","8,192.07","1,364.31","52,119.33"
01/16/2025 22:00,"13,030.71","1,938.79","6,992.08","1,611.61","14,796.08","3,993.02","8,066.49","1,360.71","51,789.48"
01/16/2025 23:00,"12,724.91","1,898.74","7,111.74","1,604.96","14,306.83","3,933.24","7,734.49","1,336.04","50,650.93"
01/16/2025 24:00,"12,352.03","1,876.52","7,263.92","1,570.11","13,733.89","3,802.70","7,337.58","1,314.70","49,251.46"
01/17/2025 01:00,"12,210.85","1,851.91","7,164.84","1,554.06","13,388.16","3,748.61","7,103.55","1,204.36","48,226.33"
01/17/2025 02:00,"12,065.83","1,847.67","7,123.93","1,509.33","13,123.34","3,660.75","7,002.69","1,192.54","47,526.08"
01/17/2025 03:00,"11,998.74","1,861.27","7,033.99","1,485.93","13,067.66","3,654.64","6,965.15","1,186.60","47,253.98"
01/17/2025 04:00,"12,095.46","1,873.54","7,012.08","1,475.21","13,168.85","3,622.40","6,974.02","1,191.39","47,412.95"
01/17/2025 05:00,"12,413.19","1,914.95","7,078.59","1,526.78","13,653.43","3,628.32","7,164.23","1,206.78","48,586.27"
01/17/2025 06:00,"13,052.39","2,024.07","7,092.46","1,543.31","14,518.62","3,816.31","7,582.91","1,254.26","50,884.32"
01/17/2025 07:00,"13,851.04","2,157.50","7,119.36","1,603.30","15,783.31","4,179.38","8,253.84","1,336.98","54,284.71"
01/17/2025 08:00,"14,082.42","2,205.85","7,232.69","1,644.25","16,336.10","4,266.22","8,563.07","1,373.25","55,703.84"
01/17/2025 09:00,"13,962.72","2,173.38","7,172.02","1,661.47","16,219.33","4,097.29","8,546.52","1,357.45","55,190.17"
01/17/2025 10:00,"13,656.98","2,096.70","7,322.06","1,712.84","16,141.29","3,879.74","8,484.95","1,348.14","54,642.71"
01/17/2025 11:00,"13,480.12","2,055.51","7,421.10","1,709.25","16,017.53","3,731.01","8,502.96","1,322.40","54,239.89"
01/17/2025 12:00,"13,215.13","1,999.68","7,346.62","1,656.48","15,504.46","3,630.95","8,438.05","1,277.74","53,069.11"
01/17/2025 13:00,"12,981.35","1,927.67","7,186.30","1,603.27","15,131.58","3,564.59","8,353.75","1,235.69","51,984.19"
01/17/2025 14:00,"12,822.97","1,903.87","7,006.43","1,567.07","14,792.76","3,514.27","8,198.94","1,199.37","51,005.69"
01/17/2025 15:00,"12,662.04","1,826.48","7,031.39","1,542.95","14,034.13","3,497.21","8,013.73","1,164.64","49,772.57"
01/17/2025 16:00,"12,531.21","1,793.30","7,024.70","1,533.77","13,249.63","3,499.82","7,839.55","1,156.17","48,628.16"
01/17/2025 17:00,"12,568.01","1,778.74","6,964.19","1,543.27","13,324.24","3,483.13","7,809.88","1,173.32","48,644.78"
01/17/2025 18:00,"12,811.62","1,841.14","6,892.31","1,576.10","13,895.15","3,480.05","7,985.11","1,198.73","49,680.21"
01/17/2025 19:00,"12,844.81","1,884.64","7,106.78","1,623.80","14,438.89","3,613.54","8,262.42","1,248.79","51,023.67"
01/17/2025 20:00,"12,647.10","1,839.80","7,188.72","1,619.22","14,279.50","3,588.85","8,181.14","1,246.91","50,591.23"
01/17/2025 21:00,"12,484.82","1,809.72","7,179.72","1,607.78","13,969.73","3,584.96","8,063.40","1,233.68","49,933.79"
01/17/2025 22:00,"12,223.36","1,742.04","7,200.70","1,588.95","13,591.38","3,494.41","7,871.01","1,216.05","48,927.92"
01/17/2025 23:00,"11,800.75","1,660.93","7,168.71","1,556.22","12,963.21","3,486.83","7,561.58","1,173.15","47,371.37"
01/17/2025 24:00,"11,415.65","1,553.85","7,156.72","1,530.98","12,385.07","3,424.42","7,247.63","1,140.77","45,855.08"
01/18/2025 01:00,"11,019.96","1,493.51","7,211.83","1,516.27","12,066.45","3,265.72","6,908.01","1,148.76","44,630.50"
01/18/2025 02:00,"10,708.32","1,472.14","7,213.02","1,514.75","11,973.41","3,144.15","6,740.81","1,144.69","43,911.27"
01/18/2025 03:00,"10,479.36","1,455.65","7,250.13","1,524.33","12,117.21","3,084.92","6,677.68","1,156.26","43,745.55"
01/18/2025 04:00,"10,378.54","1,451.95","7,294.56","1,545.20","12,401.68","3,059.10","6,702.79","1,187.27","44,021.09"
01/18/2025 05:00,"10,379.46","1,520.06","7,327.07","1,576.54","12,891.95","3,053.61","6,865.01","1,218.62","44,832.31"
01/18/2025 06:00,"10,539.53","1,593.10","7,363.53","1,623.91","13,565.37","3,112.02","7,141.52","1,265.48","46,204.46"
01/18/2025 07:00,"10,828.03","1,699.86","7,381.12","1,682.20","14,411.05","3,210.51","7,584.24","1,323.19","48,120.20"
01/18/2025 08:00,"11,174.01","1,817.23","7,409.13","1,748.11","15,380.39","3,170.26","8,031.04","1,391.23","50,121.41"
01/18/2025 09:00,"11,463.98","1,878.39","7,367.81","1,777.77","15,743.01","3,237.61","8,163.80","1,408.11","51,040.50"
01/18/2025 10:00,"11,658.64","1,846.75","7,458.15","1,776.55","15,666.13","3,236.98","7,969.42","1,374.69","50,987.33"
01/18/2025 11:00,"11,786.89","1,771.05","7,549.95","1,753.68","15,303.31","3,213.36","7,679.42","1,330.75","50,388.39"
01/18/2025 12:00,"11,776.87","1,708.10","7,556.45","1,710.21","14,772.02","3,282.72","7,329.94","1,276.40","49,412.71"
01/18/2025 13:00,"11,694.40","1,625.63","7,523.30","1,661.49","14,312.62","3,319.80","7,058.03","1,232.81","48,428.09"
01/18/2025 14:00,"11,707.43","1,606.84","7,447.66","1,626.30","13,845.37","3,352.44","6,859.52","1,197.40","47,642.96"
01/18/2025 15:00,"11,619.90","1,589.35","7,437.60","1,605.69","13,453.05","3,366.11","6,751.42","1,178.74","47,001.86"
01/18/2025 16:00,"11,560.40","1,580.87","7,375.21","1,603.78","13,401.78","3,445.85","6,775.21","1,178.07","46,921.16"
01/18/2025 17:00,"11,577.73","1,608.46","7,360.02","1,641.14","13,743.25","3,470.95","6,908.25","1,199.20","47,509.01"
01/18/2025 18:00,"11,822.62","1,754.06","7,267.93","1,654.00","14,801.16","3,536.93","7,305.26","1,242.10","49,384.06"
01/18/2025 19:00,"12,225.14","1,895.11","7,199.97","1,818.22","16,040.85","3,599.29","7,765.79","1,334.02","51,878.39"
01/18/2025 20:00,"12,399.80","1,967.86","7,287.07","1,905.35","16,926.36","3,630.19","7,968.67","1,395.85","53,481.14"
01/18/2025 21:00,"12,471.78","2,027.89","7,307.84","1,952.79","17,832.14","3,571.72","8,095.13","1,417.02","54,676.31"
01/18/2025 22:00,"12,536.15","2,080.76","7,313.21","1,968.55","18,376.39","3,496.60","8,225.61","1,456.37","55,453.64"
01/18/2025 23:00,"12,504.28","2,112.65","7,359.85","1,961.71","18,516.21","3,361.80","8,295.13","1,484.82","55,596.44"
01/18/2025 24:00,"12,454.20","2,105.75","7,341.09","1,951.55","18,662.22","3,257.34","8,370.81","1,503.99","55,646.94"
01/19/2025 01:00,"12,356.21","2,111.68","7,267.72","1,949.32","18,830.91","3,207.50","8,544.10","1,575.06","55,842.51"
01/19/2025 02:00,"12,358.64","2,185.13","7,166.97","1,947.97","18,957.41","3,263.45","8,876.88","1,595.19","56,351.63"
01/19/2025 03:00,"12,464.70","2,245.45","7,371.57","1,948.56","19,056.45","3,216.93","9,219.51","1,617.31","57,140.48"
01/19/2025 04:00,"12,777.68","2,367.92","7,385.20","1,966.35","19,365.93","3,231.44","9,567.28","1,652.44","58,314.24"
01/19/2025 05:00,"13,194.43","2,430.90","7,342.75","1,996.43","19,770.06","3,370.90","9,971.17","1,697.24","59,773.88"
01/19/2025 06:00,"13,675.98","2,529.60","7,421.86","2,029.15","20,295.23","3,559.83","10,415.71","1,750.49","61,677.85"
01/19/2025 07:00,"14,364.24","2,655.49","7,345.47","2,078.93","21,035.48","3,892.60","10,888.74","1,804.22","64,065.16"
01/19/2025 08:00,"14,841.72","2,743.63","7,347.73","2,121.86","21,676.58","4,322.16","11,453.39","1,850.30","66,357.37"
01/19/2025 09:00,"15,079.36","2,804.87","7,447.05","2,123.18","21,811.44","4,569.30","11,638.93","1,847.26","67,321.39"
01/19/2025 10:00,"15,103.75","2,723.79","7,460.34","2,096.47","21,288.25","4,705.41","11,398.83","1,799.32","66,576.18"
01/19/2025 11:00,"14,917.00","2,607.58","7,583.32","2,041.32","20,516.64","4,597.93","10,902.23","1,718.61","64,884.63"
01/19/2025 12:00,"14,635.15","2,474.22","7,584.85","1,976.28","19,707.56","4,416.22","10,367.88","1,622.33","62,784.49"
01/19/2025 13:00,"14,287.20","2,356.51","7,543.58","1,915.03","18,836.04","4,206.59","9,876.51","1,542.01","60,563.46"
01/19/2025 14:00,"13,958.86","2,265.17","7,517.16","1,846.60","18,062.36","4,066.22","9,454.00","1,483.96","58,654.32"
01/19/2025 15:00,"13,744.83","2,178.81","7,452.60","1,802.37","17,545.04","3,918.48","9,133.47","1,440.36","57,215.97"
01/19/2025 16:00,"13,676.28","2,172.01","7,417.30","1,782.35","17,291.99","3,865.62","9,029.78","1,422.10","56,657.43"
01/19/2025 17:00,"13,850.10","2,216.71","7,430.98","1,808.14","17,573.10","3,781.94","9,245.40","1,436.70","57,343.06"
01/19/2025 18:00,"14,439.63","2,364.98","7,380.83","1,865.57","18,723.83","4,070.21","9,887.66","1,502.53","60,235.25"
01/19/2025 19:00,"15,273.11","2,577.16","7,376.38","1,886.24","20,100.14","4,450.14","10,763.53","1,630.01","64,056.70"
01/19/2025 20:00,"15,545.18","2,626.68","7,283.42","1,918.31","20,579.18","4,737.02","11,167.99","1,683.78","65,541.57"
01/19/2025 21:00,"15,704.73","2,681.44","7,256.51","1,933.84","20,820.36","4,923.83","11,410.32","1,716.53","66,447.57"
01/19/2025 22:00,"15,688.69","2,691.34","7,179.35","1,927.41","20,820.61","5,082.76","11,527.00","1,725.68","66,642.84"
01/19/2025 23:00,"15,465.46","2,659.69","7,252.69","1,906.07","20,438.19","5,084.98","11,379.43","1,713.56","65,900.08"
01/19/2025 24:00,"15,227.65","2,632.46","7,196.83","1,906.50","20,106.66","5,068.34","11,256.52","1,696.22","65,091.19"
01/20/2025 01:00,"15,195.64","2,616.88","7,337.11","1,969.45","19,854.20","5,044.60","11,228.60","1,626.73","64,873.21"
01/20/2025 02:00,"15,203.45","2,620.27","7,248.61","1,964.30","19,747.62","5,018.66","11,264.14","1,636.93","64,703.98"
01/20/2025 03:00,"15,234.61","2,637.93","7,287.64","1,968.18","19,702.31","5,029.50","11,380.88","1,654.72","64,895.76"
01/20/2025 04:00,"15,359.93","2,653.39","7,250.93","1,977.85","19,757.80","5,082.89","11,583.00","1,672.63","65,338.43"
01/20/2025 05:00,"15,664.63","2,718.93","7,316.73","2,014.59","20,311.14","5,160.63","11,892.93","1,725.00","66,804.58"
01/20/2025 06:00,"16,194.56","2,823.76","7,247.81","2,049.24","21,163.96","5,411.96","12,352.01","1,800.65","69,043.95"
01/20/2025 07:00,"16,786.91","2,966.06","7,210.05","2,066.21","22,078.23","5,728.66","12,913.25","1,890.44","71,639.82"
01/20/2025 08:00,"17,225.92","3,058.03","7,129.21","2,095.74","22,723.36","5,845.22","13,305.49","1,948.72","73,331.69"
01/20/2025 09:00,"17,461.68","3,000.88","7,096.46","2,127.58","22,964.98","5,835.34","13,246.66","1,933.74","73,667.32"
01/20/2025 10:00,"17,793.82","2,965.40","7,078.89","2,163.70","23,116.48","5,877.61","13,244.35","1,890.17","74,130.41"
01/20/2025 11:00,"17,827.02","2,840.14","7,038.96","2,119.45","22,536.87","5,889.57","13,173.69","1,818.52","73,244.22"
01/20/2025 12:00,"17,599.29","2,689.93","7,006.91","2,068.08","21,444.54","5,839.23","12,889.20","1,743.01","71,280.19"
01/20/2025 13:00,"17,346.04","2,628.96","6,950.78","2,007.05","20,644.73","5,916.40","12,702.07","1,695.72","69,891.74"
01/20/2025 14:00,"17,185.73","2,560.47","6,986.42","1,950.94","20,323.20","5,933.95","12,496.52","1,665.50","69,102.72"
01/20/2025 15:00,"16,985.38","2,575.35","7,032.65","1,912.13","20,171.36","5,948.37","12,382.23","1,640.92","68,648.39"
01/20/2025 16:00,"16,834.73","2,578.44","7,090.51","1,877.76","20,299.78","5,950.76","12,384.83","1,640.62","68,657.42"
01/20/2025 17:00,"16,844.81","2,613.04","7,172.73","1,949.40","20,736.13","6,085.19","12,528.90","1,680.08","69,610.28"
01/20/2025 18:00,"17,231.85","2,651.68","7,166.06","2,033.85","21,600.21","6,159.62","12,849.41","1,736.24","71,428.92"
01/20/2025 19:00,"17,459.35","2,749.64","7,265.25","2,044.89","22,065.49","6,310.17","13,156.23","1,809.77","72,860.80"
01/20/2025 20:00,"17,352.55","2,741.98","7,332.75","2,078.42","21,998.80","6,292.72","13,056.44","1,816.07","72,669.72"
01/20/2025 21:00,"17,222.91","2,727.53","7,501.03","2,090.74","21,878.03","6,316.43","12,969.45","1,823.05","72,529.17"
01/20/2025 22:00,"17,000.22","2,670.64","7,461.01","2,068.45","21,291.36","6,287.24","12,805.43","1,793.05","71,377.40"
01/20/2025 23:00,"16,709.72","2,620.80","7,411.06","1,972.08","20,440.90","6,190.61","12,523.31","1,751.22","69,619.68"
01/20/2025 24:00,"16,428.37","2,561.30","7,377.74","1,931.68","19,766.06","6,095.57","12,284.26","1,719.93","68,164.92"
01/21/2025 01:00,"16,541.45","2,578.41","7,472.13","1,955.91","19,883.27","6,120.25","11,178.06","1,691.90","67,421.38"
01/21/2025 02:00,"16,496.80","2,561.61","7,357.47","1,978.30","19,792.90","6,144.64","11,202.36","1,699.16","67,233.24"
01/21/2025 03:00,"16,417.25","2,585.73","7,417.33","1,994.39","19,729.12","6,200.94","11,195.63","1,709.82","67,250.22"
01/21/2025 04:00,"16,429.20","2,605.77","7,365.12","1,820.13","19,873.11","6,291.59","11,320.02","1,732.04","67,436.97"
01/21/2025 05:00,"16,622.44","2,668.96","7,338.67","1,738.23","20,431.07","6,375.94","11,537.62","1,766.89","68,479.82"
01/21/2025 06:00,"16,662.73","2,738.65","7,158.58","1,881.56","21,282.21","6,472.02","11,847.11","1,811.36","69,854.22"
01/21/2025 07:00,"16,834.55","2,871.79","7,177.65","2,152.46","22,671.54","6,547.57","12,267.01","1,893.09","72,415.65"
01/21/2025 08:00,"17,113.68","2,914.98","7,241.24","2,203.24","23,509.01","6,752.60","12,557.96","1,948.52","74,241.24"
01/21/2025 09:00,"17,561.76","2,915.73","7,182.80","2,074.93","23,177.39","6,797.05","12,602.34","1,925.28","74,237.28"
01/21/2025 10:00,"17,837.34","2,892.57","7,238.68","2,149.80","22,380.03","6,873.71","12,488.76","1,886.13","73,747.01"
01/21/2025 11:00,"17,882.64","2,781.95","7,191.26","2,121.58","21,607.05","6,976.70","12,080.82","1,820.32","72,462.30"
01/21/2025 12:00,"17,793.05","2,656.73","7,139.85","2,054.83","20,679.62","6,925.08","11,484.99","1,717.96","70,452.10"
01/21/2025 13:00,"17,453.90","2,512.26","7,060.86","1,989.25","19,747.75","6,746.87","10,916.17","1,624.61","68,051.68"
01/21/2025 14:00,"16,817.20","2,425.87","7,044.02","1,930.03","18,928.43","6,474.92","10,454.11","1,561.39","65,635.97"
01/21/2025 15:00,"16,090.59","2,341.31","7,004.48","1,879.43","18,175.32","6,222.85","10,133.05","1,507.65","63,354.68"
01/21/2025 16:00,"15,440.12","2,308.14","6,975.59","1,843.02","17,675.54","6,029.07","9,937.84","1,486.49","61,695.83"
01/21/2025 17:00,"15,172.64","2,356.63","6,983.35","1,851.54","17,914.92","5,978.50","10,033.25","1,513.87","61,804.68"
01/21/2025 18:00,"15,721.11","2,455.77","7,006.54","1,922.13","19,253.81","6,113.25","10,568.39","1,568.43","64,609.44"
01/21/2025 19:00,"16,646.58","2,675.76","6,912.98","2,014.36","21,109.36","6,498.51","11,304.33","1,687.85","68,849.72"
01/21/2025 20:00,"16,889.56","2,812.94","7,028.82","2,032.40","21,864.61","6,715.57","11,566.85","1,740.34","70,651.08"
01/21/2025 21:00,"17,009.78","2,882.06","7,291.78","2,110.06","22,339.81","6,829.40","11,613.96","1,778.06","71,854.91"
01/21/2025 22:00,"17,037.72","2,926.69","7,385.05","2,120.20","22,298.58","6,872.32","11,458.00","1,789.40","71,887.97"
01/21/2025 23:00,"16,779.76","2,886.52","7,349.65","2,091.44","21,727.94","6,749.28","11,152.07","1,760.12","70,496.79"
01/21/2025 24:00,"16,588.20","2,857.31","7,373.59","2,065.10","21,219.75","6,675.80","10,872.83","1,741.00","69,393.58"
01/22/2025 01:00,"16,703.43","2,835.95","7,320.26","2,036.32","20,728.99","6,605.98","10,940.24","1,653.44","68,824.62"
01/22/2025 02:00,"16,721.50","2,862.14","7,299.67","2,025.96","20,612.84","6,644.76","10,976.11","1,665.38","68,808.38"
01/22/2025 03:00,"16,834.64","2,895.97","7,196.38","2,035.03","20,755.75","6,612.75","11,090.03","1,674.73","69,095.29"
01/22/2025 04:00,"17,041.34","2,941.00","7,138.27","2,049.39","20,957.64","6,625.48","11,282.37","1,686.58","69,722.08"
01/22/2025 05:00,"17,278.45","2,996.23","7,163.44","2,068.10","21,476.69","6,789.86","11,599.91","1,725.04","71,097.72"
01/22/2025 06:00,"17,613.63","3,106.78","7,159.81","2,115.69","22,525.83","6,992.51","12,110.39","1,790.64","73,415.27"
01/22/2025 07:00,"17,940.93","3,240.62","7,281.16","2,186.78","23,792.10","7,155.62","12,809.38","1,890.30","76,296.89"
01/22/2025 08:00,"17,528.92","3,204.41","7,056.32","2,148.64","25,459.97","7,107.88","13,089.07","1,883.05","77,478.27"
01/22/2025 09:00,"17,912.10","3,164.63","7,276.82","2,162.75","23,407.08","7,075.32","12,638.40","1,868.94","75,506.04"
01/22/2025 10:00,"17,402.51","2,961.82","7,310.41","2,067.95","21,895.23","6,484.93","11,697.62","1,752.62","71,573.09"
01/22/2025 11:00,"16,876.36","2,766.18","7,267.00","1,973.45","20,366.56","5,872.56","10,800.90","1,616.90","67,539.92"
01/22/2025 12:00,"16,336.48","2,562.85","7,190.14","1,877.45","18,935.46","5,233.83","10,061.02","1,505.60","63,702.83"
01/22/2025 13:00,"15,760.86","2,381.66","7,117.55","1,786.32","17,545.39","4,702.42","9,430.16","1,414.11","60,138.45"
01/22/2025 14:00,"15,184.41","2,234.43","7,001.97","1,724.97","16,417.14","4,280.45","8,940.50","1,337.54","57,121.41"
01/22/2025 15:00,"14,633.39","2,095.59","7,017.70","1,665.04","15,468.36","3,967.63","8,603.80","1,288.01","54,739.53"
01/22/2025 16:00,"14,325.34","2,033.51","7,031.21","1,639.63","14,920.55","3,819.08","8,481.65","1,325.61","53,576.58"
01/22/2025 17:00,"14,261.62","2,069.59","6,981.06","1,643.03","14,961.89","3,850.81","8,722.94","1,325.35","53,816.30"
01/22/2025 18:00,"14,721.88","2,193.78","6,987.50","1,694.83","15,818.08","4,083.39","9,302.94","1,351.42","56,153.82"
01/22/2025 19:00,"15,551.91","2,384.22","6,834.52","1,762.17","17,139.50","4,564.00","10,041.20","1,425.78","59,703.28"
01/22/2025 20:00,"15,777.94","2,433.14","6,790.18","1,823.42","17,708.02","4,754.27","10,260.93","1,456.54","61,004.45"
01/22/2025 21:00,"15,873.46","2,515.52","6,740.45","1,877.78","18,095.25","4,843.18","10,295.97","1,475.85","61,717.45"
01/22/2025 22:00,"15,667.33","2,498.65","6,912.92","1,866.65","18,078.98","4,922.11","10,177.56","1,454.57","61,578.78"
01/22/2025 23:00,"15,188.08","2,437.26","6,848.86","1,833.55","17,588.84","4,923.34","9,877.12","1,418.47","60,115.52"
01/22/2025 24:00,"14,781.79","2,381.79","6,828.61","1,807.63","17,035.07","4,802.80","9,632.62","1,390.74","58,661.06"
01/23/2025 01:00,"14,432.74","2,373.37","7,031.00","1,500.68","16,863.99","4,516.34","9,830.28","1,475.48","58,023.88"
01/23/2025 02:00,"14,359.05","2,387.85","6,993.07","1,500.98","16,822.56","4,463.08","9,905.73","1,488.95","57,921.28"
01/23/2025 03:00,"14,443.40","2,427.72","7,066.15","1,518.70","17,028.28","4,443.95","10,030.68","1,515.08","58,473.96"
01/23/2025 04:00,"14,624.90","2,446.79","7,031.82","1,543.02","17,410.25","4,477.86","10,193.93","1,551.01","59,279.58"
01/23/2025 05:00,"14,982.59","2,537.80","7,107.72","1,580.58","18,089.41","4,574.18","10,487.31","1,595.25","60,954.85"
01/23/2025 06:00,"15,665.55","2,682.18","7,024.45","1,654.13","19,217.98","4,834.28","11,046.33","1,661.99","63,786.90"
01/23/2025 07:00,"16,510.36","2,892.20","7,043.75","1,754.39","20,764.94","5,260.21","11,773.23","1,775.98","67,775.05"
01/23/2025 08:00,"16,734.53","2,926.75","7,231.37","1,910.79","21,346.48","5,312.18","12,017.59","1,827.83","69,307.52"
01/23/2025 09:00,"16,427.66","2,830.67","7,216.48","1,903.66","20,418.33","5,117.34","11,621.29","1,768.81","67,304.23"
01/23/2025 10:00,"15,840.95","2,548.33","7,205.64","1,958.43","18,768.45","4,902.41","10,801.42","1,641.57","63,667.21"
01/23/2025 11:00,"15,264.64","2,269.78","7,284.42","1,863.02","17,389.80","4,523.01","9,902.86","1,540.13","60,037.67"
01/23/2025 12:00,"14,471.14","2,088.31","7,305.80","1,786.68","16,221.58","4,275.66","9,209.36","1,450.63","56,809.17"
01/23/2025 13:00,"13,798.38","1,906.53","7,278.36","1,714.14","15,245.44","4,153.33","8,675.76","1,374.21","54,146.16"
01/23/2025 14:00,"13,378.92","1,828.55","7,276.19","1,671.95","14,607.18","4,051.81","8,251.35","1,315.82","52,381.76"
01/23/2025 15:00,"13,023.94","1,762.80","7,253.69","1,642.96","14,159.33","3,937.57","7,956.30","1,264.91","51,001.52"
01/23/2025 16:00,"12,845.74","1,737.57","7,257.54","1,628.09","14,000.14","3,893.26","7,866.20","1,249.71","50,478.26"
01/23/2025 17:00,"12,830.51","1,776.64","7,253.19","1,639.53","14,308.53","3,979.62","8,046.39","1,267.47","51,101.88"
01/23/2025 18:00,"13,329.24","1,902.12","7,087.25","1,716.26","15,446.25","4,291.97","8,574.42","1,328.07","53,675.59"
01/23/2025 19:00,"13,986.04","2,120.24","7,056.40","1,767.00","16,744.95","4,623.65","9,351.02","1,436.38","57,085.68"
01/23/2025 20:00,"14,190.98","2,182.01","7,165.15","1,785.69","17,187.32","4,760.10","9,757.20","1,508.88","58,537.32"
01/23/2025 21:00,"14,239.16","2,261.63","7,043.99","1,779.39","17,355.87","4,800.55","9,991.06","1,546.78","59,018.44"
01/23/2025 22:00,"14,069.68","2,239.61","6,927.12","1,737.84","17,216.84","4,733.07","9,997.12","1,557.10","58,478.38"
01/23/2025 23:00,"13,663.56","2,195.64","6,942.98","1,705.31","16,769.66","4,576.14","9,800.66","1,560.95","57,214.89"
01/23/2025 24:00,"13,363.89","2,181.82","7,068.78","1,689.96","16,420.16","4,410.69","9,639.49","1,573.57","56,348.36"
01/24/2025 01:00,"13,180.29","2,202.04","7,073.24","1,685.06","16,291.72","4,338.04","9,595.58","1,575.10","55,941.06"
01/24/2025 02:00,"13,318.27","2,217.56","7,185.12","1,705.95","16,629.65","4,297.87","9,715.66","1,580.29","56,650.37"
01/24/2025 03:00,"13,484.89","2,309.03","7,217.68","1,725.39","16,969.72","4,359.06","9,908.80","1,605.73","57,580.31"
01/24/2025 04:00,"13,826.75","2,388.98","7,280.43","1,782.83","17,456.45","4,397.71","10,180.38","1,643.41","58,956.93"
01/24/2025 05:00,"14,296.67","2,492.36","7,259.37","1,809.58","18,192.75","4,464.08","10,617.70","1,696.95","60,829.46"
01/24/2025 06:00,"15,100.87","2,640.49","7,252.89","1,884.22","19,356.89","4,727.25","11,273.77","1,777.80","64,014.17"
01/24/2025 07:00,"16,159.83","2,839.41","7,456.83","2,047.50","20,946.37","5,181.01","12,203.90","1,904.44","68,739.28"
01/24/2025 08:00,"16,516.10","2,912.48","7,418.61","2,098.18","21,742.34","5,350.56","12,625.29","1,960.23","70,623.78"
01/24/2025 09:00,"16,006.23","2,791.59","7,459.26","2,051.93","20,752.35","5,074.82","12,019.00","1,866.60","68,021.77"
01/24/2025 10:00,"15,314.47","2,528.04","7,565.04","1,961.86","19,079.45","4,638.26","10,782.29","1,713.89","63,583.30"
01/24/2025 11:00,"14,611.12","2,290.86","7,549.73","1,872.23","17,660.70","4,331.65","9,681.23","1,571.82","59,569.34"
01/24/2025 12:00,"13,877.86","2,068.29","7,481.64","1,795.97","16,461.65","4,051.97","8,876.61","1,460.05","56,074.05"
01/24/2025 13:00,"13,334.56","1,933.21","7,395.87","1,732.57","15,497.12","3,802.56","8,293.19","1,375.01","53,364.09"
01/24/2025 14:00,"12,990.77","1,813.87","7,316.45","1,673.55","14,682.14","3,642.30","7,881.34","1,310.25","51,310.67"
01/24/2025 15:00,"12,661.44","1,729.45","7,338.07","1,623.55","14,054.51","3,535.57","7,603.87","1,254.71","49,801.16"
01/24/2025 16:00,"12,545.56","1,669.70","7,393.26","1,596.63","13,705.87","3,467.99","7,490.51","1,233.56","49,103.08"
01/24/2025 17:00,"12,606.92","1,715.24","7,298.80","1,598.26","13,853.87","3,434.55","7,621.51","1,253.73","49,382.88"
01/24/2025 18:00,"12,964.07","1,825.80","7,071.90","1,639.16","14,610.79","3,563.54","8,044.19","1,301.55","51,021.01"
01/24/2025 19:00,"13,589.79","1,966.92","7,221.66","1,709.80","15,597.71","3,908.33","8,658.83","1,397.38","54,050.42"
01/24/2025 20:00,"13,885.91","2,069.07","7,314.64","1,736.49","15,978.75","4,062.43","8,956.40","1,442.04","55,445.71"
01/24/2025 21:00,"14,044.21","2,119.69","7,283.00","1,750.47","16,202.13","4,217.93","9,096.02","1,474.85","56,188.31"
01/24/2025 22:00,"14,032.31","2,079.41","7,345.08","1,746.68","16,121.03","4,265.21","9,209.95","1,489.43","56,289.10"
01/24/2025 23:00,"13,788.19","2,069.03","7,296.77","1,717.30","15,709.85","4,358.33","9,100.82","1,460.42","55,500.71"
01/24/2025 24:00,"13,536.42","2,048.63","7,278.58","1,687.22","15,248.00","4,373.88","8,934.66","1,432.95","54,540.33"
01/25/2025 01:00,"13,322.42","2,028.25","7,294.55","1,671.37","14,937.90","4,287.90","8,827.08","1,414.44","53,783.90"
01/25/2025 02:00,"13,244.73","2,031.08","7,327.72","1,665.57","14,865.10","4,267.85","8,797.60","1,420.73","53,620.39"
01/25/2025 03:00,"13,207.35","2,020.44","7,319.90","1,665.27","14,856.99","4,283.74","8,860.27","1,424.24","53,638.20"
01/25/2025 04:00,"13,295.63","2,069.82","7,323.74","1,672.94","14,976.05","4,300.38","8,955.87","1,443.09","54,037.52"
01/25/2025 05:00,"13,462.44","2,124.23","7,341.47","1,691.48","15,277.59","4,326.26","9,164.67","1,456.61","54,844.76"
01/25/2025 06:00,"13,710.42","2,205.71","7,356.85","1,724.04","15,926.64","4,434.27","9,493.08","1,485.84","56,336.86"
01/25/2025 07:00,"14,040.30","2,304.22","7,390.21","1,766.82","16,711.24","4,553.69","9,915.20","1,524.66","58,206.32"
01/25/2025 08:00,"14,206.78","2,370.87","7,407.57","1,806.47","17,391.43","4,500.90","10,247.52","1,554.25","59,485.79"
01/25/2025 09:00,"14,243.77","2,323.93","7,388.19","1,810.79","17,443.00","4,492.78","10,203.91","1,540.51","59,446.89"
01/25/2025 10:00,"13,999.69","2,188.02","7,358.60","1,774.36","16,744.04","4,278.48","10,055.19","1,467.83","57,866.22"
01/25/2025 11:00,"13,565.18","2,036.42","7,317.99","1,726.35","15,930.40","3,914.32","9,830.81","1,399.25","55,720.73"
01/25/2025 12:00,"13,355.50","1,922.18","7,397.31","1,662.64","15,243.26","3,706.03","9,453.33","1,331.85","54,072.11"
01/25/2025 13:00,"13,070.78","1,849.55","7,375.85","1,603.51","14,646.61","3,562.80","8,956.43","1,262.32","52,327.85"
01/25/2025 14:00,"12,852.11","1,812.44","7,337.46","1,572.12","14,034.94","3,511.94","8,303.31","1,205.09","50,629.43"
01/25/2025 15:00,"12,697.26","1,763.89","7,320.92","1,541.00","13,646.50","3,467.41","7,887.20","1,171.67","49,495.85"
01/25/2025 16:00,"12,595.56","1,770.98","7,170.21","1,529.31","13,460.88","3,513.18","7,735.36","1,155.21","48,930.70"
01/25/2025 17:00,"12,596.22","1,759.59","7,110.97","1,494.16","13,424.04","3,496.51","7,696.17","1,152.87","48,730.53"
01/25/2025 18:00,"12,763.78","1,828.97","7,038.14","1,556.70","13,783.36","3,554.39","7,819.21","1,179.81","49,524.37"
01/25/2025 19:00,"12,959.48","1,831.12","7,179.22","1,634.87","14,240.20","3,638.26","8,018.37","1,221.81","50,723.32"
01/25/2025 20:00,"12,901.74","1,808.30","7,316.52","1,651.61","14,244.51","3,683.00","7,951.74","1,236.89","50,794.30"
01/25/2025 21:00,"12,712.94","1,779.90","7,255.69","1,650.92","14,125.09","3,652.46","7,811.29","1,216.82","50,205.11"
01/25/2025 22:00,"12,440.00","1,732.04","7,184.63","1,616.95","13,844.82","3,557.70","7,608.52","1,208.60","49,193.25"
01/25/2025 23:00,"12,068.15","1,653.40","7,163.61","1,595.78","13,268.75","3,384.55","7,300.57","1,199.47","47,634.28"
01/25/2025 24:00,"11,680.54","1,610.60","7,109.40","1,557.57","12,713.84","3,197.71","6,964.93","1,187.61","46,022.20"
01/26/2025 01:00,"11,391.28","1,533.31","7,041.23","1,576.70","12,249.42","3,067.70","6,673.31","1,180.92","44,713.88"
01/26/2025 02:00,"11,125.46","1,527.98","6,983.87","1,576.43","11,886.30","3,052.14","6,410.79","1,177.80","43,740.76"
01/26/2025 03:00,"10,880.73","1,483.08","7,146.63","1,567.65","11,689.00","2,902.47","6,262.28","1,171.68","43,103.51"
01/26/2025 04:00,"10,735.69","1,482.41","7,176.51","1,559.04","11,603.10","2,795.58","6,164.17","1,175.06","42,691.56"
01/26/2025 05:00,"10,736.29","1,476.56","7,217.81","1,598.61","11,743.48","2,792.19","6,177.65","1,190.65","42,933.24"
01/26/2025 06:00,"10,769.48","1,528.71","7,370.34","1,581.94","11,962.78","2,791.29","6,245.83","1,211.27","43,461.64"
01/26/2025 07:00,"10,938.32","1,575.43","7,391.28","1,652.00","12,450.43","2,902.31","6,438.31","1,260.51","44,608.59"
01/26/2025 08:00,"11,045.27","1,620.44","7,429.56","1,682.69","13,025.15","3,055.15","6,674.69","1,291.33","45,824.30"
01/26/2025 09:00,"11,245.55","1,701.37","7,555.77","1,738.45","13,666.77","3,142.53","6,938.00","1,328.08","47,316.51"
01/26/2025 10:00,"11,465.35","1,721.65","7,625.51","1,768.71","14,200.10","3,240.09","7,201.23","1,340.45","48,563.09"
01/26/2025 11:00,"11,715.65","1,764.83","7,629.58","1,763.98","14,560.90","3,294.88","7,373.09","1,333.49","49,436.40"
01/26/2025 12:00,"11,907.31","1,744.95","7,605.84","1,752.19","14,720.18","3,354.88","7,477.38","1,318.84","49,881.56"
01/26/2025 13:00,"11,986.48","1,763.37","7,558.98","1,751.21","14,859.66","3,451.63","7,569.47","1,314.49","50,255.27"
01/26/2025 14:00,"11,973.18","1,723.36","7,523.76","1,728.91","14,982.60","3,516.26","7,650.41","1,288.13","50,386.60"
01/26/2025 15:00,"11,949.58","1,695.26","7,474.69","1,706.48","15,072.63","3,556.45","7,640.35","1,271.50","50,366.93"
01/26/2025 16:00,"11,937.95","1,738.15","7,438.76","1,693.68","15,196.06","3,559.39","7,656.86","1,239.48","50,460.34"
01/26/2025 17:00,"12,018.25","1,740.42","7,482.28","1,712.13","15,598.99","3,466.18","7,820.93","1,251.99","51,091.17"
01/26/2025 18:00,"12,193.95","1,805.01","7,504.34","1,725.20","16,085.52","3,549.07","8,114.78","1,288.56","52,266.42"
01/26/2025 19:00,"12,414.08","1,849.28","7,426.35","1,697.67","16,483.37","3,605.00","8,442.86","1,346.34","53,264.95"
01/26/2025 20:00,"12,405.49","1,877.95","7,471.84","1,747.11","16,541.09","3,674.92","8,515.07","1,359.17","53,592.65"
01/26/2025 21:00,"12,143.09","1,828.90","7,376.20","1,692.37","16,193.98","3,605.26","8,399.51","1,328.75","52,568.07"
01/26/2025 22:00,"11,882.24","1,817.76","7,352.66","1,708.63","15,865.38","3,613.38","8,221.70","1,308.23","51,769.98"
01/26/2025 23:00,"11,405.71","1,688.76","7,446.76","1,680.81","15,013.61","3,422.70","7,763.32","1,264.42","49,686.10"
01/26/2025 24:00,"10,918.77","1,627.36","7,445.21","1,681.31","14,248.27","3,287.27","7,349.76","1,225.11","47,783.05"
01/27/2025 01:00,"10,634.99","1,583.04","7,267.80","1,673.93","13,787.90","3,102.81","7,102.76","1,230.15","46,383.37"
01/27/2025 02:00,"10,422.19","1,585.27","7,269.52","1,677.87","13,688.37","2,981.07","6,965.54","1,226.34","45,816.16"
01/27/2025 03:00,"10,319.93","1,593.24","7,286.88","1,698.61","13,889.21","2,922.17","6,942.92","1,230.89","45,883.85"
01/27/2025 04:00,"10,381.24","1,599.11","7,298.34","1,729.77","14,293.37","2,905.99","7,032.72","1,248.40","46,488.94"
01/27/2025 05:00,"10,640.41","1,660.11","7,213.67","1,733.65","15,081.10","2,916.86","7,291.66","1,281.28","47,818.74"
01/27/2025 06:00,"11,246.76","1,832.36","7,292.53","1,858.54","16,464.44","3,098.39","7,806.18","1,360.57","50,959.76"
01/27/2025 07:00,"12,062.75","1,998.69","7,466.36","1,984.52","18,227.29","3,414.37","8,583.93","1,473.85","55,211.77"
01/27/2025 08:00,"12,487.29","2,051.01","7,568.33","2,043.57","19,181.26","3,526.86","9,018.66","1,526.35","57,403.32"
01/27/2025 09:00,"12,686.73","2,115.14","7,566.94","2,023.52","19,069.95","3,526.09","9,090.65","1,514.02","57,593.04"
01/27/2025 10:00,"12,869.86","2,073.93","7,606.89","1,971.72","18,426.28","3,554.09","9,134.65","1,499.78","57,137.19"
01/27/2025 11:00,"13,050.05","2,045.39","7,613.46","1,896.81","17,537.19","3,616.30","9,086.46","1,485.00","56,330.65"
01/27/2025 12:00,"13,165.15","1,977.26","7,686.88","1,815.35","16,645.72","3,636.78","8,943.64","1,479.86","55,350.64"
01/27/2025 13:00,"13,152.48","1,911.59","7,671.19","1,738.80","15,666.63","3,734.81","8,801.54","1,454.28","54,131.33"
01/27/2025 14:00,"13,150.35","1,817.84","7,633.91","1,675.24","14,859.91","3,779.46","8,588.05","1,426.22","52,930.98"
01/27/2025 15:00,"13,023.78","1,733.33","7,555.79","1,621.03","14,211.81","3,800.11","8,377.11","1,387.33","51,710.29"
01/27/2025 16:00,"12,915.79","1,695.34","7,501.29","1,593.88","13,889.85","3,766.25","8,359.69","1,367.87","51,089.95"
01/27/2025 17:00,"12,939.53","1,731.41","7,523.23","1,602.67","14,113.32","3,873.39","8,538.72","1,373.65","51,695.92"
01/27/2025 18:00,"13,210.80","1,822.64","7,471.25","1,652.34","14,963.71","3,918.51","8,867.46","1,405.55","53,312.26"
01/27/2025 19:00,"13,381.14","1,951.43","7,512.67","1,677.51","15,598.67","4,086.03","9,190.43","1,444.08","54,841.95"
01/27/2025 20:00,"13,223.53","1,998.28","7,561.74","1,700.37","15,614.33","4,102.05","9,151.71","1,454.48","54,806.49"
01/27/2025 21:00,"12,996.59","1,968.57","7,536.11","1,712.67","15,523.93","4,106.60","8,935.49","1,450.04","54,230.00"
01/27/2025 22:00,"12,623.70","1,924.19","7,484.88","1,680.37","14,990.83","4,053.53","8,574.04","1,407.97","52,739.51"
01/27/2025 23:00,"12,146.53","1,792.08","7,448.86","1,664.07","14,308.72","3,896.08","8,053.20","1,349.84","50,659.38"
01/27/2025 24:00,"11,655.68","1,729.40","7,425.56","1,633.20","13,570.88","3,689.53","7,582.52","1,293.13","48,579.91"
01/28/2025 01:00,"11,384.46","1,680.00","7,356.98","1,601.26","12,902.85","3,489.67","7,281.14","1,240.84","46,937.20"
01/28/2025 02:00,"11,234.21","1,634.84","7,271.58","1,589.42","12,589.78","3,418.73","7,104.49","1,233.90","46,076.95"
01/28/2025 03:00,"11,073.32","1,621.78","7,454.17","1,582.09","12,367.49","3,383.22","7,038.76","1,230.99","45,751.84"
01/28/2025 04:00,"11,019.35","1,611.89","7,442.77","1,536.79","12,341.59","3,368.45","7,065.08","1,245.49","45,631.41"
01/28/2025 05:00,"11,186.68","1,658.56","7,369.69","1,523.18","12,616.31","3,387.78","7,261.32","1,267.63","46,271.15"
01/28/2025 06:00,"11,721.02","1,755.81","7,321.32","1,596.22","13,380.82","3,593.78","7,718.51","1,320.40","48,407.89"
01/28/2025 07:00,"12,474.49","1,890.07","7,347.39","1,684.48","14,742.90","3,866.85","8,432.26","1,406.73","51,845.17"
01/28/2025 08:00,"12,747.78","1,932.07","7,159.54","1,720.44","15,174.65","3,991.06","8,734.89","1,427.40","52,887.81"
01/28/2025 09:00,"12,838.39","1,935.31","7,188.11","1,714.19","15,184.49","3,869.28","8,760.74","1,396.98","52,887.48"
01/28/2025 10:00,"12,955.20","1,867.46","7,392.03","1,767.40","15,067.57","3,886.16","8,735.40","1,391.58","53,062.79"
01/28/2025 11:00,"12,968.14","1,816.99","7,442.71","1,740.16","14,888.71","3,921.67","8,719.54","1,376.85","52,874.77"
01/28/2025 12:00,"12,836.60","1,795.46","7,399.02","1,708.84","14,485.05","3,814.24","8,669.37","1,339.55","52,048.14"
01/28/2025 13:00,"12,822.37","1,711.46","7,385.25","1,681.57","14,076.39","3,733.10","8,584.18","1,316.62","51,310.95"
01/28/2025 14:00,"12,800.36","1,683.44","7,473.81","1,656.20","13,860.51","3,600.66","8,495.48","1,290.95","50,861.42"
01/28/2025 15:00,"12,632.56","1,695.63","7,428.60","1,610.33","13,515.16","3,575.65","8,410.85","1,259.94","50,128.71"
01/28/2025 16:00,"12,534.90","1,669.64","7,341.06","1,551.70","13,303.94","3,596.80","8,352.51","1,257.46","49,608.01"
01/28/2025 17:00,"12,444.39","1,711.52","7,357.07","1,523.62","13,508.82","3,733.65","8,467.06","1,299.68","50,045.81"
01/28/2025 18:00,"12,663.53","1,762.48","7,321.75","1,552.87","14,021.48","3,868.90","8,708.30","1,341.07","51,240.37"
01/28/2025 19:00,"12,982.38","1,842.22","7,110.26","1,583.67","14,614.62","4,033.64","8,958.73","1,387.95","52,513.48"
01/28/2025 20:00,"12,871.26","1,825.60","7,161.73","1,584.21","14,520.39","4,065.74","8,895.39","1,391.94","52,316.25"
01/28/2025 21:00,"12,622.17","1,766.86","7,269.10","1,563.01","14,132.84","3,996.86","8,681.12","1,357.56","51,389.51"
01/28/2025 22:00,"12,349.98","1,718.70","7,304.61","1,543.00","13,677.23","3,900.55","8,320.46","1,334.12","50,148.66"
01/28/2025 23:00,"11,877.07","1,608.34","7,212.99","1,529.35","12,867.19","3,693.99","7,805.60","1,280.32","47,874.85"
01/28/2025 24:00,"11,380.09","1,509.05","7,236.21","1,489.33","12,027.46","3,497.67","7,309.63","1,229.78","45,679.22"
01/29/2025 01:00,"11,066.47","1,480.19","7,127.81","1,241.07","11,540.94","3,313.05","6,965.56","1,198.03","43,933.13"
01/29/2025 02:00,"10,874.67","1,425.37","6,943.78","1,132.71","11,199.47","3,265.03","6,758.02","1,190.31","42,789.37"
01/29/2025 03:00,"10,822.55","1,403.43","6,859.02","1,135.88","11,045.00","3,126.62","6,645.30","1,180.68","42,218.48"
01/29/2025 04:00,"10,913.90","1,403.87","6,874.06","1,169.09","11,109.24","3,023.75","6,624.46","1,172.03","42,290.40"
01/29/2025 05:00,"11,149.32","1,408.06","6,892.76","1,219.49","11,460.22","3,077.96","6,765.41","1,187.18","43,160.40"
01/29/2025 06:00,"11,637.33","1,494.50","7,026.88","1,264.75","12,242.59","3,215.91","7,144.89","1,233.04","45,259.89"
01/29/2025 07:00,"12,291.57","1,625.61","7,268.92","1,334.72","13,377.11","3,431.40","7,729.10","1,302.57","48,361.01"
01/29/2025 08:00,"12,602.73","1,659.54","7,267.44","1,313.71","13,989.65","3,512.98","7,989.51","1,350.42","49,685.97"
01/29/2025 09:00,"12,639.29","1,645.81","6,993.13","1,456.02","14,017.17","3,467.16","8,001.39","1,332.99","49,552.97"
01/29/2025 10:00,"12,592.14","1,642.14","6,869.50","1,660.77","14,072.03","3,452.55","7,981.22","1,334.03","49,604.39"
01/29/2025 11:00,"12,631.64","1,647.04","6,903.04","1,685.72","14,145.18","3,505.17","7,928.18","1,303.76","49,749.73"
01/29/2025 12:00,"12,617.90","1,627.78","6,928.29","1,683.43","14,074.87","3,490.66","7,890.75","1,285.46","49,599.14"
01/29/2025 13:00,"12,527.38","1,596.04","6,952.45","1,682.00","13,931.16","3,483.70","7,784.90","1,277.21","49,234.83"
01/29/2025 14:00,"12,494.41","1,574.12","7,032.15","1,683.24","13,767.51","3,507.43","7,661.05","1,269.46","48,989.37"
01/29/2025 15:00,"12,456.16","1,549.38","7,112.53","1,672.11","13,577.08","3,514.36","7,587.29","1,240.75","48,709.67"
01/29/2025 16:00,"12,408.41","1,531.45","7,160.14","1,660.71","13,447.22","3,552.55","7,553.09","1,233.14","48,546.72"
01/29/2025 17:00,"12,361.06","1,558.56","7,133.02","1,667.54","13,667.36","3,651.68","7,610.64","1,247.78","48,897.64"
01/29/2025 18:00,"12,579.02","1,605.45","7,210.37","1,558.17","14,101.70","3,777.85","7,776.52","1,282.92","49,892.00"
01/29/2025 19:00,"12,837.21","1,664.23","7,188.33","1,515.59","14,466.00","3,958.36","7,955.83","1,330.69","50,916.25"
01/29/2025 20:00,"12,769.51","1,650.26","7,249.42","1,407.53","14,280.68","3,944.99","7,907.79","1,323.39","50,533.58"
01/29/2025 21:00,"12,627.99","1,616.81","7,195.06","1,352.44","13,889.42","3,853.42","7,730.53","1,321.30","49,586.97"
01/29/2025 22:00,"12,283.95","1,544.96","7,264.37","1,342.97","13,291.76","3,798.99","7,422.02","1,279.11","48,228.15"
01/29/2025 23:00,"11,753.90","1,433.64","7,246.14","1,294.17","12,447.98","3,724.09","6,988.93","1,222.05","46,110.91"
01/29/2025 24:00,"11,160.53","1,326.09","7,208.73","1,248.63","11,561.60","3,493.28","6,533.21","1,153.50","43,685.57"
01/30/2025 01:00,"10,753.13","1,238.80","7,463.58","1,162.06","10,946.79","3,139.72","6,185.42","1,133.12","42,022.63"
01/30/2025 02:00,"10,538.96","1,203.30","7,417.62","1,188.88","10,565.23","3,027.94","5,951.11","1,130.54","41,023.59"
01/30/2025 03:00,"10,417.26","1,171.75","7,272.51","1,192.41","10,417.49","2,956.88","5,826.60","1,117.07","40,371.99"
01/30/2025 04:00,"10,416.18","1,158.42","7,204.45","1,184.39","10,465.24","2,930.36","5,791.00","1,120.38","40,270.41"
01/30/2025 05:00,"10,603.00","1,182.62","7,195.45","1,199.02","10,707.37","2,957.34","5,893.67","1,147.56","40,886.03"
01/30/2025 06:00,"11,115.25","1,263.30","7,106.58","1,258.24","11,463.29","3,106.34","6,186.55","1,197.40","42,696.95"
01/30/2025 07:00,"11,808.96","1,397.21","7,181.81","1,364.36","12,592.79","3,445.20","6,757.40","1,281.99","45,829.72"
01/30/2025 08:00,"12,161.19","1,454.77","7,196.91","1,467.77","13,280.10","3,541.59","7,048.33","1,322.36","47,473.02"
01/30/2025 09:00,"12,342.96","1,474.77","7,092.89","1,502.81","13,429.23","3,492.04","7,144.35","1,293.68","47,772.73"
01/30/2025 10:00,"12,486.26","1,499.81","7,080.90","1,638.79","13,389.97","3,485.26","7,221.73","1,263.06","48,065.76"
01/30/2025 11:00,"12,688.81","1,508.40","7,174.51","1,624.91","13,260.26","3,408.99","7,215.62","1,231.99","48,113.49"
01/30/2025 12:00,"12,785.78","1,498.63","7,120.09","1,590.18","12,923.52","3,427.76","7,078.43","1,192.11","47,616.50"
01/30/2025 13:00,"12,856.89","1,484.90","7,268.43","1,551.15","12,618.11","3,602.79","6,952.71","1,168.96","47,503.93"
01/30/2025 14:00,"12,885.87","1,477.51","7,282.52","1,523.50","12,572.16","3,679.52","6,916.50","1,157.28","47,494.87"
01/30/2025 15:00,"12,720.53","1,452.72","7,299.52","1,501.19","12,594.67","3,704.43","6,940.75","1,138.55","47,352.35"
01/30/2025 16:00,"12,491.05","1,423.31","7,288.57","1,485.35","12,448.82","3,752.69","6,945.01","1,135.40","46,970.19"
01/30/2025 17:00,"12,403.29","1,438.92","7,314.23","1,494.67","12,487.63","3,795.79","7,054.97","1,164.36","47,153.86"
01/30/2025 18:00,"12,531.57","1,488.86","7,020.93","1,544.38","12,805.27","3,894.71","7,308.90","1,203.73","47,798.36"
01/30/2025 19:00,"12,674.08","1,565.50","6,979.82","1,567.41","13,372.45","3,998.67","7,613.40","1,263.38","49,034.71"
01/30/2025 20:00,"12,521.60","1,565.94","7,049.74","1,552.76","13,434.39","3,988.67","7,660.79","1,287.02","49,060.91"
01/30/2025 21:00,"12,389.23","1,549.97","7,095.81","1,535.53","13,295.75","3,941.26","7,613.58","1,295.68","48,716.81"
01/30/2025 22:00,"12,135.83","1,509.65","7,122.81","1,553.85","12,995.04","3,822.73","7,436.82","1,286.51","47,863.24"
01/30/2025 23:00,"11,620.11","1,422.50","7,125.47","1,491.92","12,352.06","3,598.46","7,108.51","1,259.17","45,978.20"
01/30/2025 24:00,"11,063.66","1,339.74","7,140.45","1,457.37","11,605.23","3,357.44","6,782.89","1,219.33","43,966.11"
01/31/2025 01:00,"10,717.71","1,305.35","7,097.55","1,437.65","11,252.56","3,196.35","6,593.26","1,186.94","42,787.36"
01/31/2025 02:00,"10,511.29","1,296.04","7,100.79","1,448.58","11,071.69","3,059.51","6,535.99","1,192.64","42,216.53"
01/31/2025 03:00,"10,323.85","1,292.08","7,111.52","1,461.44","11,020.56","3,032.79","6,546.51","1,209.54","41,998.30"
01/31/2025 04:00,"10,403.22","1,319.73","7,059.07","1,496.36","11,245.39","2,988.83","6,650.46","1,235.39","42,398.46"
01/31/2025 05:00,"10,664.16","1,375.07","7,059.81","1,501.65","11,720.64","2,939.55","6,901.04","1,255.76","43,417.67"
01/31/2025 06:00,"11,247.70","1,493.28","7,027.40","1,572.57","12,764.28","3,069.86","7,434.99","1,317.90","45,927.98"
01/31/2025 07:00,"12,032.48","1,682.41","7,081.78","1,670.43","14,304.60","3,390.62","8,208.24","1,415.11","49,785.68"
01/31/2025 08:00,"12,427.47","1,777.77","7,160.51","1,657.36","15,083.81","3,536.56","8,624.54","1,461.69","51,729.72"
01/31/2025 09:00,"12,515.16","1,752.01","7,223.24","1,721.20","14,962.83","3,477.10","8,335.21","1,408.27","51,395.03"
01/31/2025 10:00,"12,595.39","1,692.02","7,320.05","1,685.32","14,344.38","3,372.54","7,888.17","1,344.00","50,241.86"
01/31/2025 11:00,"12,504.28","1,610.29","7,308.61","1,627.39","13,664.02","3,374.92","7,436.15","1,275.55","48,801.21"
01/31/2025 12:00,"12,387.04","1,530.89","7,250.06","1,583.71","13,122.07","3,397.66","7,110.24","1,215.29","47,596.96"
01/31/2025 13:00,"12,336.05","1,463.30","7,166.56","1,545.20","12,766.80","3,390.39","6,897.00","1,166.66","46,731.95"
01/31/2025 14:00,"12,267.02","1,415.14","7,114.54","1,519.13","12,406.58","3,413.60","6,772.76","1,167.22","46,075.98"
01/31/2025 15:00,"12,220.91","1,383.59","7,146.79","1,490.84","12,150.77","3,492.95","6,758.90","1,102.95","45,747.70"
01/31/2025 16:00,"12,212.39","1,361.65","7,172.32","1,468.20","11,913.95","3,511.39","6,786.59","1,100.65","45,527.13"
01/31/2025 17:00,"12,243.22","1,370.36","7,248.01","1,471.67","12,092.14","3,512.55","6,964.24","1,122.15","46,024.33"
01/31/2025 18:00,"12,337.11","1,405.94","7,189.36","1,497.50","12,459.95","3,477.22","7,162.05","1,132.99","46,662.10"
01/31/2025 19:00,"12,446.85","1,488.17","7,306.94","1,517.03","12,971.78","3,546.43","7,388.56","1,169.05","47,834.81"
01/31/2025 20:00,"12,282.66","1,504.94","7,339.56","1,492.61","13,049.62","3,507.39","7,407.56","1,210.28","47,794.63"
01/31/2025 21:00,"12,159.72","1,521.30","7,264.14","1,496.18","12,982.99","3,468.75","7,329.70","1,239.50","47,462.28"
01/31/2025 22:00,"11,984.09","1,522.40","7,226.31","1,488.70","12,904.41","3,373.32","7,250.88","1,258.93","47,009.04"
01/31/2025 23:00,"11,704.63","1,509.08","7,221.41","1,464.96","12,570.44","3,381.18","7,080.23","1,252.62","46,184.55"
01/31/2025 24:00,"11,399.89","1,470.84","7,201.94","1,412.10","12,261.89","3,359.38","6,908.32","1,232.76","45,247.14"
02/01/2025 01:00,"11,104.58","1,449.65","7,062.78","1,391.29","11,980.62","3,218.97","6,760.37","1,239.96","44,208.21"
02/01/2025 02:00,"10,941.43","1,457.16","7,098.10","1,396.34","11,892.12","3,171.62","6,701.12","1,225.74","43,883.63"
02/01/2025 03:00,"10,822.60","1,472.35","7,003.75","1,400.87","11,858.82","3,147.41","6,750.68","1,230.07","43,686.55"
02/01/2025 04:00,"10,876.85","1,506.60","7,087.64","1,424.41","12,129.31","3,169.64","6,838.23","1,248.93","44,281.60"
02/01/2025 05:00,"11,044.77","1,558.80","7,085.77","1,490.49","12,492.30","3,122.47","7,011.79","1,282.26","45,088.64"
02/01/2025 06:00,"11,276.10","1,648.10","7,070.30","1,549.23","13,092.98","3,300.62","7,393.67","1,326.69","46,657.68"
02/01/2025 07:00,"11,734.24","1,766.19","7,138.68","1,623.41","13,941.83","3,481.82","7,888.11","1,384.15","48,958.42"
02/01/2025 08:00,"12,109.37","1,873.90","7,149.03","1,676.67","14,674.94","3,628.90","8,335.97","1,426.04","50,874.83"
02/01/2025 09:00,"12,239.39","1,859.57","7,151.75","1,662.73","14,713.37","3,642.18","8,331.75","1,418.13","51,018.86"
02/01/2025 10:00,"12,184.31","1,728.36","7,208.27","1,612.72","14,181.95","3,609.58","7,855.70","1,335.99","49,716.88"
02/01/2025 11:00,"11,970.26","1,583.39","7,221.62","1,563.35","13,516.06","3,386.02","7,269.34","1,253.02","47,763.05"
02/01/2025 12:00,"11,830.41","1,466.74","7,212.86","1,510.85","12,841.64","3,341.38","6,894.97","1,179.79","46,278.63"
02/01/2025 13:00,"11,722.31","1,385.26","7,189.22","1,463.07","12,324.07","3,243.45","6,628.52","1,131.07","45,086.96"
02/01/2025 14:00,"11,658.57","1,336.31","7,185.40","1,431.05","11,881.80","3,327.49","6,562.65","1,126.26","44,509.53"
02/01/2025 15:00,"11,667.20","1,313.89","7,180.28","1,416.60","11,621.62","3,373.01","6,567.61","1,189.14","44,329.35"
02/01/2025 16:00,"11,729.47","1,307.06","7,120.39","1,409.41","11,597.25","3,439.33","6,664.97","1,210.54","44,478.42"
02/01/2025 17:00,"11,750.35","1,321.77","7,137.17","1,416.16","11,712.73","3,478.25","6,848.40","1,127.78","44,792.61"
02/01/2025 18:00,"11,746.79","1,347.13","7,141.92","1,432.84","11,931.83","3,453.14","7,038.49","1,133.65","45,225.79"
02/01/2025 19:00,"11,899.21","1,410.13","7,144.62","1,434.39","12,375.14","3,439.15","7,224.36","1,167.59","46,094.58"
02/01/2025 20:00,"11,853.44","1,425.34","7,150.38","1,481.32","12,449.47","3,432.97","7,218.55","1,275.03","46,286.51"
02/01/2025 21:00,"11,700.06","1,423.46","7,148.09","1,484.15","12,319.69","3,346.75","7,091.84","1,173.33","45,687.36"
02/01/2025 22:00,"11,565.33","1,416.77","7,137.96","1,471.09","12,130.99","3,284.12","6,962.28","1,162.99","45,131.52"
02/01/2025 23:00,"11,328.21","1,392.08","7,166.95","1,449.49","11,802.87","3,202.97","6,762.00","1,145.66","44,250.23"
02/01/2025 24:00,"11,067.12","1,356.77","7,085.89","1,428.19","11,392.42","3,247.28","6,532.90","1,129.15","43,239.73"
02/02/2025 01:00,"10,872.25","1,328.40","7,041.57","1,409.77","11,043.84","3,133.93","6,363.27","1,122.14","42,315.19"
02/02/2025 02:00,"10,730.14","1,316.79","6,986.49","1,401.17","10,841.76","3,055.53","6,248.53","1,115.56","41,695.98"
02/02/2025 03:00,"10,604.45","1,314.41","7,189.56","1,380.35","10,704.61","2,969.23","6,211.46","1,120.04","41,494.12"
02/02/2025 04:00,"10,565.16","1,326.45","7,013.29","1,383.50","10,670.25","2,937.21","6,236.63","1,124.29","41,256.77"
02/02/2025 05:00,"10,631.75","1,357.86","6,958.50","1,373.92","10,846.19","2,964.31","6,368.95","1,140.13","41,641.61"
02/02/2025 06:00,"10,751.20","1,413.76","7,003.90","1,420.98","11,168.55","3,012.33","6,583.90","1,157.28","42,511.92"
02/02/2025 07:00,"10,999.38","1,497.92","6,979.58","1,453.91","11,624.78","3,107.32","6,907.14","1,211.04","43,781.09"
02/02/2025 08:00,"11,147.63","1,582.12","7,025.16","1,475.30","12,215.14","3,214.10","7,226.65","1,256.30","45,142.40"
02/02/2025 09:00,"11,291.19","1,585.85","7,129.51","1,513.04","12,450.86","3,219.43","7,284.12","1,252.07","45,726.08"
02/02/2025 10:00,"11,293.41","1,491.27","7,248.72","1,492.49","12,210.93","3,190.92","7,032.33","1,195.77","45,155.83"
02/02/2025 11:00,"11,272.26","1,383.69","7,290.84","1,465.49","11,835.64","3,186.64","6,737.51","1,132.08","44,304.15"
02/02/2025 12:00,"11,338.35","1,316.13","7,247.38","1,432.97","11,529.61","3,222.80","6,601.43","1,097.06","43,785.72"
02/02/2025 13:00,"11,468.27","1,300.35","7,236.58","1,410.14","11,407.14","3,313.20","6,547.13","1,084.84","43,767.65"
02/02/2025 14:00,"11,654.66","1,299.12","7,267.17","1,393.63","11,379.62","3,440.02","6,600.71","1,090.98","44,125.91"
02/02/2025 15:00,"11,903.56","1,305.19","7,297.60","1,373.42","11,443.00","3,577.23","6,743.82","1,101.84","44,745.67"
02/02/2025 16:00,"12,128.31","1,326.38","7,304.40","1,383.73","11,663.54","3,655.30","6,968.83","1,121.83","45,552.31"
02/02/2025 17:00,"12,292.82","1,361.40","7,273.03","1,409.91","11,963.28","3,741.85","7,243.04","1,142.01","46,427.33"
02/02/2025 18:00,"12,302.89","1,392.11","7,275.63","1,428.37","12,207.90","3,650.08","7,495.87","1,155.01","46,907.87"
02/02/2025 19:00,"12,589.65","1,457.03","7,220.17","1,456.59","12,728.39","3,787.37","7,720.11","1,189.28","48,148.60"
02/02/2025 20:00,"12,618.10","1,465.43","7,183.93","1,469.62","12,820.52","3,908.66","7,732.10","1,212.94","48,411.30"
02/02/2025 21:00,"12,465.83","1,432.72","7,162.84","1,463.31","12,616.80","3,856.43","7,524.75","1,178.46","47,701.13"
02/02/2025 22:00,"12,189.78","1,373.41","7,044.21","1,435.04","12,195.96","3,738.23","7,216.10","1,142.60","46,335.33"
02/02/2025 23:00,"11,659.31","1,275.52","7,099.43","1,385.65","11,427.63","3,568.31","6,762.42","1,097.51","44,275.79"
02/02/2025 24:00,"11,147.14","1,183.67","7,060.38","1,338.19","10,647.98","3,269.66","6,349.75","1,055.68","42,052.45"
02/03/2025 01:00,"10,781.43","1,119.62","7,037.98","1,314.17","10,023.31","3,116.35","5,957.18","1,026.21","40,376.25"
02/03/2025 02:00,"10,495.64","1,080.16","7,045.50","1,298.56","9,650.24","2,991.75","5,746.18","1,049.25","39,357.28"
02/03/2025 03:00,"10,338.06","1,060.11","7,046.91","1,293.88","9,508.29","2,865.40","5,648.30","1,039.79","38,800.75"
02/03/2025 04:00,"10,348.77","1,062.52","7,059.05","1,303.31","9,451.33","2,868.37","5,632.39","1,017.60","38,743.34"
02/03/2025 05:00,"10,567.62","1,096.95","7,029.46","1,318.21","9,773.26","2,905.19","5,769.83","1,038.26","39,498.77"
02/03/2025 06:00,"11,159.60","1,187.50","7,070.38","1,379.10","10,664.79","3,051.64","6,107.34","1,165.45","41,785.80"
02/03/2025 07:00,"11,812.94","1,332.40","7,208.21","1,462.36","11,863.31","3,310.53","6,697.02","1,231.97","44,918.74"
02/03/2025 08:00,"12,158.49","1,389.30","7,175.62","1,512.78","12,505.37","3,386.13","7,035.70","1,224.64","46,388.02"
02/03/2025 09:00,"12,329.07","1,396.82","7,101.99","1,505.79","12,438.38","3,383.64","7,096.60","1,194.19","46,446.48"
02/03/2025 10:00,"12,554.87","1,400.84","7,258.97","1,485.35","12,363.00","3,398.50","7,089.14","1,156.65","46,707.32"
02/03/2025 11:00,"12,947.29","1,407.39","7,286.10","1,467.43","12,368.74","3,498.52","7,033.27","1,130.54","47,139.28"
02/03/2025 12:00,"13,187.31","1,417.27","7,197.30","1,467.68","12,389.66","3,627.76","7,088.23","1,121.73","47,496.95"
02/03/2025 13:00,"13,277.22","1,430.19","7,179.56","1,468.33","12,497.99","3,795.25","7,254.50","1,122.08","48,025.12"
02/03/2025 14:00,"13,510.58","1,457.83","7,247.55","1,485.18","12,742.21","3,970.43","7,483.23","1,133.34","49,030.34"
02/03/2025 15:00,"13,811.66","1,485.81","7,342.96","1,512.34","13,004.02","4,052.51","7,795.72","1,159.48","50,164.51"
02/03/2025 16:00,"14,025.23","1,510.89","7,356.20","1,531.72","13,337.68","4,066.59","8,123.13","1,181.35","51,132.79"
02/03/2025 17:00,"14,049.22","1,540.23","7,379.60","1,555.23","13,589.31","4,189.41","8,435.20","1,211.13","51,949.33"
02/03/2025 18:00,"14,019.94","1,551.52","7,265.16","1,575.20","13,837.18","4,171.60","8,638.71","1,230.39","52,289.70"
02/03/2025 19:00,"13,989.44","1,591.92","7,106.29","1,501.81","14,050.74","4,146.84","8,766.63","1,238.16","52,391.82"
02/03/2025 20:00,"13,901.23","1,583.20","7,155.92","1,485.24","14,005.54","4,055.14","8,683.81","1,232.71","52,102.79"
02/03/2025 21:00,"13,659.62","1,538.98","7,054.30","1,475.44","13,647.44","3,984.59","8,427.36","1,205.17","50,992.91"
02/03/2025 22:00,"13,297.15","1,461.74","6,993.70","1,474.39","13,064.88","3,829.28","8,052.86","1,162.64","49,336.63"
02/03/2025 23:00,"12,721.90","1,358.44","7,013.57","1,436.66","12,185.31","3,676.89","7,478.74","1,107.25","46,978.76"
02/03/2025 24:00,"12,087.75","1,248.65","6,967.67","1,351.35","11,258.80","3,439.15","6,905.09","1,045.89","44,304.36"
02/04/2025 01:00,"11,525.03","1,165.61","6,946.28","1,303.89","10,595.90","3,217.87","6,426.38","1,038.24","42,219.21"
02/04/2025 02:00,"11,216.65","1,112.48","6,886.90","1,283.30","10,145.61","3,102.88","6,133.27","1,012.83","40,893.92"
02/04/2025 03:00,"10,933.71","1,077.84","6,900.62","1,273.36","9,816.19","3,022.41","5,948.06","1,011.60","39,983.77"
02/04/2025 04:00,"10,858.88","1,068.85","6,799.73","1,277.14","9,710.42","2,988.95","5,854.43","1,107.79","39,666.18"
02/04/2025 05:00,"10,983.84","1,092.28","6,707.77","1,298.42","9,819.36","3,006.59","5,906.09","1,044.56","39,858.91"
02/04/2025 06:00,"11,470.21","1,168.25","6,762.50","1,358.46","10,510.56","3,091.63","6,187.51","1,050.73","41,599.85"
02/04/2025 07:00,"12,179.27","1,303.93","6,837.97","1,464.43","11,651.13","3,391.67","6,721.26","1,141.61","44,691.27"
02/04/2025 08:00,"12,457.86","1,369.92","6,955.39","1,533.05","12,320.17","3,465.38","7,032.24","1,165.00","46,298.99"
02/04/2025 09:00,"12,576.43","1,388.50","6,944.57","1,556.19","12,471.84","3,433.96","7,131.90","1,151.71","46,655.11"
02/04/2025 10:00,"12,871.82","1,421.72","7,036.31","1,565.39","12,786.98","3,429.50","7,246.51","1,144.48","47,502.71"
02/04/2025 11:00,"13,119.45","1,450.38","7,055.43","1,563.94","12,877.52","3,611.87","7,278.06","1,134.34","48,090.98"
02/04/2025 12:00,"13,411.38","1,479.70","7,098.48","1,572.82","12,938.66","3,696.13","7,428.69","1,131.04","48,756.90"
02/04/2025 13:00,"13,776.60","1,510.16","7,108.48","1,566.37","12,879.62","3,798.97","7,683.86","1,121.48","49,445.53"
02/04/2025 14:00,"14,245.23","1,542.34","7,052.23","1,558.00","12,790.05","3,937.42","7,978.61","1,119.13","50,223.00"
02/04/2025 15:00,"14,576.01","1,580.22","6,963.62","1,553.67","12,773.91","3,950.60","8,295.96","1,128.54","50,822.53"
02/04/2025 16:00,"14,760.42","1,586.19","6,942.97","1,546.03","12,746.90","3,921.62","8,523.80","1,135.09","51,163.02"
02/04/2025 17:00,"14,685.31","1,606.10","6,875.34","1,556.18","12,893.07","4,081.60","8,716.28","1,160.01","51,573.89"
02/04/2025 18:00,"14,443.80","1,610.72","6,822.56","1,571.78","13,216.89","4,101.55","8,791.14","1,184.95","51,743.39"
02/04/2025 19:00,"14,183.57","1,692.11","6,679.03","1,531.08","13,571.39","4,172.82","8,836.84","1,221.11","51,887.96"
02/04/2025 20:00,"13,985.91","1,667.10","6,707.49","1,544.19","13,559.31","4,092.11","8,737.07","1,233.65","51,526.84"
02/04/2025 21:00,"13,599.34","1,606.46","6,392.73","1,525.14","13,289.02","3,915.82","8,459.49","1,224.66","50,012.67"
02/04/2025 22:00,"13,158.20","1,516.88","6,414.35","1,501.16","12,849.42","3,882.34","8,050.81","1,188.12","48,561.30"
02/04/2025 23:00,"12,470.97","1,416.87","6,446.34","1,452.52","12,074.03","3,695.99","7,479.87","1,119.87","46,156.46"
02/04/2025 24:00,"11,795.31","1,343.28","6,345.87","1,425.96","11,287.81","3,471.30","6,898.92","1,058.90","43,627.36"
02/05/2025 01:00,"11,463.93","1,292.53","6,528.37","1,239.50","10,899.72","3,340.51","6,475.95","1,195.81","42,436.32"
02/05/2025 02:00,"11,227.85","1,262.98","6,654.01","1,122.09","10,644.10","3,234.98","6,229.65","1,116.13","41,491.78"
02/05/2025 03:00,"10,879.70","1,224.07","6,455.80","1,098.63","10,358.75","3,138.93","6,035.02","1,111.59","40,302.49"
02/05/2025 04:00,"10,835.32","1,225.66","6,467.49","1,115.02","10,392.82","3,038.07","5,942.27","1,023.70","40,040.34"
02/05/2025 05:00,"10,966.62","1,239.35","6,595.53","1,137.63","10,713.86","3,084.72","6,013.84","1,038.09","40,789.65"
02/05/2025 06:00,"11,401.33","1,284.29","6,579.30","1,187.77","11,416.42","3,143.46","6,267.48","1,082.74","42,362.78"
02/05/2025 07:00,"11,992.18","1,435.48","6,312.68","1,287.88","12,640.08","3,383.85","6,776.49","1,146.00","44,974.64"
02/05/2025 08:00,"12,251.48","1,498.23","6,182.00","1,274.49","13,289.98","3,499.51","7,069.38","1,180.97","46,246.04"
02/05/2025 09:00,"12,414.13","1,525.97","6,290.98","1,384.63","13,394.75","3,547.52","7,175.60","1,172.06","46,905.62"
02/05/2025 10:00,"12,765.60","1,545.15","6,641.58","1,636.40","13,398.57","3,625.51","7,300.26","1,149.71","48,062.77"
02/05/2025 11:00,"13,221.91","1,588.74","6,810.04","1,651.30","13,403.90","3,763.52","7,420.97","1,145.91","49,006.28"
02/05/2025 12:00,"13,664.68","1,566.36","6,952.07","1,625.20","13,354.73","3,867.09","7,526.37","1,138.62","49,695.13"
02/05/2025 13:00,"14,080.76","1,577.66","7,054.72","1,595.06","13,278.35","3,888.47","7,620.52","1,140.47","50,236.03"
02/05/2025 14:00,"14,460.24","1,620.46","7,149.64","1,572.47","13,053.26","4,007.99","7,640.27","1,145.93","50,650.26"
02/05/2025 15:00,"14,691.29","1,595.31","7,208.29","1,550.34","12,818.38","4,224.99","7,629.76","1,150.45","50,868.81"
02/05/2025 16:00,"14,738.85","1,566.94","7,245.95","1,526.22","12,680.47","4,364.41","7,696.25","1,157.59","50,976.69"
02/05/2025 17:00,"14,747.77","1,638.57","7,207.49","1,524.76","12,888.30","4,443.81","7,898.60","1,190.55","51,539.84"
02/05/2025 18:00,"14,570.84","1,675.96","7,107.13","1,419.75","13,266.81","4,423.68","8,159.09","1,203.81","51,827.07"
02/05/2025 19:00,"14,427.99","1,722.13","6,833.26","1,346.65","13,697.06","4,404.07","8,376.22","1,225.51","52,032.88"
02/05/2025 20:00,"14,364.58","1,719.26","6,779.10","1,295.69","13,832.49","4,410.71","8,358.14","1,241.41","52,001.38"
02/05/2025 21:00,"14,077.24","1,686.21","6,659.75","1,250.12","13,597.97","4,336.79","8,213.64","1,220.29","51,042.03"
02/05/2025 22:00,"13,661.33","1,630.86","6,683.23","1,208.41","13,079.50","4,180.55","7,932.78","1,219.19","49,595.85"
02/05/2025 23:00,"12,985.27","1,524.75","6,737.63","1,157.13","12,323.60","3,956.97","7,436.04","1,134.95","47,256.34"
02/05/2025 24:00,"12,313.57","1,415.74","6,733.01","1,188.48","11,484.98","3,690.60","6,875.28","1,159.36","44,861.02"
02/06/2025 01:00,"11,776.76","1,325.45","6,745.66","1,089.79","10,789.99","3,509.00","6,438.07","1,190.26","42,864.98"
02/06/2025 02:00,"11,363.40","1,258.23","6,804.27","1,065.17","10,349.54","3,331.81","6,113.99","1,035.01","41,321.41"
02/06/2025 03:00,"11,133.59","1,203.20","6,867.19","1,039.53","10,082.08","3,245.86","5,937.26","1,001.33","40,510.02"
02/06/2025 04:00,"11,023.06","1,208.68","6,775.91",990.66,"9,881.96","3,197.88","5,892.14",995.48,"39,965.77"
02/06/2025 05:00,"11,127.94","1,228.04","6,714.11",990.15,"10,047.20","3,158.09","5,965.53","1,000.70","40,231.76"
02/06/2025 06:00,"11,608.86","1,282.75","6,554.46","1,114.92","10,683.27","3,273.97","6,221.88","1,031.93","41,772.04"
02/06/2025 07:00,"12,141.70","1,404.12","6,042.46","1,102.22","11,617.74","3,462.02","6,799.07","1,076.79","43,646.11"
02/06/2025 08:00,"12,203.46","1,431.90","6,066.82","1,220.15","11,982.63","3,609.63","7,068.14","1,084.97","44,667.70"
02/06/2025 09:00,"12,597.99","1,471.27","6,259.74","1,306.03","12,207.97","3,570.40","7,191.83","1,084.14","45,689.37"
02/06/2025 10:00,"13,101.88","1,519.67","6,883.74","1,516.67","12,504.80","3,637.69","7,292.48","1,109.33","47,566.26"
02/06/2025 11:00,"13,438.26","1,565.18","6,900.53","1,499.32","12,597.72","3,765.21","7,417.82","1,112.62","48,296.64"
02/06/2025 12:00,"13,912.06","1,608.07","6,948.81","1,493.43","12,873.89","3,844.86","7,451.37","1,132.63","49,265.12"
02/06/2025 13:00,"14,290.71","1,663.61","7,005.88","1,494.80","13,105.13","4,161.19","7,536.34","1,153.30","50,410.97"
02/06/2025 14:00,"14,644.61","1,728.85","7,109.41","1,503.07","13,470.45","4,405.36","7,777.92","1,185.88","51,825.57"
02/06/2025 15:00,"14,833.85","1,758.62","7,157.01","1,508.02","13,830.52","4,494.30","8,068.14","1,219.89","52,870.34"
02/06/2025 16:00,"14,859.10","1,770.22","7,232.59","1,476.48","14,154.24","4,583.36","8,513.29","1,248.33","53,837.61"
02/06/2025 17:00,"14,817.90","1,815.56","7,281.83","1,479.27","14,457.94","4,667.70","8,851.92","1,288.93","54,661.05"
02/06/2025 18:00,"14,588.99","1,780.92","7,113.35","1,487.10","14,431.97","4,640.67","8,998.44","1,294.53","54,335.98"
02/06/2025 19:00,"14,356.46","1,791.57","6,866.68","1,435.28","14,403.85","4,560.64","8,911.72","1,272.94","53,599.15"
02/06/2025 20:00,"14,193.03","1,738.33","6,727.24","1,447.36","14,234.21","4,493.58","8,826.45","1,259.12","52,919.32"
02/06/2025 21:00,"13,946.23","1,711.87","6,719.65","1,497.94","13,739.70","4,397.12","8,542.35","1,224.16","51,779.03"
02/06/2025 22:00,"13,557.24","1,646.52","6,773.41","1,490.60","12,987.51","4,265.30","8,172.00","1,182.11","50,074.69"
02/06/2025 23:00,"12,898.75","1,520.01","6,824.45","1,451.03","11,882.66","3,982.89","7,636.86","1,123.30","47,319.94"
02/06/2025 24:00,"12,281.12","1,386.56","6,691.76","1,433.24","10,914.73","3,697.91","7,060.47","1,067.37","44,533.15"
02/07/2025 01:00,"11,788.07","1,316.39","6,676.71","1,434.59","10,299.84","3,502.41","6,632.57","1,029.09","42,679.67"
02/07/2025 02:00,"11,460.62","1,261.18","6,717.51","1,438.74","9,874.34","3,365.53","6,349.64","1,024.29","41,491.84"
02/07/2025 03:00,"11,253.07","1,213.05","6,768.72","1,448.53","9,725.21","3,176.84","6,187.62","1,031.53","40,804.58"
02/07/2025 04:00,"11,044.26","1,206.14","6,719.68","1,388.48","9,599.97","3,189.59","6,122.30","1,037.05","40,307.47"
02/07/2025 05:00,"11,185.51","1,190.56","6,778.04","1,425.05","9,800.24","3,247.94","6,188.44","1,128.78","40,944.56"
02/07/2025 06:00,"11,561.68","1,283.96","6,705.68","1,445.09","10,511.41","3,380.52","6,424.44","1,115.96","42,428.75"
02/07/2025 07:00,"12,212.46","1,417.38","6,709.99","1,572.22","11,714.51","3,643.20","6,952.15","1,167.88","45,389.79"
02/07/2025 08:00,"12,406.84","1,438.47","6,745.74","1,616.82","12,380.35","3,708.74","7,241.65","1,188.46","46,727.08"
02/07/2025 09:00,"12,606.32","1,489.30","6,762.46","1,614.19","12,577.68","3,747.87","7,321.15","1,169.33","47,288.30"
02/07/2025 10:00,"12,933.33","1,506.05","6,925.46","1,605.19","12,760.34","3,836.75","7,433.71","1,152.23","48,153.06"
02/07/2025 11:00,"13,567.34","1,570.95","7,061.18","1,607.37","12,935.94","3,807.09","7,593.89","1,147.38","49,291.13"
02/07/2025 12:00,"14,062.52","1,596.78","7,047.39","1,613.75","12,907.14","4,055.68","7,649.52","1,137.47","50,070.25"
02/07/2025 13:00,"14,508.75","1,625.59","6,985.40","1,586.87","12,681.95","4,325.53","7,728.00","1,134.73","50,576.81"
02/07/2025 14:00,"14,985.76","1,615.87","7,070.25","1,564.41","12,516.94","4,486.78","7,848.03","1,147.07","51,235.10"
02/07/2025 15:00,"15,273.59","1,681.73","7,215.24","1,541.43","12,537.50","4,615.78","8,129.49","1,179.06","52,173.82"
02/07/2025 16:00,"15,302.13","1,697.56","7,277.89","1,527.09","12,681.96","4,668.60","8,393.56","1,230.82","52,779.61"
02/07/2025 17:00,"15,143.57","1,695.23","7,397.37","1,527.38","12,924.83","4,797.78","8,718.89","1,279.41","53,484.47"
02/07/2025 18:00,"14,788.90","1,622.47","7,419.44","1,522.17","13,032.67","4,644.98","8,850.89","1,282.96","53,164.47"
02/07/2025 19:00,"14,502.42","1,612.36","7,217.23","1,545.57","13,256.58","4,632.41","8,731.44","1,272.27","52,770.28"
02/07/2025 20:00,"14,297.12","1,600.10","7,088.48","1,554.50","13,222.10","4,531.87","8,503.01","1,270.43","52,067.61"
02/07/2025 21:00,"14,066.43","1,558.17","6,972.81","1,536.58","13,081.26","4,327.31","8,244.51","1,238.09","51,025.18"
02/07/2025 22:00,"13,786.23","1,549.18","6,973.53","1,508.20","12,922.02","4,161.23","7,987.51","1,204.19","50,092.10"
02/07/2025 23:00,"13,447.21","1,501.33","6,899.82","1,465.45","12,374.92","4,031.97","7,633.98","1,163.89","48,518.57"
02/07/2025 24:00,"12,929.85","1,414.17","6,899.06","1,425.90","11,695.90","3,851.42","7,196.05","1,117.12","46,529.48"
02/08/2025 01:00,"12,342.07","1,326.42","7,074.72","1,385.24","11,009.97","3,647.15","6,822.67","1,131.42","44,739.66"
02/08/2025 02:00,"11,869.76","1,272.84","7,071.86","1,360.91","10,572.84","3,505.22","6,525.74","1,120.13","43,299.30"
02/08/2025 03:00,"11,520.33","1,247.92","7,052.46","1,342.83","10,345.00","3,399.84","6,312.23","1,095.03","42,315.64"
02/08/2025 04:00,"11,242.83","1,223.09","7,040.30","1,332.45","10,171.04","3,329.49","6,124.07","1,077.19","41,540.45"
02/08/2025 05:00,"11,150.95","1,220.34","7,072.80","1,333.36","10,189.73","3,216.87","6,028.74","1,075.76","41,288.56"
02/08/2025 06:00,"11,107.67","1,215.75","7,054.52","1,341.84","10,341.39","3,302.42","6,085.24","1,135.91","41,584.75"
02/08/2025 07:00,"11,344.27","1,265.57","7,073.34","1,368.59","10,681.07","3,377.05","6,230.25","1,245.61","42,585.75"
02/08/2025 08:00,"11,574.14","1,303.98","7,101.67","1,395.47","11,109.56","3,434.86","6,429.52","1,126.61","43,475.81"
02/08/2025 09:00,"12,096.85","1,399.66","7,098.64","1,408.43","11,756.98","3,554.21","6,732.05","1,140.14","45,186.94"
02/08/2025 10:00,"12,666.57","1,472.49","7,185.82","1,413.81","12,418.50","3,700.61","7,057.70","1,159.37","47,074.86"
02/08/2025 11:00,"13,238.33","1,563.23","7,291.21","1,411.61","12,972.42","3,834.81","7,302.85","1,176.33","48,790.80"
02/08/2025 12:00,"13,861.08","1,642.40","7,361.31","1,417.30","13,465.99","4,125.20","7,595.22","1,197.78","50,666.27"
02/08/2025 13:00,"14,470.54","1,717.64","7,436.31","1,421.64","14,026.16","4,335.55","8,020.16","1,229.92","52,657.92"
02/08/2025 14:00,"14,952.19","1,785.68","7,518.61","1,408.83","14,301.50","4,582.74","8,474.67","1,325.86","54,350.09"
02/08/2025 15:00,"15,295.18","1,834.19","7,530.99","1,398.31","14,357.45","4,713.43","8,895.92","1,243.66","55,269.14"
02/08/2025 16:00,"15,506.95","1,885.71","7,576.91","1,393.77","14,011.49","4,814.87","9,286.65","1,254.60","55,730.94"
02/08/2025 17:00,"15,409.52","1,896.25","7,518.77","1,401.10","13,413.05","4,818.19","9,507.05","1,264.20","55,228.14"
02/08/2025 18:00,"14,934.56","1,815.17","7,263.96","1,419.54","12,962.98","4,695.02","9,468.32","1,242.61","53,802.16"
02/08/2025 19:00,"14,482.91","1,774.39","7,143.92","1,408.47","12,721.78","4,446.35","9,180.87","1,228.57","52,387.24"
02/08/2025 20:00,"14,197.47","1,713.92","7,231.02","1,490.75","12,516.16","4,306.58","8,824.27","1,224.67","51,504.86"
02/08/2025 21:00,"13,907.13","1,627.69","7,143.45","1,495.19","12,159.28","4,131.28","8,485.80","1,222.97","50,172.79"
02/08/2025 22:00,"13,634.17","1,512.52","7,126.35","1,483.28","11,775.96","3,982.03","8,102.43","1,163.27","48,780.01"
02/08/2025 23:00,"13,271.75","1,430.44","7,096.25","1,464.44","11,278.76","3,820.48","7,708.67","1,120.10","47,190.89"
02/08/2025 24:00,"12,754.44","1,277.09","6,937.53","1,440.72","10,715.09","3,764.08","7,139.65","1,082.85","45,111.45"
02/09/2025 01:00,"12,252.99","1,237.23","6,958.09","1,426.01","10,281.16","3,583.30","6,662.08","1,039.09","43,439.97"
02/09/2025 02:00,"11,880.59","1,211.43","6,986.35","1,423.04","9,970.23","3,448.66","6,304.98","1,022.33","42,247.60"
02/09/2025 03:00,"11,561.89","1,165.80","7,054.09","1,423.93","9,818.59","3,320.32","6,039.50","1,020.73","41,404.86"
02/09/2025 04:00,"11,399.35","1,135.65","6,972.71","1,439.20","9,749.78","3,254.55","5,860.60","1,016.58","40,828.43"
02/09/2025 05:00,"11,234.27","1,115.51","7,087.72","1,456.98","9,753.64","3,228.54","5,779.54","1,021.30","40,677.51"
02/09/2025 06:00,"11,205.08","1,119.52","7,148.70","1,490.97","10,004.58","3,232.38","5,778.57","1,031.28","41,011.09"
02/09/2025 07:00,"11,223.80","1,164.61","7,072.50","1,527.30","10,427.26","3,245.01","5,889.34","1,069.17","41,619.00"
02/09/2025 08:00,"11,180.71","1,232.38","7,053.56","1,579.44","11,064.88","3,281.83","6,066.58","1,112.40","42,571.78"
02/09/2025 09:00,"11,547.21","1,315.05","7,154.28","1,622.80","11,830.75","3,385.67","6,340.76","1,141.95","44,338.48"
02/09/2025 10:00,"12,057.22","1,373.42","7,276.26","1,652.59","12,601.29","3,588.56","6,678.86","1,172.31","46,400.52"
02/09/2025 11:00,"12,633.92","1,412.84","7,344.05","1,643.43","13,051.35","3,787.15","6,883.56","1,180.40","47,936.70"
02/09/2025 12:00,"13,246.12","1,443.00","7,351.36","1,637.34","13,290.28","3,978.97","6,986.90","1,185.11","49,119.08"
02/09/2025 13:00,"13,860.99","1,450.39","7,322.13","1,627.24","13,458.94","4,164.06","7,001.72","1,190.87","50,076.34"
02/09/2025 14:00,"14,392.62","1,501.03","7,297.27","1,608.70","13,575.88","4,345.23","6,996.19","1,197.91","50,914.82"
02/09/2025 15:00,"14,791.92","1,509.16","7,254.89","1,591.52","13,678.18","4,464.07","6,992.13","1,190.90","51,472.77"
02/09/2025 16:00,"15,048.65","1,519.20","7,274.95","1,580.40","13,889.61","4,490.72","7,037.12","1,194.99","52,035.64"
02/09/2025 17:00,"15,004.35","1,546.46","7,274.49","1,590.36","14,187.08","4,523.95","7,177.15","1,215.76","52,519.62"
02/09/2025 18:00,"14,651.37","1,548.33","7,237.88","1,603.76","14,412.85","4,329.29","7,272.08","1,240.58","52,296.14"
02/09/2025 19:00,"14,318.63","1,570.55","7,088.19","1,608.96","14,563.18","4,266.62","7,282.47","1,264.66","51,963.25"
02/09/2025 20:00,"13,812.40","1,545.50","7,041.51","1,598.85","14,414.65","4,220.50","7,200.64","1,272.84","51,106.88"
02/09/2025 21:00,"13,470.85","1,527.63","7,189.70","1,593.93","14,360.66","4,104.27","7,125.19","1,267.54","50,639.76"
02/09/2025 22:00,"13,154.59","1,524.35","6,917.55","1,573.04","14,260.00","4,014.93","7,020.08","1,256.28","49,720.81"
02/09/2025 23:00,"12,657.02","1,468.22","6,912.67","1,520.38","13,747.01","3,938.59","6,792.71","1,231.75","48,268.35"
02/09/2025 24:00,"11,897.10","1,365.06","7,023.42","1,511.50","12,865.56","3,615.53","6,328.09","1,181.14","45,787.39"
02/10/2025 01:00,"11,315.09","1,279.50","7,013.88","1,516.29","12,278.96","3,434.75","6,015.20","1,121.42","43,975.08"
02/10/2025 02:00,"10,859.92","1,209.77","6,922.46","1,509.93","11,946.87","3,288.90","5,840.73","1,109.92","42,688.49"
02/10/2025 03:00,"10,589.12","1,264.09","6,911.24","1,509.89","11,821.44","3,148.17","5,765.19","1,113.63","42,122.77"
02/10/2025 04:00,"10,482.48","1,272.18","7,051.21","1,521.04","11,906.15","3,129.80","5,798.17","1,121.70","42,282.73"
02/10/2025 05:00,"10,609.90","1,315.64","6,676.94","1,552.23","12,278.41","3,138.18","5,969.94","1,143.54","42,684.79"
02/10/2025 06:00,"11,058.17","1,431.60","6,722.48","1,582.74","13,212.28","3,242.32","6,347.09","1,206.67","44,803.35"
02/10/2025 07:00,"11,671.48","1,601.02","6,780.40","1,633.75","14,677.35","3,438.69","7,066.62","1,308.44","48,177.75"
02/10/2025 08:00,"11,969.12","1,669.91","6,970.19","1,704.01","15,542.68","3,519.24","7,508.54","1,361.33","50,245.03"
02/10/2025 09:00,"12,102.60","1,692.19","6,784.52","1,710.68","15,807.68","3,566.48","7,693.07","1,366.80","50,724.01"
02/10/2025 10:00,"12,135.59","1,715.18","6,800.29","1,683.55","15,901.89","3,589.64","7,813.81","1,352.44","50,992.40"
02/10/2025 11:00,"12,354.08","1,752.57","6,909.15","1,775.46","16,156.96","3,684.35","7,904.24","1,348.02","51,884.84"
02/10/2025 12:00,"12,532.57","1,784.87","7,064.00","1,781.05","16,215.56","3,801.69","7,910.60","1,364.22","52,454.57"
02/10/2025 13:00,"12,757.21","1,797.94","7,045.89","1,767.71","16,192.23","3,997.75","7,889.80","1,383.60","52,832.14"
02/10/2025 14:00,"13,008.33","1,774.34","6,992.27","1,708.53","16,039.72","4,111.09","7,850.63","1,350.33","52,835.25"
02/10/2025 15:00,"13,114.33","1,763.74","6,844.34","1,657.52","15,837.45","4,116.34","7,790.72","1,351.37","52,475.81"
02/10/2025 16:00,"13,139.37","1,754.56","6,767.77","1,654.16","15,831.38","4,089.22","7,817.61","1,356.46","52,410.52"
02/10/2025 17:00,"13,001.35","1,783.40","6,729.53","1,654.80","16,069.89","4,182.89","7,965.63","1,389.54","52,777.02"
02/10/2025 18:00,"13,014.46","1,820.36","6,680.25","1,674.45","16,552.54","4,122.73","8,233.25","1,391.07","53,489.12"
02/10/2025 19:00,"13,196.58","1,924.45","6,638.41","1,705.78","16,944.26","4,158.97","8,528.36","1,413.23","54,510.04"
02/10/2025 20:00,"13,111.96","1,908.57","6,764.49","1,730.74","16,805.94","4,109.51","8,561.91","1,415.86","54,408.98"
02/10/2025 21:00,"12,933.86","1,867.13","6,791.64","1,748.58","16,471.29","4,079.17","8,352.61","1,423.77","53,668.06"
02/10/2025 22:00,"12,652.43","1,779.23","7,043.96","1,740.46","15,828.05","3,976.55","8,018.96","1,345.17","52,384.82"
02/10/2025 23:00,"12,080.43","1,653.70","7,232.95","1,704.14","14,789.24","3,860.49","7,498.67","1,271.93","50,091.55"
02/10/2025 24:00,"11,493.29","1,496.93","7,301.50","1,670.27","13,882.96","3,659.51","7,016.74","1,214.97","47,736.17"
02/11/2025 01:00,"11,066.65","1,470.71","7,357.88","1,629.90","13,348.02","3,456.83","6,687.74","1,190.79","46,208.51"
02/11/2025 02:00,"10,802.25","1,428.14","7,334.87","1,595.38","12,954.43","3,328.72","6,483.53","1,181.81","45,109.14"
02/11/2025 03:00,"10,570.13","1,407.67","6,987.17","1,529.81","12,759.24","3,244.56","6,357.34","1,162.77","44,018.69"
02/11/2025 04:00,"10,590.24","1,435.93","6,918.08","1,569.20","12,891.29","3,235.23","6,357.73","1,163.01","44,160.70"
02/11/2025 05:00,"10,813.86","1,459.49","6,909.13","1,624.37","13,303.26","3,273.64","6,510.35","1,179.26","45,073.36"
02/11/2025 06:00,"11,324.21","1,590.98","6,970.23","1,676.87","14,224.31","3,353.36","6,858.03","1,228.25","47,226.24"
02/11/2025 07:00,"12,011.58","1,742.71","7,151.43","1,761.49","15,513.11","3,591.78","7,489.20","1,311.61","50,572.91"
02/11/2025 08:00,"12,367.27","1,818.40","7,183.18","1,823.32","16,264.94","3,635.83","7,800.54","1,344.71","52,238.18"
02/11/2025 09:00,"12,662.94","1,855.41","7,179.90","1,836.90","16,352.30","3,598.90","7,828.89","1,324.47","52,639.71"
02/11/2025 10:00,"12,882.92","1,862.21","7,226.07","1,840.06","16,437.56","3,600.54","7,870.42","1,312.81","53,032.59"
02/11/2025 11:00,"12,778.77","1,857.28","7,222.92","1,825.21","16,426.19","3,787.40","7,905.78","1,295.20","53,098.76"
02/11/2025 12:00,"12,672.34","1,862.69","7,201.93","1,842.31","16,442.99","3,855.57","7,932.85","1,276.01","53,086.68"
02/11/2025 13:00,"12,658.06","1,858.27","7,255.08","1,834.19","16,317.34","3,954.77","7,975.34","1,257.20","53,110.25"
02/11/2025 14:00,"12,651.94","1,870.26","7,168.96","1,823.65","16,048.12","4,075.75","7,963.86","1,251.80","52,854.33"
02/11/2025 15:00,"12,643.87","1,876.25","7,068.70","1,820.33","16,002.75","4,036.00","7,920.56","1,251.90","52,620.36"
02/11/2025 16:00,"12,690.06","1,856.28","7,037.55","1,826.31","16,022.02","4,082.59","7,941.96","1,264.85","52,721.62"
02/11/2025 17:00,"12,608.29","1,911.43","6,987.02","1,843.08","16,283.46","4,333.99","8,109.08","1,326.81","53,403.15"
02/11/2025 18:00,"12,648.99","1,974.62","6,917.56","1,863.61","16,665.21","4,357.22","8,382.91","1,328.30","54,138.42"
02/11/2025 19:00,"12,773.64","2,035.02","6,900.78","1,906.34","17,190.56","4,392.36","8,705.22","1,385.10","55,289.02"
02/11/2025 20:00,"12,698.57","2,023.72","7,020.04","1,910.59","17,186.89","4,279.33","8,735.47","1,406.63","55,261.23"
02/11/2025 21:00,"12,532.13","1,996.27","7,045.47","1,899.54","16,917.29","4,122.30","8,616.94","1,390.47","54,520.41"
02/11/2025 22:00,"12,207.45","1,904.48","7,036.41","1,862.81","16,259.58","4,103.46","8,309.70","1,339.17","53,023.06"
02/11/2025 23:00,"11,707.34","1,805.85","7,051.32","1,817.54","15,388.14","3,967.36","7,855.13","1,282.41","50,875.10"
02/11/2025 24:00,"11,164.02","1,678.63","7,075.99","1,770.96","14,587.39","3,749.29","7,423.89","1,233.22","48,683.40"
02/12/2025 01:00,"10,739.70","1,601.66","7,074.92","1,513.85","14,000.10","3,543.32","7,080.10","1,199.56","46,753.22"
02/12/2025 02:00,"10,522.47","1,553.41","6,876.95","1,347.21","13,670.44","3,412.89","6,898.50","1,203.60","45,485.45"
02/12/2025 03:00,"10,456.57","1,569.73","6,684.44","1,420.99","13,661.90","3,363.28","6,788.16","1,214.75","45,159.83"
02/12/2025 04:00,"10,413.42","1,570.07","6,579.84","1,360.13","13,942.95","3,225.58","6,771.87","1,225.90","45,089.76"
02/12/2025 05:00,"10,524.51","1,580.76","6,572.35","1,370.52","14,189.17","3,244.19","6,906.51","1,216.05","45,604.06"
02/12/2025 06:00,"10,965.83","1,656.88","6,528.50","1,401.23","14,793.62","3,291.79","7,293.11","1,260.34","47,191.30"
02/12/2025 07:00,"11,701.43","1,813.14","6,556.40","1,490.39","16,218.37","3,549.66","7,911.24","1,356.32","50,596.97"
02/12/2025 08:00,"12,049.84","1,868.58","6,504.47","1,524.25","16,925.21","3,664.09","8,184.21","1,397.50","52,118.16"
02/12/2025 09:00,"12,316.46","1,868.61","6,563.34","1,689.12","16,909.42","3,717.90","8,186.18","1,365.64","52,616.68"
02/12/2025 10:00,"12,671.75","1,895.96","7,056.79","1,924.28","16,974.38","3,831.73","8,149.03","1,340.77","53,844.69"
02/12/2025 11:00,"12,962.04","1,896.82","7,106.66","1,933.97","17,107.90","4,019.92","8,024.95","1,318.47","54,370.73"
02/12/2025 12:00,"12,929.22","1,869.74","7,091.77","1,923.66","17,097.17","4,187.28","7,809.55","1,304.09","54,212.47"
02/12/2025 13:00,"12,755.70","1,865.97","7,034.53","1,908.75","16,754.60","4,252.59","7,612.86","1,284.57","53,469.58"
02/12/2025 14:00,"12,671.16","1,839.15","7,060.03","1,902.64","16,261.63","4,421.53","7,530.14","1,276.29","52,962.59"
02/12/2025 15:00,"12,509.28","1,785.34","6,956.82","1,908.62","16,142.59","4,616.08","7,492.96","1,264.62","52,676.32"
02/12/2025 16:00,"12,365.86","1,777.28","7,036.95","1,939.84","16,435.32","4,734.17","7,516.00","1,282.69","53,088.10"
02/12/2025 17:00,"12,349.16","1,826.72","7,093.91","1,998.80","17,070.48","4,748.50","7,733.82","1,360.45","54,181.84"
02/12/2025 18:00,"12,525.42","1,925.67","6,991.83","1,939.50","17,926.05","4,635.34","8,073.82","1,401.89","55,419.53"
02/12/2025 19:00,"12,784.75","2,051.12","6,913.33","1,947.62","18,956.23","4,580.24","8,590.43","1,493.85","57,317.58"
02/12/2025 20:00,"12,744.76","2,085.13","7,001.15","1,885.34","19,394.25","4,521.57","8,870.81","1,494.48","57,997.48"
02/12/2025 21:00,"12,574.87","2,090.21","7,063.32","1,862.15","19,561.52","4,394.67","8,931.68","1,515.84","57,994.27"
02/12/2025 22:00,"12,286.24","2,062.03","7,064.73","1,813.78","19,435.55","4,162.75","8,815.68","1,500.03","57,140.80"
02/12/2025 23:00,"11,800.46","1,972.65","7,131.94","1,767.75","18,787.23","3,872.22","8,526.28","1,502.12","55,360.64"
02/12/2025 24:00,"11,409.92","1,854.49","7,135.52","1,813.07","18,262.96","3,570.17","8,247.73","1,570.98","53,864.84"
02/13/2025 01:00,"10,967.17","1,916.66","7,044.76","1,716.36","18,188.70","3,333.40","8,073.60","1,554.79","52,795.42"
02/13/2025 02:00,"10,749.55","1,916.17","7,065.03","1,717.79","18,212.82","3,157.19","8,040.37","1,504.05","52,362.97"
02/13/2025 03:00,"10,640.34","1,935.25","7,066.19","1,719.81","18,496.26","3,080.56","8,161.22","1,457.44","52,557.06"
02/13/2025 04:00,"10,658.21","1,971.36","6,999.17","1,748.49","18,831.57","3,066.39","8,345.06","1,483.50","53,103.74"
02/13/2025 05:00,"10,990.00","2,063.41","6,947.18","1,787.84","19,434.28","3,067.12","8,726.42","1,538.94","54,555.19"
02/13/2025 06:00,"11,729.58","2,217.62","6,892.87","1,848.34","20,825.38","3,223.82","9,391.11","1,608.49","57,737.20"
02/13/2025 07:00,"12,716.69","2,436.00","7,056.92","1,963.50","22,515.19","3,536.44","10,365.15","1,729.03","62,318.92"
02/13/2025 08:00,"13,160.78","2,551.33","7,041.71","2,071.09","23,082.28","3,776.17","10,871.01","1,810.77","64,365.14"
02/13/2025 09:00,"13,517.26","2,529.97","7,161.75","2,127.06","22,747.94","3,729.49","10,910.35","1,787.11","64,510.93"
02/13/2025 10:00,"13,697.85","2,512.90","7,453.83","2,196.91","21,727.94","3,757.83","10,755.46","1,722.06","63,824.77"
02/13/2025 11:00,"13,644.22","2,371.56","7,508.33","2,121.64","20,743.27","3,805.95","10,490.23","1,650.03","62,335.23"
02/13/2025 12:00,"13,444.77","2,257.04","7,455.86","2,032.52","19,714.95","3,730.01","10,070.24","1,561.34","60,266.73"
02/13/2025 13:00,"13,192.96","2,151.25","7,417.52","1,937.92","18,577.80","3,798.97","9,666.87","1,481.65","58,224.93"
02/13/2025 14:00,"13,020.24","2,044.26","7,375.26","1,869.79","17,693.11","3,825.12","9,456.92","1,430.06","56,714.75"
02/13/2025 15:00,"12,803.19","1,971.16","7,386.97","1,823.84","17,029.58","3,778.09","9,197.71","1,407.86","55,398.40"
02/13/2025 16:00,"12,719.96","1,949.04","7,451.20","1,807.19","16,984.55","3,831.41","9,087.31","1,413.96","55,244.63"
02/13/2025 17:00,"12,723.53","1,997.05","7,499.40","1,813.80","17,495.54","3,989.01","9,247.88","1,446.79","56,213.01"
02/13/2025 18:00,"12,901.94","2,095.97","7,465.34","1,850.44","18,248.27","4,162.93","9,658.46","1,484.38","57,867.74"
02/13/2025 19:00,"13,342.69","2,242.66","7,375.89","1,919.88","19,196.30","4,386.15","10,118.25","1,539.38","60,121.21"
02/13/2025 20:00,"13,423.79","2,300.66","7,309.58","1,951.03","19,448.18","4,481.99","10,265.83","1,575.11","60,756.18"
02/13/2025 21:00,"13,289.96","2,295.83","7,282.58","1,952.53","19,376.83","4,493.47","10,203.51","1,573.25","60,467.97"
02/13/2025 22:00,"13,005.82","2,254.12","7,259.25","1,922.64","18,864.77","4,422.31","9,979.04","1,552.62","59,260.56"
02/13/2025 23:00,"12,599.23","2,178.04","7,280.39","1,880.16","18,021.90","4,216.20","9,536.22","1,503.53","57,215.66"
02/13/2025 24:00,"12,211.06","2,106.80","7,110.44","1,849.40","17,286.74","4,000.63","9,151.66","1,468.01","55,184.73"
02/14/2025 01:00,"11,907.01","2,009.39","7,062.78","1,832.69","16,711.65","3,895.70","8,928.82","1,428.70","53,776.73"
02/14/2025 02:00,"11,708.97","1,914.88","7,114.69","1,818.03","16,185.08","3,794.24","8,842.33","1,423.30","52,801.51"
02/14/2025 03:00,"11,624.84","1,878.93","7,184.39","1,815.71","15,956.29","3,636.72","8,838.73","1,439.20","52,374.80"
02/14/2025 04:00,"11,644.74","1,870.59","7,078.09","1,814.90","15,921.25","3,702.49","8,838.21","1,456.43","52,326.70"
02/14/2025 05:00,"11,883.08","1,949.08","7,070.86","1,828.71","16,225.12","3,798.51","9,025.45","1,483.56","53,264.38"
02/14/2025 06:00,"12,446.27","2,045.08","7,074.44","1,867.11","17,060.63","4,002.73","9,499.95","1,536.03","55,532.23"
02/14/2025 07:00,"13,164.88","2,190.30","7,111.81","1,936.51","18,156.97","4,344.43","10,219.79","1,626.92","58,751.62"
02/14/2025 08:00,"13,512.78","2,235.91","7,121.10","1,969.40","18,634.12","4,441.07","10,471.53","1,656.50","60,042.39"
02/14/2025 09:00,"13,708.41","2,228.89","7,097.28","1,943.74","18,187.60","4,404.84","10,358.84","1,612.18","59,541.77"
02/14/2025 10:00,"13,884.08","2,132.90","7,195.62","1,883.42","17,357.08","4,394.53","10,185.90","1,555.80","58,589.33"
02/14/2025 11:00,"14,063.55","2,075.06","7,159.59","1,837.04","16,724.65","4,228.49","9,934.42","1,504.30","57,527.10"
02/14/2025 12:00,"13,929.13","1,995.50","7,084.89","1,798.32","15,969.14","4,244.32","9,628.82","1,438.16","56,088.29"
02/14/2025 13:00,"13,724.53","1,903.05","7,051.02","1,754.15","15,220.60","4,184.92","9,300.19","1,367.58","54,506.05"
02/14/2025 14:00,"13,583.15","1,838.17","7,031.03","1,724.79","14,860.41","4,045.17","9,126.43","1,310.49","53,519.63"
02/14/2025 15:00,"13,346.52","1,853.27","7,042.43","1,703.42","15,014.65","3,933.78","8,920.23","1,258.06","53,072.35"
02/14/2025 16:00,"13,239.43","1,816.95","7,056.81","1,678.73","15,062.66","3,813.15","8,763.27","1,233.07","52,664.06"
02/14/2025 17:00,"13,202.18","1,882.18","7,038.19","1,658.83","15,235.51","3,905.00","8,799.14","1,248.58","52,969.60"
02/14/2025 18:00,"13,367.73","1,943.08","7,067.03","1,666.56","15,638.02","3,913.36","8,978.38","1,251.97","53,826.13"
02/14/2025 19:00,"13,507.45","1,955.29","7,017.37","1,701.23","15,997.38","4,155.34","9,158.56","1,285.23","54,777.83"
02/14/2025 20:00,"13,391.04","1,968.85","6,968.20","1,707.32","15,949.36","4,187.52","9,083.66","1,323.31","54,579.26"
02/14/2025 21:00,"13,178.03","1,946.10","6,996.61","1,696.24","15,730.14","4,066.04","8,886.64","1,325.09","53,824.89"
02/14/2025 22:00,"12,897.61","1,908.19","7,022.41","1,672.08","15,393.50","3,966.31","8,659.20","1,297.57","52,816.87"
02/14/2025 23:00,"12,445.24","1,791.10","6,985.01","1,625.79","14,718.06","3,890.57","8,280.78","1,267.81","51,004.36"
02/14/2025 24:00,"11,965.97","1,708.89","6,959.84","1,584.14","14,114.09","3,754.52","7,886.60","1,262.20","49,236.24"
02/15/2025 01:00,"11,517.66","1,657.17","7,144.17","1,552.46","13,492.20","3,617.34","7,547.24","1,157.44","47,685.67"
02/15/2025 02:00,"11,209.91","1,587.34","7,178.41","1,531.08","13,118.84","3,527.25","7,296.31","1,132.15","46,581.28"
02/15/2025 03:00,"10,894.49","1,567.27","7,252.81","1,514.69","12,808.96","3,450.19","7,141.45","1,122.40","45,752.26"
02/15/2025 04:00,"10,649.36","1,524.68","7,258.65","1,503.00","12,592.46","3,365.00","7,082.50","1,114.19","45,089.84"
02/15/2025 05:00,"10,601.67","1,529.62","7,299.58","1,512.26","12,669.80","3,269.33","7,105.54","1,125.38","45,113.19"
02/15/2025 06:00,"10,664.94","1,532.58","7,327.14","1,533.10","12,895.01","3,385.74","7,221.72","1,148.00","45,708.23"
02/15/2025 07:00,"10,922.29","1,550.27","7,303.30","1,567.09","13,249.28","3,471.38","7,459.54","1,184.11","46,707.27"
02/15/2025 08:00,"11,100.15","1,612.78","7,234.82","1,588.92","13,646.33","3,505.98","7,697.10","1,210.49","47,596.56"
02/15/2025 09:00,"11,492.56","1,605.45","7,197.99","1,603.16","14,183.91","3,541.71","7,912.92","1,226.87","48,764.56"
02/15/2025 10:00,"11,857.94","1,644.69","7,188.99","1,609.42","14,564.53","3,581.69","8,014.98","1,208.76","49,671.00"
02/15/2025 11:00,"12,145.52","1,597.92","7,314.41","1,578.97","14,680.19","3,492.47","8,005.22","1,177.73","49,992.43"
02/15/2025 12:00,"12,388.42","1,608.26","7,132.76","1,547.24","14,224.66","3,567.95","7,897.09","1,124.99","49,491.38"
02/15/2025 13:00,"12,572.79","1,542.91","7,055.70","1,524.42","13,422.89","3,541.27","7,536.27","1,095.20","48,291.44"
02/15/2025 14:00,"12,704.45","1,561.07","7,060.92","1,521.55","12,638.38","3,701.49","6,986.02","1,073.37","47,247.25"
02/15/2025 15:00,"12,725.27","1,527.19","7,069.15","1,503.80","12,112.49","3,773.90","6,731.72","1,070.51","46,514.03"
02/15/2025 16:00,"12,666.93","1,485.16","7,035.77","1,501.05","11,950.03","3,856.39","6,716.73","1,074.41","46,286.46"
02/15/2025 17:00,"12,589.13","1,449.61","6,977.53","1,532.82","12,048.96","3,896.58","6,802.75","1,096.59","46,393.97"
02/15/2025 18:00,"12,512.01","1,458.39","6,940.03","1,589.00","12,364.58","3,855.32","6,983.21","1,165.34","46,867.87"
02/15/2025 19:00,"12,546.57","1,532.81","7,060.45","1,680.78","13,150.89","3,775.24","7,223.82","1,247.10","48,217.67"
02/15/2025 20:00,"12,321.02","1,566.20","7,317.61","1,707.55","13,638.47","3,735.37","7,283.18","1,268.05","48,837.45"
02/15/2025 21:00,"12,085.49","1,554.18","7,355.78","1,709.85","14,063.18","3,631.44","7,188.46","1,273.14","48,861.53"
02/15/2025 22:00,"11,832.24","1,593.45","7,336.33","1,726.22","14,464.00","3,538.62","7,048.07","1,275.24","48,814.17"
02/15/2025 23:00,"11,420.54","1,575.44","7,318.01","1,695.15","14,633.95","3,422.71","6,861.09","1,259.08","48,185.96"
02/15/2025 24:00,"10,996.41","1,568.76","7,216.09","1,669.78","14,805.54","3,407.90","6,670.99","1,246.32","47,581.78"
02/16/2025 01:00,"10,628.16","1,604.88","7,218.28","1,700.76","14,888.75","3,255.48","6,515.29","1,308.81","47,120.40"
02/16/2025 02:00,"10,446.24","1,636.10","7,181.28","1,724.67","15,069.85","3,175.77","6,461.93","1,332.23","47,028.07"
02/16/2025 03:00,"10,346.12","1,620.91","7,210.79","1,745.53","15,372.88","3,097.59","6,536.67","1,360.83","47,291.33"
02/16/2025 04:00,"10,368.09","1,732.16","7,126.43","1,764.86","15,789.14","3,070.02","6,722.85","1,399.09","47,972.64"
02/16/2025 05:00,"10,499.37","1,781.98","7,203.17","1,792.88","16,271.68","3,086.79","7,021.71","1,443.16","49,100.74"
02/16/2025 06:00,"10,790.20","1,898.33","7,284.06","1,819.14","16,881.43","3,147.22","7,491.73","1,494.15","50,806.26"
02/16/2025 07:00,"11,232.65","2,028.14","7,366.83","1,857.81","17,682.36","3,256.98","8,104.07","1,576.80","53,105.62"
02/16/2025 08:00,"11,618.32","2,160.76","7,448.77","1,888.20","18,403.99","3,362.27","8,717.23","1,603.86","55,203.39"
02/16/2025 09:00,"12,095.36","2,222.39","7,533.75","1,905.11","18,490.75","3,451.07","8,970.44","1,598.43","56,267.31"
02/16/2025 10:00,"12,401.01","2,221.21","7,520.61","1,887.88","18,046.16","3,501.26","8,875.98","1,536.78","55,990.89"
02/16/2025 11:00,"12,447.19","2,113.52","7,507.38","1,836.63","17,301.12","3,470.99","8,544.40","1,458.06","54,679.30"
02/16/2025 12:00,"12,348.99","1,996.21","7,536.11","1,789.98","16,567.65","3,416.36","8,140.03","1,416.84","53,212.17"
02/16/2025 13:00,"12,184.77","1,891.22","7,526.38","1,746.88","15,859.29","3,358.79","7,759.83","1,382.91","51,710.08"
02/16/2025 14:00,"11,968.09","1,778.53","7,521.63","1,685.03","15,162.68","3,326.37","7,410.03","1,331.99","50,184.35"
02/16/2025 15:00,"11,764.95","1,737.20","7,481.67","1,633.93","14,545.35","3,304.56","7,161.32","1,292.52","48,921.49"
02/16/2025 16:00,"11,706.35","1,693.47","7,494.01","1,605.87","14,204.89","3,286.68","7,038.75","1,244.46","48,274.49"
02/16/2025 17:00,"11,706.23","1,691.11","7,479.01","1,602.08","14,228.28","3,343.12","7,187.91","1,199.47","48,437.22"
02/16/2025 18:00,"11,943.67","1,795.23","7,467.02","1,649.93","14,926.94","3,326.64","7,537.18","1,208.07","49,854.67"
02/16/2025 19:00,"12,576.21","1,972.59","7,325.61","1,732.22","16,123.61","3,620.99","8,155.04","1,278.71","52,784.98"
02/16/2025 20:00,"12,826.37","2,056.16","7,255.75","1,763.14","16,657.02","3,838.41","8,517.82","1,339.38","54,254.04"
02/16/2025 21:00,"12,923.03","2,101.14","7,236.07","1,794.03","16,978.07","3,859.31","8,632.31","1,363.97","54,887.94"
02/16/2025 22:00,"12,934.30","2,105.94","7,053.19","1,800.94","16,995.59","3,848.97","8,621.88","1,382.18","54,742.99"
02/16/2025 23:00,"12,588.21","1,996.67","7,021.19","1,775.39","16,689.85","3,779.99","8,459.85","1,363.77","53,674.92"
02/16/2025 24:00,"12,194.17","1,991.24","7,142.07","1,745.85","16,269.17","3,554.57","8,259.29","1,347.54","52,503.89"
02/17/2025 01:00,"12,015.82","1,996.05","7,118.69","1,742.85","16,056.22","3,521.06","8,190.13","1,335.85","51,976.67"
02/17/2025 02:00,"11,926.83","2,021.68","7,081.10","1,751.70","16,123.72","3,472.98","8,199.45","1,353.62","51,931.09"
02/17/2025 03:00,"11,974.87","2,065.65","7,104.17","1,763.45","16,392.03","3,427.67","8,321.75","1,378.78","52,428.36"
02/17/2025 04:00,"12,105.50","2,135.56","7,165.12","1,782.95","16,720.02","3,496.40","8,506.52","1,405.12","53,317.20"
02/17/2025 05:00,"12,535.69","2,205.11","6,988.48","1,825.99","17,376.93","3,631.80","8,871.18","1,452.27","54,887.44"
02/17/2025 06:00,"13,182.03","2,341.94","7,013.67","1,887.59","18,381.63","3,858.27","9,455.27","1,522.78","57,643.18"
02/17/2025 07:00,"13,895.02","2,516.38","7,135.39","1,965.75","19,587.44","4,228.44","10,183.67","1,606.38","61,118.47"
02/17/2025 08:00,"14,259.71","2,576.63","7,195.41","2,007.25","20,178.00","4,369.94","10,577.24","1,638.75","62,802.92"
02/17/2025 09:00,"14,259.62","2,492.32","7,065.86","1,981.30","19,569.61","4,259.56","10,170.18","1,589.90","61,388.37"
02/17/2025 10:00,"14,115.29","2,330.93","7,095.09","1,922.07","18,515.62","4,035.83","9,523.29","1,504.21","59,042.34"
02/17/2025 11:00,"13,829.96","2,159.30","7,035.09","1,866.77","17,543.10","3,820.36","9,018.24","1,407.95","56,680.77"
02/17/2025 12:00,"13,423.44","2,002.18","7,010.32","1,792.44","16,553.57","3,608.00","8,504.12","1,316.04","54,210.09"
02/17/2025 13:00,"13,061.11","1,871.35","6,970.60","1,722.16","15,707.66","3,532.41","8,009.76","1,256.55","52,131.60"
02/17/2025 14:00,"12,782.62","1,732.65","6,918.32","1,659.53","14,857.33","3,554.26","7,600.07","1,207.46","50,312.25"
02/17/2025 15:00,"12,682.00","1,638.73","6,901.62","1,617.05","14,306.75","3,472.85","7,355.12","1,177.48","49,151.60"
02/17/2025 16:00,"12,574.41","1,603.28","6,873.04","1,589.84","13,884.49","3,374.03","7,358.50","1,151.17","48,408.74"
02/17/2025 17:00,"12,555.52","1,623.98","6,901.24","1,589.26","13,879.78","3,512.07","7,451.13","1,155.46","48,668.43"
02/17/2025 18:00,"12,797.58","1,696.03","6,877.30","1,615.70","14,453.01","3,590.33","7,666.12","1,181.44","49,877.52"
02/17/2025 19:00,"13,243.79","1,841.45","6,797.19","1,688.82","15,414.81","3,781.22","8,098.86","1,240.60","52,106.74"
02/17/2025 20:00,"13,399.65","1,925.67","6,869.23","1,732.17","15,988.21","3,840.90","8,257.63","1,290.66","53,304.11"
02/17/2025 21:00,"13,298.95","1,938.62","6,858.04","1,736.23","15,844.35","3,833.24","8,121.76","1,294.18","52,925.37"
02/17/2025 22:00,"12,980.07","1,891.85","6,930.71","1,711.03","15,410.46","3,716.08","7,856.08","1,268.32","51,764.60"
02/17/2025 23:00,"12,340.02","1,788.41","7,037.23","1,653.07","14,440.02","3,597.22","7,399.19","1,212.66","49,467.82"
02/17/2025 24:00,"11,784.15","1,657.28","7,053.10","1,610.47","13,629.29","3,416.58","6,952.02","1,164.76","47,267.65"
02/18/2025 01:00,"11,351.09","1,615.80","7,132.95","1,577.96","13,042.71","3,260.35","6,641.04","1,114.84","45,736.74"
02/18/2025 02:00,"11,100.95","1,534.58","7,176.30","1,560.14","12,627.17","3,144.76","6,451.57","1,093.50","44,688.97"
02/18/2025 03:00,"10,973.98","1,496.01","7,121.59","1,565.31","12,433.68","3,090.25","6,334.64","1,090.20","44,105.66"
02/18/2025 04:00,"10,932.34","1,501.47","7,084.40","1,578.07","12,431.22","3,063.13","6,308.77","1,091.49","43,990.90"
02/18/2025 05:00,"11,141.42","1,579.54","7,073.28","1,615.67","12,762.25","3,111.53","6,469.65","1,112.31","44,865.64"
02/18/2025 06:00,"11,717.92","1,696.77","7,148.96","1,697.25","13,686.98","3,235.88","6,878.83","1,166.60","47,229.18"
02/18/2025 07:00,"12,406.80","1,872.18","7,230.35","1,807.47","14,966.88","3,540.68","7,524.22","1,255.52","50,604.11"
02/18/2025 08:00,"12,635.97","1,898.27","7,309.94","1,887.26","15,520.05","3,585.36","7,739.86","1,290.82","51,867.54"
02/18/2025 09:00,"12,743.53","1,909.63","7,190.15","1,935.62","15,412.23","3,526.03","7,770.28","1,288.58","51,776.04"
02/18/2025 10:00,"12,823.98","1,875.17","7,246.88","1,983.76","15,492.60","3,475.03","7,667.57","1,296.60","51,861.59"
02/18/2025 11:00,"12,764.95","1,870.23","7,253.07","2,014.55","15,504.92","3,564.12","7,546.10","1,293.31","51,811.25"
02/18/2025 12:00,"12,598.95","1,815.51","7,216.96","2,051.11","15,633.63","3,636.85","7,566.43","1,290.88","51,810.33"
02/18/2025 13:00,"12,586.21","1,831.16","7,259.04","2,075.40","15,850.70","3,681.39","7,559.13","1,302.08","52,145.10"
02/18/2025 14:00,"12,673.11","1,817.87","7,264.74","2,088.48","16,161.86","3,837.00","7,507.06","1,326.99","52,677.11"
02/18/2025 15:00,"12,689.51","1,833.57","7,214.69","2,090.63","16,767.70","3,865.27","7,515.46","1,340.33","53,317.14"
02/18/2025 16:00,"12,625.78","1,851.17","7,010.06","2,054.12","17,398.76","3,930.92","7,538.29","1,357.66","53,766.76"
02/18/2025 17:00,"12,701.25","1,924.94","7,134.42","2,158.10","18,755.93","4,174.71","7,670.23","1,421.63","55,941.20"
02/18/2025 18:00,"12,943.37","2,049.72","7,223.92","2,212.98","20,370.98","4,248.93","8,049.80","1,499.33","58,599.03"
02/18/2025 19:00,"13,021.30","2,177.44","7,278.16","2,293.32","21,830.20","4,280.35","8,692.16","1,600.80","61,173.73"
02/18/2025 20:00,"12,919.44","2,279.74","7,390.37","2,308.09","22,710.85","4,160.10","9,180.01","1,672.47","62,621.08"
02/18/2025 21:00,"12,743.11","2,329.01","7,410.89","2,343.58","23,298.41","3,999.12","9,593.65","1,711.51","63,429.28"
02/18/2025 22:00,"12,396.41","2,341.63","7,376.12","2,304.58","23,361.35","3,952.54","9,872.63","1,722.68","63,327.95"
02/18/2025 23:00,"12,030.94","2,335.19","7,380.07","2,262.91","23,043.89","3,782.19","10,034.74","1,715.97","62,585.91"
02/18/2025 24:00,"11,767.31","2,373.68","7,393.55","2,257.90","22,842.48","3,552.86","10,134.34","1,714.52","62,036.64"
02/19/2025 01:00,"11,782.57","2,445.00","7,199.32","2,063.22","22,444.65","3,417.28","10,360.92","1,744.23","61,457.19"
02/19/2025 02:00,"11,810.03","2,510.89","7,058.56","1,903.16","22,502.10","3,346.35","10,704.37","1,766.20","61,601.65"
02/19/2025 03:00,"11,895.15","2,598.41","6,810.33","1,939.72","22,884.02","3,357.76","10,990.97","1,802.65","62,279.04"
02/19/2025 04:00,"12,034.10","2,638.89","6,779.22","1,934.76","23,158.79","3,263.47","11,319.90","1,830.86","62,959.97"
02/19/2025 05:00,"12,560.51","2,777.75","6,800.60","1,943.87","23,704.72","3,394.81","11,733.43","1,865.31","64,780.99"
02/19/2025 06:00,"13,469.15","2,926.85","6,676.99","1,993.37","24,387.80","3,611.67","12,472.93","1,936.15","67,474.92"
02/19/2025 07:00,"14,639.99","3,148.14","6,673.92","2,087.58","25,615.38","4,122.85","13,489.04","2,055.30","71,832.20"
02/19/2025 08:00,"15,401.65","3,282.97","6,543.67","2,108.49","26,506.19","4,496.43","14,059.74","2,108.33","74,507.46"
02/19/2025 09:00,"15,757.78","3,357.05","6,535.83","2,211.84","26,665.07","4,666.83","14,221.22","2,076.91","75,492.52"
02/19/2025 10:00,"16,009.92","3,395.52","6,717.18","2,388.21","26,548.20","4,802.27","14,132.66","2,057.08","76,051.04"
02/19/2025 11:00,"16,414.16","3,402.61","6,942.90","2,443.59","26,645.15","4,942.48","13,925.34","2,052.25","76,768.48"
02/19/2025 12:00,"16,712.70","3,428.79","7,212.55","2,434.91","26,492.32","4,997.84","13,583.92","2,023.68","76,886.70"
02/19/2025 13:00,"16,975.54","3,420.91","7,204.37","2,405.84","26,299.97","4,915.39","13,195.65","1,961.79","76,379.46"
02/19/2025 14:00,"17,118.43","3,390.02","7,305.28","2,351.64","25,880.37","4,866.82","12,788.56","1,871.95","75,573.07"
02/19/2025 15:00,"17,182.64","3,358.92","7,252.89","2,276.56","25,266.69","4,916.68","12,374.33","1,794.27","74,422.97"
02/19/2025 16:00,"17,285.90","3,328.29","7,245.60","2,240.78","24,634.99","4,961.15","12,134.46","1,765.40","73,596.57"
02/19/2025 17:00,"17,565.76","3,343.74","7,275.14","2,246.84","24,095.51","5,103.68","12,248.81","1,766.45","73,645.93"
02/19/2025 18:00,"18,012.67","3,367.09","7,052.20","2,121.87","23,967.03","5,335.78","12,745.60","1,783.32","74,385.56"
02/19/2025 19:00,"18,245.78","3,366.83","6,706.01","2,021.47","24,394.46","5,635.59","13,448.84","1,839.50","75,658.48"
02/19/2025 20:00,"18,372.68","3,385.69","6,723.12","1,960.14","24,823.30","5,827.57","13,787.53","1,887.21","76,767.26"
02/19/2025 21:00,"18,258.02","3,371.28","6,681.68","1,927.08","24,872.81","5,903.24","13,739.91","1,896.88","76,650.91"
02/19/2025 22:00,"17,914.96","3,357.03","6,694.94","1,896.14","24,479.66","5,852.99","13,457.77","1,869.28","75,522.78"
02/19/2025 23:00,"17,429.30","3,267.04","6,798.39","1,864.20","23,709.06","5,708.86","12,956.35","1,833.91","73,567.12"
02/19/2025 24:00,"17,015.15","3,216.82","6,745.03","1,914.87","23,386.16","5,555.01","12,569.88","1,810.28","72,213.19"
02/20/2025 01:00,"16,617.34","3,231.91","6,716.12","1,833.72","23,515.28","5,465.73","12,302.12","1,864.42","71,546.64"
02/20/2025 02:00,"16,340.14","3,241.41","6,774.00","1,850.71","23,462.90","5,400.43","12,304.41","1,869.30","71,243.30"
02/20/2025 03:00,"16,319.89","3,260.96","6,880.73","1,895.14","23,729.43","5,423.93","12,412.16","1,882.30","71,804.54"
02/20/2025 04:00,"16,438.96","3,313.40","6,822.74","1,926.64","24,061.84","5,500.10","12,669.70","1,909.83","72,643.21"
02/20/2025 05:00,"16,719.95","3,384.53","6,666.60","1,964.71","24,679.70","5,579.37","13,072.51","1,952.08","74,019.46"
02/20/2025 06:00,"17,070.12","3,507.45","6,472.67","1,961.47","25,326.82","5,777.90","13,698.72","2,008.63","75,823.79"
02/20/2025 07:00,"17,712.90","3,693.28","6,516.98","2,034.48","26,473.27","6,158.38","14,524.81","2,097.76","79,211.85"
02/20/2025 08:00,"17,889.07","3,696.72","6,458.72","2,151.80","27,055.86","6,356.69","14,799.33","2,116.51","80,524.70"
02/20/2025 09:00,"18,013.03","3,558.60","6,439.86","2,181.60","26,301.22","6,252.75","14,395.13","2,086.29","79,228.49"
02/20/2025 10:00,"17,714.36","3,389.56","6,704.50","2,287.17","25,230.34","6,133.56","13,747.43","2,019.21","77,226.13"
02/20/2025 11:00,"17,223.11","3,198.25","7,008.91","2,287.22","24,234.14","6,003.64","13,145.36","1,933.27","75,033.89"
02/20/2025 12:00,"16,746.23","3,040.84","7,053.57","2,230.32","23,110.41","5,715.93","12,586.38","1,849.23","72,332.91"
02/20/2025 13:00,"16,071.71","2,863.27","7,008.12","2,128.16","21,862.92","5,562.36","12,070.93","1,755.70","69,323.17"
02/20/2025 14:00,"15,515.74","2,698.73","6,990.92","2,048.41","20,725.59","5,366.80","11,665.49","1,691.10","66,702.78"
02/20/2025 15:00,"15,024.39","2,549.20","6,969.13","2,004.97","19,786.67","5,172.01","11,405.29","1,648.43","64,560.08"
02/20/2025 16:00,"14,696.89","2,473.08","6,976.34","1,968.23","19,265.46","5,162.84","11,407.68","1,631.12","63,581.63"
02/20/2025 17:00,"14,622.94","2,485.74","6,951.83","1,966.51","19,394.23","5,315.88","11,677.98","1,656.39","64,071.50"
02/20/2025 18:00,"14,861.34","2,606.07","6,902.72","2,012.75","20,255.64","5,551.06","12,115.76","1,703.45","66,008.78"
02/20/2025 19:00,"15,664.42","2,847.28","6,721.44","2,024.86","21,825.17","5,837.10","12,544.08","1,783.04","69,247.39"
02/20/2025 20:00,"16,055.34","2,965.11","6,544.92","2,080.17","22,545.62","6,024.40","12,642.12","1,834.84","70,692.52"
02/20/2025 21:00,"15,985.04","3,003.82","6,602.99","2,091.17","22,654.01","6,087.96","12,548.60","1,835.93","70,809.53"
02/20/2025 22:00,"15,642.81","2,960.39","6,718.02","2,073.57","22,347.16","6,013.64","12,244.40","1,804.27","69,804.26"
02/20/2025 23:00,"15,189.87","2,885.65","6,749.74","2,046.68","21,644.73","5,788.72","11,784.20","1,761.96","67,851.54"
02/20/2025 24:00,"14,847.72","2,820.55","6,741.66","2,022.38","21,164.51","5,566.26","11,393.41","1,730.89","66,287.39"
02/21/2025 01:00,"14,558.70","2,616.50","6,701.52","2,015.67","21,057.04","5,415.12","11,115.64","1,675.51","65,155.70"
02/21/2025 02:00,"14,405.99","2,600.53","6,726.33","2,013.76","20,835.97","5,344.81","10,958.78","1,673.47","64,559.65"
02/21/2025 03:00,"14,455.71","2,620.46","6,866.18","2,058.30","20,870.61","5,244.74","10,984.63","1,686.90","64,787.52"
02/21/2025 04:00,"14,539.22","2,639.89","6,753.92","2,069.97","20,836.53","5,371.84","11,066.72","1,702.42","64,980.51"
02/21/2025 05:00,"14,847.48","2,677.40","6,800.64","2,092.02","21,138.36","5,501.54","11,284.32","1,741.02","66,082.79"
02/21/2025 06:00,"15,425.15","2,738.33","6,692.23","2,107.34","21,849.77","5,752.90","11,760.67","1,797.46","68,123.85"
02/21/2025 07:00,"16,233.46","2,906.82","6,757.85","2,139.55","22,928.66","6,141.36","12,469.34","1,893.67","71,470.71"
02/21/2025 08:00,"16,546.35","2,934.14","6,781.76","2,195.15","23,295.59","6,225.08","12,716.41","1,923.42","72,617.89"
02/21/2025 09:00,"16,606.43","2,913.26","6,815.06","2,184.16","23,027.06","6,192.15","12,662.01","1,900.19","72,300.32"
02/21/2025 10:00,"16,647.25","2,855.95","7,054.23","2,211.19","22,619.96","6,221.37","12,526.47","1,874.63","72,011.05"
02/21/2025 11:00,"16,694.48","2,806.55","7,224.06","2,186.56","22,170.71","6,116.53","12,261.09","1,836.58","71,296.56"
02/21/2025 12:00,"16,503.60","2,732.44","7,230.45","2,126.50","21,551.57","6,149.78","11,901.37","1,764.19","69,959.90"
02/21/2025 13:00,"16,274.42","2,650.41","7,159.41","2,054.31","20,984.24","6,165.19","11,676.76","1,694.21","68,658.94"
02/21/2025 14:00,"16,116.67","2,589.45","7,133.26","1,998.01","20,477.48","6,080.18","11,385.20","1,624.19","67,404.44"
02/21/2025 15:00,"15,892.86","2,534.08","7,113.02","1,947.85","19,937.25","6,006.84","11,107.02","1,564.95","66,103.86"
02/21/2025 16:00,"15,881.84","2,509.98","7,110.33","1,911.82","19,800.57","5,945.71","11,016.95","1,539.11","65,716.31"
02/21/2025 17:00,"15,913.13","2,525.20","7,128.43","1,905.00","20,064.82","6,078.46","11,200.13","1,568.29","66,383.44"
02/21/2025 18:00,"16,029.07","2,564.76","7,060.15","1,909.19","20,479.36","6,079.56","11,462.63","1,594.37","67,179.08"
02/21/2025 19:00,"16,173.97","2,608.26","6,765.88","1,893.82","20,951.31","6,276.52","11,763.55","1,635.94","68,069.25"
02/21/2025 20:00,"16,170.37","2,608.88","6,877.11","1,939.02","21,041.90","6,364.75","11,829.97","1,674.80","68,506.79"
02/21/2025 21:00,"16,087.73","2,607.20","7,006.88","1,973.22","20,964.48","6,248.80","11,734.32","1,678.68","68,301.31"
02/21/2025 22:00,"15,805.73","2,527.53","7,031.60","1,982.29","20,542.67","6,117.85","11,500.60","1,661.54","67,169.81"
02/21/2025 23:00,"15,320.05","2,449.90","7,043.75","1,935.73","19,772.14","5,987.00","11,148.50","1,623.26","65,280.33"
02/21/2025 24:00,"14,883.49","2,371.28","7,068.76","1,923.84","19,072.74","5,807.36","10,886.95","1,587.65","63,602.08"
02/22/2025 01:00,"14,459.46","2,294.12","7,255.02","1,908.59","18,458.14","5,675.19","10,703.82","1,571.70","62,326.04"
02/22/2025 02:00,"14,150.30","2,254.53","7,222.35","1,863.44","18,026.10","5,573.44","10,624.85","1,570.33","61,285.32"
02/22/2025 03:00,"13,963.64","2,229.93","7,238.83","1,844.58","17,829.25","5,518.06","10,608.79","1,576.75","60,809.82"
02/22/2025 04:00,"13,895.50","2,233.87","7,228.03","1,858.76","17,762.71","5,521.31","10,669.20","1,591.16","60,760.53"
02/22/2025 05:00,"14,014.09","2,259.83","7,238.38","1,879.85","18,050.00","5,493.71","10,774.07","1,611.74","61,321.68"
02/22/2025 06:00,"14,223.19","2,295.77","7,166.58","1,908.89","18,563.31","5,687.03","11,026.00","1,643.69","62,514.46"
02/22/2025 07:00,"14,612.30","2,380.54","7,263.88","1,953.99","19,315.88","5,851.79","11,419.91","1,687.01","64,485.29"
02/22/2025 08:00,"14,976.84","2,437.63","7,367.42","1,995.40","19,782.66","6,007.90","11,806.61","1,731.43","66,105.89"
02/22/2025 09:00,"15,410.58","2,429.16","7,534.86","1,984.82","19,269.75","6,108.35","12,028.35","1,727.13","66,492.99"
02/22/2025 10:00,"15,693.39","2,300.36","7,549.79","1,925.13","18,375.58","6,203.12","12,004.74","1,664.83","65,716.94"
02/22/2025 11:00,"15,784.38","2,216.28","7,493.46","1,853.93","17,362.91","6,154.49","11,687.72","1,569.61","64,122.78"
02/22/2025 12:00,"15,693.82","2,093.36","7,453.31","1,743.32","16,341.05","6,140.79","11,228.79","1,488.53","62,182.96"
02/22/2025 13:00,"15,445.57","1,988.62","7,371.17","1,676.76","15,341.15","5,967.03","10,841.99","1,417.62","60,049.91"
02/22/2025 14:00,"15,332.41","1,885.56","7,311.21","1,595.15","14,347.92","5,911.04","10,519.86","1,345.60","58,248.74"
02/22/2025 15:00,"15,268.88","1,826.38","7,289.19","1,540.19","13,716.65","5,799.01","10,327.54","1,290.48","57,058.32"
02/22/2025 16:00,"15,148.53","1,797.99","7,215.43","1,503.88","13,316.25","5,718.56","10,178.51","1,252.25","56,131.41"
02/22/2025 17:00,"15,106.82","1,808.89","7,146.23","1,508.33","13,366.45","5,692.71","10,162.39","1,256.35","56,048.17"
02/22/2025 18:00,"15,198.25","1,882.02","7,132.49","1,539.41","13,840.16","5,650.76","10,239.04","1,296.99","56,779.12"
02/22/2025 19:00,"15,239.90","1,923.96","7,096.25","1,551.63","14,706.12","5,613.16","10,386.06","1,338.61","57,855.69"
02/22/2025 20:00,"15,136.55","1,935.01","7,240.31","1,615.35","15,219.25","5,632.42","10,369.60","1,378.06","58,526.54"
02/22/2025 21:00,"14,944.52","1,975.80","7,218.67","1,609.84","15,410.18","5,539.03","10,201.74","1,384.21","58,283.98"
02/22/2025 22:00,"14,670.41","1,974.57","7,159.86","1,560.76","15,382.48","5,435.49","9,944.30","1,376.53","57,504.40"
02/22/2025 23:00,"14,163.09","1,906.39","6,967.73","1,569.20","15,088.27","5,266.35","9,573.80","1,342.37","55,877.20"
02/22/2025 24:00,"13,741.54","1,832.73","6,924.50","1,573.32","14,698.63","5,268.18","9,222.77","1,317.15","54,578.80"
02/23/2025 01:00,"13,388.56","1,790.33","6,929.98","1,600.09","14,299.74","5,113.03","8,895.51","1,288.89","53,306.13"
02/23/2025 02:00,"13,122.11","1,755.21","6,929.80","1,588.93","13,997.09","5,030.82","8,672.47","1,280.34","52,376.77"
02/23/2025 03:00,"12,854.31","1,733.79","6,972.52","1,608.86","13,692.04","4,904.24","8,526.59","1,280.33","51,572.69"
02/23/2025 04:00,"12,775.51","1,747.38","6,898.24","1,643.40","13,634.54","4,878.35","8,436.26","1,286.49","51,300.17"
02/23/2025 05:00,"12,715.61","1,729.98","6,945.67","1,649.40","13,696.32","4,860.83","8,456.13","1,295.00","51,348.93"
02/23/2025 06:00,"12,808.00","1,773.72","7,011.59","1,667.46","13,923.42","4,902.24","8,573.75","1,324.51","51,984.68"
02/23/2025 07:00,"12,927.86","1,838.02","7,100.41","1,705.32","14,296.22","4,965.48","8,860.60","1,386.83","53,080.74"
02/23/2025 08:00,"13,074.27","1,902.16","7,206.01","1,751.59","14,744.29","5,035.17","9,104.45","1,427.40","54,245.33"
02/23/2025 09:00,"13,474.36","1,954.69","7,352.39","1,763.16","15,140.95","5,068.15","9,012.12","1,407.21","55,173.03"
02/23/2025 10:00,"13,836.64","1,960.27","7,377.89","1,738.08","14,849.58","5,039.46","8,647.56","1,337.61","54,787.09"
02/23/2025 11:00,"13,895.48","1,973.18","7,331.79","1,672.80","13,928.41","4,963.62","8,181.13","1,250.36","53,196.77"
02/23/2025 12:00,"13,682.80","1,908.88","7,310.28","1,591.90","13,160.61","4,781.80","7,773.53","1,178.42","51,388.21"
02/23/2025 13:00,"13,274.63","1,855.20","7,248.88","1,527.54","12,579.12","4,510.10","7,445.83","1,134.53","49,575.83"
02/23/2025 14:00,"12,982.15","1,777.47","7,235.12","1,475.58","12,081.62","4,220.96","7,090.60","1,099.50","47,963.01"
02/23/2025 15:00,"12,867.45","1,704.60","7,173.36","1,449.26","11,788.30","3,982.25","6,846.62","1,078.37","46,890.19"
02/23/2025 16:00,"12,829.25","1,677.02","7,195.60","1,451.31","11,700.31","3,743.29","6,786.67","1,078.05","46,461.51"
02/23/2025 17:00,"12,880.69","1,676.44","7,198.58","1,477.58","11,846.38","3,627.81","6,938.08","1,097.21","46,742.78"
02/23/2025 18:00,"13,068.55","1,728.12","7,263.22","1,509.75","12,251.84","3,562.62","7,219.51","1,138.49","47,742.10"
02/23/2025 19:00,"13,354.43","1,858.42","7,115.29","1,516.40","12,969.96","3,917.25","7,654.38","1,176.02","49,562.15"
02/23/2025 20:00,"13,330.24","1,910.27","7,032.93","1,501.62","13,312.17","4,233.30","7,943.72","1,189.21","50,453.46"
02/23/2025 21:00,"13,220.20","1,906.66","7,134.41","1,517.91","13,305.73","4,341.34","7,937.29","1,176.82","50,540.35"
02/23/2025 22:00,"13,138.89","1,865.88","7,049.03","1,511.60","13,171.57","4,416.00","7,793.54","1,171.17","50,117.68"
02/23/2025 23:00,"12,595.59","1,784.95","6,940.83","1,449.79","12,548.19","4,388.88","7,472.01","1,138.48","48,318.72"
02/23/2025 24:00,"12,018.52","1,690.62","7,035.59","1,400.54","11,879.24","4,189.16","7,171.74","1,100.58","46,485.99"
02/24/2025 01:00,"11,689.83","1,619.36","7,034.80","1,380.60","11,528.64","4,148.78","7,006.95","1,072.78","45,481.73"
02/24/2025 02:00,"11,557.30","1,593.47","7,003.16","1,425.29","11,488.31","4,170.80","6,957.33","1,083.42","45,279.07"
02/24/2025 03:00,"11,516.71","1,584.61","7,006.28","1,423.28","11,633.79","4,175.97","7,068.65","1,098.47","45,507.77"
02/24/2025 04:00,"11,603.10","1,566.69","7,110.55","1,455.79","11,921.51","4,297.99","7,233.30","1,123.82","46,312.77"
02/24/2025 05:00,"12,026.08","1,658.78","6,998.24","1,511.48","12,610.17","4,519.12","7,580.06","1,177.57","48,081.50"
02/24/2025 06:00,"12,640.47","1,809.34","6,991.98","1,567.81","13,609.08","4,795.10","8,203.34","1,251.01","50,868.12"
02/24/2025 07:00,"13,324.24","1,947.90","6,938.22","1,631.70","15,028.15","5,192.90","9,071.67","1,369.12","54,503.90"
02/24/2025 08:00,"13,510.07","2,011.86","6,892.18","1,655.88","15,468.95","5,222.28","9,356.64","1,403.24","55,521.11"
02/24/2025 09:00,"13,753.40","2,012.12","7,167.21","1,703.50","15,312.02","4,881.02","8,800.32","1,342.82","54,972.41"
02/24/2025 10:00,"13,694.92","1,955.21","7,182.37","1,649.58","14,626.50","4,329.43","8,117.15","1,242.05","52,797.22"
02/24/2025 11:00,"13,449.28","1,894.38","7,122.60","1,603.97","13,885.98","3,950.99","7,557.99","1,158.57","50,623.75"
02/24/2025 12:00,"12,956.37","1,775.86","7,040.76","1,565.71","13,158.48","3,663.54","7,192.18","1,109.92","48,462.83"
02/24/2025 13:00,"12,631.24","1,635.12","6,984.30","1,524.77","12,719.45","3,524.42","6,968.40","1,087.83","47,075.53"
02/24/2025 14:00,"12,508.72","1,566.15","6,983.22","1,434.31","12,381.02","3,449.84","6,862.31","1,080.15","46,265.72"
02/24/2025 15:00,"12,418.05","1,542.15","6,920.66","1,416.56","12,231.05","3,411.25","6,871.03","1,088.74","45,899.49"
02/24/2025 16:00,"12,538.86","1,527.01","7,004.92","1,194.26","12,272.40","3,401.70","6,992.45","1,115.80","46,047.40"
02/24/2025 17:00,"12,556.57","1,541.80","7,102.67","1,227.84","12,411.95","3,550.87","7,186.62","1,141.20","46,719.52"
02/24/2025 18:00,"12,525.24","1,549.75","7,148.61","1,329.46","12,686.47","3,596.05","7,472.24","1,149.88","47,457.70"
02/24/2025 19:00,"12,647.27","1,615.31","7,030.60","1,405.51","13,197.17","3,769.45","7,769.28","1,178.40","48,612.97"
02/24/2025 20:00,"12,702.26","1,688.37","7,019.98","1,491.02","13,451.96","3,802.67","7,893.20","1,196.46","49,245.91"
02/24/2025 21:00,"12,564.07","1,693.79","6,906.95","1,479.72","13,255.46","3,787.31","7,716.31","1,177.12","48,580.74"
02/24/2025 22:00,"12,281.81","1,653.87","6,783.86","1,453.32","12,712.66","3,676.26","7,416.48","1,137.94","47,116.21"
02/24/2025 23:00,"11,759.77","1,561.81","6,843.65","1,397.79","11,849.86","3,562.07","6,941.73","1,084.22","45,000.89"
02/24/2025 24:00,"11,289.25","1,496.29","6,860.69","1,390.84","11,035.62","3,405.51","6,506.70","1,037.70","43,022.60"
02/25/2025 01:00,"10,920.18","1,451.54","6,913.42","1,343.81","10,454.71","3,266.63","6,206.25","1,035.76","41,592.30"
02/25/2025 02:00,"10,688.06","1,390.11","6,923.76","1,309.37","10,123.16","3,173.16","6,078.69","1,006.87","40,693.17"
02/25/2025 03:00,"10,632.47","1,426.15","6,874.26","1,316.80","10,163.93","3,139.53","6,085.43","1,007.33","40,645.89"
02/25/2025 04:00,"10,719.11","1,453.90","6,815.62","1,372.19","10,301.42","3,155.18","6,178.19","1,026.47","41,022.09"
02/25/2025 05:00,"11,011.68","1,522.41","6,751.98","1,380.54","10,744.88","3,256.41","6,422.55","1,056.12","42,146.56"
02/25/2025 06:00,"11,664.46","1,670.64","6,860.24","1,433.93","11,668.13","3,433.32","6,932.61","1,128.67","44,791.99"
02/25/2025 07:00,"12,471.45","1,845.54","6,925.92","1,527.32","13,171.30","3,843.49","7,700.09","1,240.47","48,725.59"
02/25/2025 08:00,"12,660.77","1,872.16","6,821.21","1,591.14","13,606.13","3,922.96","7,965.80","1,289.77","49,729.94"
02/25/2025 09:00,"12,713.25","1,808.76","7,012.33","1,615.80","13,283.68","3,744.24","7,811.70","1,250.67","49,240.42"
02/25/2025 10:00,"12,655.38","1,697.45","7,098.62","1,582.76","12,850.09","3,488.80","7,502.60","1,198.21","48,073.91"
02/25/2025 11:00,"12,379.34","1,626.53","7,143.65","1,515.02","12,482.93","3,501.37","7,123.51","1,158.30","46,930.67"
02/25/2025 12:00,"12,077.82","1,530.84","7,177.81","1,471.40","12,278.73","3,471.79","6,817.24","1,127.36","45,952.99"
02/25/2025 13:00,"11,983.93","1,538.63","7,265.50","1,452.67","12,183.31","3,481.54","6,752.62","1,099.44","45,757.64"
02/25/2025 14:00,"12,097.02","1,528.88","7,276.98","1,468.92","12,202.66","3,590.61","6,792.55","1,095.96","46,053.56"
02/25/2025 15:00,"12,260.99","1,531.88","7,254.13","1,501.55","12,356.45","3,614.07","6,906.23","1,112.69","46,537.99"
02/25/2025 16:00,"12,484.27","1,514.43","7,337.69","1,528.92","12,539.65","3,660.64","7,102.75","1,138.49","47,306.84"
02/25/2025 17:00,"12,555.17","1,572.76","7,286.32","1,542.39","12,749.68","3,896.46","7,369.87","1,177.06","48,149.71"
02/25/2025 18:00,"12,523.52","1,593.12","7,252.25","1,534.49","12,954.02","3,980.65","7,594.61","1,194.20","48,626.87"
02/25/2025 19:00,"12,486.70","1,644.33","7,203.36","1,548.56","13,271.92","4,060.04","7,819.01","1,208.41","49,242.35"
02/25/2025 20:00,"12,513.94","1,649.86","7,207.39","1,532.02","13,438.38","3,992.76","7,896.35","1,218.78","49,449.47"
02/25/2025 21:00,"12,373.32","1,631.27","7,089.89","1,524.96","13,259.14","3,866.89","7,689.13","1,193.91","48,628.51"
02/25/2025 22:00,"12,083.33","1,558.55","7,026.08","1,505.16","12,781.67","3,863.77","7,422.26","1,136.19","47,377.02"
02/25/2025 23:00,"11,567.27","1,457.10","6,893.36","1,434.97","11,939.78","3,703.67","6,935.33","1,085.76","45,017.25"
02/25/2025 24:00,"11,036.11","1,374.20","6,834.53","1,395.74","11,105.54","3,485.72","6,446.48","1,037.06","42,715.39"
02/26/2025 01:00,"10,671.11","1,288.06","6,686.84","1,344.71","10,468.97","3,287.91","6,088.33",992.01,"40,827.93"
02/26/2025 02:00,"10,466.77","1,260.76","6,540.62","1,343.80","10,077.36","3,154.23","5,877.88",969.30,"39,690.72"
02/26/2025 03:00,"10,383.04","1,272.03","6,406.93","1,309.92","9,922.03","3,117.67","5,770.65",965.05,"39,147.33"
02/26/2025 04:00,"10,484.83","1,237.23","6,506.78","1,063.84","10,034.91","3,063.03","5,752.92",974.23,"39,117.77"
02/26/2025 05:00,"10,704.68","1,243.97","6,609.22","1,039.08","10,324.43","3,138.08","5,874.76",983.83,"39,918.06"
02/26/2025 06:00,"11,310.60","1,331.65","6,618.04","1,106.43","11,089.83","3,221.42","6,204.88","1,029.29","41,912.14"
02/26/2025 07:00,"12,089.44","1,477.73","6,667.23","1,201.11","12,292.57","3,503.11","6,793.74","1,116.85","45,141.79"
02/26/2025 08:00,"12,267.57","1,526.56","6,499.32","1,193.22","12,753.59","3,565.88","7,042.73","1,147.18","45,996.04"
02/26/2025 09:00,"12,358.53","1,524.49","6,873.62","1,233.49","12,776.55","3,440.70","7,007.00","1,139.75","46,354.13"
02/26/2025 10:00,"12,374.85","1,505.14","7,171.94","1,211.80","12,667.57","3,431.52","6,898.70","1,119.84","46,381.36"
02/26/2025 11:00,"12,403.91","1,476.58","7,105.90","1,332.34","12,574.94","3,481.85","6,819.37","1,110.89","46,305.79"
02/26/2025 12:00,"12,442.06","1,454.79","7,095.25","1,458.44","12,483.36","3,550.83","6,827.96","1,101.65","46,414.34"
02/26/2025 13:00,"12,615.79","1,469.09","7,119.34","1,459.72","12,628.96","3,541.93","6,963.10","1,110.95","46,908.88"
02/26/2025 14:00,"12,923.59","1,499.52","7,189.20","1,461.75","12,944.43","3,683.00","7,158.05","1,127.86","47,987.39"
02/26/2025 15:00,"13,195.80","1,531.39","7,214.58","1,463.59","13,138.88","3,911.54","7,385.67","1,140.85","48,982.28"
02/26/2025 16:00,"13,337.65","1,557.87","7,209.17","1,465.97","13,379.10","4,072.64","7,676.29","1,159.86","49,858.56"
02/26/2025 17:00,"13,415.92","1,586.83","7,224.60","1,478.47","13,739.09","4,166.52","7,976.96","1,178.18","50,766.56"
02/26/2025 18:00,"13,370.68","1,603.05","7,001.60","1,423.71","14,050.72","4,187.22","8,168.43","1,186.03","50,991.44"
02/26/2025 19:00,"13,251.05","1,626.99","6,763.68","1,145.28","14,271.03","4,211.08","8,253.74","1,192.80","50,715.65"
02/26/2025 20:00,"13,136.11","1,625.09","6,700.52","1,161.33","14,226.35","4,215.36","8,265.71","1,205.86","50,536.33"
02/26/2025 21:00,"12,898.19","1,612.77","6,624.53","1,168.81","13,859.24","4,151.54","8,035.95","1,184.69","49,535.72"
02/26/2025 22:00,"12,611.01","1,542.47","6,655.30","1,176.96","13,301.99","4,020.66","7,694.02","1,154.27","48,156.66"
02/26/2025 23:00,"11,974.54","1,449.20","6,677.30","1,093.99","12,344.79","3,797.97","7,173.92","1,094.86","45,606.56"
02/26/2025 24:00,"11,442.85","1,340.38","6,633.19","1,105.61","11,407.51","3,542.96","6,639.38","1,039.49","43,151.38"
02/27/2025 01:00,"10,866.74","1,273.55","6,594.56","1,358.78","10,679.66","3,338.04","6,182.16",997.68,"41,291.16"
02/27/2025 02:00,"10,563.84","1,213.26","6,717.53","1,349.83","10,167.22","3,163.96","5,915.17",982.52,"40,073.33"
02/27/2025 03:00,"10,332.02","1,181.26","6,746.29","1,358.59","9,847.47","3,066.30","5,737.79",976.03,"39,245.74"
02/27/2025 04:00,"10,252.50","1,188.82","6,742.75","1,355.46","9,797.36","3,032.29","5,679.06",974.77,"39,023.01"
02/27/2025 05:00,"10,412.81","1,227.52","6,667.55","1,379.49","10,092.42","3,008.14","5,765.44",995.88,"39,549.25"
02/27/2025 06:00,"10,940.31","1,280.17","6,652.41","1,441.00","10,847.36","3,113.25","6,073.63","1,043.84","41,391.97"
02/27/2025 07:00,"11,665.27","1,428.77","6,847.40","1,544.69","12,123.41","3,293.86","6,685.13","1,136.81","44,725.33"
02/27/2025 08:00,"11,836.78","1,480.87","6,921.51","1,580.99","12,768.30","3,460.45","6,981.59","1,162.42","46,192.93"
02/27/2025 09:00,"12,035.61","1,539.16","7,045.38","1,574.01","12,930.97","3,393.51","7,055.02","1,159.60","46,733.24"
02/27/2025 10:00,"12,218.61","1,548.54","7,251.57","1,552.08","12,794.81","3,396.95","7,102.60","1,142.31","47,007.45"
02/27/2025 11:00,"12,428.88","1,537.55","7,184.76","1,507.22","12,698.67","3,560.54","7,139.67","1,127.82","47,185.11"
02/27/2025 12:00,"12,617.85","1,513.70","7,175.66","1,499.51","12,564.44","3,525.51","7,066.55","1,121.03","47,084.25"
02/27/2025 13:00,"12,535.60","1,489.09","7,171.23","1,483.62","12,317.24","3,676.68","7,030.86","1,092.63","46,796.94"
02/27/2025 14:00,"12,659.55","1,482.69","7,187.90","1,482.40","12,223.09","3,689.44","6,962.17","1,077.46","46,764.71"
02/27/2025 15:00,"12,672.21","1,459.13","7,268.31","1,484.15","12,117.75","3,691.36","7,010.34","1,077.48","46,780.74"
02/27/2025 16:00,"12,628.66","1,469.05","7,350.06","1,488.67","12,090.03","3,736.99","6,976.06","1,081.32","46,820.84"
02/27/2025 17:00,"12,602.44","1,466.78","7,369.35","1,506.74","12,267.78","3,833.19","7,055.20","1,100.62","47,202.10"
02/27/2025 18:00,"12,509.73","1,505.32","7,353.20","1,520.60","12,554.00","3,861.06","7,252.59","1,122.92","47,679.42"
02/27/2025 19:00,"12,459.45","1,577.25","6,953.50","1,509.29","12,908.20","3,879.63","7,509.43","1,166.19","47,962.95"
02/27/2025 20:00,"12,389.67","1,597.19","6,669.75","1,488.67","13,073.28","3,896.47","7,670.65","1,206.85","47,992.52"
02/27/2025 21:00,"12,188.91","1,595.98","6,682.67","1,480.90","12,987.39","3,880.86","7,581.06","1,212.48","47,610.25"
02/27/2025 22:00,"11,804.55","1,549.19","6,856.79","1,440.67","12,573.29","3,780.07","7,344.29","1,197.59","46,546.44"
02/27/2025 23:00,"11,330.41","1,494.66","6,971.14","1,423.01","11,927.60","3,595.59","6,958.28","1,153.45","44,854.14"
02/27/2025 24:00,"10,858.90","1,427.08","6,953.61","1,374.36","11,293.24","3,294.10","6,548.96","1,124.61","42,874.87"
02/28/2025 01:00,"10,517.36","1,403.90","7,004.55","1,338.33","10,963.97","3,158.26","6,240.03","1,106.89","41,733.29"
02/28/2025 02:00,"10,237.03","1,385.24","6,907.53","1,304.31","10,732.25","3,035.31","6,090.11","1,091.67","40,783.45"
02/28/2025 03:00,"10,187.89","1,379.64","6,923.90","1,332.81","10,716.59","2,851.81","6,033.87","1,089.16","40,515.66"
02/28/2025 04:00,"10,288.06","1,427.97","6,938.02","1,351.97","10,930.29","2,903.33","6,068.48","1,099.41","41,007.53"
02/28/2025 05:00,"10,469.94","1,471.90","7,054.03","1,406.32","11,379.99","2,950.24","6,268.26","1,128.57","42,129.24"
02/28/2025 06:00,"11,002.10","1,616.87","7,170.43","1,460.14","12,360.78","3,122.60","6,727.57","1,183.05","44,643.54"
02/28/2025 07:00,"11,699.00","1,817.52","7,211.17","1,554.43","13,811.74","3,412.87","7,463.05","1,280.78","48,250.56"
02/28/2025 08:00,"11,916.93","1,835.07","7,274.50","1,601.88","14,446.55","3,400.10","7,743.15","1,312.11","49,530.30"
02/28/2025 09:00,"12,064.35","1,750.94","7,383.01","1,598.12","13,940.57","3,353.02","7,474.55","1,250.08","48,814.63"
02/28/2025 10:00,"12,103.06","1,655.08","7,449.25","1,551.06","13,271.47","3,374.15","7,182.80","1,174.57","47,761.43"
02/28/2025 11:00,"12,232.05","1,564.02","7,368.67","1,512.92","12,840.64","3,289.21","6,911.62","1,123.89","46,843.02"
02/28/2025 12:00,"12,231.49","1,502.08","7,334.63","1,461.93","12,444.64","3,448.36","6,741.13","1,092.60","46,256.85"
02/28/2025 13:00,"12,322.84","1,472.34","7,359.95","1,418.52","12,233.47","3,613.78","6,698.48","1,069.84","46,189.22"
02/28/2025 14:00,"12,581.11","1,481.41","7,436.03","1,414.23","12,160.31","3,686.05","6,778.03","1,068.75","46,605.94"
02/28/2025 15:00,"12,790.96","1,492.05","7,459.90","1,395.64","12,135.01","3,786.18","6,919.44","1,077.87","47,057.06"
02/28/2025 16:00,"12,896.93","1,481.79","7,465.67","1,396.04","12,175.81","3,854.10","7,119.08","1,088.19","47,477.61"
02/28/2025 17:00,"12,895.99","1,487.74","7,485.17","1,408.36","12,245.28","3,992.57","7,350.30","1,105.14","47,970.56"
02/28/2025 18:00,"12,729.81","1,469.83","7,414.75","1,451.19","12,389.74","3,915.80","7,539.49","1,122.95","48,033.56"
02/28/2025 19:00,"12,414.22","1,496.40","7,080.48","1,417.17","12,536.85","3,958.65","7,541.00","1,127.68","47,572.46"
02/28/2025 20:00,"12,289.74","1,501.37","7,027.48","1,414.69","12,569.90","3,947.64","7,510.98","1,150.66","47,412.47"
02/28/2025 21:00,"12,089.50","1,480.26","7,097.98","1,431.45","12,383.93","3,804.23","7,342.85","1,130.14","46,760.34"
02/28/2025 22:00,"11,940.88","1,460.27","7,142.27","1,437.54","12,127.39","3,742.18","7,103.41","1,112.11","46,066.05"
02/28/2025 23:00,"11,556.22","1,382.37","7,079.71","1,390.96","11,548.85","3,653.60","6,761.65","1,100.17","44,473.53"
02/28/2025 24:00,"11,149.78","1,337.78","7,078.14","1,354.86","10,914.24","3,521.49","6,388.20","1,054.86","42,799.36"
03/01/2025 01:00,"10,662.18","1,287.13","7,076.55","1,285.69","10,217.27","3,281.06","6,066.40","1,020.92","40,897.21"
03/01/2025 02:00,"10,396.86","1,257.89","7,128.84","1,296.14","9,927.58","3,115.76","5,850.22","1,008.24","39,981.53"
03/01/2025 03:00,"10,244.37","1,262.87","7,151.60","1,323.77","9,780.54","3,145.56","5,726.19","1,011.37","39,646.28"
03/01/2025 04:00,"10,083.60","1,264.35","7,074.53","1,240.17","9,656.51","3,091.26","5,671.73","1,012.87","39,095.02"
03/01/2025 05:00,"10,059.00","1,283.36","6,975.48","1,240.37","9,786.33","3,045.36","5,702.53","1,017.29","39,109.73"
03/01/2025 06:00,"10,177.37","1,337.43","6,801.07","1,271.32","10,156.42","3,063.19","5,843.71","1,042.27","39,692.78"
03/01/2025 07:00,"10,408.24","1,397.43","6,869.99","1,320.22","10,724.71","3,173.18","6,171.35","1,081.72","41,146.83"
03/01/2025 08:00,"10,495.59","1,404.38","6,820.58","1,364.18","11,092.61","3,160.13","6,325.11","1,097.66","41,760.23"
03/01/2025 09:00,"11,064.88","1,432.54","7,297.49","1,439.93","11,566.21","3,296.35","6,428.60","1,113.15","43,639.15"
03/01/2025 10:00,"11,428.87","1,441.59","7,390.55","1,426.89","11,590.18","3,421.55","6,410.83","1,105.04","44,215.51"
03/01/2025 11:00,"11,668.49","1,428.03","7,433.71","1,404.33","11,523.24","3,534.99","6,473.53","1,096.96","44,563.27"
03/01/2025 12:00,"11,960.00","1,410.50","7,492.31","1,357.44","11,457.43","3,669.80","6,654.44","1,095.10","45,097.02"
03/01/2025 13:00,"12,216.83","1,430.46","7,501.41","1,381.44","11,492.52","3,776.98","6,878.32","1,104.20","45,782.17"
03/01/2025 14:00,"12,568.11","1,451.26","7,516.00","1,386.85","11,547.58","4,066.78","7,091.05","1,104.60","46,732.23"
03/01/2025 15:00,"12,924.50","1,480.18","7,458.92","1,399.58","11,738.07","4,242.26","7,412.37","1,108.02","47,763.90"
03/01/2025 16:00,"13,235.28","1,521.17","7,468.27","1,418.61","12,024.82","4,246.77","7,762.20","1,133.02","48,810.15"
03/01/2025 17:00,"13,363.40","1,563.39","7,415.35","1,433.25","12,333.77","4,291.63","8,027.79","1,168.07","49,596.64"
03/01/2025 18:00,"13,134.63","1,552.93","7,144.73","1,423.81","12,431.06","4,135.76","8,114.87","1,180.26","49,118.05"
03/01/2025 19:00,"12,575.22","1,544.71","6,671.59","1,314.10","12,212.05","4,045.50","7,944.10","1,146.10","47,453.36"
03/01/2025 20:00,"12,457.63","1,543.40","6,875.77","1,403.35","12,214.22","3,957.52","7,828.50","1,147.17","47,427.57"
03/01/2025 21:00,"12,331.78","1,503.69","7,045.39","1,413.53","12,030.11","3,906.78","7,593.13","1,140.88","46,965.30"
03/01/2025 22:00,"12,157.82","1,453.87","7,037.69","1,377.90","11,771.08","3,807.09","7,295.91","1,115.60","46,016.97"
03/01/2025 23:00,"11,807.86","1,415.49","6,974.22","1,370.09","11,285.24","3,707.43","6,944.17","1,078.82","44,583.33"
03/01/2025 24:00,"11,365.14","1,345.93","6,922.09","1,342.60","10,725.91","3,524.56","6,542.52","1,042.53","42,811.28"
03/02/2025 01:00,"10,970.95","1,276.71","6,986.77","1,324.74","10,184.54","3,327.53","6,171.37","1,005.16","41,247.77"
03/02/2025 02:00,"10,646.77","1,228.90","6,998.91","1,297.47","9,784.63","3,222.51","5,881.14",982.58,"40,042.90"
03/02/2025 03:00,"10,406.56","1,208.93","7,047.56","1,305.78","9,551.25","3,064.00","5,687.54",973.71,"39,245.32"
03/02/2025 04:00,"10,302.70","1,204.00","6,898.68","1,314.28","9,470.03","3,019.70","5,560.24",971.37,"38,741.01"
03/02/2025 05:00,"10,231.46","1,221.01","6,974.90","1,318.40","9,518.07","2,956.74","5,528.23",966.47,"38,715.29"
03/02/2025 06:00,"10,286.67","1,256.35","7,015.70","1,347.28","9,720.98","3,065.84","5,559.22",978.96,"39,230.98"
03/02/2025 07:00,"10,420.20","1,318.70","7,067.70","1,382.30","10,069.30","3,065.79","5,714.06","1,006.76","40,044.81"
03/02/2025 08:00,"10,502.72","1,399.54","7,073.16","1,409.50","10,545.12","3,045.39","5,912.10","1,031.19","40,918.71"
03/02/2025 09:00,"10,834.01","1,455.01","7,164.63","1,432.10","11,016.38","3,040.20","6,175.67","1,058.35","42,176.34"
03/02/2025 10:00,"11,180.32","1,437.65","7,219.61","1,430.76","11,193.66","3,261.48","6,414.39","1,066.99","43,204.86"
03/02/2025 11:00,"11,390.53","1,415.79","7,261.14","1,409.39","11,288.64","3,565.46","6,545.77","1,072.77","43,949.48"
03/02/2025 12:00,"11,615.77","1,413.24","7,240.51","1,395.93","11,318.33","3,729.69","6,721.97","1,089.80","44,525.24"
03/02/2025 13:00,"11,831.62","1,413.59","7,256.08","1,395.72","11,404.11","3,843.78","6,915.70","1,108.12","45,168.72"
03/02/2025 14:00,"12,056.43","1,424.18","7,191.91","1,396.93","11,531.61","3,984.31","7,188.60","1,117.44","45,891.43"
03/02/2025 15:00,"12,269.52","1,423.53","7,211.52","1,403.18","11,789.13","4,111.31","7,442.54","1,120.48","46,771.21"
03/02/2025 16:00,"12,355.75","1,491.17","7,242.45","1,424.96","11,966.00","4,216.00","7,737.52","1,140.19","47,574.03"
03/02/2025 17:00,"12,326.01","1,512.69","7,275.23","1,461.46","12,282.31","4,218.96","7,967.62","1,155.96","48,200.24"
03/02/2025 18:00,"12,312.45","1,544.32","7,288.84","1,470.68","12,553.91","4,279.15","8,115.05","1,170.58","48,734.97"
03/02/2025 19:00,"12,316.67","1,567.15","6,993.56","1,443.49","12,801.09","4,195.09","8,163.59","1,174.92","48,655.54"
03/02/2025 20:00,"12,333.96","1,587.73","6,781.50","1,403.21","12,710.60","4,256.98","8,233.34","1,182.74","48,490.07"
03/02/2025 21:00,"12,172.29","1,546.67","6,842.10","1,385.88","12,368.96","4,146.47","8,018.45","1,156.43","47,637.23"
03/02/2025 22:00,"11,919.90","1,481.26","6,714.85","1,346.99","11,895.83","4,018.57","7,699.23","1,122.67","46,199.30"
03/02/2025 23:00,"11,533.81","1,387.03","6,825.22","1,326.34","11,203.97","3,918.33","7,262.84","1,067.96","44,525.50"
03/02/2025 24:00,"10,962.10","1,308.00","6,873.75","1,295.61","10,364.50","3,672.21","6,717.70","1,008.87","42,202.75"
03/03/2025 01:00,"10,585.05","1,234.07","6,904.30","1,279.67","9,807.27","3,327.29","6,267.73",968.74,"40,374.12"
03/03/2025 02:00,"10,358.91","1,212.87","6,854.14","1,268.70","9,499.27","3,254.09","6,007.47",956.84,"39,412.29"
03/03/2025 03:00,"10,188.11","1,186.28","6,831.62","1,257.65","9,289.49","3,187.45","5,862.60",944.26,"38,747.45"
03/03/2025 04:00,"10,194.01","1,199.54","6,882.57","1,278.32","9,302.03","3,160.46","5,809.80",927.34,"38,754.06"
03/03/2025 05:00,"10,494.90","1,244.17","6,739.67","1,316.41","9,677.19","3,200.17","5,942.30",945.20,"39,559.99"
03/03/2025 06:00,"11,106.16","1,353.78","6,783.49","1,380.61","10,420.14","3,342.02","6,288.82",998.14,"41,673.17"
03/03/2025 07:00,"11,796.59","1,528.61","6,823.04","1,438.24","11,701.09","3,575.09","6,737.43","1,098.40","44,698.50"
03/03/2025 08:00,"12,060.85","1,597.89","6,889.43","1,463.36","12,401.92","3,617.28","7,007.76","1,117.26","46,155.75"
03/03/2025 09:00,"12,347.66","1,607.59","7,123.72","1,528.51","12,724.96","3,622.56","7,258.82","1,096.68","47,310.50"
03/03/2025 10:00,"12,730.93","1,646.65","7,069.76","1,543.44","13,096.03","3,641.10","7,349.61","1,099.05","48,176.57"
03/03/2025 11:00,"13,027.01","1,641.74","7,009.90","1,533.21","13,234.45","3,835.49","7,459.52","1,095.27","48,836.59"
03/03/2025 12:00,"13,382.14","1,661.89","7,025.81","1,522.04","13,299.85","3,910.75","7,570.62","1,104.55","49,477.64"
03/03/2025 13:00,"13,591.17","1,623.86","7,070.45","1,511.24","13,260.35","4,079.95","7,732.01","1,108.97","49,977.99"
03/03/2025 14:00,"13,977.10","1,655.79","7,139.32","1,444.76","13,201.20","4,143.38","7,884.82","1,132.51","50,578.89"
03/03/2025 15:00,"14,180.83","1,662.05","7,111.24","1,443.42","13,124.85","4,188.53","8,008.86","1,148.18","50,867.97"
03/03/2025 16:00,"14,164.68","1,658.77","7,163.00","1,201.66","13,008.40","4,284.39","8,084.33","1,168.41","50,733.63"
03/03/2025 17:00,"14,037.88","1,669.05","7,218.46","1,243.39","13,160.25","4,411.65","8,161.21","1,189.97","51,091.86"
03/03/2025 18:00,"14,053.60","1,702.18","7,257.49","1,368.86","13,455.14","4,416.75","8,193.36","1,210.39","51,657.77"
03/03/2025 19:00,"14,162.86","1,759.29","7,101.53","1,471.49","13,861.12","4,464.40","8,343.91","1,240.00","52,404.59"
03/03/2025 20:00,"14,209.43","1,764.18","7,027.12","1,556.72","14,073.76","4,515.82","8,445.72","1,275.05","52,867.81"
03/03/2025 21:00,"14,029.93","1,754.67","6,987.19","1,558.37","13,828.21","4,447.19","8,302.23","1,258.74","52,166.52"
03/03/2025 22:00,"13,614.13","1,671.53","7,139.26","1,504.73","13,204.00","4,323.61","8,023.46","1,210.91","50,691.63"
03/03/2025 23:00,"12,961.37","1,558.81","7,202.99","1,419.81","12,274.67","4,092.80","7,486.04","1,142.29","48,138.79"
03/03/2025 24:00,"12,339.12","1,428.99","7,235.93","1,381.45","11,453.63","3,814.97","6,949.22","1,078.31","45,681.62"
03/04/2025 01:00,"11,878.88","1,371.82","7,007.25","1,332.85","10,735.49","3,625.69","6,680.21","1,040.98","43,673.18"
03/04/2025 02:00,"11,653.67","1,339.25","6,912.98","1,313.13","10,396.52","3,462.06","6,374.66","1,013.82","42,466.08"
03/04/2025 03:00,"11,462.94","1,256.14","6,852.54","1,301.98","10,138.88","3,396.87","6,181.40",994.70,"41,585.46"
03/04/2025 04:00,"11,431.81","1,263.46","6,905.75","1,304.07","10,031.34","3,324.05","6,129.13",984.17,"41,373.78"
03/04/2025 05:00,"11,611.04","1,317.13","6,904.53","1,319.96","10,215.51","3,323.21","6,209.46",986.25,"41,887.08"
03/04/2025 06:00,"12,107.02","1,392.15","7,014.87","1,364.55","10,261.27","3,485.22","6,489.47","1,029.65","43,144.21"
03/04/2025 07:00,"12,806.51","1,515.27","7,123.85","1,434.07","10,635.01","3,736.14","6,850.92","1,106.49","45,208.24"
03/04/2025 08:00,"13,087.84","1,525.24","7,093.15","1,475.72","11,409.88","3,756.67","6,853.40","1,135.86","46,337.76"
03/04/2025 09:00,"13,186.67","1,459.45","7,199.70","1,485.48","11,590.79","3,693.87","6,785.28","1,121.42","46,522.67"
03/04/2025 10:00,"13,172.24","1,485.72","7,073.17","1,488.87","11,688.06","3,833.96","6,699.51","1,112.69","46,554.22"
03/04/2025 11:00,"12,785.84","1,484.13","6,869.04","1,466.62","11,687.06","3,909.20","6,704.09","1,073.16","45,979.14"
03/04/2025 12:00,"12,664.61","1,476.09","6,703.52","1,461.77","11,704.95","3,855.79","6,716.39","1,032.35","45,615.47"
03/04/2025 13:00,"12,755.34","1,470.15","6,608.63","1,452.03","11,698.40","3,921.32","6,729.58",990.02,"45,625.46"
03/04/2025 14:00,"12,952.88","1,464.60","6,535.55","1,435.62","11,801.84","4,024.79","6,746.89",972.96,"45,935.14"
03/04/2025 15:00,"13,097.36","1,477.93","6,623.72","1,443.30","11,956.21","4,106.64","6,808.51",961.61,"46,475.28"
03/04/2025 16:00,"13,060.83","1,476.09","6,672.36","1,457.04","11,711.46","4,166.43","6,972.62",956.33,"46,473.18"
03/04/2025 17:00,"13,064.12","1,492.30","6,735.76","1,455.12","11,774.40","4,260.46","7,174.26","1,011.36","46,967.78"
03/04/2025 18:00,"13,028.52","1,510.05","6,792.74","1,482.08","12,373.39","4,179.50","7,359.14","1,060.46","47,785.88"
03/04/2025 19:00,"13,072.67","1,583.55","6,859.38","1,544.05","12,982.23","4,242.09","7,635.86","1,121.80","49,041.62"
03/04/2025 20:00,"13,109.90","1,613.82","6,869.16","1,576.28","13,399.15","4,171.25","7,791.68","1,170.84","49,702.08"
03/04/2025 21:00,"12,783.43","1,548.83","6,890.33","1,533.81","13,240.44","3,948.02","7,627.22","1,156.10","48,728.18"
03/04/2025 22:00,"12,343.50","1,477.40","6,935.36","1,451.53","12,723.17","3,820.40","7,285.58","1,121.63","47,158.58"
03/04/2025 23:00,"11,767.78","1,399.13","6,992.74","1,420.14","12,149.36","3,619.07","6,831.18","1,090.02","45,269.42"
03/04/2025 24:00,"11,140.61","1,292.45","6,809.87","1,381.77","11,509.77","3,338.99","6,340.26","1,050.46","42,864.18"
03/05/2025 01:00,"10,678.16","1,288.06","6,760.22","1,353.65","11,115.66","3,165.22","5,964.41","1,020.74","41,346.11"
03/05/2025 02:00,"10,457.58","1,292.81","6,744.54","1,394.60","10,932.69","3,046.81","5,760.50","1,013.41","40,642.93"
03/05/2025 03:00,"10,364.52","1,279.32","6,709.98","1,436.52","10,918.48","2,976.07","5,640.40","1,014.22","40,339.52"
03/05/2025 04:00,"10,345.93","1,330.96","6,763.05","1,173.26","11,086.56","2,952.54","5,611.30","1,026.43","40,290.04"
03/05/2025 05:00,"10,532.73","1,398.60","6,760.96","1,164.78","11,612.86","2,969.62","5,759.55","1,054.80","41,253.89"
03/05/2025 06:00,"11,101.83","1,544.84","6,666.51","1,239.17","12,753.23","3,082.88","6,088.95","1,121.82","43,599.22"
03/05/2025 07:00,"11,701.84","1,754.18","6,736.19","1,350.38","14,194.42","3,308.97","6,770.46","1,227.40","47,043.83"
03/05/2025 08:00,"11,778.94","1,777.60","6,642.03","1,380.09","14,671.54","3,407.24","7,044.74","1,245.07","47,947.26"
03/05/2025 09:00,"11,955.73","1,754.37","6,771.94","1,371.54","14,355.69","3,303.96","6,957.94","1,217.75","47,688.92"
03/05/2025 10:00,"12,052.39","1,710.99","7,126.94","1,343.77","13,992.34","3,293.85","6,826.38","1,172.31","47,518.97"
03/05/2025 11:00,"12,081.65","1,658.32","7,137.32","1,448.22","13,593.25","3,315.52","6,688.51","1,135.36","47,058.15"
03/05/2025 12:00,"12,004.26","1,623.66","7,135.97","1,560.18","13,078.97","3,349.18","6,584.30","1,104.24","46,440.75"
03/05/2025 13:00,"11,973.11","1,550.45","7,105.91","1,544.57","12,680.38","3,377.68","6,548.96","1,094.60","45,875.65"
03/05/2025 14:00,"12,012.23","1,517.22","7,090.25","1,517.21","12,288.68","3,538.81","6,587.72","1,105.44","45,657.58"
03/05/2025 15:00,"12,025.87","1,490.13","7,087.35","1,484.85","12,067.39","3,678.72","6,679.51","1,095.54","45,609.37"
03/05/2025 16:00,"12,116.49","1,471.21","7,081.96","1,471.12","11,918.13","3,808.46","6,871.43","1,092.57","45,831.38"
03/05/2025 17:00,"12,270.04","1,484.34","7,102.69","1,482.33","12,163.30","3,881.61","7,163.66","1,119.80","46,667.77"
03/05/2025 18:00,"12,270.85","1,530.95","7,043.71","1,441.13","12,536.49","3,936.69","7,439.31","1,128.35","47,327.47"
03/05/2025 19:00,"12,328.95","1,619.88","6,680.44","1,156.93","13,121.05","3,837.30","7,617.94","1,144.08","47,506.57"
03/05/2025 20:00,"12,349.75","1,700.96","6,576.32","1,176.95","13,483.99","3,784.75","7,716.58","1,170.13","47,959.43"
03/05/2025 21:00,"12,346.85","1,714.91","6,675.54","1,260.18","13,696.87","3,707.16","7,566.40","1,174.34","48,142.25"
03/05/2025 22:00,"12,170.08","1,730.35","6,921.57","1,255.90","13,503.41","3,695.76","7,280.83","1,161.69","47,719.60"
03/05/2025 23:00,"11,706.52","1,687.60","7,011.86","1,208.28","12,826.84","3,583.60","6,812.81","1,117.63","45,955.15"
03/05/2025 24:00,"11,271.11","1,609.60","7,022.72","1,207.28","12,274.88","3,346.20","6,411.21","1,076.97","44,219.98"
03/06/2025 01:00,"10,861.85","1,572.28","6,927.21","1,457.43","11,935.51","3,136.01","6,091.86","1,037.00","43,019.15"
03/06/2025 02:00,"10,695.84","1,567.62","6,936.61","1,451.75","11,758.71","3,028.08","5,939.02","1,029.48","42,407.12"
03/06/2025 03:00,"10,645.23","1,614.27","6,957.53","1,477.79","11,790.00","2,943.68","5,877.71","1,039.65","42,345.84"
03/06/2025 04:00,"10,702.43","1,634.67","6,899.11","1,497.25","12,032.87","2,971.92","5,877.75","1,049.19","42,665.18"
03/06/2025 05:00,"11,021.82","1,701.24","6,819.26","1,533.86","12,558.16","2,946.89","6,081.53","1,076.70","43,739.46"
03/06/2025 06:00,"11,700.23","1,858.39","6,752.57","1,602.92","13,565.67","3,103.69","6,570.18","1,134.34","46,288.00"
03/06/2025 07:00,"12,476.29","2,057.90","6,852.60","1,689.88","15,007.41","3,347.95","7,401.31","1,243.68","50,077.02"
03/06/2025 08:00,"12,639.54","2,076.77","6,870.65","1,710.09","15,420.39","3,403.66","7,657.08","1,288.82","51,067.01"
03/06/2025 09:00,"12,744.78","1,959.21","6,890.61","1,690.06","15,056.63","3,321.66","7,403.31","1,244.37","50,310.64"
03/06/2025 10:00,"12,690.32","1,824.41","7,002.19","1,644.96","14,350.69","3,381.46","7,085.70","1,212.07","49,191.80"
03/06/2025 11:00,"12,585.82","1,716.47","6,976.20","1,595.55","13,730.00","3,464.63","6,893.61","1,183.96","48,146.25"
03/06/2025 12:00,"12,483.12","1,583.51","6,937.77","1,561.18","13,239.12","3,520.25","6,768.27","1,156.92","47,250.14"
03/06/2025 13:00,"12,385.77","1,536.28","6,959.39","1,526.54","12,787.77","3,574.49","6,670.83","1,130.49","46,571.55"
03/06/2025 14:00,"12,375.46","1,526.83","6,870.55","1,496.14","12,558.61","3,749.86","6,716.16","1,124.55","46,418.15"
03/06/2025 15:00,"12,343.60","1,511.57","6,911.78","1,485.85","12,364.28","3,881.71","6,784.90","1,119.79","46,403.47"
03/06/2025 16:00,"12,383.25","1,504.70","6,973.30","1,482.80","12,343.88","3,863.24","6,972.96","1,121.24","46,645.38"
03/06/2025 17:00,"12,363.70","1,516.65","7,005.42","1,484.94","12,525.48","3,997.05","7,200.79","1,139.17","47,233.19"
03/06/2025 18:00,"12,380.48","1,565.39","6,980.79","1,484.04","12,854.53","4,069.96","7,429.78","1,157.32","47,922.28"
03/06/2025 19:00,"12,618.05","1,648.02","6,828.00","1,501.50","13,389.78","4,105.40","7,615.86","1,198.93","48,905.54"
03/06/2025 20:00,"12,800.64","1,691.95","6,804.35","1,585.99","13,747.63","4,137.48","7,754.14","1,219.26","49,741.43"
03/06/2025 21:00,"12,621.06","1,694.76","6,819.54","1,574.24","13,627.55","4,099.84","7,635.16","1,188.50","49,260.65"
03/06/2025 22:00,"12,279.72","1,638.02","6,948.03","1,535.05","13,194.31","3,989.41","7,342.25","1,151.26","48,078.05"
03/06/2025 23:00,"11,736.01","1,545.26","7,050.69","1,480.15","12,343.03","3,741.69","6,890.29","1,095.00","45,882.13"
03/06/2025 24:00,"11,296.13","1,467.90","7,099.62","1,438.12","11,599.17","3,498.28","6,405.62","1,045.24","43,850.09"
03/07/2025 01:00,"11,014.33","1,312.86","7,114.11","1,406.92","11,065.17","3,344.16","6,009.10","1,026.19","42,292.82"
03/07/2025 02:00,"10,831.47","1,288.47","7,132.71","1,382.63","10,672.46","3,214.01","5,758.23","1,006.59","41,286.58"
03/07/2025 03:00,"10,648.22","1,284.52","7,194.94","1,369.82","10,415.62","3,141.73","5,627.20",988.14,"40,670.18"
03/07/2025 04:00,"10,594.49","1,238.05","7,055.37","1,348.56","10,390.49","3,089.11","5,607.47",985.78,"40,309.32"
03/07/2025 05:00,"10,730.24","1,314.57","7,013.74","1,311.90","10,521.75","3,003.28","5,697.13",989.04,"40,581.66"
03/07/2025 06:00,"11,107.87","1,382.13","6,910.39","1,340.71","11,058.39","3,107.69","5,998.27","1,011.62","41,917.07"
03/07/2025 07:00,"11,611.13","1,483.16","6,757.99","1,390.49","12,007.12","3,337.77","6,545.17","1,074.72","44,207.54"
03/07/2025 08:00,"11,799.66","1,537.43","6,732.56","1,422.56","12,431.86","3,342.21","6,822.78","1,100.11","45,189.17"
03/07/2025 09:00,"12,136.76","1,505.03","7,303.47","1,504.33","12,680.71","3,443.09","6,970.91","1,104.35","46,648.64"
03/07/2025 10:00,"12,412.47","1,531.78","7,413.83","1,486.24","12,648.38","3,579.39","7,106.86","1,097.80","47,276.75"
03/07/2025 11:00,"12,684.56","1,515.44","7,407.20","1,471.03","12,516.11","3,660.23","7,149.80","1,109.13","47,513.49"
03/07/2025 12:00,"12,927.75","1,500.17","7,388.44","1,451.79","12,390.69","3,859.62","7,211.50","1,117.57","47,847.52"
03/07/2025 13:00,"12,955.77","1,451.16","7,384.81","1,437.93","12,308.15","4,026.34","7,433.01","1,120.94","48,118.12"
03/07/2025 14:00,"13,107.89","1,451.87","7,344.28","1,441.69","12,503.39","4,326.15","7,639.44","1,138.90","48,953.60"
03/07/2025 15:00,"13,282.22","1,498.19","7,400.85","1,458.23","12,773.19","4,451.59","8,036.05","1,165.12","50,065.43"
03/07/2025 16:00,"13,425.78","1,532.72","7,486.42","1,485.08","13,085.68","4,484.15","8,396.53","1,197.09","51,093.46"
03/07/2025 17:00,"13,528.16","1,547.51","7,519.88","1,513.90","13,365.04","4,509.66","8,674.36","1,241.42","51,899.93"
03/07/2025 18:00,"13,475.61","1,535.36","7,434.78","1,509.21","13,507.80","4,522.03","8,808.51","1,257.47","52,050.76"
03/07/2025 19:00,"13,180.70","1,518.59","6,908.66","1,425.79","13,344.91","4,447.60","8,668.11","1,256.47","50,750.84"
03/07/2025 20:00,"12,961.73","1,531.27","6,781.81","1,402.83","13,078.49","4,349.91","8,523.99","1,253.86","49,883.89"
03/07/2025 21:00,"12,847.72","1,495.12","6,809.42","1,369.63","12,802.76","4,248.87","8,304.11","1,188.22","49,065.85"
03/07/2025 22:00,"12,601.73","1,449.48","6,872.23","1,369.13","12,321.12","4,070.90","8,034.02","1,138.01","47,856.63"
03/07/2025 23:00,"12,232.72","1,374.18","6,963.86","1,342.15","11,748.13","3,986.47","7,570.20","1,097.40","46,315.11"
03/07/2025 24:00,"11,839.29","1,292.68","7,010.35","1,310.99","11,000.01","3,803.77","7,044.77","1,059.56","44,361.41"
03/08/2025 01:00,"11,621.30","1,229.82","6,989.88","1,305.14","10,342.32","3,564.80","6,570.05","1,034.97","42,658.27"
03/08/2025 02:00,"11,377.52","1,184.39","6,937.20","1,311.18","9,954.32","3,377.71","6,240.28","1,012.17","41,394.78"
03/08/2025 03:00,"11,129.56","1,145.03","6,907.46","1,307.43","9,661.41","3,369.04","6,025.24",997.53,"40,542.71"
03/08/2025 04:00,"10,984.50","1,120.67","6,935.97","1,315.14","9,532.67","3,296.57","5,863.29",984.73,"40,033.55"
03/08/2025 05:00,"10,985.08","1,087.39","6,916.20","1,339.67","9,602.43","3,264.27","5,822.19",985.41,"40,002.64"
03/08/2025 06:00,"11,132.75","1,109.87","6,966.23","1,385.51","9,957.55","3,278.11","5,868.81",995.62,"40,694.44"
03/08/2025 07:00,"11,308.25","1,186.19","7,084.08","1,424.95","10,448.11","3,348.43","6,075.32","1,021.92","41,897.25"
03/08/2025 08:00,"11,501.51","1,237.39","7,072.10","1,441.02","11,024.19","3,358.52","6,313.00","1,072.53","43,020.27"
03/08/2025 09:00,"12,003.40","1,365.08","7,179.92","1,535.76","11,826.15","3,537.06","6,615.47","1,112.69","45,175.53"
03/08/2025 10:00,"12,423.09","1,399.15","7,322.08","1,587.09","12,416.27","3,745.80","6,891.97","1,150.48","46,935.92"
03/08/2025 11:00,"12,810.18","1,453.97","7,390.45","1,626.46","12,892.81","4,013.71","7,205.56","1,163.59","48,556.75"
03/08/2025 12:00,"13,236.76","1,487.79","7,386.45","1,615.11","13,118.02","4,326.95","7,515.41","1,165.92","49,852.42"
03/08/2025 13:00,"13,592.49","1,501.56","7,393.24","1,634.60","13,274.46","4,587.27","7,844.77","1,157.38","50,985.76"
03/08/2025 14:00,"14,020.27","1,510.53","7,325.24","1,625.01","13,193.00","4,927.61","8,027.27","1,148.81","51,777.75"
03/08/2025 15:00,"14,390.89","1,511.51","7,188.66","1,619.17","13,170.20","5,104.54","8,214.97","1,144.58","52,344.51"
03/08/2025 16:00,"14,573.01","1,527.91","7,165.38","1,626.23","13,209.78","5,103.45","8,173.13","1,145.16","52,524.06"
03/08/2025 17:00,"14,485.71","1,486.36","7,185.30","1,635.10","13,310.21","5,117.47","7,973.90","1,158.07","52,352.11"
03/08/2025 18:00,"14,250.56","1,521.22","7,120.84","1,651.42","13,605.05","5,005.57","7,710.10","1,175.62","52,040.38"
03/08/2025 19:00,"13,965.12","1,545.85","6,984.35","1,651.41","14,001.50","4,907.73","7,495.50","1,193.34","51,744.81"
03/08/2025 20:00,"13,570.98","1,548.07","7,131.38","1,668.36","14,067.02","4,626.84","7,346.81","1,215.93","51,175.39"
03/08/2025 21:00,"13,025.32","1,509.59","7,249.09","1,677.28","13,855.30","4,388.25","7,145.59","1,210.46","50,060.87"
03/08/2025 22:00,"12,396.24","1,484.13","7,236.72","1,641.63","13,563.42","4,157.46","6,946.96","1,198.80","48,625.36"
03/08/2025 23:00,"11,777.98","1,435.42","7,175.92","1,628.26","13,034.86","3,943.51","6,642.53","1,161.13","46,799.61"
03/08/2025 24:00,"11,195.92","1,369.96","7,156.88","1,543.17","12,584.36","3,657.54","6,304.22","1,129.77","44,941.82"
03/09/2025 01:00,"10,636.51","1,320.71","6,978.92","1,473.02","12,044.04","3,356.94","6,097.59","1,138.21","43,045.95"
03/09/2025 02:00,"10,354.08","1,272.79","7,012.30","1,500.94","11,835.78","3,227.65","5,955.41","1,138.21","42,297.17"
03/09/2025 04:00,"10,214.51","1,297.23","7,085.21","1,532.77","11,716.60","3,085.44","5,898.50","1,152.04","41,982.30"
03/09/2025 05:00,"10,169.87","1,292.73","7,119.20","1,512.73","11,761.20","2,992.42","5,928.42","1,162.55","41,939.11"
03/09/2025 06:00,"10,178.22","1,332.87","7,107.22","1,528.30","11,924.65","3,058.30","6,071.90","1,183.21","42,384.66"
03/09/2025 07:00,"10,323.62","1,383.44","7,137.53","1,554.78","12,281.85","3,031.81","6,322.75","1,215.90","43,251.67"
03/09/2025 08:00,"10,527.58","1,474.16","7,160.13","1,583.46","12,844.93","3,034.98","6,668.14","1,262.37","44,555.74"
03/09/2025 09:00,"10,689.88","1,537.86","7,190.78","1,597.66","13,302.88","2,983.58","6,991.58","1,289.56","45,583.79"
03/09/2025 10:00,"11,107.05","1,574.26","7,340.46","1,621.81","13,789.19","3,109.34","7,158.33","1,291.01","46,991.45"
03/09/2025 11:00,"11,443.41","1,634.96","7,302.69","1,609.89","14,173.28","3,244.47","7,151.78","1,252.10","47,812.58"
03/09/2025 12:00,"11,632.02","1,648.74","7,309.48","1,584.39","14,468.07","3,292.28","7,001.25","1,200.66","48,136.88"
03/09/2025 13:00,"11,625.62","1,660.26","7,291.91","1,557.92","14,500.46","3,292.96","6,807.82","1,159.60","47,896.54"
03/09/2025 14:00,"11,659.04","1,650.19","7,296.82","1,521.04","14,341.67","3,345.85","6,627.57","1,119.34","47,561.53"
03/09/2025 15:00,"11,700.25","1,652.55","7,302.41","1,498.37","13,884.45","3,372.95","6,484.68","1,080.79","46,976.46"
03/09/2025 16:00,"11,683.23","1,647.48","7,293.67","1,471.59","13,222.36","3,402.98","6,417.11","1,064.23","46,202.64"
03/09/2025 17:00,"11,747.50","1,654.94","7,335.49","1,461.00","12,902.52","3,444.97","6,481.35","1,064.19","46,091.96"
03/09/2025 18:00,"11,799.05","1,664.75","7,344.07","1,450.65","12,621.96","3,577.49","6,681.12","1,083.91","46,223.01"
03/09/2025 19:00,"11,965.25","1,693.88","7,291.38","1,477.52","12,675.40","3,600.16","6,935.14","1,106.97","46,745.70"
03/09/2025 20:00,"12,305.32","1,733.51","7,035.75","1,489.82","13,170.27","3,738.41","7,171.57","1,131.57","47,776.22"
03/09/2025 21:00,"12,335.08","1,735.02","7,012.66","1,460.13","13,627.21","3,762.56","7,394.10","1,176.48","48,503.25"
03/09/2025 22:00,"12,294.47","1,697.97","6,880.06","1,400.09","13,750.07","3,693.97","7,267.22","1,174.88","48,158.74"
03/09/2025 23:00,"11,891.18","1,629.71","6,802.35","1,362.12","13,307.96","3,603.41","6,954.19","1,164.17","46,715.10"
03/09/2025 24:00,"11,375.62","1,567.96","6,754.73","1,323.97","12,614.58","3,390.09","6,595.52","1,144.96","44,767.44"
03/10/2025 01:00,"11,040.79","1,551.94","6,797.21","1,289.20","12,182.99","3,080.72","6,341.10","1,141.75","43,425.71"
03/10/2025 02:00,"10,861.00","1,529.81","6,746.97","1,277.87","11,946.69","3,020.44","6,199.49","1,137.07","42,719.33"
03/10/2025 03:00,"10,751.46","1,533.32","6,748.06","1,284.91","11,938.90","2,994.44","6,180.65","1,124.77","42,556.51"
03/10/2025 04:00,"10,802.64","1,573.42","6,814.66","1,314.07","12,156.80","2,986.02","6,267.83","1,115.44","43,030.87"
03/10/2025 05:00,"11,073.17","1,642.00","6,712.05","1,359.95","12,695.51","3,026.50","6,510.08","1,151.54","44,170.80"
03/10/2025 06:00,"11,568.19","1,757.10","6,648.00","1,431.76","13,637.82","3,154.01","6,974.88","1,220.58","46,392.33"
03/10/2025 07:00,"12,260.17","1,934.51","6,680.45","1,531.78","15,095.02","3,399.94","7,595.68","1,344.60","49,842.15"
03/10/2025 08:00,"12,752.06","2,030.80","6,712.78","1,593.82","15,995.98","3,561.14","8,134.10","1,418.65","52,199.33"
03/10/2025 09:00,"12,661.76","1,996.10","6,812.55","1,594.86","15,616.57","3,514.55","8,230.53","1,380.68","51,807.61"
03/10/2025 10:00,"12,908.64","1,856.83","7,170.90","1,626.89","15,021.05","3,345.67","7,861.32","1,320.75","51,112.05"
03/10/2025 11:00,"12,792.09","1,742.68","7,154.71","1,581.58","14,116.43","3,418.68","7,428.15","1,230.68","49,464.99"
03/10/2025 12:00,"12,632.63","1,610.37","7,141.60","1,531.56","13,286.97","3,385.60","7,061.38","1,174.65","47,824.77"
03/10/2025 13:00,"12,435.22","1,528.06","7,197.79","1,486.77","12,706.77","3,491.77","6,819.85","1,121.25","46,787.49"
03/10/2025 14:00,"12,509.42","1,492.07","7,237.79","1,400.71","12,414.86","3,547.97","6,716.94","1,102.32","46,422.09"
03/10/2025 15:00,"12,584.73","1,453.85","7,204.75","1,412.40","12,284.21","3,604.06","6,714.52","1,104.72","46,363.25"
03/10/2025 16:00,"12,723.15","1,463.78","7,232.53","1,195.57","12,311.19","3,787.12","6,832.43","1,119.30","46,665.08"
03/10/2025 17:00,"12,805.19","1,463.18","7,220.87","1,201.32","12,374.88","3,969.86","7,062.93","1,142.12","47,240.34"
03/10/2025 18:00,"12,885.16","1,489.06","7,194.36","1,303.18","12,567.10","4,032.88","7,366.78","1,162.70","48,001.23"
03/10/2025 19:00,"12,767.06","1,499.78","7,097.81","1,376.11","12,799.42","4,058.77","7,621.71","1,177.64","48,398.29"
03/10/2025 20:00,"12,509.20","1,513.97","6,596.10","1,369.05","12,782.55","3,946.67","7,682.23","1,161.69","47,561.46"
03/10/2025 21:00,"12,530.73","1,540.34","6,541.29","1,425.88","12,987.29","3,939.03","7,715.63","1,181.78","47,861.96"
03/10/2025 22:00,"12,327.21","1,499.26","6,710.56","1,436.26","12,647.71","3,863.25","7,411.69","1,143.10","47,039.04"
03/10/2025 23:00,"11,921.81","1,431.47","6,831.91","1,393.83","11,922.91","3,676.64","6,956.58","1,107.62","45,242.78"
03/10/2025 24:00,"11,542.50","1,351.90","6,978.41","1,384.10","11,158.45","3,438.37","6,440.67","1,064.17","43,358.57"
03/11/2025 01:00,"11,177.02","1,302.36","7,039.80","1,366.27","10,579.24","3,278.01","6,112.80","1,038.38","41,893.88"
03/11/2025 02:00,"10,966.13","1,278.65","7,053.75","1,351.58","10,204.49","3,107.19","5,892.08","1,028.71","40,882.59"
03/11/2025 03:00,"10,859.32","1,265.23","6,981.54","1,348.10","10,034.17","3,054.71","5,781.32","1,029.28","40,353.68"
03/11/2025 04:00,"10,847.60","1,305.11","7,027.99","1,352.28","10,072.79","2,991.43","5,782.32","1,045.36","40,424.88"
03/11/2025 05:00,"11,048.96","1,364.17","7,114.41","1,379.13","10,436.24","3,007.49","5,936.95","1,073.69","41,361.04"
03/11/2025 06:00,"11,542.05","1,439.91","7,172.78","1,428.26","11,266.22","3,154.00","6,355.16","1,128.76","43,487.14"
03/11/2025 07:00,"12,145.25","1,616.08","7,183.03","1,505.58","12,500.75","3,401.52","6,970.33","1,216.94","46,539.50"
03/11/2025 08:00,"12,535.97","1,719.38","7,227.77","1,571.09","13,366.00","3,544.39","7,461.08","1,271.35","48,697.04"
03/11/2025 09:00,"12,505.52","1,691.14","7,354.93","1,568.83","13,278.25","3,444.28","7,517.55","1,229.50","48,590.00"
03/11/2025 10:00,"12,505.72","1,621.65","7,343.20","1,542.62","12,887.68","3,393.56","7,263.79","1,185.32","47,743.54"
03/11/2025 11:00,"12,405.66","1,505.39","7,367.58","1,488.65","12,497.98","3,427.87","6,967.34","1,137.42","46,797.88"
03/11/2025 12:00,"12,362.63","1,435.03","7,315.59","1,467.31","12,238.42","3,373.28","6,805.50","1,104.72","46,102.49"
03/11/2025 13:00,"12,429.06","1,395.03","7,290.07","1,446.42","12,080.82","3,460.97","6,732.61","1,088.14","45,923.12"
03/11/2025 14:00,"12,635.56","1,423.67","7,302.21","1,445.98","12,041.60","3,628.22","6,724.59","1,107.42","46,309.25"
03/11/2025 15:00,"12,813.75","1,440.22","7,305.66","1,445.85","12,039.23","3,809.97","6,872.68","1,115.11","46,842.47"
03/11/2025 16:00,"13,036.90","1,476.00","7,341.59","1,452.26","12,205.44","4,022.34","7,122.35","1,141.82","47,798.71"
03/11/2025 17:00,"13,295.55","1,502.88","7,322.40","1,470.56","12,631.69","4,234.32","7,481.13","1,189.11","49,127.64"
03/11/2025 18:00,"13,483.32","1,527.57","7,344.41","1,491.69","13,021.21","4,221.09","7,888.26","1,222.53","50,200.08"
03/11/2025 19:00,"13,306.93","1,544.58","7,298.63","1,498.94","13,203.26","4,324.55","8,153.76","1,225.35","50,556.01"
03/11/2025 20:00,"13,052.46","1,521.33","7,037.10","1,467.34","13,212.46","4,198.74","8,183.42","1,230.40","49,903.25"
03/11/2025 21:00,"12,915.96","1,536.18","6,881.83","1,441.53","13,275.09","4,096.74","8,143.31","1,228.43","49,519.08"
03/11/2025 22:00,"12,638.05","1,505.19","7,049.71","1,473.78","12,883.71","4,086.13","7,837.51","1,199.52","48,673.60"
03/11/2025 23:00,"12,226.79","1,413.03","7,065.27","1,403.41","12,107.13","3,934.20","7,347.36","1,139.03","46,636.22"
03/11/2025 24:00,"11,728.91","1,287.71","7,131.39","1,380.67","11,269.15","3,678.96","6,735.92","1,080.26","44,292.97"
03/12/2025 01:00,"11,122.70","1,214.13","6,727.17","1,279.70","10,498.99","3,441.81","6,110.81","1,021.25","41,416.54"
03/12/2025 02:00,"10,873.75","1,177.67","6,767.87","1,307.10","10,060.87","3,307.79","5,787.46",997.03,"40,279.53"
03/12/2025 03:00,"10,826.98","1,173.17","6,903.62","1,321.48","9,935.12","3,238.53","5,597.35",999.02,"39,995.27"
03/12/2025 04:00,"10,786.36","1,169.67","6,995.24","1,027.71","9,845.93","3,183.60","5,509.11",999.45,"39,517.07"
03/12/2025 05:00,"10,907.24","1,181.18","7,029.22","1,007.76","10,041.95","3,183.40","5,560.46","1,006.79","39,918.00"
03/12/2025 06:00,"11,309.81","1,202.00","6,846.09",995.83,"10,669.72","3,248.03","5,809.34","1,044.11","41,124.94"
03/12/2025 07:00,"11,810.82","1,302.15","6,833.14","1,069.18","11,625.24","3,376.12","6,303.78","1,144.48","43,464.91"
03/12/2025 08:00,"12,146.97","1,367.73","6,689.88","1,129.44","12,285.89","3,564.33","6,669.10","1,188.88","45,042.23"
03/12/2025 09:00,"12,226.29","1,373.60","6,813.13","1,130.26","12,298.03","3,494.15","6,775.85","1,161.74","45,273.05"
03/12/2025 10:00,"12,507.79","1,389.19","7,235.83","1,167.01","12,396.37","3,493.41","6,839.13","1,141.65","46,170.38"
03/12/2025 11:00,"12,777.74","1,452.02","7,266.16","1,295.42","12,413.41","3,610.26","6,892.58","1,105.04","46,812.64"
03/12/2025 12:00,"13,019.48","1,422.12","7,201.75","1,442.39","12,469.19","3,763.03","6,938.69","1,102.50","47,359.15"
03/12/2025 13:00,"13,284.22","1,481.80","6,915.74","1,454.13","12,689.68","3,950.28","7,124.13","1,122.55","48,022.53"
03/12/2025 14:00,"13,752.44","1,529.25","6,925.95","1,468.99","13,056.28","4,256.17","7,446.18","1,141.76","49,577.01"
03/12/2025 15:00,"14,033.61","1,568.56","6,938.79","1,474.86","13,358.44","4,541.66","7,899.27","1,162.27","50,977.46"
03/12/2025 16:00,"14,265.96","1,598.73","6,965.27","1,478.10","13,684.49","4,794.67","8,435.71","1,186.92","52,409.85"
03/12/2025 17:00,"14,460.25","1,637.52","6,958.20","1,485.28","13,983.63","4,963.53","8,993.38","1,213.47","53,695.26"
03/12/2025 18:00,"14,514.94","1,672.51","6,942.01","1,462.96","14,125.57","5,072.13","9,366.08","1,230.86","54,387.07"
03/12/2025 19:00,"14,405.66","1,657.00","6,899.81","1,194.95","14,293.84","4,997.87","9,407.82","1,239.61","54,096.55"
03/12/2025 20:00,"14,174.98","1,656.62","6,981.78","1,160.89","14,192.76","4,773.12","9,188.99","1,220.82","53,349.96"
03/12/2025 21:00,"14,067.53","1,614.82","7,038.29","1,182.92","14,116.76","4,597.30","8,871.09","1,230.93","52,719.64"
03/12/2025 22:00,"13,658.96","1,520.98","7,080.50","1,181.90","13,523.96","4,459.24","8,369.60","1,193.89","50,989.02"
03/12/2025 23:00,"13,110.72","1,431.93","7,134.20","1,131.20","12,640.36","4,282.83","7,771.63","1,139.16","48,642.02"
03/12/2025 24:00,"12,472.86","1,318.22","7,120.15","1,083.32","11,577.37","3,970.99","7,113.13","1,073.14","45,729.18"
03/13/2025 01:00,"11,873.56","1,215.68","7,061.23","1,300.90","10,561.77","3,706.64","6,453.47","1,032.39","43,205.62"
03/13/2025 02:00,"11,427.88","1,192.93","7,042.62","1,278.04","10,000.26","3,513.32","6,064.12","1,001.85","41,521.02"
03/13/2025 03:00,"11,117.66","1,159.53","7,048.02","1,255.99","9,654.67","3,345.25","5,802.92",989.17,"40,373.21"
03/13/2025 04:00,"11,046.51","1,155.79","7,033.73","1,272.50","9,499.33","3,302.18","5,673.89",989.64,"39,973.58"
03/13/2025 05:00,"11,125.43","1,166.20","6,975.90","1,290.47","9,699.10","3,209.32","5,712.66","1,003.72","40,182.80"
03/13/2025 06:00,"11,414.02","1,223.83","6,951.82","1,305.14","10,296.64","3,259.98","5,910.10","1,030.35","41,391.89"
03/13/2025 07:00,"11,898.03","1,310.03","7,049.77","1,349.85","11,259.56","3,370.31","6,339.29","1,105.51","43,682.35"
03/13/2025 08:00,"12,214.88","1,375.67","6,992.47","1,366.50","11,941.10","3,451.59","6,669.22","1,143.30","45,154.74"
03/13/2025 09:00,"12,288.44","1,392.92","6,893.24","1,397.95","12,005.35","3,415.25","6,749.83","1,117.47","45,260.44"
03/13/2025 10:00,"12,720.87","1,423.07","7,272.97","1,444.02","12,076.79","3,541.61","6,774.34","1,115.12","46,368.78"
03/13/2025 11:00,"13,248.68","1,457.05","7,316.90","1,425.39","12,131.51","3,778.99","6,868.14","1,129.13","47,355.79"
03/13/2025 12:00,"13,772.67","1,459.21","7,274.91","1,413.72","12,265.81","4,013.78","7,060.33","1,127.85","48,388.29"
03/13/2025 13:00,"14,346.95","1,495.88","7,288.52","1,416.64","12,594.30","4,268.99","7,407.47","1,137.84","49,956.59"
03/13/2025 14:00,"15,043.12","1,587.58","7,286.69","1,349.89","13,007.51","4,615.96","7,830.30","1,165.56","51,886.61"
03/13/2025 15:00,"15,549.82","1,664.33","7,195.48","1,356.02","13,438.61","4,846.93","8,207.64","1,188.93","53,447.75"
03/13/2025 16:00,"16,003.05","1,743.59","7,406.34","1,375.63","13,827.64","4,941.33","8,740.46","1,231.31","55,269.35"
03/13/2025 17:00,"16,367.08","1,787.57","7,561.64","1,428.54","14,260.01","5,206.80","9,287.11","1,271.36","57,170.11"
03/13/2025 18:00,"16,206.76","1,765.63","7,339.21","1,407.59","14,204.02","5,232.43","9,611.60","1,286.77","57,054.01"
03/13/2025 19:00,"15,593.51","1,718.06","6,717.12","1,402.60","14,043.07","5,087.83","9,549.45","1,269.01","55,380.66"
03/13/2025 20:00,"15,094.49","1,695.24","6,561.49","1,416.06","14,099.34","4,874.84","9,275.77","1,258.79","54,276.02"
03/13/2025 21:00,"14,643.04","1,684.71","6,610.88","1,428.30","13,969.40","4,741.35","8,945.04","1,254.63","53,277.36"
03/13/2025 22:00,"14,149.32","1,581.23","6,744.72","1,397.85","13,481.66","4,554.11","8,536.44","1,208.96","51,654.30"
03/13/2025 23:00,"13,437.82","1,494.17","6,883.59","1,346.12","12,583.81","4,279.12","7,984.59","1,145.61","49,154.82"
03/13/2025 24:00,"12,881.72","1,375.71","6,884.70","1,296.28","11,703.77","4,027.19","7,383.31","1,086.76","46,639.44"
03/14/2025 01:00,"12,503.01","1,304.77","7,033.48","1,222.74","11,075.37","3,864.90","6,826.51","1,051.58","44,882.35"
03/14/2025 02:00,"12,160.06","1,262.38","7,127.04","1,199.64","10,512.80","3,687.92","6,441.49","1,031.86","43,423.19"
03/14/2025 03:00,"11,846.96","1,217.32","7,124.15","1,186.32","10,185.37","3,559.43","6,214.77","1,017.03","42,351.36"
03/14/2025 04:00,"11,707.19","1,192.42","6,917.18","1,187.26","10,045.50","3,468.86","6,076.52","1,011.11","41,606.05"
03/14/2025 05:00,"11,725.36","1,148.48","6,916.15","1,196.31","10,077.73","3,356.11","6,069.68","1,022.00","41,511.83"
03/14/2025 06:00,"12,111.24","1,179.42","6,981.66","1,228.52","10,581.79","3,439.54","6,270.50","1,044.76","42,837.44"
03/14/2025 07:00,"12,569.63","1,276.55","6,978.88","1,281.63","11,433.06","3,599.14","6,682.59","1,090.35","44,911.83"
03/14/2025 08:00,"12,890.72","1,372.13","6,996.29","1,380.49","12,105.27","3,641.86","6,996.61","1,131.95","46,515.33"
03/14/2025 09:00,"13,022.17","1,429.74","7,085.71","1,396.59","12,228.59","3,625.67","7,115.56","1,124.17","47,028.19"
03/14/2025 10:00,"13,358.87","1,487.46","7,254.59","1,400.21","12,470.80","3,767.84","7,301.70","1,123.10","48,164.57"
03/14/2025 11:00,"13,755.37","1,528.16","7,234.57","1,437.72","12,837.91","3,875.32","7,491.99","1,123.36","49,284.39"
03/14/2025 12:00,"13,943.85","1,567.25","7,122.41","1,422.31","13,170.43","4,140.05","7,833.35","1,119.39","50,319.05"
03/14/2025 13:00,"14,138.35","1,623.82","7,025.18","1,402.20","13,503.79","4,499.06","8,278.60","1,092.96","51,563.96"
03/14/2025 14:00,"14,502.38","1,683.77","6,939.15","1,362.78","13,843.67","4,898.57","8,859.13","1,099.77","53,189.22"
03/14/2025 15:00,"14,965.27","1,776.75","6,908.08","1,352.46","14,069.03","5,198.83","9,361.50","1,117.88","54,749.80"
03/14/2025 16:00,"15,478.85","1,829.25","6,905.64","1,335.98","14,206.03","5,414.80","9,897.81","1,135.14","56,203.50"
03/14/2025 17:00,"15,716.64","1,878.78","6,884.69","1,329.63","14,219.60","5,626.44","10,289.42","1,165.85","57,111.05"
03/14/2025 18:00,"15,647.96","1,883.56","6,715.03","1,360.52","14,176.37","5,583.39","10,575.84","1,183.31","57,125.96"
03/14/2025 19:00,"15,253.20","1,834.16","6,376.95","1,383.60","13,928.69","5,485.41","10,466.36","1,175.25","55,903.62"
03/14/2025 20:00,"14,779.92","1,768.23","6,281.15","1,366.69","13,693.51","5,241.97","9,885.10","1,153.74","54,170.31"
03/14/2025 21:00,"14,523.69","1,738.85","6,409.03","1,368.37","13,626.36","5,009.80","9,338.84","1,158.00","53,172.93"
03/14/2025 22:00,"14,158.72","1,658.62","6,561.16","1,355.75","13,207.71","4,686.74","8,783.70","1,128.76","51,541.16"
03/14/2025 23:00,"13,718.48","1,546.88","6,690.15","1,322.33","12,515.93","4,467.92","8,250.99","1,114.11","49,626.78"
03/14/2025 24:00,"13,261.69","1,445.07","6,691.28","1,279.39","11,615.37","4,183.87","7,618.54","1,099.86","47,195.07"
03/15/2025 01:00,"12,797.15","1,317.69","6,568.09","1,238.37","10,891.45","3,856.04","7,071.39","1,065.07","44,805.25"
03/15/2025 02:00,"12,247.62","1,253.04","6,585.49","1,214.34","10,248.73","3,600.57","6,616.41","1,035.88","42,802.08"
03/15/2025 03:00,"11,600.07","1,172.16","6,161.14","1,174.22","9,580.32","3,436.00","6,260.18","1,006.07","40,390.15"
03/15/2025 04:00,"11,261.96","1,142.43","6,085.13","1,173.26","9,305.50","3,313.11","5,972.96",997.87,"39,252.22"
03/15/2025 05:00,"11,283.93","1,148.27","6,168.09","1,205.69","9,382.35","3,285.40","5,844.85","1,020.12","39,338.70"
03/15/2025 06:00,"11,336.34","1,140.48","6,322.12","1,237.93","9,520.80","3,266.04","5,815.02","1,046.09","39,684.83"
03/15/2025 07:00,"11,441.44","1,169.81","6,400.89","1,253.12","9,860.39","3,301.31","5,933.16","1,069.99","40,430.12"
03/15/2025 08:00,"11,590.81","1,203.23","6,536.46","1,266.85","10,320.55","3,295.96","6,103.29","1,105.17","41,422.32"
03/15/2025 09:00,"11,810.65","1,240.15","6,693.59","1,320.33","10,809.42","3,346.71","6,265.66","1,128.62","42,615.13"
03/15/2025 10:00,"12,118.86","1,287.13","6,889.48","1,321.40","11,192.39","3,435.34","6,491.54","1,148.41","43,884.56"
03/15/2025 11:00,"12,510.23","1,354.79","6,925.64","1,342.29","11,501.78","3,636.11","6,668.46","1,145.82","45,085.12"
03/15/2025 12:00,"12,978.60","1,388.73","6,907.56","1,313.88","11,596.94","3,735.78","6,723.10","1,139.65","45,784.24"
03/15/2025 13:00,"13,294.55","1,400.07","6,940.73","1,334.16","11,585.34","3,828.10","6,703.11","1,132.31","46,218.37"
03/15/2025 14:00,"13,449.62","1,424.96","6,945.24","1,324.37","11,520.72","4,103.02","6,779.96","1,123.24","46,671.13"
03/15/2025 15:00,"13,641.80","1,440.98","6,931.26","1,311.61","11,591.50","4,262.31","6,894.56","1,113.60","47,187.63"
03/15/2025 16:00,"13,852.40","1,424.48","6,959.24","1,303.66","11,765.23","4,327.09","7,120.56","1,113.09","47,865.76"
03/15/2025 17:00,"13,910.59","1,451.78","6,968.03","1,303.67","11,613.78","4,453.58","7,306.69","1,118.99","48,127.11"
03/15/2025 18:00,"13,794.04","1,451.92","6,954.60","1,300.84","11,569.97","4,466.78","7,305.65","1,138.06","47,981.85"
03/15/2025 19:00,"13,447.98","1,415.57","6,764.91","1,264.57","11,563.13","4,524.12","7,296.92","1,139.70","47,416.90"
03/15/2025 20:00,"13,039.30","1,400.88","6,799.43","1,321.62","11,621.29","4,287.96","7,261.30","1,143.79","46,875.58"
03/15/2025 21:00,"12,823.32","1,409.03","6,905.58","1,354.81","11,749.52","4,166.67","7,270.95","1,162.68","46,842.56"
03/15/2025 22:00,"12,443.51","1,358.25","6,944.82","1,339.20","11,465.37","3,962.59","7,049.77","1,109.96","45,673.46"
03/15/2025 23:00,"11,930.07","1,288.89","6,819.68","1,334.71","10,967.33","3,760.46","6,737.73","1,077.65","43,916.51"
03/15/2025 24:00,"11,404.93","1,223.63","6,814.11","1,313.15","10,436.72","3,555.14","6,344.92","1,049.91","42,142.51"
03/16/2025 01:00,"10,959.80","1,142.47","6,963.84","1,298.47","10,009.80","3,337.61","5,977.21","1,030.91","40,720.11"
03/16/2025 02:00,"10,604.21","1,108.77","7,052.29","1,293.20","9,704.03","3,205.33","5,700.70","1,014.51","39,683.03"
03/16/2025 03:00,"10,342.86","1,120.45","6,968.24","1,310.92","9,548.70","3,039.60","5,528.76","1,013.77","38,873.31"
03/16/2025 04:00,"10,190.59","1,115.50","6,890.99","1,337.94","9,524.35","2,973.36","5,439.00","1,018.33","38,490.06"
03/16/2025 05:00,"10,129.10","1,134.98","6,955.30","1,341.75","9,643.23","2,904.98","5,409.31","1,031.49","38,550.12"
03/16/2025 06:00,"10,132.56","1,166.77","6,941.57","1,370.74","9,912.02","2,980.94","5,475.30","1,055.50","39,035.41"
03/16/2025 07:00,"10,292.75","1,229.37","6,936.81","1,406.39","10,398.78","2,967.15","5,685.19","1,098.67","40,015.11"
03/16/2025 08:00,"10,434.54","1,327.19","6,957.11","1,454.73","11,026.68","3,006.32","5,942.98","1,159.51","41,309.05"
03/16/2025 09:00,"10,634.20","1,409.37","7,069.72","1,478.59","11,616.63","2,918.03","6,221.09","1,178.06","42,525.69"
03/16/2025 10:00,"11,004.71","1,408.80","7,138.85","1,475.93","11,783.06","3,064.08","6,317.68","1,168.91","43,362.03"
03/16/2025 11:00,"11,149.30","1,384.36","7,124.92","1,434.13","11,589.21","3,274.08","6,314.57","1,122.93","43,393.50"
03/16/2025 12:00,"11,366.71","1,345.53","7,024.96","1,403.87","11,262.76","3,377.65","6,285.26","1,088.65","43,155.37"
03/16/2025 13:00,"11,533.13","1,331.69","7,017.89","1,365.94","11,067.90","3,472.84","6,329.50","1,058.71","43,177.62"
03/16/2025 14:00,"11,685.51","1,310.27","7,057.59","1,321.86","10,958.46","3,647.41","6,421.58","1,051.73","43,454.40"
03/16/2025 15:00,"11,978.29","1,315.74","7,134.07","1,300.82","10,885.66","3,821.38","6,596.01","1,051.50","44,083.47"
03/16/2025 16:00,"12,319.94","1,344.95","7,179.43","1,288.72","10,995.57","3,996.93","6,846.47","1,066.48","45,038.49"
03/16/2025 17:00,"12,653.92","1,357.63","7,258.75","1,316.96","11,234.23","4,097.36","7,225.43","1,087.28","46,231.57"
03/16/2025 18:00,"12,835.69","1,354.97","7,285.10","1,335.13","11,591.01","4,219.77","7,609.42","1,110.99","47,342.08"
03/16/2025 19:00,"12,795.03","1,406.94","7,049.83","1,358.58","11,825.27","4,154.26","7,852.18","1,134.82","47,576.91"
03/16/2025 20:00,"12,528.27","1,423.86","6,592.87","1,352.55","11,947.91","4,097.08","7,795.37","1,138.23","46,876.15"
03/16/2025 21:00,"12,408.04","1,455.75","6,522.73","1,351.67","12,135.84","3,981.16","7,713.15","1,176.39","46,744.73"
03/16/2025 22:00,"12,249.28","1,442.86","6,726.44","1,310.53","11,928.29","3,851.60","7,398.34","1,164.86","46,072.20"
03/16/2025 23:00,"11,721.98","1,364.50","6,796.71","1,238.70","11,291.42","3,708.50","6,896.22","1,107.25","44,125.28"
03/16/2025 24:00,"11,154.60","1,273.72","6,763.95","1,185.48","10,551.10","3,470.53","6,334.52","1,044.33","41,778.23"
03/17/2025 01:00,"10,748.28","1,230.59","6,835.36","1,175.88","10,170.39","3,177.66","5,914.66","1,028.29","40,281.11"
03/17/2025 02:00,"10,489.12","1,205.14","6,764.82","1,192.76","10,014.64","3,105.33","5,650.03","1,024.31","39,446.16"
03/17/2025 03:00,"10,350.43","1,205.26","6,839.43","1,202.78","9,900.02","3,052.95","5,542.20","1,025.19","39,118.26"
03/17/2025 04:00,"10,362.69","1,225.45","6,910.83","1,212.15","10,011.16","3,015.21","5,532.57","1,017.40","39,287.45"
03/17/2025 05:00,"10,603.03","1,274.31","6,918.03","1,279.28","10,380.48","3,035.78","5,684.27","1,046.68","40,221.88"
03/17/2025 06:00,"11,133.45","1,391.24","6,967.40","1,357.82","11,177.12","3,141.32","6,019.91","1,101.04","42,289.29"
03/17/2025 07:00,"11,885.07","1,567.60","6,995.18","1,444.11","12,314.65","3,307.40","6,471.63","1,214.86","45,200.49"
03/17/2025 08:00,"12,312.77","1,672.50","7,009.82","1,496.84","13,167.52","3,434.11","6,881.65","1,281.31","47,256.50"
03/17/2025 09:00,"12,317.22","1,654.51","7,115.97","1,479.00","13,171.72","3,389.01","7,122.52","1,250.28","47,500.24"
03/17/2025 10:00,"12,571.52","1,599.29","7,251.71","1,457.03","12,993.00","3,261.97","6,998.42","1,199.85","47,332.79"
03/17/2025 11:00,"12,728.45","1,531.76","7,113.30","1,428.38","12,855.02","3,450.80","6,866.73","1,150.17","47,124.62"
03/17/2025 12:00,"12,872.22","1,513.77","7,083.52","1,400.95","12,675.17","3,542.86","6,743.00","1,130.31","46,961.81"
03/17/2025 13:00,"12,989.35","1,490.49","7,131.91","1,382.64","12,634.30","3,754.71","6,791.66","1,120.72","47,295.79"
03/17/2025 14:00,"13,258.02","1,498.06","7,084.92","1,314.02","12,688.13","3,915.28","6,912.38","1,123.07","47,793.88"
03/17/2025 15:00,"13,616.54","1,503.36","7,062.17","1,316.70","12,855.65","4,063.99","7,182.33","1,140.79","48,741.54"
03/17/2025 16:00,"14,025.07","1,496.31","7,137.00","1,090.42","13,150.01","4,280.37","7,478.91","1,177.41","49,835.49"
03/17/2025 17:00,"14,319.53","1,559.71","7,143.44","1,142.34","13,557.94","4,442.26","7,805.19","1,212.43","51,182.84"
03/17/2025 18:00,"14,373.54","1,592.37","7,121.01","1,270.17","13,855.53","4,462.97","8,145.40","1,231.24","52,052.24"
03/17/2025 19:00,"14,078.59","1,577.36","6,997.80","1,346.69","13,896.41","4,453.92","8,322.50","1,241.58","51,914.86"
03/17/2025 20:00,"13,869.67","1,614.13","6,821.72","1,432.84","13,958.63","4,346.46","8,268.17","1,240.23","51,551.85"
03/17/2025 21:00,"13,750.33","1,643.09","6,797.90","1,467.49","14,028.15","4,307.92","8,227.77","1,255.30","51,477.95"
03/17/2025 22:00,"13,298.33","1,570.58","6,905.37","1,423.86","13,505.28","4,172.72","7,842.79","1,221.43","49,940.35"
03/17/2025 23:00,"12,609.93","1,429.16","6,916.22","1,358.30","12,573.67","3,932.81","7,268.38","1,157.48","47,245.95"
03/17/2025 24:00,"11,921.65","1,322.00","6,939.22","1,300.06","11,553.63","3,641.16","6,650.76","1,099.57","44,428.06"
03/18/2025 01:00,"11,431.38","1,238.03","6,874.32","1,264.53","10,824.32","3,444.08","6,230.10","1,051.21","42,357.98"
03/18/2025 02:00,"11,117.81","1,189.99","6,872.06","1,239.19","10,334.27","3,250.64","5,903.51","1,021.35","40,928.80"
03/18/2025 03:00,"10,863.14","1,151.14","6,825.60","1,219.25","9,986.46","3,164.24","5,706.08","1,005.30","39,921.19"
03/18/2025 04:00,"10,753.61","1,149.69","6,732.11","1,200.25","9,770.44","3,075.96","5,631.56",995.33,"39,308.96"
03/18/2025 05:00,"10,872.26","1,186.63","6,770.55","1,224.36","9,923.05","3,059.49","5,670.87",998.48,"39,705.69"
03/18/2025 06:00,"11,317.17","1,255.52","6,764.79","1,265.22","10,481.97","3,178.63","5,939.41","1,028.25","41,230.97"
03/18/2025 07:00,"11,915.04","1,355.84","6,935.51","1,340.25","11,360.78","3,382.55","6,356.86","1,087.94","43,734.77"
03/18/2025 08:00,"12,164.78","1,421.70","7,005.12","1,383.73","11,943.61","3,483.60","6,657.63","1,126.20","45,186.37"
03/18/2025 09:00,"12,249.45","1,458.61","7,155.03","1,382.43","12,086.02","3,400.92","6,705.12","1,116.15","45,553.72"
03/18/2025 10:00,"12,636.73","1,430.64","7,246.66","1,399.11","12,291.22","3,551.37","6,730.51","1,110.26","46,396.49"
03/18/2025 11:00,"13,024.26","1,461.88","7,225.80","1,400.10","12,425.61","3,756.39","6,830.77","1,112.41","47,237.21"
03/18/2025 12:00,"13,350.87","1,434.23","7,274.58","1,400.29","12,644.82","3,813.55","7,006.66","1,130.15","48,055.15"
03/18/2025 13:00,"13,511.06","1,457.52","7,278.68","1,401.42","12,876.16","3,956.97","7,194.81","1,147.81","48,824.44"
03/18/2025 14:00,"13,795.59","1,574.63","7,261.81","1,417.25","13,170.23","4,153.74","7,462.12","1,175.98","50,011.35"
03/18/2025 15:00,"14,151.84","1,596.10","7,233.38","1,441.55","13,544.46","4,360.39","7,865.76","1,212.99","51,406.47"
03/18/2025 16:00,"14,370.56","1,624.68","7,301.35","1,462.69","13,820.51","4,534.08","8,326.28","1,256.11","52,696.25"
03/18/2025 17:00,"14,549.68","1,631.66","7,287.84","1,489.12","14,309.50","4,683.06","8,829.90","1,308.97","54,089.73"
03/18/2025 18:00,"14,595.71","1,681.27","7,205.30","1,492.75","14,680.96","4,600.15","9,228.41","1,348.31","54,832.85"
03/18/2025 19:00,"14,177.50","1,664.50","7,051.26","1,490.93","14,731.69","4,628.26","9,346.05","1,354.43","54,444.61"
03/18/2025 20:00,"13,961.91","1,624.96","6,883.01","1,505.71","14,713.12","4,502.71","9,107.94","1,346.46","53,645.84"
03/18/2025 21:00,"13,998.07","1,675.70","6,789.34","1,543.99","14,806.17","4,411.61","8,915.17","1,340.93","53,480.97"
03/18/2025 22:00,"13,608.74","1,618.93","6,828.41","1,518.54","14,224.49","4,333.15","8,472.14","1,302.67","51,907.08"
03/18/2025 23:00,"13,013.60","1,518.27","6,697.47","1,413.72","13,262.34","4,142.43","7,879.75","1,219.09","49,146.67"
03/18/2025 24:00,"12,335.81","1,392.90","6,529.75","1,336.43","12,164.25","3,855.74","7,184.19","1,120.47","45,919.54"
03/19/2025 01:00,"11,840.43","1,277.45","6,256.70","1,320.43","11,355.40","3,673.88","6,586.07","1,086.58","43,396.94"
03/19/2025 02:00,"11,484.10","1,229.66","6,249.99","1,302.66","10,817.92","3,505.24","6,248.50","1,048.65","41,886.72"
03/19/2025 03:00,"11,223.87","1,178.61","6,397.13","1,279.48","10,439.13","3,374.42","6,065.78","1,020.60","40,979.01"
03/19/2025 04:00,"11,281.78","1,203.59","6,485.18",980.16,"10,397.36","3,343.64","6,018.26","1,012.00","40,721.97"
03/19/2025 05:00,"11,426.10","1,211.23","6,518.29",945.50,"10,485.97","3,336.06","6,057.22","1,018.65","40,999.02"
03/19/2025 06:00,"11,861.01","1,219.80","6,428.35",982.97,"10,875.19","3,388.61","6,266.14","1,041.30","42,063.37"
03/19/2025 07:00,"12,390.51","1,310.56","6,511.95","1,051.50","11,612.53","3,503.82","6,700.66","1,091.25","44,172.77"
03/19/2025 08:00,"12,539.72","1,345.93","6,394.53","1,096.03","12,059.91","3,639.13","6,952.61","1,127.88","45,155.76"
03/19/2025 09:00,"12,764.45","1,360.35","6,515.00","1,104.76","12,272.23","3,643.86","6,968.29","1,142.79","45,771.73"
03/19/2025 10:00,"13,117.92","1,389.53","6,819.98","1,108.05","12,386.16","3,735.74","7,014.85","1,140.59","46,712.81"
03/19/2025 11:00,"13,395.25","1,405.21","6,747.48","1,246.69","12,409.18","3,833.53","7,066.91","1,138.41","47,242.64"
03/19/2025 12:00,"13,561.10","1,413.59","6,686.37","1,376.86","12,315.17","3,940.77","7,118.09","1,141.90","47,553.87"
03/19/2025 13:00,"13,754.52","1,430.08","6,658.23","1,384.42","12,265.24","4,042.39","7,222.16","1,139.45","47,896.49"
03/19/2025 14:00,"14,075.98","1,448.56","6,647.91","1,382.11","12,221.08","4,228.78","7,362.85","1,133.04","48,500.31"
03/19/2025 15:00,"14,315.97","1,464.38","6,686.61","1,375.57","12,094.49","4,332.42","7,537.35","1,122.56","48,929.36"
03/19/2025 16:00,"14,542.59","1,475.22","6,727.84","1,372.50","11,882.59","4,475.78","7,742.43","1,135.43","49,354.38"
03/19/2025 17:00,"14,763.43","1,493.39","6,798.07","1,383.32","12,052.79","4,569.64","7,979.71","1,145.67","50,186.01"
03/19/2025 18:00,"14,672.58","1,485.04","6,857.77","1,361.40","12,240.95","4,635.30","8,212.44","1,158.45","50,623.91"
03/19/2025 19:00,"14,318.73","1,473.80","6,830.79","1,103.38","12,404.18","4,523.57","8,187.93","1,172.18","50,014.57"
03/19/2025 20:00,"13,863.44","1,467.58","6,894.37","1,095.43","12,681.02","4,314.29","8,091.51","1,173.50","49,581.15"
03/19/2025 21:00,"13,618.28","1,498.48","6,977.26","1,157.19","12,985.31","4,188.84","7,976.07","1,192.62","49,594.06"
03/19/2025 22:00,"12,930.31","1,438.19","6,891.05","1,176.27","12,581.66","4,055.84","7,647.04","1,161.67","47,882.03"
03/19/2025 23:00,"12,267.62","1,356.20","6,946.49","1,158.82","11,919.89","3,893.84","7,123.04","1,114.31","45,780.21"
03/19/2025 24:00,"11,552.13","1,255.35","7,031.20","1,120.38","11,237.16","3,585.96","6,563.23","1,062.19","43,407.58"
03/20/2025 01:00,"10,974.36","1,187.17","6,963.51","1,373.33","10,797.66","3,343.13","5,933.58","1,049.75","41,622.49"
03/20/2025 02:00,"10,594.68","1,151.46","6,981.66","1,346.13","10,443.25","3,182.79","5,705.36","1,036.27","40,441.59"
03/20/2025 03:00,"10,392.85","1,138.43","6,944.44","1,367.60","10,229.04","3,029.84","5,592.41","1,043.98","39,738.62"
03/20/2025 04:00,"10,309.26","1,149.60","6,960.65","1,364.24","10,237.59","3,003.75","5,563.04","1,064.93","39,653.06"
03/20/2025 05:00,"10,385.76","1,206.06","6,883.63","1,388.12","10,566.44","2,922.13","5,705.61","1,099.17","40,156.92"
03/20/2025 06:00,"10,851.61","1,314.65","6,896.30","1,444.72","11,444.49","3,010.75","6,080.77","1,159.57","42,202.87"
03/20/2025 07:00,"11,574.13","1,498.16","7,117.82","1,533.99","12,733.35","3,161.57","6,695.78","1,276.89","45,591.69"
03/20/2025 08:00,"11,953.09","1,597.78","7,164.00","1,584.47","13,591.72","3,266.80","7,185.86","1,335.92","47,679.64"
03/20/2025 09:00,"12,100.67","1,614.13","7,026.23","1,583.15","13,670.05","3,193.30","7,261.35","1,318.10","47,766.98"
03/20/2025 10:00,"12,324.24","1,575.61","7,363.40","1,561.59","13,395.45","3,237.50","7,105.86","1,279.77","47,843.43"
03/20/2025 11:00,"12,401.83","1,535.02","7,305.83","1,505.20","13,020.89","3,292.35","6,906.58","1,220.80","47,188.48"
03/20/2025 12:00,"12,375.55","1,486.84","7,237.29","1,454.86","12,636.22","3,278.79","6,705.51","1,173.86","46,348.93"
03/20/2025 13:00,"12,287.33","1,446.91","7,227.29","1,401.98","12,328.48","3,244.04","6,544.76","1,130.55","45,611.35"
03/20/2025 14:00,"12,279.62","1,406.89","7,207.02","1,376.78","12,058.24","3,356.22","6,477.84","1,101.29","45,263.90"
03/20/2025 15:00,"12,253.17","1,383.69","7,200.00","1,355.19","11,806.17","3,487.89","6,472.11","1,075.78","45,034.00"
03/20/2025 16:00,"12,299.11","1,369.03","7,281.45","1,353.76","11,724.82","3,485.10","6,564.77","1,088.20","45,166.22"
03/20/2025 17:00,"12,326.18","1,374.64","7,276.62","1,352.06","11,765.47","3,659.77","6,770.26","1,099.72","45,624.73"
03/20/2025 18:00,"12,381.58","1,388.62","7,181.10","1,348.33","11,917.26","3,772.88","7,012.75","1,113.59","46,116.12"
03/20/2025 19:00,"12,347.24","1,420.75","6,898.17","1,376.19","12,169.67","3,790.21","7,231.75","1,129.90","46,363.87"
03/20/2025 20:00,"12,392.72","1,513.10","6,626.22","1,389.40","12,410.22","3,763.15","7,335.60","1,137.40","46,567.81"
03/20/2025 21:00,"12,503.17","1,579.38","6,453.13","1,426.70","12,708.53","3,826.70","7,410.63","1,173.35","47,081.60"
03/20/2025 22:00,"12,404.15","1,577.48","6,618.60","1,431.98","12,581.44","3,780.65","7,212.06","1,163.62","46,769.98"
03/20/2025 23:00,"12,033.62","1,559.60","6,677.54","1,404.21","12,048.99","3,612.87","6,808.92","1,128.08","45,273.83"
03/20/2025 24:00,"11,565.64","1,480.18","6,654.14","1,368.70","11,421.13","3,400.22","6,372.71","1,091.99","43,354.70"
03/21/2025 01:00,"11,230.09","1,445.12","6,792.45","1,298.24","10,985.27","3,208.35","6,060.30","1,059.61","42,079.42"
03/21/2025 02:00,"11,010.23","1,441.87","6,804.27","1,287.61","10,689.02","3,075.11","5,823.97","1,045.59","41,177.68"
03/21/2025 03:00,"10,884.99","1,439.26","6,817.60","1,293.02","10,636.82","3,029.45","5,745.37","1,046.35","40,892.86"
03/21/2025 04:00,"10,885.65","1,480.56","6,843.59","1,306.61","10,770.61","2,998.43","5,781.68","1,057.34","41,124.46"
03/21/2025 05:00,"11,117.52","1,535.08","6,839.61","1,331.19","11,156.99","2,967.20","5,967.66","1,090.32","42,005.57"
03/21/2025 06:00,"11,700.47","1,646.99","6,739.08","1,385.71","11,987.20","3,097.73","6,346.82","1,142.09","44,046.09"
03/21/2025 07:00,"12,436.76","1,833.88","6,812.51","1,473.58","13,112.67","3,305.36","6,928.83","1,221.54","47,125.13"
03/21/2025 08:00,"12,796.44","1,907.83","6,869.99","1,545.09","13,872.32","3,383.50","7,353.44","1,273.84","49,002.46"
03/21/2025 09:00,"12,815.94","1,879.61","7,116.63","1,545.92","13,810.95","3,343.88","7,383.67","1,250.93","49,147.53"
03/21/2025 10:00,"12,794.86","1,768.43","7,221.59","1,512.80","13,522.18","3,307.02","7,187.59","1,206.71","48,521.18"
03/21/2025 11:00,"12,764.97","1,668.40","7,263.91","1,479.82","13,192.93","3,262.80","6,937.51","1,177.65","47,748.00"
03/21/2025 12:00,"12,634.24","1,567.98","7,257.55","1,428.26","12,725.20","3,312.54","6,736.88","1,144.52","46,807.16"
03/21/2025 13:00,"12,529.44","1,500.34","7,335.23","1,382.53","12,271.22","3,397.76","6,552.92","1,089.71","46,059.13"
03/21/2025 14:00,"12,499.13","1,456.24","7,375.58","1,352.08","11,909.28","3,553.08","6,497.66","1,055.13","45,698.18"
03/21/2025 15:00,"12,518.67","1,434.88","7,407.44","1,357.27","11,757.81","3,683.30","6,601.30","1,048.91","45,809.59"
03/21/2025 16:00,"12,639.52","1,424.67","7,463.67","1,373.80","11,788.39","3,782.85","6,745.35","1,073.70","46,291.96"
03/21/2025 17:00,"12,766.19","1,434.73","7,477.60","1,393.76","11,963.21","3,950.55","7,050.18","1,111.99","47,148.20"
03/21/2025 18:00,"12,834.64","1,450.75","7,450.76","1,406.56","12,188.37","3,964.58","7,322.96","1,144.90","47,763.51"
03/21/2025 19:00,"12,617.52","1,453.78","7,110.12","1,419.86","12,351.10","3,974.38","7,507.07","1,157.46","47,591.29"
03/21/2025 20:00,"12,453.22","1,461.91","6,854.83","1,415.80","12,370.62","3,975.81","7,500.78","1,157.04","47,190.00"
03/21/2025 21:00,"12,495.88","1,474.77","6,849.98","1,418.85","12,477.08","3,991.44","7,473.41","1,174.29","47,355.69"
03/21/2025 22:00,"12,294.58","1,462.14","6,984.61","1,362.02","12,069.07","3,843.13","7,234.77","1,143.44","46,393.76"
03/21/2025 23:00,"11,905.30","1,393.79","7,006.89","1,326.91","11,511.64","3,764.95","6,890.90","1,096.30","44,896.68"
03/21/2025 24:00,"11,513.91","1,318.92","6,914.46","1,299.59","10,900.05","3,599.78","6,482.14","1,063.50","43,092.34"
03/22/2025 01:00,"11,105.47","1,239.72","6,884.36","1,283.07","10,217.05","3,343.92","6,121.18","1,040.04","41,234.80"
03/22/2025 02:00,"10,850.46","1,199.51","6,923.52","1,270.74","9,845.74","3,159.38","5,875.23","1,018.89","40,143.46"
03/22/2025 03:00,"10,693.47","1,172.54","6,911.49","1,139.16","9,620.32","3,169.89","5,661.88","1,011.35","39,380.09"
03/22/2025 04:00,"10,577.64","1,164.10","6,955.99","1,132.52","9,528.52","3,100.79","5,567.68","1,004.53","39,031.78"
03/22/2025 05:00,"10,500.16","1,152.14","6,939.65","1,272.16","9,557.71","3,058.89","5,535.26","1,004.91","39,020.88"
03/22/2025 06:00,"10,625.22","1,202.15","6,954.10","1,298.82","9,839.38","3,059.28","5,586.03","1,020.32","39,585.30"
03/22/2025 07:00,"10,851.01","1,256.00","6,972.40","1,333.41","10,332.64","3,144.65","5,829.71","1,042.95","40,762.78"
03/22/2025 08:00,"11,104.79","1,353.59","6,912.23","1,355.20","10,901.53","3,176.04","6,101.58","1,076.71","41,981.67"
03/22/2025 09:00,"11,363.37","1,391.69","6,931.33","1,397.75","11,211.06","3,223.56","6,274.45","1,092.34","42,885.55"
03/22/2025 10:00,"11,802.69","1,386.03","7,226.93","1,388.11","11,433.05","3,360.32","6,405.96","1,114.65","44,117.74"
03/22/2025 11:00,"12,178.48","1,379.49","7,287.76","1,367.49","11,546.46","3,548.91","6,553.33","1,108.10","44,970.02"
03/22/2025 12:00,"12,553.19","1,391.88","7,315.41","1,340.24","11,632.53","3,700.25","6,709.84","1,103.37","45,746.71"
03/22/2025 13:00,"12,792.51","1,413.00","7,386.09","1,329.27","11,751.71","3,802.40","6,916.13","1,107.47","46,498.59"
03/22/2025 14:00,"13,098.72","1,407.44","7,414.90","1,331.30","11,938.66","4,076.80","7,123.08","1,124.26","47,515.16"
03/22/2025 15:00,"13,470.84","1,485.52","7,438.78","1,352.47","12,227.44","4,215.68","7,480.34","1,156.64","48,827.72"
03/22/2025 16:00,"13,742.77","1,504.05","7,440.61","1,389.44","12,663.53","4,216.38","7,898.08","1,214.41","50,069.28"
03/22/2025 17:00,"13,866.69","1,580.57","7,479.34","1,416.94","13,057.69","4,306.30","8,303.24","1,261.04","51,271.81"
03/22/2025 18:00,"13,871.48","1,599.05","7,452.36","1,426.83","13,416.07","4,301.31","8,662.37","1,302.07","52,031.53"
03/22/2025 19:00,"13,627.40","1,599.67","7,230.49","1,403.07","13,530.23","4,383.41","8,749.87","1,315.79","51,839.93"
03/22/2025 20:00,"13,376.10","1,565.90","7,117.54","1,401.41","13,366.69","4,250.82","8,533.14","1,287.73","50,899.34"
03/22/2025 21:00,"13,306.37","1,564.25","7,174.89","1,450.57","13,371.59","4,266.92","8,350.13","1,280.36","50,765.10"
03/22/2025 22:00,"13,080.68","1,508.36","7,139.64","1,423.25","13,068.28","4,165.08","8,015.00","1,244.30","49,644.60"
03/22/2025 23:00,"12,693.70","1,430.96","6,938.72","1,362.93","12,497.93","4,044.94","7,576.62","1,189.92","47,735.72"
03/22/2025 24:00,"12,245.57","1,336.03","6,848.17","1,324.10","11,778.68","3,840.33","7,078.55","1,129.92","45,581.37"
03/23/2025 01:00,"11,821.43","1,256.87","6,815.90","1,278.84","11,061.97","3,626.91","6,637.00","1,079.82","43,578.73"
03/23/2025 02:00,"11,445.06","1,201.14","6,816.38","1,235.84","10,459.03","3,502.51","6,293.29","1,048.41","42,001.67"
03/23/2025 03:00,"11,119.98","1,143.40","6,728.76","1,208.31","9,985.62","3,336.68","6,064.92","1,025.42","40,613.11"
03/23/2025 04:00,"10,952.95","1,137.43","6,736.03","1,201.55","9,744.84","3,274.82","5,930.20","1,012.17","39,990.00"
03/23/2025 05:00,"10,850.88","1,131.21","6,750.48","1,203.62","9,620.82","3,225.42","5,875.72","1,005.13","39,663.28"
03/23/2025 06:00,"10,851.15","1,129.14","6,777.46","1,208.15","9,669.99","3,316.46","5,883.67","1,008.78","39,844.79"
03/23/2025 07:00,"10,983.32","1,164.44","6,741.80","1,214.59","9,834.33","3,316.68","6,013.16","1,025.12","40,293.44"
03/23/2025 08:00,"11,156.41","1,222.26","6,860.22","1,240.51","10,149.28","3,318.95","6,166.66","1,050.55","41,164.83"
03/23/2025 09:00,"11,487.82","1,288.07","7,154.44","1,269.62","10,626.69","3,330.27","6,462.60","1,063.08","42,682.58"
03/23/2025 10:00,"12,071.95","1,367.35","7,454.25","1,315.39","11,411.85","3,538.62","6,820.52","1,100.95","45,080.88"
03/23/2025 11:00,"12,562.18","1,416.48","7,522.15","1,329.12","12,004.83","3,847.51","7,146.07","1,117.45","46,945.78"
03/23/2025 12:00,"12,993.10","1,479.74","7,489.71","1,340.84","12,592.41","4,044.50","7,401.63","1,140.77","48,482.70"
03/23/2025 13:00,"13,332.77","1,485.22","7,414.24","1,351.71","13,147.12","4,184.21","7,755.35","1,165.41","49,836.02"
03/23/2025 14:00,"13,765.72","1,579.75","7,384.86","1,347.18","13,440.80","4,340.84","8,161.87","1,188.82","51,209.85"
03/23/2025 15:00,"14,224.76","1,637.15","7,394.05","1,344.07","13,695.47","4,415.98","8,586.24","1,217.32","52,515.04"
03/23/2025 16:00,"14,676.02","1,686.08","7,403.69","1,356.65","14,037.55","4,513.60","9,069.42","1,247.84","53,990.86"
03/23/2025 17:00,"14,952.49","1,767.68","7,450.43","1,382.37","14,420.31","4,533.07","9,492.43","1,268.75","55,267.53"
03/23/2025 18:00,"14,937.32","1,809.58","7,402.85","1,437.08","14,558.79","4,611.97","9,746.43","1,284.20","55,788.22"
03/23/2025 19:00,"14,749.65","1,810.99","7,137.44","1,460.13","14,444.47","4,570.34","9,703.81","1,279.38","55,156.22"
03/23/2025 20:00,"14,603.85","1,798.00","6,743.84","1,469.99","14,184.97","4,604.37","9,598.23","1,260.49","54,263.73"
03/23/2025 21:00,"14,548.07","1,786.00","6,703.01","1,477.87","14,092.24","4,604.79","9,487.09","1,264.36","53,963.43"
03/23/2025 22:00,"14,208.18","1,688.25","6,665.00","1,385.66","13,438.39","4,441.93","9,048.40","1,225.31","52,101.13"
03/23/2025 23:00,"13,555.44","1,558.26","6,625.11","1,316.43","12,402.36","4,266.43","8,169.10","1,153.99","49,047.11"
03/23/2025 24:00,"12,896.69","1,427.83","6,633.39","1,262.57","11,250.03","4,005.27","7,255.88","1,084.36","45,816.03"
03/24/2025 01:00,"12,269.07","1,288.76","6,714.99","1,228.03","10,307.63","3,651.53","6,653.40","1,042.92","43,156.32"
03/24/2025 02:00,"11,825.98","1,216.77","6,721.50","1,181.39","9,677.42","3,544.17","6,237.17","1,014.72","41,419.12"
03/24/2025 03:00,"11,426.45","1,131.16","6,641.96","1,161.90","9,338.55","3,464.50","5,954.63","1,004.07","40,123.23"
03/24/2025 04:00,"10,849.39","1,140.45","6,715.77","1,170.69","9,130.16","3,352.60","5,793.30",978.65,"39,131.01"
03/24/2025 05:00,"10,932.99","1,147.84","6,787.88","1,211.68","9,368.43","3,332.23","5,827.91",991.33,"39,600.28"
03/24/2025 06:00,"11,289.10","1,211.26","6,759.29","1,261.44","10,001.33","3,419.55","6,057.67","1,033.19","41,032.83"
03/24/2025 07:00,"11,847.13","1,341.21","6,787.32","1,341.32","11,210.97","3,624.60","6,419.37","1,137.39","43,709.32"
03/24/2025 08:00,"12,090.49","1,393.82","6,953.57","1,414.46","11,915.15","3,705.69","6,697.83","1,181.15","45,352.18"
03/24/2025 09:00,"12,201.53","1,396.62","7,199.32","1,425.03","11,876.19","3,665.82","6,878.18","1,138.62","45,781.31"
03/24/2025 10:00,"12,699.71","1,440.66","7,408.90","1,418.55","11,998.03","3,645.35","6,912.43","1,112.97","46,636.60"
03/24/2025 11:00,"13,151.07","1,468.06","7,342.17","1,404.55","12,009.99","3,898.41","6,992.94","1,100.60","47,367.79"
03/24/2025 12:00,"13,647.17","1,508.52","7,255.27","1,392.86","12,138.41","4,041.89","7,137.53","1,103.59","48,225.23"
03/24/2025 13:00,"14,185.70","1,545.99","7,323.11","1,389.01","12,282.58","4,279.19","7,394.86","1,119.37","49,519.81"
03/24/2025 14:00,"14,811.03","1,603.73","7,333.25","1,400.05","12,537.01","4,482.23","7,779.29","1,135.78","51,082.36"
03/24/2025 15:00,"15,526.66","1,670.66","7,362.95","1,422.74","12,902.90","4,652.44","8,322.09","1,187.95","53,048.39"
03/24/2025 16:00,"16,086.15","1,740.91","7,406.05","1,435.55","13,315.85","4,881.86","8,889.37","1,240.14","54,995.88"
03/24/2025 17:00,"16,511.38","1,784.26","7,461.99","1,460.35","13,856.84","5,111.14","9,494.53","1,293.85","56,974.34"
03/24/2025 18:00,"16,642.61","1,797.48","7,480.52","1,511.64","14,348.83","5,155.91","9,947.56","1,328.97","58,213.52"
03/24/2025 19:00,"16,087.57","1,783.80","7,182.19","1,524.53","14,405.85","5,019.49","10,061.31","1,330.92","57,395.65"
03/24/2025 20:00,"15,214.50","1,719.50","6,534.23","1,426.18","13,751.31","4,721.61","9,746.91","1,282.25","54,396.48"
03/24/2025 21:00,"14,691.75","1,691.31","6,499.57","1,427.12","13,522.44","4,589.59","9,344.56","1,266.44","53,032.75"
03/24/2025 22:00,"14,103.25","1,601.03","6,739.97","1,411.17","13,245.02","4,428.33","8,833.28","1,226.70","51,588.76"
03/24/2025 23:00,"13,302.33","1,468.93","6,804.39","1,336.74","12,265.34","4,168.09","8,162.50","1,157.26","48,665.57"
03/24/2025 24:00,"12,477.17","1,320.83","6,954.14","1,288.35","11,103.18","3,826.01","7,358.38","1,087.42","45,415.48"
03/25/2025 01:00,"11,843.97","1,235.12","6,838.07","1,278.56","10,352.63","3,611.88","6,740.46","1,039.58","42,940.28"
03/25/2025 02:00,"11,425.46","1,153.03","6,739.57","1,252.83","9,859.99","3,391.89","6,346.65","1,006.13","41,175.55"
03/25/2025 03:00,"11,058.64","1,122.42","6,695.25","1,227.54","9,478.17","3,270.53","6,074.98",986.64,"39,914.16"
03/25/2025 04:00,"10,864.64","1,121.07","6,666.06","1,213.77","9,335.58","3,165.22","5,920.14",974.28,"39,260.77"
03/25/2025 05:00,"10,945.88","1,142.35","6,688.76","1,246.33","9,480.40","3,135.77","5,966.45",981.79,"39,587.73"
03/25/2025 06:00,"11,343.61","1,208.66","6,709.26","1,280.58","10,122.32","3,243.44","6,194.10","1,012.47","41,114.42"
03/25/2025 07:00,"11,958.20","1,357.23","6,822.95","1,371.54","11,212.95","3,485.86","6,733.28","1,074.36","44,016.36"
03/25/2025 08:00,"12,135.29","1,402.16","7,007.18","1,416.71","11,784.96","3,559.03","7,000.08","1,104.18","45,409.58"
03/25/2025 09:00,"12,305.61","1,398.38","7,164.44","1,414.94","11,823.84","3,525.50","7,019.23","1,088.62","45,740.56"
03/25/2025 10:00,"12,788.30","1,445.98","7,226.59","1,434.06","12,121.72","3,744.87","7,221.34","1,108.43","47,091.30"
03/25/2025 11:00,"13,387.12","1,506.58","7,242.46","1,443.85","12,539.30","4,001.62","7,519.91","1,143.42","48,784.27"
03/25/2025 12:00,"13,944.81","1,560.36","7,376.32","1,461.10","13,078.21","4,148.42","7,872.96","1,201.24","50,643.41"
03/25/2025 13:00,"14,616.05","1,642.34","7,349.31","1,487.50","13,735.64","4,417.40","8,324.08","1,250.63","52,822.95"
03/25/2025 14:00,"15,392.15","1,749.91","7,417.34","1,520.45","14,484.53","4,718.86","8,890.81","1,301.64","55,475.70"
03/25/2025 15:00,"16,118.17","1,848.91","7,542.60","1,558.23","15,268.22","4,979.35","9,485.73","1,350.97","58,152.19"
03/25/2025 16:00,"16,734.35","1,928.88","7,553.29","1,601.42","15,926.06","5,145.02","9,974.27","1,398.15","60,261.45"
03/25/2025 17:00,"17,188.35","2,013.63","7,599.96","1,637.60","16,556.49","5,266.87","10,443.06","1,451.16","62,157.10"
03/25/2025 18:00,"17,287.64","2,062.90","7,619.13","1,660.62","17,002.30","5,154.84","10,662.45","1,470.52","62,920.41"
03/25/2025 19:00,"16,375.32","1,990.29","7,125.99","1,608.40","16,380.99","5,051.10","10,471.94","1,436.94","60,440.97"
03/25/2025 20:00,"15,647.29","1,893.92","6,719.91","1,592.89","15,901.24","4,862.69","10,115.02","1,402.13","58,135.09"
03/25/2025 21:00,"15,321.76","1,867.50","6,784.79","1,602.01","15,866.18","4,774.69","9,845.52","1,392.86","57,455.31"
03/25/2025 22:00,"14,658.96","1,760.84","7,010.62","1,559.61","15,187.61","4,693.37","9,311.32","1,350.39","55,532.72"
03/25/2025 23:00,"13,879.16","1,626.76","7,125.94","1,479.83","14,102.38","4,498.65","8,580.82","1,262.67","52,556.21"
03/25/2025 24:00,"12,955.15","1,471.84","7,198.72","1,393.81","12,804.25","4,174.92","7,784.96","1,185.19","48,968.85"
03/26/2025 01:00,"12,185.28","1,346.97","6,986.38","1,325.45","11,821.15","3,928.47","7,219.95","1,120.04","45,933.69"
03/26/2025 02:00,"11,664.28","1,263.83","6,919.47","1,280.20","11,054.97","3,736.83","6,808.58","1,080.09","43,808.25"
03/26/2025 03:00,"11,336.84","1,178.96","7,013.95","1,241.75","10,497.81","3,582.93","6,532.19","1,051.37","42,435.80"
03/26/2025 04:00,"11,190.40","1,151.58","6,974.35","1,226.79","10,230.25","3,514.19","6,406.10","1,030.18","41,723.85"
03/26/2025 05:00,"11,267.31","1,190.60","6,934.30","1,229.11","10,292.63","3,502.32","6,462.65","1,020.54","41,899.46"
03/26/2025 06:00,"11,719.85","1,248.48","6,842.00","1,257.12","10,813.10","3,586.82","6,700.24","1,037.88","43,205.49"
03/26/2025 07:00,"12,343.42","1,402.28","6,954.74","1,327.68","11,856.02","3,768.22","7,187.11","1,095.09","45,934.56"
03/26/2025 08:00,"12,639.75","1,441.44","6,905.76","1,369.82","12,408.76","3,941.09","7,472.84","1,102.46","47,281.92"
03/26/2025 09:00,"12,763.38","1,441.52","6,984.88","1,379.05","12,449.58","3,898.46","7,532.20","1,084.67","47,533.72"
03/26/2025 10:00,"13,119.41","1,451.24","7,158.68","1,389.18","12,596.37","3,975.47","7,686.87","1,110.23","48,487.47"
03/26/2025 11:00,"13,607.63","1,521.80","7,199.53","1,420.21","13,019.85","4,130.54","7,906.78","1,135.72","49,942.06"
03/26/2025 12:00,"13,929.33","1,600.47","7,272.88","1,435.51","13,401.11","4,216.76","8,136.04","1,163.28","51,155.37"
03/26/2025 13:00,"14,177.85","1,654.26","7,219.77","1,445.26","13,693.99","4,154.24","8,390.40","1,193.76","51,929.53"
03/26/2025 14:00,"14,640.86","1,729.97","7,297.26","1,434.64","14,113.83","4,183.45","8,673.38","1,243.22","53,316.62"
03/26/2025 15:00,"14,973.67","1,785.26","7,387.13","1,418.12","14,411.38","4,134.96","8,925.33","1,285.97","54,321.82"
03/26/2025 16:00,"14,896.24","1,823.70","7,404.02","1,500.66","14,446.13","4,116.66","8,875.01","1,324.79","54,387.21"
03/26/2025 17:00,"14,714.60","1,849.58","7,463.29","1,534.14","14,770.82","4,079.84","8,814.87","1,350.50","54,577.64"
03/26/2025 18:00,"14,422.04","1,838.09","7,559.95","1,556.24","15,071.61","4,137.99","8,654.19","1,353.75","54,593.86"
03/26/2025 19:00,"14,188.51","1,830.68","7,339.57","1,538.01","15,079.13","4,094.70","8,501.90","1,338.25","53,910.74"
03/26/2025 20:00,"14,152.31","1,746.10","7,220.34","1,487.22","14,835.80","4,043.93","8,445.46","1,294.36","53,225.52"
03/26/2025 21:00,"14,171.59","1,780.87","7,221.92","1,527.05","14,928.22","4,069.86","8,372.43","1,298.15","53,370.09"
03/26/2025 22:00,"13,816.45","1,692.85","7,180.57","1,518.29","14,352.94","4,068.99","8,040.22","1,253.47","51,923.78"
03/26/2025 23:00,"13,146.04","1,579.22","7,205.33","1,441.54","13,264.83","3,934.50","7,486.77","1,170.22","49,228.45"
03/26/2025 24:00,"12,443.70","1,436.77","7,175.25","1,360.65","12,094.34","3,659.42","6,925.93","1,106.81","46,202.87"
03/27/2025 01:00,"11,882.22","1,322.81","7,033.36","1,309.15","11,154.51","3,433.39","6,486.34","1,057.21","43,678.99"
03/27/2025 02:00,"11,431.87","1,266.30","6,906.03","1,267.77","10,456.79","3,279.97","6,171.61","1,021.37","41,801.70"
03/27/2025 03:00,"11,146.20","1,207.47","6,919.15","1,244.80","10,001.68","3,155.71","5,977.73","1,007.13","40,659.86"
03/27/2025 04:00,"10,931.94","1,215.16","6,881.47","1,229.47","9,732.72","3,128.88","5,895.28",995.90,"40,010.82"
03/27/2025 05:00,"11,029.79","1,210.00","6,937.52","1,236.38","9,844.78","3,051.90","5,945.83","1,000.48","40,256.70"
03/27/2025 06:00,"11,376.72","1,242.48","6,827.24","1,253.87","10,354.58","3,159.86","6,201.42","1,022.40","41,438.57"
03/27/2025 07:00,"11,913.58","1,367.05","6,984.21","1,338.99","11,376.55","3,407.23","6,730.06","1,086.74","44,204.42"
03/27/2025 08:00,"12,193.28","1,473.23","7,049.89","1,377.15","11,964.56","3,520.25","7,069.21","1,118.28","45,765.86"
03/27/2025 09:00,"12,287.41","1,476.63","6,952.77","1,375.93","12,105.83","3,521.69","7,188.88","1,102.01","46,011.16"
03/27/2025 10:00,"12,462.93","1,499.17","7,207.61","1,388.22","12,351.92","3,580.73","7,313.54","1,114.02","46,918.14"
03/27/2025 11:00,"12,571.57","1,529.11","7,130.00","1,405.89","12,676.00","3,635.29","7,364.38","1,126.52","47,438.76"
03/27/2025 12:00,"12,717.77","1,545.22","7,215.12","1,428.89","13,116.77","3,687.14","7,437.56","1,148.50","48,296.98"
03/27/2025 13:00,"12,926.22","1,593.27","7,337.50","1,464.64","13,629.49","3,671.52","7,486.81","1,155.57","49,265.01"
03/27/2025 14:00,"13,113.48","1,591.23","7,436.33","1,514.02","14,023.70","3,762.02","7,489.41","1,171.85","50,102.04"
03/27/2025 15:00,"13,056.17","1,609.77","7,515.77","1,541.11","14,288.78","3,783.58","7,429.41","1,193.14","50,417.73"
03/27/2025 16:00,"12,938.84","1,593.53","7,624.09","1,565.41","14,374.17","3,583.97","7,393.34","1,212.76","50,286.10"
03/27/2025 17:00,"12,882.79","1,565.35","7,670.64","1,587.97","14,221.74","3,616.67","7,437.74","1,226.82","50,209.72"
03/27/2025 18:00,"12,892.69","1,529.59","7,522.13","1,591.26","14,025.07","3,686.11","7,529.56","1,233.60","50,010.00"
03/27/2025 19:00,"12,881.12","1,575.48","7,195.68","1,587.73","13,738.57","3,731.80","7,606.79","1,230.26","49,547.43"
03/27/2025 20:00,"13,031.24","1,595.47","6,719.51","1,569.47","13,656.28","3,752.69","7,728.43","1,225.58","49,278.66"
03/27/2025 21:00,"13,132.42","1,542.01","6,700.76","1,582.51","13,656.81","3,792.16","7,794.22","1,246.38","49,447.28"
03/27/2025 22:00,"12,986.15","1,530.67","6,752.06","1,494.13","13,247.83","3,738.68","7,635.77","1,221.36","48,606.65"
03/27/2025 23:00,"12,481.35","1,449.61","6,755.34","1,407.57","12,314.27","3,523.82","7,223.74","1,157.79","46,313.48"
03/27/2025 24:00,"11,954.52","1,324.78","6,767.81","1,336.19","11,378.33","3,324.65","6,722.68","1,097.81","43,906.77"
03/28/2025 01:00,"11,348.60","1,243.03","6,764.45","1,187.66","10,418.19","3,111.00","6,256.71","1,029.18","41,358.83"
03/28/2025 02:00,"10,986.95","1,186.45","6,651.58","1,157.02","9,877.81","2,939.53","5,974.90",996.33,"39,770.57"
03/28/2025 03:00,"10,788.77","1,141.84","6,705.46","1,170.23","9,621.55","2,879.49","5,805.49",985.56,"39,098.37"
03/28/2025 04:00,"10,688.93","1,118.88","6,683.11","1,175.42","9,588.43","2,834.39","5,757.45",982.30,"38,828.90"
03/28/2025 05:00,"10,771.61","1,161.11","6,781.00","1,190.42","9,673.97","2,784.11","5,822.67",995.99,"39,180.87"
03/28/2025 06:00,"11,148.05","1,223.27","6,633.99","1,219.28","10,288.48","2,872.56","6,015.61","1,025.96","40,427.20"
03/28/2025 07:00,"11,668.32","1,325.41","6,585.64","1,261.02","11,273.88","2,997.37","6,533.40","1,083.91","42,728.96"
03/28/2025 08:00,"11,944.17","1,384.45","6,634.81","1,325.22","11,816.84","3,093.63","6,882.41","1,120.16","44,201.70"
03/28/2025 09:00,"12,106.34","1,381.39","6,778.14","1,348.17","11,979.18","3,116.80","6,961.43","1,106.44","44,777.87"
03/28/2025 10:00,"12,374.75","1,432.37","6,793.64","1,363.15","12,188.85","3,277.97","7,120.45","1,117.47","45,668.66"
03/28/2025 11:00,"12,807.95","1,412.63","6,886.64","1,393.67","12,551.63","3,365.17","7,214.29","1,125.39","46,757.38"
03/28/2025 12:00,"12,991.08","1,416.96","7,067.76","1,401.98","12,693.87","3,538.83","7,191.53","1,128.33","47,430.34"
03/28/2025 13:00,"13,134.67","1,477.44","7,199.57","1,411.88","12,660.97","3,758.12","7,206.39","1,140.45","47,989.50"
03/28/2025 14:00,"13,337.02","1,522.13","7,254.07","1,430.45","12,812.16","4,039.96","7,227.27","1,157.27","48,780.33"
03/28/2025 15:00,"13,332.46","1,512.93","7,318.64","1,452.35","12,785.59","4,208.41","7,358.76","1,192.11","49,161.25"
03/28/2025 16:00,"13,128.54","1,498.60","7,394.61","1,480.61","12,769.78","4,248.74","7,586.60","1,229.94","49,337.41"
03/28/2025 17:00,"12,928.74","1,502.16","7,470.69","1,518.18","12,906.53","4,359.45","7,821.86","1,275.79","49,783.41"
03/28/2025 18:00,"12,976.25","1,498.23","7,449.59","1,535.17","12,942.12","4,319.31","7,953.13","1,293.65","49,967.44"
03/28/2025 19:00,"13,003.67","1,496.94","7,150.91","1,534.36","12,914.43","4,308.77","7,965.86","1,299.58","49,674.52"
03/28/2025 20:00,"12,870.06","1,480.85","6,823.67","1,500.17","12,832.41","4,188.14","7,954.84","1,272.42","48,922.55"
03/28/2025 21:00,"12,938.01","1,513.26","6,596.29","1,474.08","12,915.68","4,157.55","7,959.51","1,265.56","48,819.93"
03/28/2025 22:00,"12,866.45","1,488.74","6,858.96","1,478.98","12,697.63","4,026.90","7,821.03","1,241.42","48,480.11"
03/28/2025 23:00,"12,403.91","1,411.85","6,909.07","1,422.42","12,028.63","3,910.38","7,484.19","1,193.52","46,763.97"
03/28/2025 24:00,"11,998.22","1,322.15","6,787.66","1,364.31","11,349.53","3,728.09","7,055.54","1,150.78","44,756.29"
03/29/2025 01:00,"11,835.79","1,275.51","6,925.81","1,338.62","10,873.18","3,507.08","6,635.15","1,123.83","43,514.97"
03/29/2025 02:00,"11,488.95","1,213.52","6,909.15","1,301.51","10,339.18","3,302.31","6,304.78","1,089.90","41,949.31"
03/29/2025 03:00,"11,316.15","1,185.59","6,776.60","1,136.10","10,059.64","3,332.28","6,102.98","1,067.34","40,976.67"
03/29/2025 04:00,"11,191.67","1,164.25","6,762.14","1,128.12","9,857.66","3,275.19","5,966.38","1,045.95","40,391.37"
03/29/2025 05:00,"11,147.09","1,160.48","6,705.29","1,248.06","9,753.15","3,237.89","5,927.15","1,037.50","40,216.61"
03/29/2025 06:00,"11,251.28","1,176.11","6,667.59","1,229.18","9,948.50","3,236.12","5,982.95","1,041.05","40,532.77"
03/29/2025 07:00,"11,437.78","1,192.00","6,741.25","1,249.66","10,293.58","3,311.10","6,159.07","1,050.85","41,435.29"
03/29/2025 08:00,"11,672.98","1,264.47","6,880.77","1,249.12","10,762.89","3,315.11","6,385.28","1,067.73","42,598.35"
03/29/2025 09:00,"11,964.17","1,334.80","6,969.90","1,305.49","11,283.67","3,442.88","6,682.15","1,082.45","44,065.51"
03/29/2025 10:00,"12,501.48","1,407.72","7,340.39","1,362.93","11,875.92","3,628.61","6,985.96","1,121.98","46,225.00"
03/29/2025 11:00,"12,979.99","1,455.44","7,398.92","1,415.78","12,275.95","3,851.73","7,271.28","1,145.78","47,794.87"
03/29/2025 12:00,"13,524.99","1,498.67","7,434.43","1,421.92","12,511.64","4,104.94","7,473.98","1,173.75","49,144.32"
03/29/2025 13:00,"14,193.65","1,543.25","7,435.06","1,435.05","12,823.44","4,316.31","7,742.04","1,220.84","50,709.63"
03/29/2025 14:00,"14,828.07","1,583.65","7,473.08","1,465.86","13,177.77","4,677.04","8,180.98","1,279.53","52,665.96"
03/29/2025 15:00,"15,449.30","1,649.59","7,506.28","1,507.15","13,805.39","4,907.78","8,713.74","1,341.20","54,880.42"
03/29/2025 16:00,"16,088.69","1,744.08","7,538.12","1,563.49","14,610.49","4,971.86","9,282.79","1,397.31","57,196.84"
03/29/2025 17:00,"16,538.36","1,816.56","7,517.83","1,617.18","15,227.54","5,099.06","9,819.17","1,446.89","59,082.59"
03/29/2025 18:00,"16,727.86","1,861.00","7,374.25","1,588.17","15,497.75","5,099.00","10,159.37","1,458.75","59,766.16"
03/29/2025 19:00,"16,404.57","1,836.49","7,085.24","1,514.95","15,207.27","5,083.97","10,130.35","1,440.59","58,703.44"
03/29/2025 20:00,"15,751.45","1,771.73","7,018.15","1,493.88","14,903.14","4,774.96","9,809.96","1,399.86","56,923.12"
03/29/2025 21:00,"15,187.91","1,729.16","6,948.27","1,508.32","14,669.23","4,618.71","9,468.22","1,372.43","55,502.26"
03/29/2025 22:00,"14,431.41","1,630.40","6,710.64","1,431.26","14,023.44","4,364.48","9,025.00","1,298.37","52,915.01"
03/29/2025 23:00,"13,703.62","1,523.39","6,566.34","1,365.44","13,208.10","4,130.56","8,511.10","1,220.40","50,228.95"
03/29/2025 24:00,"13,099.38","1,422.67","6,488.19","1,305.30","12,350.59","3,904.71","7,948.14","1,157.48","47,676.46"
03/30/2025 01:00,"12,582.12","1,317.76","6,585.46","1,261.83","11,508.24","3,592.94","7,379.44","1,109.39","45,337.19"
03/30/2025 02:00,"12,146.20","1,230.02","6,687.69","1,228.75","10,712.09","3,462.60","6,947.53","1,066.97","43,481.84"
03/30/2025 03:00,"11,812.27","1,202.38","6,781.55","1,208.14","10,211.14","3,312.13","6,653.26","1,035.07","42,215.95"
03/30/2025 04:00,"11,598.63","1,157.13","6,732.66","1,191.65","9,937.92","3,225.16","6,443.38","1,014.50","41,301.02"
03/30/2025 05:00,"11,618.28","1,132.28","6,807.79","1,202.30","9,870.35","3,329.88","6,313.70","1,008.02","41,282.60"
03/30/2025 06:00,"11,632.11","1,138.69","6,736.78","1,210.89","9,979.01","3,313.36","6,260.21","1,007.33","41,278.38"
03/30/2025 07:00,"11,752.17","1,161.61","6,801.66","1,271.25","10,253.28","3,387.65","6,311.88","1,021.56","41,961.06"
03/30/2025 08:00,"11,822.72","1,208.65","6,876.53","1,292.51","10,653.36","3,401.85","6,414.44","1,049.62","42,719.69"
03/30/2025 09:00,"12,160.82","1,270.17","6,948.47","1,319.32","11,258.88","3,513.62","6,740.56","1,069.66","44,281.50"
03/30/2025 10:00,"12,860.24","1,341.59","7,166.06","1,344.79","11,859.10","3,717.86","7,089.37","1,099.27","46,478.30"
03/30/2025 11:00,"13,507.14","1,415.26","7,233.58","1,372.57","12,510.60","3,987.58","7,391.71","1,124.35","48,542.80"
03/30/2025 12:00,"14,267.08","1,530.55","7,349.81","1,395.59","13,151.16","4,190.01","7,504.92","1,150.76","50,539.88"
03/30/2025 13:00,"14,715.41","1,568.62","7,417.31","1,411.01","13,818.97","4,386.11","7,620.49","1,191.38","52,129.31"
03/30/2025 14:00,"15,103.94","1,606.90","7,486.70","1,421.17","14,386.39","4,619.83","7,793.21","1,260.84","53,678.98"
03/30/2025 15:00,"15,505.23","1,734.36","7,522.59","1,439.11","14,985.71","4,855.48","7,961.88","1,312.45","55,316.80"
03/30/2025 16:00,"15,919.22","1,819.52","7,539.20","1,470.31","15,337.85","5,088.10","8,226.35","1,363.67","56,764.22"
03/30/2025 17:00,"16,010.80","1,866.93","7,546.96","1,501.93","15,192.46","5,158.54","8,622.52","1,409.45","57,309.58"
03/30/2025 18:00,"15,899.94","1,869.80","7,499.98","1,517.94","15,124.37","5,143.02","9,111.90","1,446.26","57,613.22"
03/30/2025 19:00,"15,491.15","1,799.39","7,086.66","1,484.15","14,632.48","5,125.26","9,304.06","1,430.50","56,353.65"
03/30/2025 20:00,"15,088.16","1,740.61","6,610.65","1,395.91","13,583.65","4,926.47","9,168.90","1,373.13","53,887.48"
03/30/2025 21:00,"15,000.90","1,722.87","6,502.35","1,396.57","13,505.72","4,848.78","9,092.37","1,358.71","53,428.27"
03/30/2025 22:00,"14,810.48","1,712.69","6,540.65","1,324.29","13,320.45","4,676.21","8,750.38","1,300.92","52,436.06"
03/30/2025 23:00,"14,246.88","1,572.15","6,547.37","1,260.23","12,321.17","4,394.68","8,136.76","1,208.22","49,687.46"
03/30/2025 24:00,"13,652.82","1,390.07","6,636.08","1,205.33","11,204.56","4,157.32","7,451.89","1,125.39","46,823.45"
03/31/2025 01:00,"13,083.38","1,278.83","6,634.95","1,157.12","10,229.87","3,857.85","6,905.48","1,063.02","44,210.49"
03/31/2025 02:00,"12,653.07","1,227.11","6,595.26","1,163.94","9,650.68","3,662.14","6,572.10","1,024.62","42,548.92"
03/31/2025 03:00,"12,407.22","1,173.49","6,769.76","1,155.43","9,371.58","3,536.23","6,358.54","1,011.07","41,783.33"
03/31/2025 04:00,"12,205.24","1,162.80","6,770.08","1,143.15","9,220.62","3,476.02","6,251.34",992.29,"41,221.54"
03/31/2025 05:00,"12,335.34","1,151.39","6,717.47","1,199.41","9,433.38","3,412.03","6,292.63","1,004.20","41,545.83"
03/31/2025 06:00,"12,725.43","1,234.93","6,721.71","1,268.79","10,001.08","3,568.37","6,484.13","1,028.71","43,033.15"
03/31/2025 07:00,"13,310.20","1,356.95","6,664.25","1,360.51","11,210.56","3,780.72","6,812.88","1,101.40","45,597.47"
03/31/2025 08:00,"13,465.02","1,407.81","6,635.53","1,388.37","11,775.25","3,919.80","7,077.71","1,116.94","46,786.42"
03/31/2025 09:00,"13,644.79","1,427.33","6,863.06","1,381.96","11,915.16","3,829.11","7,300.23","1,089.29","47,450.93"
03/31/2025 10:00,"14,101.78","1,454.43","7,306.36","1,384.65","12,006.09","3,905.79","7,502.29","1,083.40","48,744.79"
03/31/2025 11:00,"14,616.25","1,451.20","7,381.08","1,387.52","12,038.82","4,156.92","7,706.46","1,089.55","49,827.81"
03/31/2025 12:00,"14,977.94","1,493.98","7,380.53","1,389.63","12,059.22","4,230.87","7,938.31","1,112.48","50,582.97"
03/31/2025 13:00,"15,397.75","1,497.39","7,398.84","1,383.97","12,054.28","4,445.39","8,218.14","1,136.54","51,532.29"
03/31/2025 14:00,"16,072.96","1,558.90","7,451.51","1,387.00","12,107.14","4,831.50","8,668.17","1,176.33","53,253.53"
03/31/2025 15:00,"16,657.68","1,614.82","7,533.57","1,393.39","12,234.89","5,110.39","9,050.70","1,201.81","54,797.26"
03/31/2025 16:00,"17,170.52","1,596.13","7,595.06","1,394.45","12,429.61","5,280.72","9,407.45","1,257.10","56,131.05"
03/31/2025 17:00,"17,431.00","1,690.64","7,651.22","1,397.16","12,869.35","5,370.80","9,622.55","1,319.04","57,351.76"
03/31/2025 18:00,"17,377.63","1,694.00","7,638.88","1,413.31","13,226.80","5,384.99","9,615.26","1,340.98","57,691.85"
03/31/2025 19:00,"16,863.43","1,737.57","7,408.90","1,413.64","13,324.92","5,192.62","9,205.84","1,331.92","56,478.85"
03/31/2025 20:00,"16,155.59","1,684.01","6,866.25","1,404.90","13,212.43","4,897.19","8,897.59","1,294.61","54,412.58"
03/31/2025 21:00,"15,659.78","1,672.27","6,638.65","1,413.66","13,225.73","4,696.19","8,737.53","1,277.56","53,321.38"
03/31/2025 22:00,"15,256.18","1,588.39","6,935.92","1,392.54","12,867.95","4,578.47","8,409.13","1,257.29","52,285.88"
03/31/2025 23:00,"14,472.39","1,490.41","6,920.15","1,329.43","11,933.04","4,271.75","7,790.84","1,192.72","49,400.73"
03/31/2025 24:00,"13,651.16","1,361.65","6,924.85","1,270.09","10,990.25","3,898.38","7,123.28","1,125.55","46,345.19"
04/01/2025 01:00,"12,863.82","1,222.53","7,037.90","1,221.57","10,204.74","3,844.72","6,490.64","1,094.68","43,980.60"
04/01/2025 02:00,"12,357.64","1,196.98","7,058.06","1,193.50","9,742.66","3,637.37","6,131.36","1,063.63","42,381.20"
04/01/2025 03:00,"11,998.11","1,138.47","6,984.21","1,185.12","9,523.37","3,373.17","5,922.43","1,049.46","41,174.34"
04/01/2025 04:00,"11,757.06","1,147.22","6,913.27","1,180.94","9,442.60","3,305.10","5,792.04","1,044.21","40,582.44"
04/01/2025 05:00,"11,749.22","1,167.22","6,893.75","1,196.07","9,565.58","3,443.60","5,847.60","1,045.47","40,908.50"
04/01/2025 06:00,"12,176.62","1,233.14","6,871.49","1,238.40","10,239.80","3,549.23","6,073.64","1,076.45","42,458.78"
04/01/2025 07:00,"12,768.06","1,347.85","6,862.12","1,318.60","11,364.41","3,750.18","6,592.75","1,139.30","45,143.28"
04/01/2025 08:00,"13,064.50","1,389.94","6,946.37","1,357.83","11,957.93","3,785.44","6,877.55","1,156.30","46,535.87"
04/01/2025 09:00,"13,275.67","1,429.90","6,980.23","1,353.51","12,107.27","3,844.34","6,970.21","1,139.89","47,101.02"
04/01/2025 10:00,"13,624.34","1,472.62","7,080.00","1,364.01","12,322.47","3,965.03","7,111.98","1,159.34","48,099.79"
04/01/2025 11:00,"14,036.25","1,514.75","7,129.23","1,372.48","12,542.33","4,138.31","7,325.56","1,192.66","49,251.56"
04/01/2025 12:00,"14,362.36","1,529.81","7,264.08","1,379.45","12,610.79","4,338.59","7,619.63","1,232.37","50,337.06"
04/01/2025 13:00,"14,590.54","1,565.49","7,284.00","1,392.22","12,846.64","4,542.77","7,935.13","1,269.48","51,426.27"
04/01/2025 14:00,"14,852.25","1,622.47","7,367.55","1,420.08","13,150.81","4,684.74","8,272.02","1,321.60","52,691.52"
04/01/2025 15:00,"15,020.33","1,625.22","7,386.44","1,443.21","13,216.75","4,813.69","8,682.60","1,374.72","53,562.97"
04/01/2025 16:00,"15,355.46","1,643.63","7,450.70","1,473.31","13,582.92","4,935.99","9,191.45","1,426.55","55,060.01"
04/01/2025 17:00,"15,794.89","1,688.24","7,463.37","1,492.61","14,111.40","4,989.74","9,668.13","1,479.66","56,688.03"
04/01/2025 18:00,"15,967.10","1,704.52","7,374.27","1,501.39","14,506.55","5,031.76","10,030.99","1,498.66","57,615.24"
04/01/2025 19:00,"15,776.98","1,729.67","7,184.33","1,516.01","14,732.31","5,047.52","10,113.99","1,498.30","57,599.10"
04/01/2025 20:00,"15,475.91","1,733.01","7,018.96","1,537.20","15,065.60","4,871.13","9,957.66","1,473.51","57,132.98"
04/01/2025 21:00,"15,405.01","1,754.43","6,842.57","1,555.61","15,347.85","4,768.93","9,738.47","1,458.79","56,871.66"
04/01/2025 22:00,"15,085.92","1,718.84","6,897.69","1,527.08","15,003.67","4,645.97","9,344.07","1,412.22","55,635.47"
04/01/2025 23:00,"14,535.17","1,604.85","7,121.32","1,457.66","14,192.42","4,522.50","8,755.95","1,355.17","53,545.06"
04/01/2025 24:00,"13,867.32","1,437.57","7,210.20","1,389.96","13,122.26","4,213.48","8,078.85","1,283.55","50,603.18"
04/02/2025 01:00,"13,378.38","1,333.42","6,855.69","1,334.14","12,315.69","3,952.92","7,480.92","1,194.58","47,845.75"
04/02/2025 02:00,"13,058.67","1,278.60","6,999.47","1,304.65","11,742.27","3,733.88","7,097.51","1,170.56","46,385.61"
04/02/2025 03:00,"12,754.51","1,298.86","7,139.50","1,269.38","11,281.83","3,638.36","6,836.45","1,146.76","45,365.64"
04/02/2025 04:00,"12,640.25","1,306.14","7,099.76","1,251.17","11,081.21","3,610.62","6,715.84","1,116.36","44,821.35"
04/02/2025 05:00,"12,775.71","1,316.24","6,992.90","1,245.60","11,142.84","3,615.47","6,774.16","1,106.93","44,969.85"
04/02/2025 06:00,"13,364.15","1,414.29","6,839.82","1,279.78","11,838.77","3,640.07","7,047.64","1,133.16","46,557.67"
04/02/2025 07:00,"14,000.60","1,546.56","6,870.24","1,335.47","12,942.34","3,944.21","7,526.52","1,184.19","49,350.13"
04/02/2025 08:00,"14,105.65","1,596.00","6,890.97","1,373.59","13,527.12","4,001.89","7,780.48","1,178.30","50,453.99"
04/02/2025 09:00,"14,134.27","1,603.98","7,075.05","1,369.99","13,548.75","3,996.42","7,844.67","1,156.79","50,729.93"
04/02/2025 10:00,"14,513.48","1,603.89","7,344.43","1,376.61","13,722.06","4,098.77","8,003.88","1,178.57","51,841.69"
04/02/2025 11:00,"15,092.26","1,639.91","7,412.48","1,379.28","13,813.11","4,376.88","8,111.22","1,176.75","53,001.89"
04/02/2025 12:00,"15,577.20","1,709.85","7,499.55","1,377.12","13,704.54","4,675.80","8,201.82","1,191.15","53,937.02"
04/02/2025 13:00,"16,094.71","1,733.70","7,410.61","1,397.31","13,692.69","4,967.97","8,348.02","1,206.47","54,851.48"
04/02/2025 14:00,"16,394.79","1,765.66","7,331.23","1,379.56","13,916.73","5,220.82","8,671.85","1,251.26","55,931.91"
04/02/2025 15:00,"16,400.27","1,784.74","7,430.91","1,348.05","14,150.68","5,428.67","8,973.26","1,272.90","56,789.48"
04/02/2025 16:00,"16,367.53","1,789.41","7,601.50","1,437.46","14,476.04","5,567.46","9,472.03","1,326.11","58,037.55"
04/02/2025 17:00,"16,178.27","1,797.75","7,495.37","1,464.32","14,706.55","5,748.41","9,929.59","1,379.41","58,699.66"
04/02/2025 18:00,"15,836.40","1,803.12","7,195.71","1,446.15","14,376.96","5,622.56","10,192.32","1,398.51","57,871.75"
04/02/2025 19:00,"15,316.13","1,766.81","6,777.84","1,409.55","13,946.61","5,395.23","10,016.99","1,363.33","55,992.49"
04/02/2025 20:00,"15,261.02","1,760.22","6,704.90","1,368.51","13,857.32","5,100.10","9,803.87","1,330.14","55,186.08"
04/02/2025 21:00,"15,338.16","1,781.40","6,707.73","1,389.94","13,987.25","5,040.93","9,666.67","1,331.24","55,243.32"
04/02/2025 22:00,"15,199.48","1,730.30","6,787.41","1,382.94","13,730.34","4,892.92","9,425.20","1,290.05","54,438.65"
04/02/2025 23:00,"14,824.59","1,616.46","7,033.16","1,333.39","13,100.57","4,656.00","8,910.34","1,222.20","52,696.71"
04/02/2025 24:00,"14,170.83","1,525.62","7,102.41","1,288.25","12,036.26","4,281.56","8,333.26","1,159.35","49,897.55"
04/03/2025 01:00,"13,686.18","1,457.81","7,091.89","1,257.67","11,152.65","3,960.60","7,777.45","1,099.86","47,484.10"
04/03/2025 02:00,"13,333.88","1,383.84","7,049.97","1,221.88","10,583.95","3,766.68","7,395.66","1,067.39","45,803.25"
04/03/2025 03:00,"13,062.44","1,364.86","7,194.17","1,205.68","10,250.66","3,640.72","7,063.77","1,050.52","44,832.82"
04/03/2025 04:00,"12,907.96","1,337.57","7,176.57","1,217.71","10,040.59","3,567.65","6,943.20","1,035.77","44,227.02"
04/03/2025 05:00,"13,020.64","1,363.99","7,086.05","1,216.66","10,116.06","3,584.84","6,962.82","1,031.38","44,382.45"
04/03/2025 06:00,"13,550.65","1,422.71","7,038.18","1,256.01","10,696.96","3,580.65","7,168.02","1,057.09","45,770.26"
04/03/2025 07:00,"14,089.96","1,545.61","6,894.58","1,294.10","11,616.17","3,915.61","7,645.17","1,119.68","48,120.89"
04/03/2025 08:00,"14,303.79","1,623.15","6,874.65","1,340.28","12,126.86","3,966.35","7,912.15","1,137.87","49,285.10"
04/03/2025 09:00,"14,711.98","1,674.08","6,990.31","1,352.46","12,468.44","3,914.60","8,027.28","1,123.41","50,262.57"
04/03/2025 10:00,"15,178.42","1,691.77","7,301.55","1,352.51","12,626.15","4,210.61","8,177.09","1,141.82","51,679.92"
04/03/2025 11:00,"16,078.29","1,767.00","7,369.69","1,373.19","12,807.37","4,338.57","8,470.83","1,155.70","53,360.64"
04/03/2025 12:00,"16,555.44","1,763.65","7,377.52","1,386.25","12,757.77","4,690.90","8,798.57","1,161.04","54,491.14"
04/03/2025 13:00,"16,950.42","1,804.02","7,351.32","1,383.81","12,658.22","5,017.24","9,309.20","1,163.66","55,637.90"
04/03/2025 14:00,"17,397.65","1,836.26","7,403.28","1,377.35","12,691.19","5,294.24","9,923.56","1,160.52","57,084.05"
04/03/2025 15:00,"17,825.12","1,845.63","7,518.38","1,383.49","12,704.91","5,477.07","10,497.67","1,167.36","58,419.62"
04/03/2025 16:00,"17,915.45","1,926.67","7,616.90","1,382.97","12,640.57","5,585.68","10,890.30","1,183.56","59,142.10"
04/03/2025 17:00,"17,906.06","2,003.95","7,637.83","1,394.56","12,708.16","5,656.73","11,237.21","1,198.26","59,742.75"
04/03/2025 18:00,"17,591.54","1,993.11","7,446.49","1,405.88","12,798.91","5,599.25","11,511.81","1,205.77","59,552.77"
04/03/2025 19:00,"17,040.22","1,918.99","7,218.57","1,413.16","12,840.24","5,445.15","11,414.30","1,217.31","58,507.94"
04/03/2025 20:00,"16,762.10","1,853.79","7,051.90","1,423.64","12,941.46","5,229.36","11,058.69","1,227.85","57,548.78"
04/03/2025 21:00,"16,650.89","1,838.77","6,963.25","1,447.10","13,165.14","5,117.57","10,718.26","1,251.76","57,152.73"
04/03/2025 22:00,"16,180.32","1,794.77","6,922.05","1,412.84","12,733.16","4,938.49","10,053.38","1,227.80","55,262.80"
04/03/2025 23:00,"15,528.67","1,704.77","6,889.51","1,357.94","11,963.79","4,645.13","9,271.25","1,179.44","52,540.52"
04/03/2025 24:00,"14,758.52","1,555.73","6,821.41","1,304.25","11,039.25","4,341.45","8,486.20","1,125.37","49,432.18"
04/04/2025 01:00,"14,102.17","1,383.02","6,684.68","1,187.81","10,317.63","4,113.23","7,913.85","1,101.43","46,803.82"
04/04/2025 02:00,"13,692.32","1,309.19","6,751.26","1,173.38","9,948.90","3,858.48","7,431.78","1,075.68","45,241.01"
04/04/2025 03:00,"13,355.55","1,274.59","6,819.03","1,162.79","9,691.58","3,732.45","7,132.46","1,051.36","44,219.81"
04/04/2025 04:00,"13,167.51","1,265.26","6,857.31","1,160.27","9,559.30","3,669.89","6,984.46","1,029.15","43,693.17"
04/04/2025 05:00,"13,213.51","1,294.46","6,824.63","1,166.71","9,682.31","3,657.79","6,996.67","1,040.25","43,876.32"
04/04/2025 06:00,"13,651.96","1,364.83","6,764.06","1,208.47","10,317.23","3,733.37","7,184.40","1,059.96","45,284.27"
04/04/2025 07:00,"14,206.71","1,507.34","6,714.86","1,276.19","11,278.91","3,814.67","7,638.02","1,104.56","47,541.26"
04/04/2025 08:00,"14,490.54","1,542.56","6,809.94","1,347.44","11,957.06","3,903.71","7,919.39","1,135.74","49,106.39"
04/04/2025 09:00,"14,740.61","1,610.28","6,791.30","1,396.73","12,234.28","3,948.55","8,027.39","1,114.34","49,863.48"
04/04/2025 10:00,"15,397.81","1,620.51","7,012.75","1,449.02","12,578.94","4,083.51","8,325.73","1,136.81","51,605.08"
04/04/2025 11:00,"16,160.86","1,662.45","7,075.26","1,451.98","12,831.31","4,491.10","8,590.35","1,161.23","53,424.54"
04/04/2025 12:00,"16,899.26","1,782.63","7,109.11","1,445.22","12,956.89","4,749.47","8,789.48","1,174.04","54,906.12"
04/04/2025 13:00,"17,498.08","1,860.47","7,104.86","1,445.98","12,963.97","4,998.61","9,128.07","1,181.14","56,181.19"
04/04/2025 14:00,"17,870.52","1,861.91","7,085.94","1,443.02","12,896.13","5,259.33","9,582.92","1,199.08","57,198.84"
04/04/2025 15:00,"17,851.85","1,906.21","7,074.85","1,424.73","12,704.35","5,464.47","10,098.82","1,223.10","57,748.37"
04/04/2025 16:00,"17,502.03","1,877.92","7,075.28","1,410.90","12,589.95","5,550.17","10,532.76","1,241.29","57,780.30"
04/04/2025 17:00,"17,033.60","1,843.84","7,080.76","1,409.93","12,585.27","5,605.20","10,844.73","1,259.07","57,662.39"
04/04/2025 18:00,"16,633.64","1,790.04","7,031.24","1,412.86","12,615.50","5,473.50","10,929.99","1,264.15","57,150.93"
04/04/2025 19:00,"16,145.30","1,753.32","6,900.48","1,411.11","12,578.84","5,268.44","10,610.86","1,243.55","55,911.91"
04/04/2025 20:00,"15,943.68","1,719.22","6,769.79","1,405.85","12,578.22","5,109.70","10,101.06","1,221.44","54,848.95"
04/04/2025 21:00,"15,939.19","1,695.83","6,781.74","1,420.55","12,620.02","5,018.86","9,781.13","1,223.59","54,480.91"
04/04/2025 22:00,"15,689.14","1,620.11","6,969.61","1,399.63","12,288.33","4,843.48","9,277.23","1,194.91","53,282.43"
04/04/2025 23:00,"15,292.76","1,542.50","7,108.91","1,343.43","11,756.46","4,591.35","8,736.28","1,166.34","51,538.01"
04/04/2025 24:00,"14,775.41","1,468.08","6,973.74","1,309.11","11,185.84","4,377.67","8,071.65","1,112.61","49,274.11"
04/05/2025 01:00,"14,192.11","1,355.70","6,926.50","1,271.81","10,558.24","4,162.95","7,496.38","1,047.01","47,010.70"
04/05/2025 02:00,"13,777.78","1,324.87","6,929.03","1,248.13","10,113.03","3,906.16","7,019.52","1,022.82","45,341.33"
04/05/2025 03:00,"13,559.46","1,308.54","6,895.37","1,114.67","9,932.48","3,800.88","6,777.22","1,012.21","44,400.83"
04/05/2025 04:00,"13,469.05","1,267.67","6,810.56","1,110.29","9,758.80","3,702.09","6,585.57","1,010.30","43,714.32"
04/05/2025 05:00,"13,405.12","1,255.85","6,802.47","1,251.33","9,745.33","3,638.16","6,511.56","1,012.07","43,621.89"
04/05/2025 06:00,"13,512.72","1,274.99","6,765.14","1,279.10","10,013.75","3,669.10","6,451.15","1,030.69","43,996.64"
04/05/2025 07:00,"13,711.27","1,323.49","6,920.51","1,301.42","10,496.68","3,672.21","6,368.57","1,054.91","44,849.07"
04/05/2025 08:00,"13,951.06","1,351.91","6,991.27","1,323.64","11,047.13","3,691.98","6,444.40","1,092.46","45,893.86"
04/05/2025 09:00,"14,238.26","1,385.70","6,974.11","1,404.59","11,691.94","3,734.19","6,627.56","1,122.03","47,178.37"
04/05/2025 10:00,"14,753.64","1,440.45","7,167.77","1,451.77","12,301.89","3,735.21","6,856.24","1,147.47","48,854.44"
04/05/2025 11:00,"15,263.80","1,481.13","7,203.98","1,487.99","12,829.34","3,808.51","6,983.67","1,164.02","50,222.43"
04/05/2025 12:00,"15,519.41","1,451.09","7,218.12","1,497.13","12,914.51","3,913.45","6,977.70","1,164.77","50,656.17"
04/05/2025 13:00,"15,705.57","1,480.61","7,236.66","1,500.40","12,908.54","3,979.52","6,964.67","1,157.16","50,933.14"
04/05/2025 14:00,"15,564.34","1,417.66","7,263.87","1,507.38","12,720.30","4,111.84","6,964.06","1,153.92","50,703.36"
04/05/2025 15:00,"15,130.33","1,390.26","7,292.68","1,509.83","12,605.82","4,276.31","7,015.31","1,150.57","50,371.10"
04/05/2025 16:00,"14,513.48","1,378.01","7,333.78","1,515.79","12,596.26","4,402.62","7,095.20","1,161.93","49,997.08"
04/05/2025 17:00,"13,958.01","1,383.60","7,321.43","1,524.89","12,743.60","4,495.83","7,093.62","1,179.15","49,700.13"
04/05/2025 18:00,"13,467.86","1,443.74","7,313.41","1,525.21","12,896.41","4,506.63","7,092.47","1,201.61","49,447.34"
04/05/2025 19:00,"13,189.75","1,466.19","7,381.33","1,501.21","13,114.90","4,413.82","7,080.91","1,218.29","49,366.41"
04/05/2025 20:00,"12,980.05","1,486.86","7,389.10","1,517.81","13,280.69","4,311.75","7,083.98","1,238.88","49,289.13"
04/05/2025 21:00,"12,907.10","1,487.34","7,360.04","1,577.10","13,454.69","4,279.73","7,144.82","1,278.89","49,489.73"
04/05/2025 22:00,"12,689.57","1,488.52","7,198.08","1,560.39","13,261.37","4,138.15","6,997.56","1,270.51","48,604.16"
04/05/2025 23:00,"12,297.65","1,411.79","7,207.77","1,530.34","12,916.90","3,876.61","6,765.87","1,248.19","47,255.11"
04/05/2025 24:00,"11,878.38","1,371.01","7,211.62","1,504.26","12,420.73","3,575.25","6,482.69","1,229.18","45,673.12"
04/06/2025 01:00,"11,474.54","1,284.90","7,149.04","1,472.05","11,998.48","3,329.90","6,179.39","1,194.06","44,082.35"
04/06/2025 02:00,"11,111.86","1,270.16","7,170.44","1,453.57","11,672.03","3,121.19","5,939.76","1,169.46","42,908.48"
04/06/2025 03:00,"10,824.08","1,230.17","7,236.10","1,429.08","11,406.24","2,908.38","5,787.75","1,154.97","41,976.76"
04/06/2025 04:00,"10,687.43","1,226.20","7,296.01","1,418.31","11,366.68","2,795.98","5,734.82","1,151.55","41,676.98"
04/06/2025 05:00,"10,597.18","1,224.55","7,297.58","1,415.33","11,432.30","2,864.09","5,780.39","1,155.95","41,767.37"
04/06/2025 06:00,"10,655.77","1,254.59","7,247.88","1,435.88","11,692.82","2,850.46","5,896.20","1,179.47","42,213.07"
04/06/2025 07:00,"10,752.22","1,270.87","7,260.26","1,459.99","12,101.56","2,928.20","6,147.02","1,208.82","43,128.96"
04/06/2025 08:00,"10,935.83","1,392.58","7,330.10","1,479.42","12,751.56","2,949.48","6,470.62","1,261.89","44,571.47"
04/06/2025 09:00,"11,300.44","1,468.06","7,291.22","1,511.76","13,497.26","3,037.54","6,836.28","1,289.58","46,232.14"
04/06/2025 10:00,"11,728.01","1,555.62","7,252.35","1,547.68","14,152.56","3,132.42","7,112.00","1,297.19","47,777.84"
04/06/2025 11:00,"11,934.82","1,574.43","7,228.66","1,547.73","14,656.25","3,191.13","7,160.26","1,294.46","48,587.73"
04/06/2025 12:00,"11,995.15","1,592.70","7,252.92","1,541.44","14,885.00","3,175.72","7,098.52","1,282.33","48,823.78"
04/06/2025 13:00,"12,005.61","1,559.56","7,242.95","1,554.93","14,924.02","3,146.91","6,997.19","1,261.64","48,692.81"
04/06/2025 14:00,"11,961.12","1,611.67","7,242.69","1,538.92","14,791.02","3,171.28","6,853.40","1,233.13","48,403.23"
04/06/2025 15:00,"11,900.92","1,602.95","7,217.89","1,520.70","14,598.15","3,198.88","6,640.16","1,195.96","47,875.60"
04/06/2025 16:00,"11,853.72","1,604.06","7,182.30","1,489.94","14,419.59","3,253.04","6,549.87","1,175.22","47,527.74"
04/06/2025 17:00,"11,929.86","1,614.73","7,177.67","1,482.59","14,302.18","3,263.31","6,533.51","1,172.28","47,476.13"
04/06/2025 18:00,"12,060.68","1,661.19","7,162.81","1,487.35","14,378.65","3,294.82","6,686.96","1,176.60","47,909.07"
04/06/2025 19:00,"12,204.76","1,677.55","6,935.97","1,494.94","14,442.71","3,434.56","6,884.27","1,181.12","48,255.89"
04/06/2025 20:00,"12,419.34","1,744.42","6,621.72","1,498.97","14,521.51","3,511.51","7,127.79","1,198.35","48,643.61"
04/06/2025 21:00,"12,468.21","1,692.27","6,186.19","1,471.50","14,547.27","3,575.75","7,411.38","1,230.17","48,582.74"
04/06/2025 22:00,"12,196.10","1,696.65","6,134.22","1,438.65","13,793.29","3,485.78","7,270.80","1,218.08","47,233.57"
04/06/2025 23:00,"11,776.10","1,540.45","6,196.06","1,388.24","12,957.95","3,311.66","6,952.77","1,193.25","45,316.47"
04/06/2025 24:00,"11,364.91","1,436.95","6,317.25","1,332.50","12,223.56","3,160.40","6,572.94","1,171.77","43,580.28"
04/07/2025 01:00,"11,057.77","1,401.18","6,391.28","1,303.85","11,965.10","3,021.33","6,289.51","1,160.65","42,590.67"
04/07/2025 02:00,"10,839.09","1,426.58","6,439.71","1,293.44","11,753.87","2,913.80","6,123.93","1,147.41","41,937.82"
04/07/2025 03:00,"10,690.22","1,430.59","6,446.64","1,291.82","11,742.64","2,818.91","6,087.74","1,149.26","41,657.81"
04/07/2025 04:00,"10,668.56","1,430.54","6,425.03","1,291.60","11,892.70","2,786.79","6,166.36","1,152.51","41,814.10"
04/07/2025 05:00,"10,976.75","1,469.28","6,399.00","1,329.46","12,475.17","2,757.95","6,410.12","1,182.52","43,000.24"
04/07/2025 06:00,"11,451.53","1,596.63","6,445.80","1,390.26","13,284.97","2,918.80","6,857.85","1,239.20","45,185.06"
04/07/2025 07:00,"12,022.29","1,736.87","6,326.22","1,530.46","14,496.91","3,145.87","7,443.44","1,344.89","48,046.94"
04/07/2025 08:00,"12,377.76","1,845.88","6,384.47","1,583.33","15,402.77","3,323.18","7,929.08","1,407.93","50,254.39"
04/07/2025 09:00,"12,836.62","1,844.33","7,011.77","1,583.05","15,505.01","3,260.09","7,983.52","1,383.91","51,408.29"
04/07/2025 10:00,"12,953.35","1,745.26","7,507.43","1,539.89","14,737.35","3,204.04","7,540.14","1,304.23","50,531.67"
04/07/2025 11:00,"12,881.77","1,646.94","7,485.37","1,510.05","13,984.00","3,288.30","7,147.80","1,229.75","49,173.97"
04/07/2025 12:00,"12,827.40","1,565.33","7,525.22","1,480.78","13,391.07","3,195.61","6,829.89","1,170.51","47,985.81"
04/07/2025 13:00,"12,699.77","1,540.70","7,552.61","1,451.66","12,894.97","3,183.29","6,620.80","1,130.59","47,074.40"
04/07/2025 14:00,"12,621.03","1,471.19","7,522.33","1,423.07","12,494.76","3,334.40","6,477.87","1,110.73","46,455.38"
04/07/2025 15:00,"12,528.19","1,390.08","7,533.17","1,400.20","12,093.70","3,502.02","6,422.83","1,095.61","45,965.79"
04/07/2025 16:00,"12,505.99","1,370.60","7,521.41","1,388.23","11,878.23","3,616.61","6,479.05","1,103.55","45,863.67"
04/07/2025 17:00,"12,546.97","1,414.37","7,554.33","1,388.12","12,009.97","3,706.66","6,679.80","1,131.12","46,431.34"
04/07/2025 18:00,"12,577.26","1,464.77","7,572.26","1,412.12","12,238.27","3,837.90","6,949.52","1,151.59","47,203.69"
04/07/2025 19:00,"12,498.85","1,491.93","7,395.13","1,429.30","12,443.29","3,853.30","7,211.86","1,162.33","47,485.98"
04/07/2025 20:00,"12,475.55","1,523.33","6,620.36","1,422.40","12,555.23","3,755.81","7,356.61","1,169.75","46,879.03"
04/07/2025 21:00,"12,532.63","1,574.44","6,420.18","1,405.68","12,624.99","3,700.84","7,509.85","1,197.90","46,966.52"
04/07/2025 22:00,"12,177.04","1,538.20","6,607.30","1,358.51","12,213.36","3,601.43","7,223.01","1,180.17","45,899.02"
04/07/2025 23:00,"11,766.54","1,471.52","6,898.50","1,332.74","11,693.22","3,369.91","6,824.74","1,137.45","44,494.61"
04/07/2025 24:00,"11,298.56","1,404.01","6,989.20","1,291.23","11,116.32","3,064.56","6,348.12","1,092.51","42,604.50"
04/08/2025 01:00,"10,893.35","1,349.75","6,797.35","1,240.87","10,546.93","3,060.42","6,017.21","1,053.65","40,959.53"
04/08/2025 02:00,"10,700.35","1,333.12","6,655.49","1,225.57","10,340.82","2,942.27","5,843.97","1,043.77","40,085.37"
04/08/2025 03:00,"10,732.58","1,337.22","6,857.29","1,241.05","10,415.69","2,769.55","5,757.06","1,056.65","40,167.09"
04/08/2025 04:00,"10,806.42","1,381.94","6,953.07","1,255.02","10,572.16","2,738.22","5,828.24","1,074.41","40,609.47"
04/08/2025 05:00,"11,022.40","1,446.01","6,995.36","1,282.52","11,001.69","2,894.08","6,035.02","1,096.76","41,773.83"
04/08/2025 06:00,"11,585.21","1,560.46","7,076.82","1,341.17","11,943.19","3,060.25","6,457.55","1,152.20","44,176.86"
04/08/2025 07:00,"12,428.43","1,755.83","7,083.73","1,439.41","13,515.70","3,346.19","7,230.31","1,253.84","48,053.44"
04/08/2025 08:00,"12,649.46","1,801.14","7,038.08","1,476.20","14,120.28","3,370.75","7,584.79","1,282.72","49,323.44"
04/08/2025 09:00,"12,677.70","1,745.49","7,129.91","1,457.20","13,751.00","3,339.54","7,373.29","1,228.78","48,702.91"
04/08/2025 10:00,"12,703.15","1,650.68","7,250.75","1,433.85","13,248.95","3,355.38","7,018.53","1,179.72","47,841.01"
04/08/2025 11:00,"12,715.69","1,565.98","7,322.52","1,408.47","12,792.39","3,365.13","6,728.59","1,128.23","47,027.00"
04/08/2025 12:00,"12,651.02","1,467.82","7,324.16","1,380.09","12,341.67","3,417.29","6,575.96","1,097.73","46,255.74"
04/08/2025 13:00,"12,680.51","1,435.06","7,301.01","1,378.45","12,127.19","3,522.74","6,509.39","1,090.66","46,045.01"
04/08/2025 14:00,"12,779.24","1,437.37","7,389.99","1,387.00","12,073.40","3,665.85","6,577.94","1,097.99","46,408.80"
04/08/2025 15:00,"12,920.18","1,474.43","7,480.93","1,398.22","12,117.06","3,844.00","6,679.89","1,109.64","47,024.34"
04/08/2025 16:00,"13,097.57","1,484.02","7,489.20","1,414.71","12,305.68","4,008.25","6,900.74","1,138.64","47,838.82"
04/08/2025 17:00,"13,272.49","1,532.39","7,547.79","1,438.07","12,623.56","4,112.90","7,297.03","1,180.01","49,004.23"
04/08/2025 18:00,"13,400.52","1,555.11","7,556.13","1,444.53","12,916.00","4,238.84","7,687.33","1,218.60","50,017.05"
04/08/2025 19:00,"13,343.11","1,582.55","7,348.29","1,460.49","13,118.76","4,296.35","7,963.35","1,239.00","50,351.90"
04/08/2025 20:00,"13,193.70","1,582.02","6,949.34","1,457.51","13,178.53","4,110.64","7,975.69","1,231.94","49,679.37"
04/08/2025 21:00,"13,165.52","1,605.86","6,807.61","1,471.78","13,294.09","4,005.80","7,978.24","1,244.33","49,573.23"
04/08/2025 22:00,"12,804.11","1,491.94","6,918.40","1,446.99","12,955.62","3,887.63","7,705.81","1,213.10","48,423.59"
04/08/2025 23:00,"12,154.35","1,363.06","7,047.49","1,376.12","12,038.10","3,744.53","7,153.03","1,166.26","46,042.94"
04/08/2025 24:00,"11,570.96","1,253.69","7,199.20","1,309.75","11,105.68","3,447.59","6,569.11","1,099.82","43,555.80"
04/09/2025 01:00,"11,184.49","1,197.09","7,054.50","1,259.53","10,423.64","3,206.56","6,169.41","1,044.42","41,539.64"
04/09/2025 02:00,"10,930.03","1,208.40","7,091.45","1,232.67","9,992.99","3,011.09","5,890.71","1,023.41","40,380.75"
04/09/2025 03:00,"10,751.54","1,183.22","7,203.91","1,217.02","9,763.03","2,952.75","5,702.16","1,008.89","39,782.51"
04/09/2025 04:00,"10,746.37","1,215.17","7,186.74","1,216.76","9,728.92","2,952.86","5,613.03",999.09,"39,658.94"
04/09/2025 05:00,"10,890.91","1,248.41","7,175.18","1,220.80","9,942.56","2,955.45","5,707.36",997.85,"40,138.53"
04/09/2025 06:00,"11,508.67","1,365.23","7,070.22","1,274.29","10,726.54","2,970.37","5,953.36","1,030.35","41,899.01"
04/09/2025 07:00,"12,265.00","1,538.75","7,205.12","1,358.21","11,987.29","3,304.66","6,524.38","1,099.18","45,282.59"
04/09/2025 08:00,"12,473.61","1,583.98","7,211.52","1,393.73","12,554.58","3,395.70","6,815.96","1,116.20","46,545.28"
04/09/2025 09:00,"12,533.44","1,557.82","7,264.46","1,385.28","12,535.31","3,346.73","6,808.26","1,098.98","46,530.28"
04/09/2025 10:00,"12,529.80","1,507.82","7,518.89","1,373.90","12,343.06","3,300.95","6,783.39","1,095.30","46,453.12"
04/09/2025 11:00,"12,606.06","1,481.78","7,573.76","1,361.72","12,193.40","3,414.44","6,761.75","1,087.40","46,480.29"
04/09/2025 12:00,"12,752.47","1,465.59","7,666.89","1,364.83","12,201.01","3,572.64","6,768.97","1,084.50","46,876.90"
04/09/2025 13:00,"12,957.27","1,477.21","7,625.85","1,381.39","12,404.95","3,702.26","6,895.03","1,093.17","47,537.11"
04/09/2025 14:00,"13,304.84","1,443.70","7,693.15","1,372.15","12,657.01","3,895.50","7,141.13","1,124.62","48,632.11"
04/09/2025 15:00,"13,625.99","1,471.91","7,766.98","1,362.68","12,922.86","4,083.93","7,455.59","1,157.00","49,846.94"
04/09/2025 16:00,"13,987.84","1,543.67","7,744.07","1,455.61","13,231.27","4,264.09","7,854.49","1,209.48","51,290.52"
04/09/2025 17:00,"14,346.29","1,598.40","7,628.49","1,495.94","13,770.73","4,538.98","8,322.06","1,286.63","52,987.51"
04/09/2025 18:00,"14,567.86","1,687.86","7,674.64","1,497.93","14,286.06","4,661.66","8,712.53","1,331.49","54,420.03"
04/09/2025 19:00,"14,383.12","1,699.43","7,553.19","1,484.61","14,547.44","4,614.52","8,865.62","1,350.48","54,498.42"
04/09/2025 20:00,"14,009.21","1,628.52","7,174.78","1,462.31","14,292.34","4,357.50","8,742.03","1,325.63","52,992.31"
04/09/2025 21:00,"13,761.03","1,646.02","7,004.81","1,441.53","13,872.60","4,279.56","8,636.27","1,308.55","51,950.39"
04/09/2025 22:00,"13,342.16","1,596.32","7,061.49","1,412.65","13,675.05","4,135.97","8,293.48","1,269.36","50,786.48"
04/09/2025 23:00,"12,664.84","1,435.52","7,050.61","1,330.33","12,722.10","3,885.42","7,694.82","1,194.45","47,978.09"
04/09/2025 24:00,"11,929.24","1,326.18","7,014.97","1,246.07","11,582.37","3,553.61","7,051.08","1,111.56","44,815.08"
04/10/2025 01:00,"11,316.37","1,246.03","6,860.44","1,201.38","10,726.17","3,310.00","6,421.17","1,060.49","42,142.05"
04/10/2025 02:00,"10,938.13","1,191.89","6,835.56","1,185.36","10,070.10","3,136.54","6,031.07","1,027.14","40,415.78"
04/10/2025 03:00,"10,731.89","1,163.36","6,852.44","1,163.66","9,702.73","3,054.50","5,798.20","1,016.26","39,483.05"
04/10/2025 04:00,"10,612.74","1,138.95","6,773.03","1,145.93","9,467.48","2,987.45","5,655.37","1,004.88","38,785.83"
04/10/2025 05:00,"10,724.69","1,153.47","6,737.64","1,134.92","9,588.61","3,004.12","5,687.44","1,015.99","39,046.87"
04/10/2025 06:00,"11,244.19","1,218.77","6,803.81","1,181.30","10,225.08","2,999.79","5,939.22","1,051.01","40,663.17"
04/10/2025 07:00,"11,818.53","1,364.28","6,753.81","1,258.44","11,221.04","3,345.16","6,450.48","1,103.10","43,314.84"
04/10/2025 08:00,"12,044.21","1,426.16","7,028.11","1,299.56","11,718.45","3,399.57","6,666.30","1,120.34","44,702.69"
04/10/2025 09:00,"12,419.43","1,457.34","7,218.66","1,360.17","12,031.56","3,286.38","6,773.48","1,120.96","45,667.98"
04/10/2025 10:00,"12,678.84","1,462.50","7,505.35","1,400.06","12,127.31","3,496.47","6,845.67","1,119.31","46,635.51"
04/10/2025 11:00,"13,097.53","1,513.64","7,562.58","1,414.91","12,424.80","3,520.08","7,002.88","1,135.33","47,671.75"
04/10/2025 12:00,"13,495.63","1,546.88","7,531.13","1,423.49","12,717.29","3,775.59","7,196.78","1,149.06","48,835.85"
04/10/2025 13:00,"13,947.60","1,597.58","7,515.16","1,459.06","13,161.86","4,058.25","7,600.12","1,200.47","50,540.10"
04/10/2025 14:00,"14,564.65","1,685.75","7,589.96","1,477.86","13,760.98","4,368.59","8,117.66","1,273.08","52,838.53"
04/10/2025 15:00,"15,185.78","1,772.92","7,690.15","1,509.56","14,359.04","4,602.17","8,708.28","1,352.35","55,180.23"
04/10/2025 16:00,"15,783.66","1,832.93","7,751.73","1,560.19","14,978.46","4,790.61","9,313.35","1,413.11","57,424.04"
04/10/2025 17:00,"16,293.55","1,872.34","7,820.81","1,612.93","15,733.78","4,957.23","9,943.71","1,460.86","59,695.21"
04/10/2025 18:00,"16,516.63","1,905.59","7,718.68","1,642.53","16,280.28","5,012.31","10,369.11","1,480.60","60,925.74"
04/10/2025 19:00,"16,137.73","1,927.29","7,473.99","1,649.26","16,208.18","4,889.02","10,433.35","1,473.04","60,191.87"
04/10/2025 20:00,"15,272.63","1,812.40","6,843.33","1,581.82","15,346.06","4,599.21","10,077.99","1,400.18","56,933.62"
04/10/2025 21:00,"14,923.55","1,795.36","6,651.60","1,555.44","15,113.06","4,458.39","9,707.92","1,376.50","55,581.83"
04/10/2025 22:00,"14,537.73","1,758.81","6,866.42","1,526.47","14,815.31","4,354.83","9,289.91","1,351.49","54,500.95"
04/10/2025 23:00,"13,788.78","1,613.19","6,988.71","1,452.91","13,738.72","4,037.72","8,560.54","1,272.85","51,453.41"
04/10/2025 24:00,"12,829.17","1,443.88","6,894.73","1,366.20","12,369.37","3,703.19","7,682.66","1,179.05","47,468.24"
04/11/2025 01:00,"12,064.70","1,314.23","6,978.55","1,282.41","11,371.50","3,394.49","6,999.38","1,088.02","44,493.28"
04/11/2025 02:00,"11,543.88","1,249.02","6,950.51","1,248.64","10,770.13","3,121.45","6,530.38","1,046.74","42,460.75"
04/11/2025 03:00,"11,175.43","1,189.64","6,975.95","1,226.06","10,278.36","3,008.77","6,222.38","1,015.59","41,092.18"
04/11/2025 04:00,"10,968.55","1,173.55","7,003.65","1,212.41","9,993.91","2,963.01","6,028.37","1,008.23","40,351.68"
04/11/2025 05:00,"11,005.92","1,170.42","6,979.17","1,216.35","9,961.96","2,966.11","6,006.94","1,008.72","40,315.60"
04/11/2025 06:00,"11,370.61","1,228.36","6,989.36","1,249.03","10,484.92","3,038.11","6,203.41","1,035.61","41,599.40"
04/11/2025 07:00,"11,961.92","1,345.93","7,132.64","1,319.83","11,460.74","3,170.22","6,687.18","1,107.15","44,185.61"
04/11/2025 08:00,"12,125.86","1,382.97","7,119.65","1,341.64","11,936.56","3,235.65","6,901.67","1,131.70","45,175.71"
04/11/2025 09:00,"12,494.88","1,417.96","7,155.45","1,376.85","12,203.76","3,302.49","6,989.28","1,114.45","46,055.10"
04/11/2025 10:00,"13,086.54","1,468.27","7,270.86","1,390.14","12,586.91","3,405.44","7,264.13","1,133.95","47,606.24"
04/11/2025 11:00,"13,624.29","1,519.23","7,175.75","1,387.04","12,857.65","3,722.31","7,580.93","1,165.93","49,033.14"
04/11/2025 12:00,"14,210.53","1,572.95","7,203.71","1,393.75","13,142.97","3,915.18","7,943.45","1,185.76","50,568.30"
04/11/2025 13:00,"14,742.49","1,617.83","7,261.50","1,400.86","13,383.78","4,115.38","8,355.97","1,223.39","52,101.20"
04/11/2025 14:00,"15,485.19","1,674.02","7,333.90","1,431.71","13,820.08","4,379.19","8,801.54","1,275.69","54,201.31"
04/11/2025 15:00,"16,011.93","1,709.05","7,397.26","1,469.06","14,245.06","4,618.92","9,349.54","1,334.14","56,134.97"
04/11/2025 16:00,"16,546.03","1,766.31","7,450.90","1,496.57","14,724.65","4,772.99","9,846.94","1,387.36","57,991.74"
04/11/2025 17:00,"16,892.40","1,822.38","7,478.50","1,529.85","15,193.78","4,926.78","10,254.86","1,439.59","59,538.14"
04/11/2025 18:00,"16,909.77","1,828.07","7,566.78","1,554.04","15,462.33","4,870.52","10,479.79","1,466.92","60,138.22"
04/11/2025 19:00,"16,249.84","1,767.93","7,465.43","1,550.14","15,270.00","4,720.84","10,297.79","1,447.76","58,769.73"
04/11/2025 20:00,"15,379.40","1,642.98","7,017.34","1,505.59","14,613.05","4,545.60","9,868.62","1,393.57","55,966.15"
04/11/2025 21:00,"14,836.28","1,603.46","6,834.01","1,493.11","14,312.43","4,418.33","9,507.90","1,375.17","54,380.69"
04/11/2025 22:00,"14,212.67","1,568.08","7,057.81","1,459.04","13,754.48","4,243.40","9,018.93","1,330.57","52,644.97"
04/11/2025 23:00,"13,519.06","1,470.05","7,270.39","1,401.63","12,914.97","3,965.40","8,396.66","1,271.38","50,209.55"
04/11/2025 24:00,"12,748.83","1,363.80","7,276.52","1,336.21","11,989.62","3,715.35","7,750.14","1,196.25","47,376.72"
04/12/2025 01:00,"12,085.28","1,269.28","7,279.53","1,293.14","11,177.17","3,529.28","6,997.69","1,133.80","44,765.16"
04/12/2025 02:00,"11,533.90","1,199.02","7,128.48","1,245.76","10,541.62","3,264.86","6,529.83","1,090.15","42,533.62"
04/12/2025 03:00,"11,192.18","1,167.68","7,007.08","1,093.48","10,138.58","3,142.79","6,214.77","1,063.38","41,019.95"
04/12/2025 04:00,"11,011.71","1,138.14","6,990.45","1,075.87","9,923.39","3,044.94","5,998.28","1,052.75","40,235.53"
04/12/2025 05:00,"10,868.25","1,138.75","6,966.12","1,202.99","9,831.45","2,999.79","5,882.37","1,036.87","39,926.59"
04/12/2025 06:00,"10,904.37","1,156.80","6,924.80","1,209.57","9,952.66","3,043.51","5,894.92","1,038.35","40,124.99"
04/12/2025 07:00,"11,130.77","1,207.73","6,940.27","1,234.49","10,341.32","3,074.90","6,021.14","1,055.20","41,005.81"
04/12/2025 08:00,"11,274.17","1,278.26","7,042.99","1,248.69","10,716.63","3,112.65","6,204.20","1,070.77","41,948.37"
04/12/2025 09:00,"11,731.18","1,332.71","7,166.51","1,294.22","11,315.16","3,230.53","6,483.76","1,105.78","43,659.85"
04/12/2025 10:00,"12,218.30","1,311.33","7,585.41","1,315.03","11,706.39","3,389.34","6,837.55","1,141.27","45,504.63"
04/12/2025 11:00,"12,770.86","1,319.24","7,661.52","1,319.93","12,092.17","3,611.26","7,181.76","1,180.80","47,137.54"
04/12/2025 12:00,"13,277.89","1,349.85","7,713.78","1,340.53","12,370.11","3,871.19","7,489.08","1,218.41","48,630.82"
04/12/2025 13:00,"13,857.53","1,405.28","7,743.08","1,375.56","12,739.63","4,110.39","7,822.11","1,259.57","50,313.15"
04/12/2025 14:00,"14,449.38","1,466.90","7,769.74","1,416.43","13,099.48","4,333.32","8,201.84","1,310.71","52,047.81"
04/12/2025 15:00,"15,059.82","1,536.61","7,799.95","1,470.63","13,621.74","4,532.01","8,649.05","1,353.99","54,023.80"
04/12/2025 16:00,"15,599.57","1,613.86","7,810.69","1,536.17","14,246.12","4,657.45","9,099.88","1,421.77","55,985.51"
04/12/2025 17:00,"16,055.57","1,688.11","7,783.33","1,601.69","14,955.38","4,769.14","9,547.51","1,477.80","57,878.54"
04/12/2025 18:00,"16,165.51","1,719.50","7,654.30","1,640.27","15,417.75","4,774.61","9,823.12","1,510.01","58,705.08"
04/12/2025 19:00,"15,865.58","1,715.17","7,660.39","1,647.29","15,403.18","4,625.73","9,823.74","1,514.98","58,256.06"
04/12/2025 20:00,"15,171.95","1,666.29","7,586.18","1,605.60","14,985.86","4,450.63","9,468.51","1,450.87","56,385.89"
04/12/2025 21:00,"14,804.06","1,660.08","7,317.94","1,576.14","14,716.05","4,343.52","9,164.21","1,410.56","54,992.56"
04/12/2025 22:00,"14,312.58","1,596.84","6,974.79","1,531.58","14,228.97","4,152.08","8,763.03","1,354.93","52,914.80"
04/12/2025 23:00,"13,706.99","1,497.48","6,890.61","1,458.10","13,457.89","3,863.55","8,240.47","1,291.33","50,406.43"
04/12/2025 24:00,"13,160.31","1,388.99","6,912.56","1,400.08","12,692.98","3,621.90","7,664.25","1,230.00","48,071.08"
04/13/2025 01:00,"12,555.55","1,307.36","6,885.39","1,340.11","11,896.44","3,449.06","6,970.40","1,230.50","45,634.81"
04/13/2025 02:00,"12,056.43","1,233.29","6,886.41","1,289.04","11,230.35","3,279.21","6,557.83","1,179.41","43,711.97"
04/13/2025 03:00,"11,720.48","1,190.24","7,046.47","1,264.14","10,785.08","3,114.86","6,247.13","1,149.33","42,517.72"
04/13/2025 04:00,"11,483.29","1,153.33","7,018.28","1,242.09","10,421.69","3,023.86","6,057.52","1,127.05","41,527.12"
04/13/2025 05:00,"11,221.76","1,147.10","6,986.58","1,219.37","10,110.18","3,075.30","5,927.73","1,102.34","40,790.36"
04/13/2025 06:00,"11,230.85","1,160.02","6,992.09","1,226.48","10,146.12","3,064.46","5,925.06","1,102.05","40,847.12"
04/13/2025 07:00,"11,270.55","1,188.56","7,175.82","1,234.71","10,233.32","3,140.35","6,034.92","1,101.51","41,379.75"
04/13/2025 08:00,"11,243.45","1,216.23","7,206.60","1,234.43","10,404.20","3,103.80","6,167.99","1,112.61","41,689.30"
04/13/2025 09:00,"11,776.41","1,303.14","7,433.64","1,264.10","11,084.51","3,225.98","6,456.24","1,147.07","43,691.07"
04/13/2025 10:00,"12,486.96","1,381.92","7,605.26","1,314.37","11,870.23","3,456.15","6,792.27","1,193.90","46,101.07"
04/13/2025 11:00,"13,225.78","1,444.93","7,695.52","1,352.35","12,540.22","3,705.20","7,121.43","1,246.49","48,331.91"
04/13/2025 12:00,"13,946.55","1,519.81","7,829.65","1,401.90","13,206.65","3,926.67","7,484.87","1,314.80","50,630.91"
04/13/2025 13:00,"14,673.51","1,629.12","7,936.55","1,473.01","13,920.17","4,112.58","7,897.59","1,396.93","53,039.48"
04/13/2025 14:00,"15,337.60","1,727.39","8,065.59","1,542.85","14,744.86","4,334.73","8,316.48","1,498.92","55,568.42"
04/13/2025 15:00,"15,922.08","1,817.17","8,097.71","1,604.19","15,658.14","4,533.28","8,767.50","1,573.50","57,973.58"
04/13/2025 16:00,"16,379.90","1,879.28","8,054.96","1,666.63","16,570.44","4,706.59","9,223.60","1,640.00","60,121.40"
04/13/2025 17:00,"16,608.68","1,985.33","8,071.08","1,731.10","17,398.01","4,747.92","9,725.55","1,698.35","61,966.02"
04/13/2025 18:00,"16,659.14","2,011.01","7,975.45","1,783.30","18,005.76","4,746.84","10,049.32","1,740.16","62,970.99"
04/13/2025 19:00,"16,248.34","2,033.62","7,723.93","1,784.56","18,027.98","4,770.87","10,102.89","1,752.14","62,444.32"
04/13/2025 20:00,"15,499.03","1,926.74","7,272.43","1,731.99","17,458.09","4,632.94","9,833.79","1,694.63","60,049.64"
04/13/2025 21:00,"15,194.87","1,857.57","6,948.55","1,667.77","17,145.66","4,568.89","9,539.94","1,646.75","58,570.00"
04/13/2025 22:00,"14,716.39","1,762.32","6,979.60","1,598.41","16,558.94","4,416.21","9,094.85","1,577.73","56,704.45"
04/13/2025 23:00,"13,973.80","1,649.94","6,904.75","1,511.70","15,356.34","4,139.22","8,358.12","1,479.67","53,373.55"
04/13/2025 24:00,"13,109.38","1,506.17","6,982.80","1,414.83","13,920.57","3,848.54","7,579.83","1,374.58","49,736.71"
04/14/2025 01:00,"12,569.62","1,385.21","6,895.22","1,349.82","12,801.67","3,617.18","7,045.70","1,203.51","46,867.93"
04/14/2025 02:00,"12,075.58","1,300.15","6,923.86","1,295.13","11,926.79","3,428.06","6,580.22","1,148.86","44,678.66"
04/14/2025 03:00,"11,739.44","1,252.31","6,882.67","1,257.06","11,298.20","3,271.16","6,280.98","1,118.34","43,100.17"
04/14/2025 04:00,"11,626.32","1,221.34","6,867.86","1,227.42","10,971.92","3,212.67","6,167.41","1,096.91","42,391.86"
04/14/2025 05:00,"11,852.72","1,207.81","6,885.68","1,228.57","11,009.40","3,129.78","6,251.22","1,091.99","42,657.16"
04/14/2025 06:00,"12,247.44","1,296.90","6,891.64","1,250.09","11,483.86","3,265.41","6,465.04","1,099.63","44,000.01"
04/14/2025 07:00,"12,841.28","1,422.00","6,871.89","1,350.51","12,431.77","3,458.85","6,806.52","1,155.54","46,338.36"
04/14/2025 08:00,"13,040.66","1,466.14","6,929.27","1,374.92","12,869.16","3,565.79","7,047.97","1,182.67","47,476.56"
04/14/2025 09:00,"13,212.09","1,493.46","7,134.75","1,386.24","13,048.25","3,503.18","7,272.76","1,174.90","48,225.62"
04/14/2025 10:00,"13,632.94","1,534.67","7,655.00","1,413.22","13,532.22","3,661.55","7,522.14","1,195.27","50,147.02"
04/14/2025 11:00,"14,088.16","1,612.01","7,802.47","1,433.68","14,073.10","3,945.13","7,737.07","1,227.38","51,919.01"
04/14/2025 12:00,"14,680.63","1,688.78","7,853.82","1,466.50","14,693.09","4,054.82","8,066.58","1,268.48","53,772.70"
04/14/2025 13:00,"15,124.42","1,754.85","7,795.25","1,484.79","15,234.68","4,236.94","8,540.96","1,310.94","55,482.84"
04/14/2025 14:00,"15,785.96","1,846.53","7,829.06","1,522.22","16,047.56","4,590.08","9,074.68","1,381.07","58,077.15"
04/14/2025 15:00,"16,480.76","1,918.21","7,844.84","1,554.30","16,943.84","4,904.77","9,707.28","1,451.72","60,805.72"
04/14/2025 16:00,"17,003.56","2,003.68","7,733.58","1,585.37","17,666.45","5,103.14","10,345.80","1,509.66","62,951.24"
04/14/2025 17:00,"17,412.63","2,092.87","7,786.00","1,591.37","18,260.56","5,215.26","10,954.51","1,550.96","64,864.17"
04/14/2025 18:00,"17,439.11","2,114.07","7,796.07","1,599.06","18,503.00","5,267.96","11,354.01","1,540.22","65,613.50"
04/14/2025 19:00,"16,882.20","2,077.55","7,502.70","1,561.54","17,947.41","5,131.70","11,278.72","1,494.66","63,876.48"
04/14/2025 20:00,"16,175.58","1,995.61","6,858.40","1,499.05","16,888.91","4,874.36","10,800.83","1,442.09","60,534.84"
04/14/2025 21:00,"15,835.72","1,947.86","6,756.96","1,467.47","16,532.68","4,733.30","10,393.75","1,415.23","59,082.97"
04/14/2025 22:00,"15,136.29","1,849.09","6,844.19","1,415.17","15,821.91","4,544.47","9,846.76","1,364.37","56,822.26"
04/14/2025 23:00,"14,251.81","1,698.62","6,958.87","1,368.32","14,702.41","4,202.14","9,069.07","1,288.13","53,539.39"
04/14/2025 24:00,"13,230.03","1,525.48","7,177.31","1,314.93","13,180.13","3,771.58","8,170.12","1,198.85","49,568.44"
04/15/2025 01:00,"12,425.46","1,361.47","7,022.84","1,259.66","11,886.00","3,686.34","7,443.39","1,116.66","46,201.83"
04/15/2025 02:00,"11,885.12","1,271.67","6,968.44","1,218.10","11,077.68","3,477.00","6,935.11","1,075.96","43,909.09"
04/15/2025 03:00,"11,454.90","1,262.04","7,065.37","1,194.72","10,547.01","3,198.38","6,620.59","1,047.66","42,390.67"
04/15/2025 04:00,"11,275.83","1,235.10","7,052.60","1,191.90","10,261.41","3,117.87","6,443.52","1,032.61","41,610.85"
04/15/2025 05:00,"11,259.66","1,225.34","7,005.07","1,192.45","10,222.01","3,217.75","6,431.37","1,024.63","41,578.29"
04/15/2025 06:00,"11,641.56","1,254.87","6,967.36","1,234.47","10,684.31","3,342.74","6,623.25","1,044.54","42,793.10"
04/15/2025 07:00,"12,224.38","1,382.16","6,963.92","1,313.89","11,661.23","3,542.93","7,095.17","1,095.20","45,278.88"
04/15/2025 08:00,"12,409.83","1,422.80","6,979.59","1,340.34","12,019.38","3,548.42","7,286.47","1,110.19","46,117.03"
04/15/2025 09:00,"12,769.52","1,452.98","7,032.12","1,354.63","12,269.49","3,611.94","7,327.29","1,105.16","46,923.12"
04/15/2025 10:00,"13,388.32","1,492.58","7,075.67","1,351.30","12,539.52","3,766.04","7,415.82","1,116.63","48,145.87"
04/15/2025 11:00,"13,989.95","1,536.61","7,139.96","1,359.35","12,743.93","3,944.15","7,491.86","1,127.82","49,333.63"
04/15/2025 12:00,"14,250.26","1,557.16","7,186.94","1,363.32","12,846.04","4,141.57","7,484.71","1,134.49","49,964.49"
04/15/2025 13:00,"14,512.85","1,586.13","7,170.06","1,386.01","13,110.79","4,343.16","7,639.44","1,154.03","50,902.48"
04/15/2025 14:00,"14,855.09","1,641.43","7,327.30","1,409.97","13,399.73","4,503.77","7,962.45","1,197.84","52,297.57"
04/15/2025 15:00,"14,975.70","1,691.45","7,388.07","1,435.53","13,712.79","4,661.12","8,356.43","1,238.41","53,459.49"
04/15/2025 16:00,"15,014.59","1,742.13","7,402.10","1,440.86","14,075.69","4,764.22","8,650.59","1,277.30","54,367.49"
04/15/2025 17:00,"15,083.30","1,803.14","7,456.93","1,461.27","14,488.49","4,792.70","9,031.63","1,308.27","55,425.74"
04/15/2025 18:00,"15,135.48","1,805.20","7,431.82","1,482.73","14,760.32","4,841.91","9,356.19","1,335.17","56,148.82"
04/15/2025 19:00,"14,925.88","1,769.16","7,166.12","1,492.60","14,707.57","4,865.08","9,402.19","1,350.30","55,678.90"
04/15/2025 20:00,"14,611.20","1,717.13","6,821.39","1,466.70","14,347.96","4,660.12","9,238.63","1,324.81","54,187.94"
04/15/2025 21:00,"14,516.77","1,692.42","6,629.53","1,467.51","14,266.51","4,491.31","9,117.20","1,299.79","53,481.03"
04/15/2025 22:00,"14,133.32","1,629.87","6,694.53","1,430.71","13,756.59","4,372.84","8,797.32","1,256.97","52,072.16"
04/15/2025 23:00,"13,476.73","1,478.06","6,950.23","1,360.10","12,718.28","4,218.58","8,187.28","1,202.35","49,591.62"
04/15/2025 24:00,"12,760.89","1,341.67","6,946.18","1,295.04","11,595.76","3,892.47","7,554.23","1,129.29","46,515.53"
04/16/2025 01:00,"12,305.92","1,235.11","7,031.14","1,250.74","10,737.77","3,594.37","6,736.18","1,036.77","43,928.00"
04/16/2025 02:00,"11,973.43","1,166.86","7,027.30","1,225.15","10,289.71","3,358.29","6,363.28","1,020.09","42,424.11"
04/16/2025 03:00,"11,612.57","1,156.72","6,919.37","1,206.34","9,970.25","3,276.54","6,065.81","1,006.25","41,213.84"
04/16/2025 04:00,"11,368.95","1,154.41","6,914.49","1,194.76","9,801.35","3,227.60","5,951.55",991.55,"40,604.64"
04/16/2025 05:00,"11,419.65","1,175.20","6,917.66","1,195.74","9,922.64","3,218.74","6,007.35",989.84,"40,846.82"
04/16/2025 06:00,"11,862.39","1,244.96","6,966.59","1,240.65","10,539.76","3,237.14","6,261.74","1,021.43","42,374.67"
04/16/2025 07:00,"12,433.56","1,378.03","6,975.68","1,311.04","11,481.71","3,557.08","6,790.35","1,092.27","45,019.71"
04/16/2025 08:00,"12,660.79","1,424.11","7,027.97","1,342.08","11,945.84","3,654.34","7,035.19","1,102.63","46,192.95"
04/16/2025 09:00,"13,017.90","1,460.76","7,052.05","1,357.88","12,132.12","3,680.44","7,156.51","1,112.25","46,969.91"
04/16/2025 10:00,"13,615.95","1,494.83","7,537.99","1,382.37","12,495.91","3,766.65","7,305.84","1,141.64","48,741.18"
04/16/2025 11:00,"14,194.65","1,530.89","7,643.67","1,394.32","12,866.66","3,977.37","7,466.23","1,156.71","50,230.49"
04/16/2025 12:00,"14,622.62","1,566.47","7,710.75","1,410.23","13,204.83","4,194.80","7,643.52","1,177.72","51,530.94"
04/16/2025 13:00,"15,199.36","1,651.24","7,645.55","1,439.10","13,724.69","4,372.00","7,869.77","1,200.30","53,102.00"
04/16/2025 14:00,"15,822.66","1,726.18","7,689.33","1,451.91","14,255.44","4,553.83","8,207.21","1,247.50","54,954.07"
04/16/2025 15:00,"16,379.74","1,788.85","7,794.37","1,474.85","14,745.85","4,702.48","8,458.75","1,297.14","56,642.02"
04/16/2025 16:00,"16,852.59","1,870.32","7,873.61","1,603.17","15,230.55","4,821.66","8,924.25","1,354.32","58,530.46"
04/16/2025 17:00,"16,955.03","1,928.60","7,825.57","1,654.43","15,802.51","5,013.10","9,358.86","1,403.13","59,941.22"
04/16/2025 18:00,"16,709.09","1,947.77","7,685.08","1,657.61","16,173.92","5,014.93","9,668.59","1,443.88","60,300.88"
04/16/2025 19:00,"16,184.86","1,921.60","7,612.11","1,638.43","16,197.24","4,886.14","9,856.27","1,441.01","59,737.68"
04/16/2025 20:00,"15,675.28","1,866.99","7,438.29","1,602.25","15,932.09","4,701.81","9,609.44","1,408.00","58,234.14"
04/16/2025 21:00,"15,426.13","1,851.44","7,270.98","1,585.43","15,934.22","4,668.99","9,403.73","1,405.24","57,546.17"
04/16/2025 22:00,"14,923.01","1,755.68","7,296.35","1,543.47","15,456.64","4,531.10","9,023.45","1,364.11","55,893.81"
04/16/2025 23:00,"14,141.21","1,625.62","7,458.80","1,459.87","14,395.39","4,296.71","8,418.70","1,277.54","53,073.83"
04/16/2025 24:00,"13,298.56","1,459.72","7,410.72","1,370.44","13,168.32","3,955.10","7,670.61","1,204.03","49,537.51"
04/17/2025 01:00,"12,597.35","1,393.94","7,397.44","1,303.60","12,279.41","3,668.34","6,911.36","1,185.13","46,736.58"
04/17/2025 02:00,"12,136.94","1,298.36","7,287.81","1,255.00","11,559.35","3,488.40","6,561.39","1,152.78","44,740.04"
04/17/2025 03:00,"11,811.60","1,197.76","7,291.48","1,225.14","11,088.97","3,393.69","6,325.04","1,125.98","43,459.65"
04/17/2025 04:00,"11,701.81","1,191.53","7,201.86","1,215.17","10,877.29","3,351.19","6,225.64","1,113.22","42,877.71"
04/17/2025 05:00,"11,663.33","1,244.20","7,205.37","1,211.17","10,860.54","3,378.85","6,283.79","1,104.66","42,951.90"
04/17/2025 06:00,"12,130.65","1,322.58","7,269.43","1,238.43","11,449.68","3,356.33","6,496.34","1,121.74","44,385.19"
04/17/2025 07:00,"12,738.21","1,454.78","7,067.27","1,295.79","12,471.57","3,702.18","6,957.82","1,174.21","46,861.84"
04/17/2025 08:00,"12,790.78","1,468.02","7,088.64","1,310.64","12,764.50","3,684.22","7,193.34","1,181.74","47,481.87"
04/17/2025 09:00,"13,320.50","1,533.27","7,468.50","1,377.33","13,166.96","3,637.67","7,284.19","1,201.96","48,990.39"
04/17/2025 10:00,"13,878.39","1,583.24","7,755.36","1,427.35","13,536.76","3,932.39","7,398.46","1,228.37","50,740.32"
04/17/2025 11:00,"14,502.44","1,646.15","7,896.91","1,476.94","14,090.01","3,970.04","7,571.09","1,263.23","52,416.81"
04/17/2025 12:00,"15,062.71","1,722.55","7,949.13","1,523.54","14,531.33","4,223.26","7,855.79","1,318.39","54,186.70"
04/17/2025 13:00,"15,579.39","1,788.03","8,017.58","1,575.99","15,143.11","4,487.60","8,225.69","1,393.85","56,211.24"
04/17/2025 14:00,"16,181.39","1,901.45","8,137.62","1,633.22","15,830.53","4,753.10","8,589.27","1,468.59","58,495.18"
04/17/2025 15:00,"16,740.36","2,006.54","8,168.30","1,701.23","16,625.00","4,950.11","9,065.04","1,545.88","60,802.45"
04/17/2025 16:00,"17,051.11","2,057.29","8,132.71","1,727.94","17,026.18","5,036.93","9,469.13","1,604.82","62,106.12"
04/17/2025 17:00,"17,087.09","2,112.04","7,971.64","1,770.94","17,207.16","5,118.62","9,814.78","1,639.48","62,721.77"
04/17/2025 18:00,"16,542.44","2,091.18","7,854.74","1,782.44","17,386.59","5,109.16","10,070.41","1,638.81","62,475.77"
04/17/2025 19:00,"15,758.87","2,004.54","7,666.63","1,747.11","16,920.57","4,921.37","9,989.53","1,603.51","60,612.12"
04/17/2025 20:00,"15,284.11","1,931.49","7,356.00","1,719.11","16,477.98","4,746.33","9,668.60","1,552.46","58,736.08"
04/17/2025 21:00,"15,190.72","1,909.28","7,212.83","1,700.51","16,451.09","4,640.18","9,480.26","1,528.11","58,112.98"
04/17/2025 22:00,"14,874.37","1,836.12","7,272.31","1,654.17","15,972.67","4,514.92","9,152.95","1,483.16","56,760.67"
04/17/2025 23:00,"14,372.25","1,708.86","7,256.22","1,580.65","14,988.86","4,266.75","8,609.17","1,405.30","54,188.06"
04/17/2025 24:00,"13,685.27","1,570.73","7,151.34","1,494.36","13,857.79","4,025.32","7,932.00","1,316.91","51,033.70"
04/18/2025 01:00,"13,087.00","1,473.87","7,041.70","1,405.63","12,798.92","3,763.10","7,514.97","1,206.41","48,291.59"
04/18/2025 02:00,"12,612.00","1,398.97","7,073.18","1,360.21","12,078.40","3,526.21","7,028.56","1,169.14","46,246.68"
04/18/2025 03:00,"12,259.04","1,350.41","7,151.66","1,316.40","11,564.84","3,427.95","6,712.54","1,131.81","44,914.66"
04/18/2025 04:00,"12,076.61","1,320.11","7,193.24","1,292.78","11,266.81","3,409.79","6,490.17","1,112.25","44,161.77"
04/18/2025 05:00,"12,080.24","1,321.89","7,145.75","1,281.38","11,140.02","3,414.44","6,428.27","1,097.37","43,909.36"
04/18/2025 06:00,"12,299.31","1,337.47","7,208.17","1,292.53","11,447.01","3,470.01","6,568.32","1,102.65","44,725.48"
04/18/2025 07:00,"12,584.78","1,375.71","7,258.49","1,326.62","11,917.86","3,445.56","6,837.44","1,137.46","45,883.92"
04/18/2025 08:00,"12,760.86","1,450.42","7,261.96","1,340.40","12,301.59","3,512.15","7,039.50","1,149.58","46,816.45"
04/18/2025 09:00,"13,450.97","1,554.46","7,303.24","1,398.30","13,005.76","3,707.13","7,384.32","1,180.15","48,984.32"
04/18/2025 10:00,"14,335.90","1,648.49","7,389.16","1,450.69","13,602.98","3,888.07","7,854.95","1,219.88","51,390.12"
04/18/2025 11:00,"15,158.98","1,723.49","7,401.28","1,485.51","14,232.51","4,270.54","8,400.05","1,251.82","53,924.18"
04/18/2025 12:00,"15,917.89","1,836.97","7,467.96","1,510.85","14,820.78","4,496.46","8,952.29","1,285.03","56,288.23"
04/18/2025 13:00,"16,517.18","1,943.58","7,514.95","1,533.44","15,389.01","4,684.35","9,455.79","1,318.35","58,356.65"
04/18/2025 14:00,"17,084.72","2,005.89","7,543.63","1,528.81","15,939.11","4,858.30","9,865.22","1,362.58","60,188.26"
04/18/2025 15:00,"17,506.44","2,057.98","7,507.20","1,528.01","16,286.32","4,991.28","10,324.87","1,399.27","61,601.39"
04/18/2025 16:00,"17,582.66","2,095.50","7,482.61","1,541.23","16,475.10","5,069.09","10,692.13","1,421.06","62,359.38"
04/18/2025 17:00,"17,307.03","2,069.46","7,326.66","1,534.96","16,626.44","5,127.49","10,835.38","1,434.91","62,262.34"
04/18/2025 18:00,"17,101.85","1,991.29","7,349.35","1,525.87","16,516.03","5,018.35","10,720.22","1,428.81","61,651.79"
04/18/2025 19:00,"16,368.19","1,933.43","7,104.22","1,510.39","16,072.11","4,904.86","10,417.47","1,401.00","59,711.66"
04/18/2025 20:00,"15,828.95","1,857.19","6,898.96","1,497.28","15,816.03","4,825.91","10,026.07","1,377.59","58,127.98"
04/18/2025 21:00,"15,730.59","1,856.36","6,866.06","1,499.39","15,900.74","4,780.92","9,885.07","1,386.61","57,905.73"
04/18/2025 22:00,"15,336.52","1,794.39","7,088.01","1,464.62","15,543.93","4,615.35","9,591.58","1,360.28","56,794.67"
04/18/2025 23:00,"14,893.27","1,707.29","7,158.94","1,426.93","14,932.30","4,399.74","9,134.41","1,320.27","54,973.15"
04/18/2025 24:00,"14,126.27","1,612.74","7,104.41","1,375.29","14,141.67","4,182.10","8,598.18","1,265.04","52,405.72"
04/19/2025 01:00,"13,480.20","1,517.76","7,042.29","1,317.36","13,332.11","4,006.20","8,065.62","1,211.51","49,973.05"
04/19/2025 02:00,"12,989.07","1,476.10","6,959.05","1,274.39","12,736.06","3,754.72","7,619.47","1,165.48","47,974.35"
04/19/2025 03:00,"12,606.40","1,390.40","6,917.58","1,124.08","12,362.70","3,623.98","7,247.11","1,122.99","46,395.24"
04/19/2025 04:00,"12,397.09","1,377.25","6,879.71","1,102.38","12,091.63","3,495.38","6,975.41","1,097.20","45,416.05"
04/19/2025 05:00,"12,204.45","1,331.85","6,969.42","1,224.21","11,886.69","3,429.50","6,771.41","1,072.71","44,890.24"
04/19/2025 06:00,"12,149.92","1,319.69","6,988.72","1,216.22","11,649.30","3,451.55","6,664.06","1,063.44","44,502.90"
04/19/2025 07:00,"12,150.97","1,341.17","6,882.90","1,211.20","11,091.98","3,447.72","6,688.23","1,061.71","43,875.90"
04/19/2025 08:00,"12,181.65","1,334.82","6,992.24","1,217.11","11,029.94","3,457.57","6,785.88","1,071.94","44,071.15"
04/19/2025 09:00,"12,741.15","1,417.61","7,214.60","1,256.73","11,676.93","3,629.11","7,090.95","1,109.48","46,136.57"
04/19/2025 10:00,"13,411.98","1,518.45","7,617.46","1,303.19","12,489.50","3,825.07","7,550.01","1,147.29","48,862.95"
04/19/2025 11:00,"13,952.47","1,589.27","7,560.10","1,325.73","12,977.04","4,031.81","7,834.76","1,159.98","50,431.17"
04/19/2025 12:00,"14,520.78","1,648.91","7,544.01","1,329.67","13,242.90","4,227.57","8,070.64","1,180.59","51,765.06"
04/19/2025 13:00,"15,075.50","1,662.69","7,548.17","1,334.06","13,528.19","4,393.12","8,307.45","1,180.28","53,029.45"
04/19/2025 14:00,"15,363.05","1,715.55","7,554.46","1,340.07","13,749.48","4,547.79","8,429.26","1,188.06","53,887.72"
04/19/2025 15:00,"15,391.48","1,741.73","7,522.36","1,346.44","14,101.87","4,668.84","8,502.59","1,189.84","54,465.15"
04/19/2025 16:00,"15,405.77","1,733.24","7,500.43","1,345.31","14,212.20","4,722.85","8,663.70","1,209.75","54,793.24"
04/19/2025 17:00,"15,444.43","1,754.65","7,529.00","1,353.50","14,240.53","4,748.42","8,825.10","1,230.02","55,125.65"
04/19/2025 18:00,"15,231.55","1,745.66","7,441.48","1,363.36","14,273.70","4,695.47","8,995.39","1,240.12","54,986.74"
04/19/2025 19:00,"14,845.39","1,740.47","7,363.09","1,362.53","14,177.08","4,550.55","8,960.45","1,236.07","54,235.61"
04/19/2025 20:00,"14,574.37","1,711.81","7,189.76","1,350.86","14,115.21","4,474.58","8,899.56","1,209.28","53,525.44"
04/19/2025 21:00,"14,579.43","1,735.23","7,089.00","1,366.82","14,204.65","4,482.00","8,893.02","1,215.72","53,565.87"
04/19/2025 22:00,"14,531.91","1,715.30","6,863.46","1,360.20","14,134.99","4,412.66","8,708.35","1,211.58","52,938.44"
04/19/2025 23:00,"14,230.94","1,655.22","6,656.42","1,322.81","13,682.12","4,222.13","8,328.26","1,181.28","51,279.18"
04/19/2025 24:00,"13,818.29","1,532.85","6,657.45","1,282.18","13,021.84","4,017.18","7,876.65","1,149.11","49,355.54"
04/20/2025 01:00,"13,385.90","1,448.40","6,793.66","1,244.11","12,310.33","3,847.09","7,440.78","1,095.66","47,565.93"
04/20/2025 02:00,"12,925.14","1,366.05","6,893.83","1,235.11","11,622.86","3,665.32","7,080.73","1,061.18","45,850.22"
04/20/2025 03:00,"12,543.01","1,300.23","7,020.66","1,215.32","11,080.81","3,465.98","6,789.80","1,024.33","44,440.14"
04/20/2025 04:00,"12,314.42","1,288.68","7,055.67","1,212.59","10,720.05","3,355.34","6,583.26","1,012.68","43,542.68"
04/20/2025 05:00,"12,115.22","1,236.93","7,048.35","1,201.15","10,356.30","3,391.68","6,460.50","1,001.07","42,811.21"
04/20/2025 06:00,"12,040.03","1,229.58","6,947.75","1,185.12","10,268.21","3,335.86","6,365.32",988.23,"42,360.10"
04/20/2025 07:00,"11,989.89","1,214.13","6,978.47","1,184.65","10,392.27","3,381.27","6,291.33",995.67,"42,427.68"
04/20/2025 08:00,"11,957.90","1,322.34","6,974.06","1,202.91","10,760.18","3,347.17","6,370.62","1,010.23","42,945.40"
04/20/2025 09:00,"12,601.90","1,414.43","7,368.26","1,259.72","11,454.57","3,527.30","6,670.95","1,047.87","45,344.99"
04/20/2025 10:00,"13,453.69","1,490.97","7,508.75","1,303.49","12,135.66","3,652.62","6,895.44","1,064.92","47,505.53"
04/20/2025 11:00,"14,142.56","1,562.48","7,500.11","1,308.19","12,535.93","3,784.50","7,176.85","1,068.07","49,078.67"
04/20/2025 12:00,"14,975.73","1,611.36","7,440.15","1,295.65","12,554.56","3,879.07","7,520.96","1,079.31","50,356.78"
04/20/2025 13:00,"15,727.09","1,712.82","7,502.39","1,282.00","12,539.24","3,925.61","7,851.69","1,093.45","51,634.29"
04/20/2025 14:00,"16,266.08","1,747.36","7,537.97","1,265.80","12,632.79","3,983.11","8,164.00","1,116.09","52,713.21"
04/20/2025 15:00,"16,516.62","1,734.35","7,630.66","1,254.58","12,816.41","4,032.99","8,436.12","1,119.99","53,541.72"
04/20/2025 16:00,"16,470.43","1,681.42","7,704.57","1,258.72","13,083.02","4,087.01","8,665.91","1,136.33","54,087.40"
04/20/2025 17:00,"16,384.07","1,705.07","7,743.39","1,293.52","13,479.17","4,066.69","8,985.01","1,171.69","54,828.61"
04/20/2025 18:00,"15,975.99","1,686.53","7,679.18","1,329.64","13,781.05","4,030.41","9,173.58","1,208.34","54,864.73"
04/20/2025 19:00,"15,402.76","1,685.30","7,538.75","1,356.81","13,772.03","4,143.89","9,249.76","1,241.70","54,391.01"
04/20/2025 20:00,"14,850.93","1,642.42","6,855.70","1,361.66","13,139.91","4,063.88","9,006.82","1,242.22","52,163.54"
04/20/2025 21:00,"14,562.97","1,625.06","6,334.20","1,306.82","12,761.12","4,031.36","8,676.06","1,239.76","50,537.36"
04/20/2025 22:00,"14,263.98","1,557.85","6,370.99","1,272.13","12,257.63","3,966.95","8,145.58","1,197.45","49,032.58"
04/20/2025 23:00,"13,875.76","1,481.86","6,389.59","1,223.57","11,621.81","3,855.06","7,550.83","1,118.54","47,117.02"
04/20/2025 24:00,"13,553.99","1,412.09","6,798.18","1,179.63","11,020.66","3,749.53","6,892.48","1,055.53","45,662.08"
04/21/2025 01:00,"13,029.26","1,280.46","6,735.82","1,140.05","10,184.07","3,556.98","6,359.40","1,025.59","43,311.63"
04/21/2025 02:00,"12,600.20","1,220.55","6,790.07","1,117.52","9,653.10","3,390.85","5,997.34","1,005.00","41,774.63"
04/21/2025 03:00,"12,290.29","1,166.02","6,763.65","1,100.14","9,279.47","3,275.51","5,763.28",996.34,"40,634.70"
04/21/2025 04:00,"12,188.61","1,147.44","6,727.41","1,091.24","9,218.51","3,257.96","5,664.29",990.11,"40,285.58"
04/21/2025 05:00,"12,338.54","1,141.36","6,745.16","1,108.79","9,426.74","3,201.24","5,686.65",998.47,"40,646.94"
04/21/2025 06:00,"12,639.56","1,227.37","6,792.73","1,147.83","9,964.31","3,343.14","5,892.20","1,028.05","42,035.20"
04/21/2025 07:00,"13,004.70","1,333.92","6,715.14","1,261.23","10,915.73","3,451.44","6,176.28","1,088.82","43,947.26"
04/21/2025 08:00,"13,119.26","1,382.33","6,684.93","1,291.37","11,367.30","3,565.22","6,401.03","1,117.36","44,928.78"
04/21/2025 09:00,"13,314.81","1,414.54","7,061.44","1,319.13","11,791.41","3,564.37","6,754.50","1,121.09","46,341.28"
04/21/2025 10:00,"13,500.68","1,513.71","7,314.49","1,332.34","12,172.89","3,680.42","6,989.05","1,122.65","47,626.23"
04/21/2025 11:00,"13,665.63","1,533.20","7,295.85","1,340.42","12,460.27","3,919.67","7,275.77","1,131.97","48,622.77"
04/21/2025 12:00,"14,037.31","1,570.00","7,363.04","1,368.40","12,866.10","3,979.70","7,622.04","1,159.23","49,965.82"
04/21/2025 13:00,"14,497.13","1,649.82","7,473.00","1,402.65","13,383.33","4,104.94","8,026.27","1,196.25","51,733.39"
04/21/2025 14:00,"15,200.82","1,739.75","7,622.41","1,428.84","13,854.79","4,378.29","8,451.37","1,231.61","53,907.89"
04/21/2025 15:00,"15,949.04","1,823.89","7,743.90","1,464.49","14,390.49","4,587.33","8,964.85","1,278.57","56,202.56"
04/21/2025 16:00,"16,506.42","1,899.54","7,803.87","1,508.85","14,969.88","4,847.18","9,487.02","1,337.20","58,359.95"
04/21/2025 17:00,"16,912.97","2,015.79","7,861.36","1,547.21","15,605.41","4,920.28","9,977.93","1,395.00","60,235.95"
04/21/2025 18:00,"16,970.02","2,056.97","7,795.12","1,583.58","16,044.02","4,923.02","10,359.81","1,414.34","61,146.89"
04/21/2025 19:00,"16,668.58","2,037.51","7,620.59","1,596.98","16,074.74","4,872.33","10,431.07","1,414.36","60,716.15"
04/21/2025 20:00,"16,111.17","1,960.27","7,000.16","1,541.68","15,603.06","4,735.17","10,105.30","1,379.91","58,436.72"
04/21/2025 21:00,"15,697.73","1,899.90","6,650.57","1,479.34","15,158.66","4,616.01","9,737.94","1,341.67","56,581.83"
04/21/2025 22:00,"15,096.94","1,751.84","6,733.56","1,424.72","14,405.07","4,503.09","9,310.60","1,302.37","54,528.20"
04/21/2025 23:00,"14,603.94","1,640.82","6,990.95","1,392.38","13,423.58","4,296.16","8,638.53","1,246.29","52,232.65"
04/21/2025 24:00,"13,578.61","1,509.50","7,021.97","1,331.52","12,068.79","3,910.65","7,853.67","1,159.21","48,433.93"
04/22/2025 01:00,"12,729.53","1,364.44","6,916.92","1,267.56","11,108.81","3,829.75","7,234.86","1,088.33","45,540.19"
04/22/2025 02:00,"12,205.77","1,326.96","6,944.75","1,229.99","10,519.96","3,668.40","6,756.81","1,058.54","43,711.17"
04/22/2025 03:00,"11,814.96","1,269.48","7,064.68","1,207.71","10,135.16","3,413.38","6,540.66","1,036.92","42,482.95"
04/22/2025 04:00,"11,656.98","1,243.40","7,084.32","1,196.23","10,001.98","3,346.89","6,445.97","1,025.46","42,001.23"
04/22/2025 05:00,"11,673.70","1,249.43","7,051.47","1,201.87","10,050.20","3,482.70","6,508.66","1,014.61","42,232.63"
04/22/2025 06:00,"12,105.14","1,287.30","7,040.36","1,233.31","10,533.03","3,626.79","6,771.77","1,050.66","43,648.35"
04/22/2025 07:00,"12,749.04","1,427.84","7,091.31","1,295.97","11,559.77","3,829.76","7,280.54","1,116.18","46,350.40"
04/22/2025 08:00,"13,012.89","1,472.49","7,122.50","1,319.23","12,090.29","3,843.82","7,504.80","1,127.33","47,493.35"
04/22/2025 09:00,"13,470.83","1,518.44","7,144.61","1,339.37","12,416.89","3,906.07","7,650.31","1,125.90","48,572.40"
04/22/2025 10:00,"14,132.79","1,579.16","7,269.15","1,367.19","12,890.44","4,048.01","7,855.19","1,136.12","50,278.06"
04/22/2025 11:00,"14,881.57","1,690.99","7,218.62","1,407.25","13,484.39","4,236.70","8,199.51","1,165.75","52,284.79"
04/22/2025 12:00,"15,675.92","1,775.77","7,381.88","1,452.28","14,211.24","4,463.87","8,545.94","1,202.31","54,709.20"
04/22/2025 13:00,"16,372.12","1,908.60","7,416.30","1,509.18","15,018.50","4,735.15","9,005.44","1,241.54","57,206.82"
04/22/2025 14:00,"17,090.29","2,024.14","7,510.42","1,572.72","16,066.69","4,871.74","9,503.68","1,298.93","59,938.62"
04/22/2025 15:00,"17,613.30","2,115.02","7,574.66","1,637.88","16,912.10","4,985.61","9,968.76","1,355.34","62,162.68"
04/22/2025 16:00,"17,862.48","2,177.20","7,587.50","1,682.71","17,644.18","5,026.38","10,321.79","1,396.41","63,698.65"
04/22/2025 17:00,"17,769.75","2,240.36","7,689.60","1,723.20","18,366.14","4,988.94","10,536.88","1,428.80","64,743.67"
04/22/2025 18:00,"17,479.92","2,263.08","7,641.92","1,734.60","18,604.99","4,991.76","10,727.09","1,429.24","64,872.60"
04/22/2025 19:00,"16,920.78","2,222.82","7,152.08","1,722.87","18,331.27","4,985.00","10,659.05","1,413.14","63,407.02"
04/22/2025 20:00,"16,303.59","2,129.70","6,678.24","1,673.77","17,630.57","4,795.87","10,422.14","1,387.94","61,021.80"
04/22/2025 21:00,"15,970.62","2,070.18","6,573.76","1,649.02","17,162.89","4,675.09","10,177.94","1,368.98","59,648.48"
04/22/2025 22:00,"15,503.13","1,979.97","6,781.76","1,597.09","16,538.37","4,614.51","9,806.63","1,330.33","58,151.79"
04/22/2025 23:00,"14,636.69","1,816.75","6,989.52","1,487.20","15,108.46","4,461.74","9,157.59","1,270.63","54,928.57"
04/22/2025 24:00,"13,823.64","1,651.58","6,919.81","1,394.50","13,702.60","4,168.61","8,426.86","1,188.61","51,276.20"
04/23/2025 01:00,"13,206.32","1,498.62","6,933.09","1,320.73","12,659.48","3,891.91","7,471.92","1,101.66","48,083.75"
04/23/2025 02:00,"12,724.23","1,439.13","6,933.14","1,274.65","11,868.58","3,665.96","7,032.25","1,066.12","46,004.07"
04/23/2025 03:00,"12,378.53","1,396.29","6,869.86","1,237.84","11,352.35","3,587.63","6,750.94","1,028.37","44,601.80"
04/23/2025 04:00,"12,324.60","1,376.52","6,964.78","1,226.31","11,275.56","3,571.40","6,554.81","1,014.30","44,308.27"
04/23/2025 05:00,"12,444.89","1,346.26","6,971.20","1,226.41","11,322.19","3,582.12","6,420.15","1,008.66","44,321.89"
04/23/2025 06:00,"12,814.35","1,356.98","6,966.80","1,250.52","11,688.41","3,555.19","6,525.17","1,030.52","45,187.94"
04/23/2025 07:00,"13,293.49","1,459.97","6,868.21","1,301.87","12,185.02","3,842.77","6,954.28","1,086.38","46,991.98"
04/23/2025 08:00,"13,449.77","1,482.93","6,847.50","1,325.51","12,507.81","3,907.13","7,154.64","1,092.32","47,767.61"
04/23/2025 09:00,"13,616.39","1,509.05","7,121.14","1,350.37","12,706.06","3,954.47","7,297.44","1,105.95","48,660.86"
04/23/2025 10:00,"13,813.08","1,529.79","7,387.93","1,388.43","13,088.97","4,006.84","7,575.04","1,156.53","49,946.60"
04/23/2025 11:00,"14,033.18","1,534.53","7,485.49","1,407.69","13,687.46","4,249.24","7,899.29","1,185.54","51,482.42"
04/23/2025 12:00,"14,043.19","1,576.17","7,599.25","1,429.68","14,257.73","4,463.86","8,254.60","1,216.04","52,840.52"
04/23/2025 13:00,"14,361.97","1,639.20","7,589.15","1,462.44","14,987.02","4,578.80","8,679.13","1,244.58","54,542.30"
04/23/2025 14:00,"14,722.63","1,687.37","7,676.43","1,469.26","15,644.03","4,672.83","8,959.65","1,299.62","56,131.83"
04/23/2025 15:00,"14,927.08","1,754.84","7,627.11","1,477.62","16,339.67","4,699.53","9,154.41","1,355.73","57,336.00"
04/23/2025 16:00,"15,252.35","1,797.96","7,505.40","1,587.62","16,851.76","4,744.78","9,314.55","1,398.17","58,452.60"
04/23/2025 17:00,"15,432.63","1,848.69","7,452.40","1,631.49","17,140.52","4,897.05","9,429.93","1,446.43","59,279.14"
04/23/2025 18:00,"15,286.00","1,883.74","7,428.19","1,627.73","17,341.58","4,916.34","9,500.82","1,474.99","59,459.39"
04/23/2025 19:00,"14,918.97","1,882.04","7,173.83","1,596.30","17,104.85","4,858.80","9,467.68","1,451.85","58,454.31"
04/23/2025 20:00,"14,708.24","1,826.83","7,024.75","1,562.35","16,577.01","4,701.54","9,378.49","1,408.97","57,188.18"
04/23/2025 21:00,"14,764.88","1,809.21","7,024.83","1,547.81","16,427.40","4,740.63","9,317.03","1,407.43","57,039.22"
04/23/2025 22:00,"14,423.47","1,732.06","7,061.91","1,506.07","15,837.08","4,637.71","9,045.10","1,364.61","55,608.01"
04/23/2025 23:00,"13,726.78","1,589.83","7,088.76","1,422.16","14,534.70","4,397.07","8,463.64","1,266.58","52,489.52"
04/23/2025 24:00,"12,999.31","1,446.18","7,049.81","1,335.47","13,251.31","4,088.91","7,817.90","1,192.81","49,181.69"
04/24/2025 01:00,"12,400.10","1,339.98","7,083.10","1,282.31","12,269.89","3,838.95","7,389.88","1,145.19","46,749.40"
04/24/2025 02:00,"12,064.19","1,267.84","7,140.60","1,214.69","11,606.99","3,681.24","7,041.43","1,116.46","45,133.43"
04/24/2025 03:00,"11,861.45","1,222.61","7,082.22","1,189.76","11,199.58","3,604.69","6,828.16","1,095.81","44,084.29"
04/24/2025 04:00,"11,920.22","1,224.13","7,118.01","1,178.49","11,020.55","3,579.29","6,725.81","1,086.82","43,853.32"
04/24/2025 05:00,"12,052.61","1,230.42","7,056.81","1,175.45","11,003.41","3,601.15","6,787.96","1,081.85","43,989.66"
04/24/2025 06:00,"12,504.15","1,301.46","7,038.20","1,215.85","11,580.78","3,575.99","6,976.24","1,099.45","45,292.13"
04/24/2025 07:00,"13,178.41","1,426.86","6,994.54","1,289.97","12,622.39","3,923.76","7,461.79","1,157.63","48,055.34"
04/24/2025 08:00,"13,285.88","1,462.06","7,256.67","1,294.97","13,032.56","3,929.93","7,694.20","1,169.30","49,125.57"
04/24/2025 09:00,"13,527.21","1,482.60","7,077.97","1,343.48","13,145.35","3,808.46","7,854.50","1,165.46","49,405.03"
04/24/2025 10:00,"14,205.36","1,543.27","7,327.83","1,406.65","13,375.31","4,105.75","8,137.05","1,194.61","51,295.83"
04/24/2025 11:00,"14,974.87","1,610.54","7,515.20","1,418.91","13,393.94","4,150.50","8,440.59","1,218.31","52,722.85"
04/24/2025 12:00,"15,664.22","1,666.69","7,526.04","1,438.10","13,631.71","4,336.58","8,781.87","1,237.54","54,282.75"
04/24/2025 13:00,"16,299.03","1,718.93","7,571.80","1,465.39","13,797.07","4,447.33","9,231.94","1,274.64","55,806.11"
04/24/2025 14:00,"16,887.26","1,767.47","7,616.74","1,521.04","13,689.53","4,555.90","9,631.58","1,321.38","56,990.90"
04/24/2025 15:00,"17,351.61","1,796.37","7,634.80","1,526.13","13,481.13","4,648.53","9,934.20","1,356.11","57,728.89"
04/24/2025 16:00,"17,525.09","1,789.00","7,667.74","1,559.98","13,168.20","4,749.79","10,105.99","1,354.74","57,920.54"
04/24/2025 17:00,"17,500.71","1,720.60","7,708.67","1,593.11","12,998.77","4,823.40","10,136.04","1,300.09","57,781.38"
04/24/2025 18:00,"17,359.11","1,626.12","7,648.70","1,615.79","13,202.14","4,830.08","9,895.04","1,285.72","57,462.68"
04/24/2025 19:00,"16,744.37","1,574.28","7,466.80","1,619.84","13,605.87","4,781.90","9,579.74","1,244.22","56,617.03"
04/24/2025 20:00,"15,968.60","1,541.90","7,139.31","1,601.00","13,674.98","4,706.75","9,332.01","1,215.63","55,180.18"
04/24/2025 21:00,"15,176.25","1,543.69","6,899.60","1,584.21","13,735.03","4,670.59","9,243.61","1,267.14","54,120.14"
04/24/2025 22:00,"14,476.95","1,522.48","7,082.71","1,541.12","13,439.83","4,607.56","8,955.27","1,280.61","52,906.53"
04/24/2025 23:00,"13,731.93","1,436.17","7,121.50","1,460.16","12,635.25","4,348.36","8,385.41","1,233.78","50,352.57"
04/24/2025 24:00,"12,982.90","1,347.66","7,000.34","1,383.78","11,674.47","4,095.18","7,710.02","1,142.27","47,336.62"
04/25/2025 01:00,"12,387.29","1,215.92","6,874.97","1,309.44","10,853.71","3,868.09","7,230.74","1,094.93","44,835.09"
04/25/2025 02:00,"12,022.50","1,163.58","6,918.10","1,277.67","10,423.13","3,656.58","6,853.11","1,077.78","43,392.44"
04/25/2025 03:00,"11,750.00","1,127.65","7,077.61","1,251.35","10,028.79","3,560.22","6,589.74","1,062.12","42,447.48"
04/25/2025 04:00,"11,607.15","1,154.82","7,160.88","1,232.84","9,830.76","3,520.83","6,466.38","1,049.77","42,023.43"
04/25/2025 05:00,"11,764.71","1,136.25","7,141.30","1,241.50","9,952.43","3,529.72","6,510.37","1,043.85","42,320.12"
04/25/2025 06:00,"12,209.85","1,270.46","7,077.69","1,299.27","10,452.78","3,604.52","6,755.47","1,058.17","43,728.21"
04/25/2025 07:00,"12,940.69","1,355.53","7,127.35","1,361.09","11,555.43","3,723.57","7,229.56","1,116.97","46,410.19"
04/25/2025 08:00,"13,196.49","1,439.15","7,246.17","1,386.12","12,069.25","3,798.31","7,454.92","1,137.41","47,727.82"
04/25/2025 09:00,"13,544.42","1,466.50","7,336.56","1,421.28","12,403.01","3,875.01","7,652.86","1,151.95","48,851.60"
04/25/2025 10:00,"14,127.27","1,519.79","7,333.93","1,471.85","12,878.86","3,952.15","7,873.43","1,192.26","50,349.54"
04/25/2025 11:00,"14,853.07","1,579.48","7,379.94","1,500.53","13,296.20","4,237.06","8,208.92","1,221.10","52,276.31"
04/25/2025 12:00,"15,596.41","1,663.38","7,415.02","1,521.27","13,699.38","4,369.66","8,558.59","1,252.73","54,076.45"
04/25/2025 13:00,"16,229.26","1,754.14","7,454.77","1,520.31","14,032.70","4,481.67","9,009.71","1,283.00","55,765.56"
04/25/2025 14:00,"16,813.36","1,832.56","7,549.59","1,534.05","14,620.85","4,619.75","9,416.23","1,326.17","57,712.54"
04/25/2025 15:00,"17,298.33","1,960.37","7,508.06","1,558.06","15,060.10","4,742.48","9,702.03","1,361.52","59,190.94"
04/25/2025 16:00,"17,767.73","2,046.13","7,488.99","1,598.46","15,503.58","4,842.70","10,039.68","1,405.01","60,692.28"
04/25/2025 17:00,"17,914.81","2,106.67","7,416.12","1,629.24","16,118.85","4,984.85","10,322.37","1,439.05","61,931.97"
04/25/2025 18:00,"17,739.50","2,047.26","7,368.13","1,636.98","16,579.61","4,954.76","10,395.58","1,445.41","62,167.23"
04/25/2025 19:00,"17,091.71","1,980.22","7,308.29","1,611.18","16,489.61","4,848.10","10,103.29","1,424.70","60,857.11"
04/25/2025 20:00,"16,235.45","1,879.79","6,989.60","1,563.63","15,987.36","4,771.99","9,700.63","1,387.03","58,515.48"
04/25/2025 21:00,"15,849.66","1,809.33","6,790.60","1,556.96","15,627.26","4,700.20","9,551.06","1,384.17","57,269.23"
04/25/2025 22:00,"15,254.42","1,723.38","6,974.65","1,499.87","14,994.89","4,545.90","9,232.72","1,346.85","55,572.68"
04/25/2025 23:00,"14,663.51","1,626.90","6,988.90","1,449.13","14,169.79","4,315.94","8,732.51","1,291.07","53,237.75"
04/25/2025 24:00,"14,007.37","1,508.17","7,136.90","1,390.72","13,238.45","4,112.29","8,121.62","1,230.02","50,745.53"
04/26/2025 01:00,"13,212.50","1,409.54","7,079.42","1,325.37","12,267.62","3,917.48","7,627.45","1,162.76","48,002.15"
04/26/2025 02:00,"12,623.89","1,345.89","7,034.26","1,282.66","11,607.69","3,677.13","7,183.38","1,121.17","45,876.07"
04/26/2025 03:00,"12,210.39","1,260.15","7,078.54","1,156.56","11,200.34","3,582.69","6,887.41","1,101.81","44,477.89"
04/26/2025 04:00,"11,938.55","1,224.23","7,039.00","1,134.89","10,926.82","3,492.00","6,669.62","1,084.91","43,510.03"
04/26/2025 05:00,"11,757.64","1,248.61","6,910.31","1,239.53","10,726.48","3,488.18","6,568.60","1,072.78","43,012.12"
04/26/2025 06:00,"11,722.49","1,266.22","6,888.49","1,247.69","10,809.69","3,565.44","6,560.68","1,076.65","43,137.33"
04/26/2025 07:00,"11,760.66","1,289.89","6,940.04","1,258.89","11,058.50","3,600.66","6,657.33","1,083.97","43,649.94"
04/26/2025 08:00,"11,864.76","1,318.80","6,938.46","1,263.90","11,298.04","3,610.18","6,781.10","1,087.29","44,162.51"
04/26/2025 09:00,"12,628.56","1,414.25","7,015.69","1,296.30","12,050.54","3,755.02","7,092.52","1,117.90","46,370.78"
04/26/2025 10:00,"13,506.82","1,522.57","7,215.67","1,322.67","12,863.75","3,960.17","7,480.81","1,153.73","49,026.19"
04/26/2025 11:00,"14,382.25","1,608.25","7,311.38","1,350.32","13,671.65","4,187.09","7,887.63","1,186.98","51,585.57"
04/26/2025 12:00,"15,219.69","1,736.26","7,388.62","1,373.34","14,278.36","4,399.08","8,251.03","1,219.92","53,866.29"
04/26/2025 13:00,"15,960.79","1,822.92","7,425.89","1,387.31","14,936.41","4,575.97","8,610.39","1,250.71","55,970.40"
04/26/2025 14:00,"16,544.62","1,941.24","7,470.42","1,403.23","15,466.76","4,724.68","8,878.35","1,283.99","57,713.28"
04/26/2025 15:00,"17,120.01","2,000.69","7,540.03","1,412.50","16,061.06","4,824.80","9,068.49","1,299.33","59,326.90"
04/26/2025 16:00,"17,404.07","2,077.80","7,602.95","1,431.26","16,548.81","4,902.43","9,316.15","1,317.90","60,601.38"
04/26/2025 17:00,"17,462.62","2,108.99","7,520.94","1,428.73","16,882.58","4,959.13","9,466.44","1,325.09","61,154.51"
04/26/2025 18:00,"17,246.07","2,102.87","7,360.58","1,410.48","16,944.71","4,923.94","9,559.10","1,319.43","60,867.17"
04/26/2025 19:00,"16,624.88","2,038.30","7,054.00","1,389.28","16,584.43","4,788.49","9,463.05","1,301.52","59,243.95"
04/26/2025 20:00,"15,814.38","1,934.85","6,867.93","1,372.03","15,777.30","4,619.98","9,221.37","1,271.77","56,879.62"
04/26/2025 21:00,"15,359.33","1,866.56","6,693.77","1,390.67","15,361.12","4,541.78","9,128.58","1,271.33","55,613.15"
04/26/2025 22:00,"14,762.75","1,759.79","6,454.09","1,356.75","14,556.24","4,386.33","8,862.93","1,242.65","53,381.53"
04/26/2025 23:00,"14,529.65","1,684.52","6,781.81","1,333.58","14,350.15","4,244.33","8,482.77","1,222.28","52,629.09"
04/26/2025 24:00,"13,933.86","1,572.52","6,888.36","1,287.17","13,485.69","3,984.52","7,958.89","1,179.88","50,290.89"
04/27/2025 01:00,"13,294.86","1,465.01","6,916.17","1,253.68","12,598.15","3,796.17","7,505.46","1,170.12","47,999.63"
04/27/2025 02:00,"12,679.45","1,344.44","6,785.84","1,219.94","11,796.05","3,600.83","7,091.95","1,121.53","45,640.03"
04/27/2025 03:00,"12,299.27","1,282.10","6,909.05","1,200.13","11,276.34","3,442.10","6,819.35","1,093.84","44,322.17"
04/27/2025 04:00,"12,095.82","1,251.06","6,967.53","1,203.60","10,965.82","3,357.67","6,632.88","1,081.95","43,556.34"
04/27/2025 05:00,"11,898.57","1,214.52","7,013.39","1,207.81","10,678.35","3,412.97","6,513.91","1,076.01","43,015.53"
04/27/2025 06:00,"11,859.01","1,252.75","6,995.94","1,218.06","10,616.50","3,383.49","6,475.66","1,080.05","42,881.47"
04/27/2025 07:00,"11,770.76","1,269.19","7,029.66","1,226.03","10,633.83","3,433.96","6,538.68","1,087.53","42,989.63"
04/27/2025 08:00,"11,789.57","1,307.55","7,047.44","1,238.17","10,798.86","3,390.31","6,653.28","1,089.09","43,314.28"
04/27/2025 09:00,"12,554.80","1,408.39","7,113.02","1,288.35","11,678.07","3,550.50","7,055.41","1,115.10","45,763.65"
04/27/2025 10:00,"13,509.76","1,491.29","7,221.23","1,348.26","12,652.18","3,816.75","7,519.13","1,152.08","48,710.68"
04/27/2025 11:00,"14,492.57","1,623.44","7,377.43","1,389.39","13,637.12","4,125.40","8,009.25","1,192.00","51,846.59"
04/27/2025 12:00,"15,449.86","1,737.10","7,467.96","1,434.26","14,433.42","4,395.09","8,423.03","1,241.54","54,582.25"
04/27/2025 13:00,"16,277.33","1,849.08","7,565.06","1,475.37","14,991.45","4,603.35","8,921.74","1,298.22","56,981.59"
04/27/2025 14:00,"16,841.25","1,940.22","7,644.52","1,522.84","15,464.59","4,837.92","9,280.62","1,364.61","58,896.57"
04/27/2025 15:00,"17,283.04","2,005.04","7,694.45","1,576.45","15,838.72","5,050.81","9,585.95","1,414.47","60,448.92"
04/27/2025 16:00,"17,631.03","2,055.60","7,735.17","1,624.90","16,213.85","5,207.84","9,791.43","1,454.94","61,714.76"
04/27/2025 17:00,"17,788.06","2,137.25","7,718.40","1,662.24","16,415.58","5,209.48","9,976.10","1,499.84","62,406.96"
04/27/2025 18:00,"17,685.35","2,168.25","7,704.03","1,672.49","16,602.76","5,159.52","10,194.60","1,532.84","62,719.83"
04/27/2025 19:00,"17,254.73","2,153.74","7,426.81","1,658.18","16,582.23","5,177.05","10,172.99","1,527.08","61,952.80"
04/27/2025 20:00,"16,651.33","2,056.63","7,201.85","1,609.73","16,397.73","5,077.66","9,996.63","1,498.07","60,489.64"
04/27/2025 21:00,"16,423.16","2,001.66","6,848.50","1,558.88","16,478.07","5,000.91","9,904.86","1,485.94","59,701.97"
04/27/2025 22:00,"15,955.23","1,945.40","7,010.99","1,520.63","16,104.69","4,879.90","9,620.10","1,460.60","58,497.53"
04/27/2025 23:00,"15,264.62","1,808.33","7,061.99","1,448.70","15,129.50","4,623.89","8,995.96","1,389.59","55,722.59"
04/27/2025 24:00,"14,322.23","1,652.58","7,047.87","1,369.33","13,893.16","4,347.59","8,292.61","1,297.09","52,222.46"
04/28/2025 01:00,"13,668.32","1,530.53","6,894.53","1,304.82","12,984.77","4,120.02","7,703.56","1,225.75","49,432.30"
04/28/2025 02:00,"13,137.47","1,448.12","6,913.93","1,266.82","12,337.94","3,881.21","7,344.36","1,191.42","47,521.27"
04/28/2025 03:00,"12,815.59","1,393.33","6,921.30","1,242.54","11,962.74","3,639.72","7,091.08","1,163.67","46,229.98"
04/28/2025 04:00,"12,701.00","1,387.00","6,890.69","1,226.04","11,787.81","3,587.61","6,966.25","1,149.69","45,696.09"
04/28/2025 05:00,"12,785.53","1,398.04","6,899.72","1,229.94","11,950.09","3,584.96","7,010.86","1,147.39","46,006.53"
04/28/2025 06:00,"13,178.29","1,467.61","6,927.03","1,261.73","12,460.46","3,685.95","7,287.69","1,165.35","47,434.11"
04/28/2025 07:00,"13,582.61","1,555.40","6,779.73","1,364.45","13,426.56","3,875.39","7,763.21","1,215.76","49,563.10"
04/28/2025 08:00,"13,755.97","1,611.99","6,808.99","1,389.29","13,892.28","3,902.66","7,938.55","1,228.43","50,528.17"
04/28/2025 09:00,"14,397.82","1,675.05","7,306.64","1,425.49","14,251.58","3,970.56","8,090.21","1,232.06","52,349.40"
04/28/2025 10:00,"14,953.37","1,745.64","7,573.76","1,459.11","14,732.77","4,174.03","8,310.90","1,254.55","54,204.12"
04/28/2025 11:00,"15,575.41","1,796.36","7,772.62","1,498.61","15,201.62","4,333.74","8,644.96","1,296.34","56,119.68"
04/28/2025 12:00,"16,087.05","1,870.72","7,838.63","1,549.42","15,605.62","4,472.99","8,921.69","1,337.94","57,684.05"
04/28/2025 13:00,"16,489.67","1,940.78","7,877.05","1,597.86","15,922.43","4,748.55","9,183.98","1,393.64","59,153.97"
04/28/2025 14:00,"16,903.76","2,008.22","7,900.90","1,635.02","16,077.63","4,968.45","9,381.98","1,450.45","60,326.41"
04/28/2025 15:00,"17,242.56","2,061.79","7,986.17","1,671.02","16,233.12","5,146.19","9,549.51","1,514.21","61,404.56"
04/28/2025 16:00,"17,461.13","2,087.59","8,040.31","1,707.40","16,329.33","5,261.49","9,614.47","1,567.33","62,069.05"
04/28/2025 17:00,"17,634.84","2,053.38","8,037.10","1,759.66","16,711.03","5,402.44","10,005.19","1,597.95","63,201.60"
04/28/2025 18:00,"17,483.92","2,030.23","7,856.59","1,793.12","16,901.72","5,330.50","10,199.34","1,593.23","63,188.65"
04/28/2025 19:00,"16,777.49","2,015.85","7,327.92","1,749.17","16,773.44","5,226.77","10,152.24","1,544.26","61,567.14"
04/28/2025 20:00,"16,382.13","2,028.94","6,982.95","1,690.64","16,809.45","5,032.73","10,028.12","1,503.27","60,458.22"
04/28/2025 21:00,"16,186.63","2,014.81","6,758.95","1,637.77","16,854.13","4,987.74","9,967.69","1,489.31","59,897.02"
04/28/2025 22:00,"15,692.22","1,954.21","6,860.84","1,590.96","16,465.45","4,838.69","9,689.12","1,441.70","58,533.18"
04/28/2025 23:00,"15,002.16","1,811.60","7,003.34","1,525.89","15,465.98","4,595.19","9,111.39","1,373.31","55,888.86"
04/28/2025 24:00,"14,094.91","1,680.55","7,094.53","1,464.38","14,234.09","4,194.33","8,390.04","1,289.91","52,442.75"
04/29/2025 01:00,"13,348.17","1,559.87","7,006.15","1,414.20","13,248.73","4,004.04","7,766.95","1,221.82","49,569.93"
04/29/2025 02:00,"12,790.83","1,469.62","6,879.48","1,338.65","12,585.99","3,852.11","7,346.39","1,169.16","47,432.21"
04/29/2025 03:00,"12,272.40","1,402.46","7,033.31","1,299.09","12,057.65","3,596.87","7,072.75","1,137.21","45,871.75"
04/29/2025 04:00,"12,063.15","1,383.97","7,067.88","1,272.76","11,806.61","3,583.03","6,940.60","1,117.93","45,235.93"
04/29/2025 05:00,"12,125.23","1,385.21","7,070.51","1,274.76","11,774.72","3,650.95","6,995.14","1,100.97","45,377.47"
04/29/2025 06:00,"12,591.94","1,433.37","7,018.08","1,312.79","12,216.13","3,747.48","7,196.66","1,116.34","46,632.79"
04/29/2025 07:00,"13,217.78","1,562.72","7,071.85","1,374.41","13,269.33","3,959.82","7,630.39","1,181.47","49,267.77"
04/29/2025 08:00,"13,397.36","1,604.33","7,042.53","1,371.60","13,584.05","3,899.24","7,817.23","1,197.63","49,913.95"
04/29/2025 09:00,"13,760.31","1,653.20","7,088.03","1,403.91","13,731.25","3,905.08","7,939.76","1,202.28","50,683.82"
04/29/2025 10:00,"14,421.15","1,714.89","7,389.81","1,427.90","14,213.34","4,215.34","8,137.54","1,239.96","52,759.93"
04/29/2025 11:00,"15,176.10","1,779.89","7,521.51","1,461.40","14,777.21","4,424.53","8,352.64","1,289.57","54,782.86"
04/29/2025 12:00,"15,640.09","1,859.59","7,621.87","1,507.24","15,116.56","4,633.98","8,664.49","1,359.24","56,403.06"
04/29/2025 13:00,"15,815.86","1,930.04","7,651.19","1,538.60","15,711.19","4,811.58","9,101.58","1,413.08","57,973.12"
04/29/2025 14:00,"15,898.22","1,973.96","7,754.90","1,548.13","16,415.29","5,011.11","9,507.79","1,482.16","59,591.56"
04/29/2025 15:00,"16,067.18","2,026.73","7,895.99","1,558.09","16,851.19","5,153.66","9,945.46","1,511.76","61,010.07"
04/29/2025 16:00,"16,269.15","2,066.03","8,018.05","1,564.89","17,151.87","5,299.16","10,309.15","1,550.11","62,228.42"
04/29/2025 17:00,"16,302.61","2,107.01","7,963.86","1,592.05","17,525.15","5,325.74","10,600.76","1,578.48","62,995.66"
04/29/2025 18:00,"16,237.24","2,123.31","7,873.46","1,590.11","17,756.11","5,221.83","10,822.66","1,572.72","63,197.44"
04/29/2025 19:00,"16,118.34","2,086.25","7,422.66","1,574.88","17,420.19","5,069.54","10,795.35","1,536.11","62,023.32"
04/29/2025 20:00,"15,735.25","2,001.71","7,016.12","1,546.53","16,892.52","4,905.99","10,430.59","1,495.52","60,024.23"
04/29/2025 21:00,"15,644.04","1,973.48","6,819.19","1,524.29","16,694.31","4,807.12","10,255.18","1,479.78","59,197.37"
04/29/2025 22:00,"15,196.46","1,905.86","6,794.69","1,492.16","16,159.61","4,713.88","9,838.80","1,443.51","57,544.97"
04/29/2025 23:00,"14,500.48","1,749.40","7,102.19","1,421.52","15,066.76","4,556.31","9,163.30","1,369.94","54,929.90"
04/29/2025 24:00,"13,754.71","1,593.09","7,061.49","1,361.05","13,823.12","4,350.52","8,407.14","1,290.99","51,642.11"
04/30/2025 01:00,"13,106.39","1,489.78","7,075.89","1,323.29","12,824.55","4,066.08","7,801.13","1,194.25","48,881.36"
04/30/2025 02:00,"12,694.14","1,398.29","7,083.72","1,283.45","12,076.83","3,914.52","7,405.51","1,155.25","47,011.70"
04/30/2025 03:00,"12,414.00","1,347.52","7,075.77","1,239.40","11,524.76","3,816.50","7,155.73","1,118.94","45,692.63"
04/30/2025 04:00,"12,307.01","1,340.00","7,193.68","1,221.97","11,156.77","3,774.50","7,048.03","1,104.99","45,146.95"
04/30/2025 05:00,"12,424.69","1,350.16","7,259.24","1,233.86","11,261.19","3,802.36","7,073.08","1,106.35","45,510.93"
04/30/2025 06:00,"12,908.55","1,384.23","7,198.87","1,290.96","11,849.91","3,846.12","7,319.15","1,143.27","46,941.06"
04/30/2025 07:00,"13,445.81","1,465.16","7,133.56","1,318.53","12,767.20","4,076.32","7,803.00","1,189.77","49,199.35"
04/30/2025 08:00,"13,657.39","1,512.21","7,239.24","1,370.75","13,164.45","4,030.34","8,040.43","1,208.02","50,222.84"
04/30/2025 09:00,"14,090.25","1,571.08","7,361.37","1,409.77","13,511.26","3,991.59","8,238.64","1,206.99","51,380.95"
04/30/2025 10:00,"14,576.72","1,640.85","7,474.52","1,416.73","13,873.05","4,221.59","8,487.78","1,234.57","52,925.81"
04/30/2025 11:00,"15,127.15","1,702.70","7,580.05","1,417.46","13,965.27","4,372.47","8,843.91","1,242.68","54,251.70"
04/30/2025 12:00,"15,675.99","1,745.87","7,634.93","1,424.25","13,811.11","4,629.63","9,200.37","1,271.05","55,393.20"
04/30/2025 13:00,"15,994.79","1,798.35","7,516.99","1,422.87","13,643.75","4,856.36","9,409.55","1,320.68","55,963.35"
04/30/2025 14:00,"16,501.73","1,846.94","7,438.95","1,403.96","13,465.34","5,103.59","9,736.38","1,369.30","56,866.18"
04/30/2025 15:00,"16,907.01","1,868.83","7,347.26","1,363.39","13,159.25","5,316.84","10,068.98","1,419.76","57,451.31"
04/30/2025 16:00,"17,265.58","1,824.90","7,388.52","1,436.20","12,997.73","5,426.18","10,520.36","1,475.19","58,334.67"
04/30/2025 17:00,"17,421.10","1,838.43","7,451.13","1,433.10","13,079.63","5,521.93","10,918.11","1,525.68","59,189.11"
04/30/2025 18:00,"17,210.30","1,808.32","7,433.38","1,394.61","13,110.02","5,559.30","11,245.30","1,557.61","59,318.84"
04/30/2025 19:00,"16,728.49","1,743.49","7,368.74","1,410.04","13,059.30","5,464.23","11,219.53","1,547.46","58,541.29"
04/30/2025 20:00,"16,298.07","1,758.38","7,144.62","1,399.86","12,985.52","5,295.74","10,850.05","1,506.48","57,238.71"
04/30/2025 21:00,"16,098.67","1,742.29","6,822.98","1,370.42","13,038.17","5,116.20","10,499.26","1,449.76","56,137.75"
04/30/2025 22:00,"15,728.69","1,664.76","6,849.88","1,348.22","12,790.03","4,922.70","9,998.80","1,372.71","54,675.78"
04/30/2025 23:00,"14,787.12","1,479.53","6,760.52","1,255.51","11,774.26","4,607.82","9,157.40","1,250.30","51,072.46"
04/30/2025 24:00,"14,230.52","1,348.97","7,031.47","1,194.87","11,137.76","4,400.65","8,337.31","1,178.78","48,860.34"
05/01/2025 01:00,"13,571.52","1,279.15","7,184.66","1,148.19","10,404.12","4,021.39","7,695.20","1,108.87","46,413.10"
05/01/2025 02:00,"13,092.08","1,233.62","7,253.96","1,128.08","9,994.05","3,831.58","7,254.34","1,066.90","44,854.60"
05/01/2025 03:00,"12,706.37","1,217.12","7,201.00","1,112.80","9,677.59","3,750.89","6,997.70","1,038.58","43,702.06"
05/01/2025 04:00,"12,467.41","1,198.58","7,057.55","1,096.83","9,486.36","3,732.79","6,875.97","1,021.54","42,937.03"
05/01/2025 05:00,"12,516.52","1,204.77","7,048.43","1,104.53","9,599.81","3,652.54","6,831.31","1,016.15","42,974.07"
05/01/2025 06:00,"12,852.24","1,239.19","7,042.54","1,143.15","10,169.89","3,626.67","7,081.35","1,033.20","44,188.24"
05/01/2025 07:00,"13,385.26","1,348.52","6,808.07","1,225.33","11,156.91","3,900.73","7,563.10","1,088.10","46,476.02"
05/01/2025 08:00,"13,565.87","1,413.08","6,911.54","1,259.24","11,572.00","3,910.16","7,772.57","1,098.70","47,503.16"
05/01/2025 09:00,"14,321.59","1,474.42","7,313.62","1,344.37","12,045.89","3,986.37","8,052.17","1,134.96","49,673.39"
05/01/2025 10:00,"15,117.27","1,552.13","7,570.86","1,399.44","12,380.77","4,226.73","8,458.43","1,174.34","51,879.97"
05/01/2025 11:00,"15,813.35","1,626.01","7,683.77","1,412.90","12,764.79","4,356.95","8,940.18","1,229.30","53,827.23"
05/01/2025 12:00,"16,430.25","1,666.67","7,687.73","1,417.10","13,004.63","4,595.13","9,347.81","1,297.96","55,447.29"
05/01/2025 13:00,"17,091.72","1,757.75","7,732.31","1,440.49","13,223.12","4,774.45","9,848.10","1,368.96","57,236.90"
05/01/2025 14:00,"17,639.49","1,833.34","7,799.72","1,458.35","13,549.65","4,948.24","10,356.07","1,433.33","59,018.17"
05/01/2025 15:00,"18,059.46","1,932.81","7,849.42","1,486.01","13,908.92","5,149.92","10,814.29","1,518.48","60,719.31"
05/01/2025 16:00,"18,326.28","2,007.52","7,900.67","1,524.20","14,208.26","5,276.59","11,097.16","1,579.29","61,919.98"
05/01/2025 17:00,"18,063.67","2,051.63","7,488.36","1,547.88","14,414.23","5,279.40","11,369.26","1,577.63","61,792.08"
05/01/2025 18:00,"17,671.33","2,031.26","7,420.35","1,557.67","14,720.37","5,122.27","11,226.39","1,578.45","61,328.10"
05/01/2025 19:00,"17,102.08","1,963.09","7,539.69","1,553.04","15,062.40","4,981.04","10,881.58","1,564.83","60,647.75"
05/01/2025 20:00,"16,503.62","1,912.79","7,414.64","1,543.46","15,098.12","4,930.05","10,486.71","1,514.14","59,403.54"
05/01/2025 21:00,"16,293.12","1,896.08","7,286.98","1,543.58","15,176.53","4,843.19","10,192.67","1,474.52","58,706.67"
05/01/2025 22:00,"15,789.49","1,850.99","7,434.42","1,525.37","14,972.05","4,775.60","9,699.11","1,434.73","57,481.78"
05/01/2025 23:00,"14,932.68","1,711.40","7,359.55","1,459.92","14,008.31","4,568.57","8,915.19","1,350.80","54,306.43"
05/01/2025 24:00,"13,973.43","1,567.83","7,303.95","1,384.02","12,886.21","4,215.56","8,154.28","1,257.98","50,743.24"
05/02/2025 01:00,"13,180.87","1,439.23","7,103.79","1,305.92","11,915.21","4,041.82","7,507.40","1,190.59","47,684.83"
05/02/2025 02:00,"12,519.03","1,343.78","7,069.38","1,266.63","11,108.17","3,925.08","7,043.98","1,137.05","45,413.10"
05/02/2025 03:00,"12,016.30","1,270.27","7,068.23","1,232.67","10,474.19","3,758.76","6,726.81","1,093.61","43,640.85"
05/02/2025 04:00,"11,780.42","1,253.71","7,105.08","1,211.26","10,117.88","3,638.37","6,493.11","1,078.39","42,678.22"
05/02/2025 05:00,"11,825.66","1,244.37","7,107.13","1,206.55","10,130.69","3,636.29","6,384.27","1,080.37","42,615.34"
05/02/2025 06:00,"12,175.93","1,284.10","7,118.78","1,247.84","10,636.25","3,668.27","6,495.89","1,102.43","43,729.49"
05/02/2025 07:00,"12,743.70","1,384.76","7,318.01","1,275.71","11,466.82","3,983.52","6,857.36","1,149.52","46,179.40"
05/02/2025 08:00,"13,156.46","1,431.75","7,322.00","1,304.70","11,924.07","3,987.20","7,098.02","1,156.82","47,381.02"
05/02/2025 09:00,"13,880.27","1,491.53","7,354.40","1,336.78","12,333.35","4,087.73","7,425.22","1,186.69","49,095.96"
05/02/2025 10:00,"14,621.97","1,619.36","7,439.73","1,356.44","12,694.73","4,244.13","7,797.48","1,216.17","50,990.02"
05/02/2025 11:00,"15,597.75","1,683.72","7,431.58","1,365.77","13,029.71","4,455.45","8,206.37","1,235.75","53,006.09"
05/02/2025 12:00,"16,386.15","1,750.75","7,311.10","1,379.89","13,308.60","4,611.90","8,506.58","1,237.02","54,491.99"
05/02/2025 13:00,"16,929.81","1,816.81","7,243.02","1,374.45","13,315.36","4,741.07","8,856.45","1,237.29","55,514.27"
05/02/2025 14:00,"17,022.65","1,857.45","7,179.30","1,374.28","13,271.62","4,885.31","9,057.15","1,251.66","55,899.44"
05/02/2025 15:00,"16,849.50","1,873.37","7,172.11","1,375.44","13,050.95","5,028.19","9,369.13","1,267.75","55,986.43"
05/02/2025 16:00,"16,232.01","1,794.02","7,175.67","1,367.88","12,598.96","5,255.64","9,608.33","1,279.36","55,311.87"
05/02/2025 17:00,"15,802.62","1,710.17","7,202.93","1,389.74","12,532.56","5,361.89","9,634.21","1,282.61","54,916.73"
05/02/2025 18:00,"15,515.94","1,642.89","7,207.90","1,403.82","12,552.73","5,310.83","9,006.10","1,271.81","53,912.04"
05/02/2025 19:00,"15,038.57","1,604.85","7,226.12","1,411.90","12,529.08","5,088.28","8,582.42","1,259.90","52,741.13"
05/02/2025 20:00,"14,582.09","1,541.93","7,096.23","1,417.83","12,535.66","4,890.37","8,208.92","1,238.54","51,511.57"
05/02/2025 21:00,"14,095.09","1,538.19","6,959.56","1,413.01","12,643.46","4,886.51","7,992.33","1,238.76","50,766.92"
05/02/2025 22:00,"13,623.80","1,467.77","7,230.15","1,389.82","12,436.97","4,732.58","7,754.44","1,227.36","49,862.87"
05/02/2025 23:00,"13,097.58","1,446.83","7,228.87","1,347.18","11,853.01","4,526.37","7,372.07","1,181.56","48,053.47"
05/02/2025 24:00,"12,552.33","1,314.33","7,233.06","1,309.60","11,111.77","4,274.09","6,925.25","1,121.93","45,842.38"
05/03/2025 01:00,"11,991.02","1,279.56","7,188.23","1,263.85","10,382.28","3,978.42","6,489.79","1,067.30","43,640.45"
05/03/2025 02:00,"11,630.59","1,223.24","7,120.29","1,233.46","9,879.71","3,758.99","6,174.00","1,042.00","42,062.26"
05/03/2025 03:00,"11,292.94","1,161.91","6,935.39","1,082.64","9,475.29","3,604.68","5,949.24","1,014.88","40,516.98"
05/03/2025 04:00,"11,158.72","1,156.94","6,995.45","1,063.41","9,317.46","3,428.80","5,796.81","1,011.53","39,929.13"
05/03/2025 05:00,"10,938.90","1,122.51","6,938.62","1,173.37","9,156.20","3,428.46","5,748.52","1,006.12","39,512.70"
05/03/2025 06:00,"11,056.31","1,151.25","7,054.95","1,175.68","9,350.23","3,445.03","5,758.86","1,032.09","40,024.39"
05/03/2025 07:00,"11,222.14","1,182.72","7,146.29","1,205.81","9,699.96","3,480.85","5,896.69","1,066.56","40,901.01"
05/03/2025 08:00,"11,515.63","1,245.43","7,460.35","1,238.03","10,191.52","3,326.61","6,067.33","1,095.34","42,140.25"
05/03/2025 09:00,"12,117.62","1,310.20","7,576.40","1,260.97","10,701.42","3,395.60","6,379.65","1,121.69","43,863.56"
05/03/2025 10:00,"12,676.70","1,363.72","7,683.59","1,277.45","11,137.13","3,490.05","6,648.36","1,134.78","45,411.78"
05/03/2025 11:00,"13,177.29","1,414.43","7,626.84","1,287.57","11,401.08","3,564.44","6,792.62","1,128.84","46,393.11"
05/03/2025 12:00,"13,543.42","1,434.11","7,624.54","1,291.40","11,474.44","3,646.47","6,973.43","1,153.59","47,141.41"
05/03/2025 13:00,"13,892.38","1,471.03","7,622.07","1,298.27","11,615.05","3,793.90","7,179.19","1,164.76","48,036.66"
05/03/2025 14:00,"14,257.25","1,516.37","7,672.91","1,322.61","11,785.23","3,930.29","7,420.69","1,185.88","49,091.24"
05/03/2025 15:00,"14,536.40","1,559.34","7,632.02","1,350.48","12,013.92","4,078.09","7,678.33","1,222.81","50,071.38"
05/03/2025 16:00,"14,804.00","1,608.32","7,629.81","1,384.36","12,331.73","4,246.49","8,040.84","1,284.69","51,330.25"
05/03/2025 17:00,"15,103.86","1,642.80","7,646.39","1,423.00","12,672.92","4,232.69","8,378.00","1,329.39","52,429.04"
05/03/2025 18:00,"15,066.79","1,664.41","7,543.80","1,447.71","13,023.20","4,203.29","8,629.77","1,344.60","52,923.56"
05/03/2025 19:00,"14,812.50","1,653.57","7,449.12","1,442.67","13,147.48","4,145.34","8,677.67","1,332.55","52,660.90"
05/03/2025 20:00,"14,176.20","1,572.82","7,285.04","1,396.91","12,856.29","4,096.44","8,400.82","1,296.83","51,081.34"
05/03/2025 21:00,"13,686.54","1,479.37","6,993.63","1,372.83","12,543.63","4,043.77","8,075.49","1,256.42","49,451.68"
05/03/2025 22:00,"13,313.59","1,418.69","6,794.93","1,362.28","12,305.64","3,986.34","7,736.83","1,231.41","48,149.70"
05/03/2025 23:00,"12,863.07","1,394.39","6,985.05","1,323.44","11,691.99","3,843.59","7,329.72","1,187.00","46,618.25"
05/03/2025 24:00,"12,168.03","1,302.46","7,041.23","1,266.15","10,928.92","3,647.97","6,833.28","1,116.52","44,304.56"
05/04/2025 01:00,"11,578.79","1,220.19","6,968.40","1,210.43","10,266.13","3,540.64","6,286.14","1,071.48","42,142.19"
05/04/2025 02:00,"11,179.75","1,157.05","6,990.21","1,180.25","9,744.78","3,382.58","5,921.58","1,043.26","40,599.45"
05/04/2025 03:00,"10,831.27","1,102.14","7,006.77","1,161.84","9,441.36","3,261.44","5,675.96","1,021.14","39,501.92"
05/04/2025 04:00,"10,550.19","1,054.63","6,969.98","1,145.00","9,194.15","3,289.47","5,523.31","1,004.53","38,731.28"
05/04/2025 05:00,"10,447.54","1,081.50","6,887.15","1,148.05","9,108.73","3,233.38","5,454.43","1,002.01","38,362.79"
05/04/2025 06:00,"10,453.68","1,105.04","6,882.11","1,155.12","9,176.21","3,242.20","5,471.68","1,002.11","38,488.15"
05/04/2025 07:00,"10,444.59","1,122.93","6,909.70","1,162.25","9,295.44","3,256.87","5,564.43","1,008.26","38,764.46"
05/04/2025 08:00,"10,576.52","1,164.00","6,935.07","1,174.22","9,617.03","3,300.39","5,707.23","1,014.73","39,489.18"
05/04/2025 09:00,"11,125.81","1,238.35","7,146.28","1,208.73","10,203.35","3,442.46","5,987.79","1,046.86","41,399.63"
05/04/2025 10:00,"11,668.87","1,293.68","7,137.88","1,232.31","10,725.84","3,608.87","6,276.82","1,085.51","43,029.78"
05/04/2025 11:00,"12,239.40","1,324.93","7,173.12","1,249.97","11,049.95","3,844.75","6,521.71","1,105.60","44,509.42"
05/04/2025 12:00,"12,801.69","1,395.90","7,216.05","1,263.10","11,424.84","4,014.76","6,785.18","1,130.15","46,031.67"
05/04/2025 13:00,"13,327.88","1,449.56","7,266.34","1,287.78","11,767.34","4,125.42","7,037.46","1,156.85","47,418.63"
05/04/2025 14:00,"13,896.32","1,493.69","7,322.82","1,320.66","12,140.77","4,177.04","7,372.70","1,196.15","48,920.15"
05/04/2025 15:00,"14,460.90","1,559.65","7,361.68","1,355.32","12,688.90","4,282.24","7,822.96","1,236.20","50,767.85"
05/04/2025 16:00,"15,057.28","1,645.13","7,391.97","1,391.18","13,241.88","4,362.53","8,317.46","1,285.32","52,692.76"
05/04/2025 17:00,"15,567.89","1,731.06","7,439.92","1,427.43","13,878.91","4,303.76","8,777.42","1,334.86","54,461.26"
05/04/2025 18:00,"15,729.96","1,753.46","7,388.08","1,449.15","14,356.30","4,390.82","9,146.38","1,366.61","55,580.76"
05/04/2025 19:00,"15,572.76","1,769.11","7,267.34","1,458.27","14,514.45","4,326.26","9,233.80","1,359.45","55,501.44"
05/04/2025 20:00,"15,025.85","1,704.15","7,156.75","1,434.31","14,209.26","4,247.03","9,036.52","1,333.30","54,147.18"
05/04/2025 21:00,"14,692.38","1,685.13","7,068.00","1,387.53","14,136.08","4,417.11","8,872.79","1,332.94","53,591.95"
05/04/2025 22:00,"14,180.06","1,595.36","7,141.25","1,348.12","13,666.47","4,419.29","8,618.29","1,315.18","52,284.01"
05/04/2025 23:00,"13,460.98","1,476.63","7,101.88","1,285.71","12,631.06","4,247.60","8,036.33","1,245.49","49,485.68"
05/04/2025 24:00,"12,612.41","1,326.13","7,018.59","1,221.20","11,482.01","4,023.54","7,366.77","1,163.61","46,214.25"
05/05/2025 01:00,"11,918.60","1,235.18","6,833.02","1,157.66","10,613.05","3,822.69","6,766.37","1,107.49","43,454.07"
05/05/2025 02:00,"11,431.28","1,170.92","6,846.76","1,129.89","10,034.64","3,653.00","6,393.42","1,070.23","41,730.15"
05/05/2025 03:00,"11,179.40","1,142.52","6,878.95","1,112.14","9,734.21","3,464.73","6,146.91","1,057.40","40,716.26"
05/05/2025 04:00,"11,135.37","1,128.89","6,903.82","1,097.55","9,545.71","3,452.27","6,014.13","1,050.81","40,328.54"
05/05/2025 05:00,"11,261.43","1,150.54","6,871.23","1,097.93","9,697.74","3,470.28","6,054.44","1,051.41","40,655.00"
05/05/2025 06:00,"11,730.01","1,228.24","6,898.88","1,149.24","10,320.82","3,602.09","6,326.29","1,081.36","42,336.94"
05/05/2025 07:00,"12,267.28","1,351.63","6,898.18","1,257.45","11,394.19","3,827.71","6,828.10","1,137.20","44,961.75"
05/05/2025 08:00,"12,493.08","1,384.34","6,901.21","1,289.50","11,846.00","3,864.84","7,051.02","1,164.92","45,994.92"
05/05/2025 09:00,"12,858.10","1,413.35","7,137.29","1,308.21","12,048.88","3,891.10","7,211.62","1,156.98","47,025.53"
05/05/2025 10:00,"13,443.22","1,462.62","7,301.91","1,329.47","12,324.79","4,064.31","7,363.01","1,158.28","48,447.62"
05/05/2025 11:00,"14,057.89","1,521.93","7,348.51","1,345.77","12,703.35","4,178.09","7,569.94","1,175.15","49,900.62"
05/05/2025 12:00,"14,645.40","1,558.28","7,383.90","1,372.25","13,041.94","4,315.16","7,824.52","1,188.90","51,330.35"
05/05/2025 13:00,"14,992.97","1,642.40","7,421.89","1,388.32","13,176.58","4,542.94","7,881.10","1,214.18","52,260.37"
05/05/2025 14:00,"15,082.84","1,677.25","7,487.42","1,404.00","13,160.69","4,701.35","7,884.93","1,234.86","52,633.33"
05/05/2025 15:00,"14,902.60","1,673.31","7,541.46","1,395.55","12,927.42","4,877.08","7,925.03","1,241.52","52,483.98"
05/05/2025 16:00,"14,649.53","1,646.40","7,588.60","1,388.56","12,669.06","5,066.17","8,073.16","1,258.16","52,339.64"
05/05/2025 17:00,"14,446.71","1,604.41","7,542.24","1,370.86","12,565.07","5,174.15","8,315.81","1,272.81","52,292.07"
05/05/2025 18:00,"14,230.44","1,603.25","7,462.67","1,387.77","12,600.62","5,178.52","8,532.77","1,270.80","52,266.84"
05/05/2025 19:00,"14,075.51","1,586.14","7,305.14","1,396.20","12,636.06","5,170.23","8,590.53","1,247.45","52,007.26"
05/05/2025 20:00,"14,236.18","1,582.58","7,133.65","1,374.65","12,706.62","5,019.91","8,535.06","1,244.35","51,833.02"
05/05/2025 21:00,"14,242.79","1,586.58","7,002.13","1,355.14","12,920.80","5,042.83","8,502.56","1,275.12","51,927.96"
05/05/2025 22:00,"13,815.34","1,528.56","6,984.79","1,324.89","12,627.54","4,943.44","8,219.25","1,257.38","50,701.19"
05/05/2025 23:00,"13,101.00","1,427.92","6,893.31","1,289.20","11,767.39","4,693.80","7,676.21","1,199.74","48,048.57"
05/05/2025 24:00,"12,363.17","1,315.09","6,937.71","1,276.76","10,840.82","4,309.50","7,086.03","1,133.87","45,262.94"
05/06/2025 01:00,"11,951.52","1,196.13","6,752.87","1,226.87","10,222.30","4,108.86","6,606.58","1,064.53","43,129.67"
05/06/2025 02:00,"11,654.82","1,164.65","6,618.46","1,200.48","9,811.83","3,981.17","6,299.54","1,038.50","41,769.45"
05/06/2025 03:00,"11,474.56","1,148.30","6,712.15","1,184.43","9,540.08","3,764.58","6,144.31","1,016.41","40,984.81"
05/06/2025 04:00,"11,496.22","1,151.24","6,635.63","1,171.99","9,411.97","3,738.64","6,097.03","1,016.28","40,719.00"
05/06/2025 05:00,"11,802.59","1,171.63","6,763.73","1,186.54","9,587.99","3,825.08","6,190.69","1,026.83","41,555.07"
05/06/2025 06:00,"12,426.22","1,243.10","6,847.76","1,221.54","10,194.50","3,936.91","6,497.94","1,050.04","43,418.00"
05/06/2025 07:00,"13,204.67","1,369.05","6,940.68","1,289.52","11,232.72","4,141.45","7,052.22","1,113.19","46,343.51"
05/06/2025 08:00,"13,524.81","1,420.13","6,912.92","1,325.02","11,805.57","4,100.68","7,376.86","1,134.88","47,600.87"
05/06/2025 09:00,"13,837.88","1,467.15","6,869.56","1,347.45","12,117.25","4,069.45","7,625.11","1,127.62","48,461.48"
05/06/2025 10:00,"14,248.36","1,517.15","6,955.52","1,363.65","12,362.85","4,273.81","7,837.62","1,141.86","49,700.82"
05/06/2025 11:00,"14,696.81","1,535.52","6,906.27","1,364.03","12,460.04","4,430.95","8,079.95","1,156.26","50,629.84"
05/06/2025 12:00,"15,086.52","1,543.79","6,992.71","1,373.14","12,550.08","4,655.45","8,268.58","1,164.02","51,634.28"
05/06/2025 13:00,"15,483.80","1,585.35","7,002.52","1,386.12","12,498.33","4,805.99","8,504.08","1,222.48","52,488.68"
05/06/2025 14:00,"15,827.71","1,537.80","7,070.68","1,417.32","12,462.07","5,013.98","8,391.39","1,261.06","52,982.01"
05/06/2025 15:00,"15,724.63","1,475.23","7,102.25","1,425.08","12,386.94","5,259.63","8,593.24","1,330.97","53,297.96"
05/06/2025 16:00,"15,682.67","1,443.88","7,181.03","1,416.83","12,335.15","5,469.66","9,201.10","1,359.72","54,090.03"
05/06/2025 17:00,"15,790.02","1,471.83","7,305.74","1,424.20","12,619.99","5,629.36","9,892.02","1,404.94","55,538.09"
05/06/2025 18:00,"15,713.25","1,558.17","7,366.21","1,428.18","12,810.38","5,660.76","10,440.37","1,438.54","56,415.87"
05/06/2025 19:00,"15,508.27","1,593.65","7,278.16","1,430.15","12,890.55","5,537.14","10,590.85","1,458.87","56,287.64"
05/06/2025 20:00,"14,928.88","1,573.10","6,842.39","1,398.72","12,653.01","5,266.16","10,292.37","1,407.97","54,362.60"
05/06/2025 21:00,"14,475.11","1,542.17","6,546.22","1,365.29","12,476.64","5,023.45","9,847.18","1,380.80","52,656.85"
05/06/2025 22:00,"14,128.66","1,518.80","6,673.18","1,389.43","12,534.04","4,887.35","9,319.02","1,370.75","51,821.23"
05/06/2025 23:00,"13,489.50","1,444.20","6,942.41","1,335.35","11,781.54","4,671.13","8,723.64","1,289.48","49,677.25"
05/06/2025 24:00,"12,860.30","1,358.09","7,148.96","1,290.09","10,884.97","4,446.97","8,022.27","1,190.95","47,202.61"
05/07/2025 01:00,"12,310.57","1,281.58","7,100.47","1,252.34","10,200.55","4,154.11","7,327.88","1,113.05","44,740.55"
05/07/2025 02:00,"11,857.78","1,219.00","7,107.55","1,206.97","9,743.00","3,969.92","6,834.19","1,091.40","43,029.82"
05/07/2025 03:00,"11,609.06","1,188.50","7,147.27","1,197.01","9,497.03","3,814.98","6,498.67","1,083.79","42,036.31"
05/07/2025 04:00,"11,501.08","1,163.11","7,216.94","1,170.17","9,415.08","3,736.96","6,301.36","1,085.90","41,590.60"
05/07/2025 05:00,"11,641.29","1,193.25","7,204.45","1,177.81","9,623.47","3,731.47","6,284.51","1,082.24","41,938.49"
05/07/2025 06:00,"12,069.89","1,262.99","7,115.49","1,210.47","10,278.00","3,738.56","6,430.46","1,116.92","43,222.76"
05/07/2025 07:00,"12,608.62","1,368.58","7,144.07","1,267.42","11,273.83","3,938.65","6,866.83","1,173.86","45,641.87"
05/07/2025 08:00,"12,860.11","1,398.64","7,089.84","1,297.41","11,770.41","3,878.13","7,038.19","1,172.34","46,505.07"
05/07/2025 09:00,"12,940.07","1,443.31","7,262.22","1,310.30","11,956.46","3,821.29","7,150.45","1,178.88","47,062.98"
05/07/2025 10:00,"13,171.00","1,478.90","7,383.78","1,319.43","12,223.48","4,082.95","7,331.43","1,210.88","48,201.86"
05/07/2025 11:00,"13,708.53","1,527.60","7,410.10","1,340.46","12,562.22","4,253.68","7,609.01","1,232.56","49,644.16"
05/07/2025 12:00,"14,276.33","1,570.58","7,458.54","1,361.60","12,838.29","4,519.88","7,936.81","1,211.29","51,173.32"
05/07/2025 13:00,"14,881.88","1,632.00","7,531.66","1,384.49","13,114.24","4,773.28","8,284.51","1,228.02","52,830.08"
05/07/2025 14:00,"15,701.75","1,715.12","7,547.39","1,375.06","13,513.74","5,028.50","8,606.55","1,289.55","54,777.65"
05/07/2025 15:00,"16,438.21","1,810.09","7,587.04","1,375.68","13,931.52","5,256.09","9,008.99","1,343.72","56,751.35"
05/07/2025 16:00,"17,083.75","1,872.02","7,663.65","1,479.38","14,386.49","5,398.25","9,481.94","1,386.18","58,751.65"
05/07/2025 17:00,"17,630.87","1,978.09","7,728.53","1,520.94","15,049.13","5,434.15","9,956.21","1,445.19","60,743.10"
05/07/2025 18:00,"17,688.18","2,005.53","7,767.40","1,518.72","15,477.77","5,426.53","10,268.01","1,461.24","61,613.38"
05/07/2025 19:00,"17,194.06","1,956.10","7,787.75","1,496.40","15,587.13","5,340.32","10,234.51","1,451.64","61,047.90"
05/07/2025 20:00,"16,358.44","1,859.19","7,431.82","1,460.41","15,179.72","5,115.59","9,948.72","1,415.74","58,769.64"
05/07/2025 21:00,"15,834.42","1,830.58","6,949.65","1,438.53","14,888.54","4,975.94","9,640.69","1,383.24","56,941.60"
05/07/2025 22:00,"15,286.20","1,703.06","6,858.10","1,409.83","14,387.66","4,832.75","9,242.67","1,341.65","55,061.92"
05/07/2025 23:00,"14,488.13","1,622.52","6,917.72","1,338.25","13,274.85","4,609.73","8,547.96","1,262.88","52,062.05"
05/07/2025 24:00,"13,647.41","1,477.77","7,104.09","1,281.24","12,139.26","4,330.86","7,766.27","1,190.60","48,937.49"
05/08/2025 01:00,"12,894.71","1,358.49","7,113.26","1,189.41","11,156.85","3,904.14","7,080.31","1,123.93","45,821.11"
05/08/2025 02:00,"12,289.38","1,272.54","7,163.03","1,145.89","10,445.06","3,726.85","6,667.80","1,091.95","43,802.51"
05/08/2025 03:00,"11,853.52","1,229.46","7,192.46","1,133.49","9,983.86","3,685.67","6,400.73","1,064.16","42,543.35"
05/08/2025 04:00,"11,638.79","1,209.18","7,171.95","1,120.56","9,768.17","3,685.97","6,296.02","1,052.54","41,943.18"
05/08/2025 05:00,"11,705.46","1,212.09","7,192.12","1,130.03","9,887.93","3,616.37","6,296.39","1,055.93","42,096.33"
05/08/2025 06:00,"12,167.43","1,274.68","7,207.43","1,161.51","10,461.29","3,638.31","6,510.77","1,074.75","43,496.18"
05/08/2025 07:00,"12,645.44","1,386.47","7,040.27","1,218.54","11,374.04","3,970.34","6,936.73","1,125.33","45,697.16"
05/08/2025 08:00,"12,880.99","1,419.57","7,261.29","1,249.32","11,802.80","4,004.44","7,174.44","1,152.51","46,945.36"
05/08/2025 09:00,"13,446.96","1,511.86","7,359.76","1,309.80","12,158.94","4,023.81","7,446.28","1,167.25","48,424.67"
05/08/2025 10:00,"14,186.20","1,585.14","7,352.82","1,354.95","12,578.38","4,182.25","7,781.80","1,195.67","50,217.21"
05/08/2025 11:00,"14,987.69","1,686.29","7,416.78","1,383.43","12,959.72","4,221.95","8,220.52","1,217.17","52,093.54"
05/08/2025 12:00,"15,791.85","1,758.29","7,531.73","1,399.04","13,360.35","4,339.69","8,641.76","1,228.93","54,051.63"
05/08/2025 13:00,"16,549.11","1,825.33","7,535.04","1,420.36","13,960.63","4,395.23","9,084.78","1,258.24","56,028.73"
05/08/2025 14:00,"17,221.88","1,914.54","7,511.12","1,436.68","14,304.95","4,442.95","9,430.83","1,282.88","57,545.83"
05/08/2025 15:00,"17,763.05","1,990.16","7,375.77","1,466.26","14,667.65","4,523.88","9,731.24","1,306.85","58,824.85"
05/08/2025 16:00,"18,088.87","2,051.03","7,507.69","1,496.33","14,897.07","4,489.79","9,767.19","1,301.71","59,599.68"
05/08/2025 17:00,"17,899.34","2,059.15","7,583.71","1,505.42","15,173.36","4,539.90","9,758.47","1,278.82","59,798.19"
05/08/2025 18:00,"17,423.09","2,049.40","7,267.15","1,497.03","15,133.54","4,505.86","9,640.37","1,246.86","58,763.31"
05/08/2025 19:00,"16,597.66","1,976.91","7,170.94","1,486.61","14,573.56","4,393.98","9,208.24","1,213.85","56,621.76"
05/08/2025 20:00,"15,779.64","1,858.83","6,707.85","1,430.82","13,711.49","4,179.78","8,897.55","1,188.80","53,754.77"
05/08/2025 21:00,"15,536.15","1,783.05","6,626.36","1,432.64","13,847.91","4,072.83","8,748.74","1,217.22","53,264.92"
05/08/2025 22:00,"14,757.52","1,669.54","6,588.77","1,402.66","13,267.15","3,996.24","8,261.70","1,218.86","51,162.45"
05/08/2025 23:00,"13,942.19","1,610.86","6,637.03","1,353.39","12,713.87","3,866.06","7,785.95","1,182.38","49,091.72"
05/08/2025 24:00,"13,063.07","1,477.78","6,699.93","1,302.04","11,701.02","3,574.20","7,281.44","1,126.35","46,225.83"
05/09/2025 01:00,"12,563.33","1,359.09","6,855.64","1,251.77","10,804.06","3,403.94","6,856.98","1,093.88","44,188.68"
05/09/2025 02:00,"12,083.78","1,282.36","6,965.64","1,224.85","10,167.22","3,298.23","6,465.48","1,064.27","42,551.82"
05/09/2025 03:00,"11,866.70","1,271.54","7,204.05","1,209.81","9,924.00","3,209.64","6,230.29","1,052.21","41,968.24"
05/09/2025 04:00,"11,689.79","1,240.40","7,256.47","1,192.95","9,726.06","3,120.14","6,081.05","1,029.95","41,336.81"
05/09/2025 05:00,"11,733.50","1,242.03","7,248.77","1,196.81","9,748.82","3,150.80","6,111.42","1,022.87","41,455.01"
05/09/2025 06:00,"12,018.37","1,280.22","7,391.55","1,226.59","10,347.83","3,211.51","6,309.15","1,055.35","42,840.56"
05/09/2025 07:00,"12,417.89","1,364.16","7,457.67","1,258.11","11,156.60","3,506.58","6,758.44","1,111.52","45,030.97"
05/09/2025 08:00,"12,624.73","1,417.01","7,430.14","1,278.47","11,609.53","3,477.02","6,963.28","1,121.59","45,921.77"
05/09/2025 09:00,"12,925.25","1,467.10","7,493.21","1,317.92","12,039.55","3,486.88","7,193.83","1,132.56","47,056.30"
05/09/2025 10:00,"13,290.88","1,533.15","7,536.51","1,359.53","12,470.71","3,569.15","7,430.01","1,149.96","48,339.89"
05/09/2025 11:00,"13,873.65","1,588.20","7,521.68","1,372.79","12,898.90","3,733.05","7,700.18","1,172.82","49,861.25"
05/09/2025 12:00,"14,451.54","1,672.70","7,531.82","1,402.95","13,315.89","3,871.53","8,003.15","1,199.95","51,449.54"
05/09/2025 13:00,"14,977.94","1,752.80","7,556.04","1,427.00","13,802.68","4,031.25","8,341.09","1,224.92","53,113.72"
05/09/2025 14:00,"15,572.13","1,810.16","7,571.85","1,448.36","14,187.51","4,204.81","8,638.69","1,253.46","54,686.97"
05/09/2025 15:00,"15,943.58","1,846.67","7,637.01","1,473.17","14,438.49","4,405.91","8,936.46","1,283.66","55,964.95"
05/09/2025 16:00,"16,239.36","1,844.50","7,584.00","1,476.69","14,359.59","4,673.89","9,156.76","1,306.56","56,641.36"
05/09/2025 17:00,"16,270.58","1,835.81","7,553.12","1,482.65","14,479.82","4,777.02","9,405.54","1,339.01","57,143.55"
05/09/2025 18:00,"16,314.54","1,818.30","7,490.64","1,495.47","14,554.67","4,755.14","9,551.77","1,348.47","57,329.00"
05/09/2025 19:00,"15,951.25","1,761.63","7,491.69","1,512.94","14,447.68","4,559.14","9,470.50","1,347.93","56,542.77"
05/09/2025 20:00,"15,311.80","1,706.79","7,274.29","1,476.14","14,092.29","4,407.68","9,089.45","1,337.27","54,695.71"
05/09/2025 21:00,"14,755.14","1,662.72","7,013.64","1,456.60","13,832.32","4,414.33","8,817.10","1,307.44","53,259.29"
05/09/2025 22:00,"14,251.11","1,570.94","6,947.51","1,430.62","13,503.54","4,264.92","8,533.25","1,282.35","51,784.24"
05/09/2025 23:00,"13,607.39","1,457.57","6,901.66","1,372.94","12,687.95","4,062.62","8,016.02","1,213.54","49,319.69"
05/09/2025 24:00,"13,023.48","1,377.37","7,107.89","1,310.63","11,790.03","3,872.29","7,429.56","1,133.69","47,044.94"
05/10/2025 01:00,"12,463.40","1,309.74","7,328.08","1,260.59","11,070.24","3,627.86","6,863.54","1,075.21","44,998.67"
05/10/2025 02:00,"11,866.64","1,254.58","7,221.79","1,224.58","10,371.02","3,378.72","6,440.11","1,035.40","42,792.84"
05/10/2025 03:00,"11,432.14","1,200.81","7,176.55","1,069.82","9,905.84","3,240.25","6,120.70","1,002.41","41,148.52"
05/10/2025 04:00,"11,240.85","1,192.05","7,108.75","1,051.46","9,732.66","3,116.73","5,908.92",992.53,"40,343.95"
05/10/2025 05:00,"11,089.88","1,177.52","7,141.96","1,172.69","9,635.34","3,154.23","5,804.49",994.76,"40,170.88"
05/10/2025 06:00,"11,139.31","1,180.69","7,129.70","1,175.85","9,673.34","3,172.77","5,858.93","1,001.51","40,332.09"
05/10/2025 07:00,"11,169.85","1,206.30","7,206.26","1,180.07","9,947.63","3,217.02","5,956.97","1,017.50","40,901.61"
05/10/2025 08:00,"11,447.59","1,264.83","7,327.62","1,199.99","10,403.60","3,048.55","6,128.87","1,041.04","41,862.07"
05/10/2025 09:00,"12,129.00","1,345.20","7,464.35","1,244.35","11,161.85","3,151.39","6,494.00","1,073.51","44,063.66"
05/10/2025 10:00,"12,756.75","1,413.91","7,637.01","1,287.58","11,772.53","3,369.11","6,869.96","1,102.51","46,209.38"
05/10/2025 11:00,"13,366.51","1,483.11","7,613.20","1,301.93","12,359.82","3,593.03","7,209.20","1,124.02","48,050.83"
05/10/2025 12:00,"13,958.46","1,525.73","7,603.47","1,327.20","12,947.30","3,845.48","7,580.17","1,164.98","49,952.78"
05/10/2025 13:00,"14,469.04","1,621.54","7,623.86","1,355.95","13,582.17","4,100.07","7,984.77","1,181.09","51,918.50"
05/10/2025 14:00,"14,886.70","1,677.41","7,647.49","1,382.50","13,933.44","4,271.94","8,220.64","1,200.15","53,220.26"
05/10/2025 15:00,"15,171.94","1,684.13","7,637.16","1,409.47","14,317.20","4,426.30","8,212.89","1,224.53","54,083.62"
05/10/2025 16:00,"15,251.94","1,692.88","7,668.74","1,436.97","14,605.37","4,586.44","7,901.11","1,252.30","54,395.76"
05/10/2025 17:00,"15,194.66","1,701.56","7,672.50","1,464.51","14,879.30","4,616.94","8,124.01","1,293.90","54,947.36"
05/10/2025 18:00,"15,059.84","1,681.51","7,624.40","1,481.16","14,720.22","4,624.99","8,361.59","1,323.09","54,876.78"
05/10/2025 19:00,"14,730.12","1,636.31","7,523.71","1,474.22","14,205.91","4,580.89","8,431.07","1,330.43","53,912.65"
05/10/2025 20:00,"14,214.50","1,574.94","7,427.50","1,451.53","13,667.25","4,382.39","8,307.10","1,296.22","52,321.44"
05/10/2025 21:00,"14,053.20","1,553.86","7,303.31","1,441.11","13,457.41","4,215.43","8,122.14","1,247.03","51,393.49"
05/10/2025 22:00,"13,837.13","1,527.24","7,199.78","1,419.69","13,213.30","4,070.87","7,907.05","1,226.67","50,401.73"
05/10/2025 23:00,"13,376.21","1,445.39","7,228.87","1,370.45","12,538.81","3,881.46","7,536.90","1,165.72","48,543.82"
05/10/2025 24:00,"12,805.82","1,328.54","7,235.27","1,310.13","11,610.18","3,680.87","7,051.98","1,103.87","46,126.67"
05/11/2025 01:00,"12,033.06","1,252.54","7,273.57","1,382.28","10,726.43","3,508.13","6,577.86","1,065.98","43,819.86"
05/11/2025 02:00,"11,481.77","1,197.60","7,319.60","1,354.66","10,079.10","3,312.53","6,204.74","1,037.75","41,987.74"
05/11/2025 03:00,"11,026.95","1,120.03","7,340.91","1,340.12","9,602.75","3,169.22","5,951.17","1,009.13","40,560.28"
05/11/2025 04:00,"10,741.75","1,090.59","7,220.29","1,331.34","9,240.80","3,171.91","5,778.67",994.85,"39,570.20"
05/11/2025 05:00,"10,636.00","1,098.28","7,092.94","1,338.51","9,117.36","3,089.42","5,686.57","1,001.00","39,060.09"
05/11/2025 06:00,"10,571.77","1,113.90","7,061.25","1,341.37","9,075.37","3,071.27","5,652.93","1,012.95","38,900.81"
05/11/2025 07:00,"10,594.71","1,129.70","7,037.49","1,346.18","9,192.31","3,064.45","5,720.71","1,000.76","39,086.32"
05/11/2025 08:00,"10,689.64","1,168.77","7,183.91","1,361.28","9,537.81","3,097.42","5,867.74",996.64,"39,903.21"
05/11/2025 09:00,"11,199.30","1,262.02","7,585.57","1,399.17","10,108.86","3,285.05","6,198.30","1,033.56","42,071.83"
05/11/2025 10:00,"11,812.44","1,297.04","7,609.73","1,426.56","10,650.81","3,504.60","6,573.62","1,072.38","43,947.17"
05/11/2025 11:00,"12,397.69","1,346.11","7,571.56","1,430.86","11,183.85","3,759.52","6,848.53","1,082.57","45,620.70"
05/11/2025 12:00,"12,841.04","1,388.31","7,546.90","1,446.48","11,555.05","4,011.44","7,055.08","1,103.44","46,947.74"
05/11/2025 13:00,"13,196.05","1,396.05","7,593.93","1,468.27","11,853.39","4,202.16","7,317.74","1,133.06","48,160.65"
05/11/2025 14:00,"13,575.11","1,427.92","7,678.47","1,502.28","12,199.13","4,373.60","7,605.45","1,170.31","49,532.28"
05/11/2025 15:00,"13,728.08","1,422.36","7,718.27","1,539.65","12,486.15","4,629.60","7,942.80","1,219.14","50,686.05"
05/11/2025 16:00,"13,770.88","1,446.78","7,795.04","1,584.02","12,675.08","4,822.76","8,336.81","1,269.06","51,700.43"
05/11/2025 17:00,"14,112.41","1,478.02","7,889.34","1,631.13","13,017.64","4,868.57","8,739.65","1,318.98","53,055.72"
05/11/2025 18:00,"14,419.89","1,495.88","7,844.13","1,671.59","13,376.17","4,975.17","9,070.36","1,358.53","54,211.72"
05/11/2025 19:00,"14,314.44","1,488.08","7,771.34","1,680.82","13,566.92","4,884.64","9,195.91","1,377.85","54,280.00"
05/11/2025 20:00,"13,908.80","1,471.82","7,596.43","1,575.10","13,515.58","4,705.76","9,005.48","1,361.66","53,140.63"
05/11/2025 21:00,"13,680.39","1,487.18","7,058.00","1,154.66","13,341.57","4,598.71","8,723.91","1,316.84","51,361.24"
05/11/2025 22:00,"13,517.94","1,483.75","7,013.36","1,125.09","13,310.54","4,484.29","8,387.08","1,289.36","50,611.41"
05/11/2025 23:00,"12,937.16","1,393.33","6,963.22","1,113.94","12,467.29","4,220.12","7,740.85","1,217.52","48,053.42"
05/11/2025 24:00,"12,256.57","1,294.99","7,259.22","1,446.02","11,309.76","3,928.23","6,971.71","1,145.80","45,612.31"
05/12/2025 01:00,"11,608.52","1,205.52","7,224.18","1,389.67","10,443.63","3,649.34","6,393.70","1,073.83","42,988.38"
05/12/2025 02:00,"11,126.86","1,158.55","7,151.74","1,347.69","9,888.13","3,422.08","5,991.84","1,030.17","41,117.07"
05/12/2025 03:00,"10,866.85","1,142.84","7,123.00","1,329.71","9,539.71","3,176.21","5,717.54","1,009.40","39,905.26"
05/12/2025 04:00,"10,775.20","1,110.15","7,124.94","1,323.89","9,329.20","3,103.45","5,612.20","1,006.23","39,385.25"
05/12/2025 05:00,"10,936.90","1,125.35","7,123.04","1,333.18","9,595.23","3,088.32","5,679.50",987.34,"39,868.84"
05/12/2025 06:00,"11,355.26","1,218.66","7,110.21","1,370.13","10,077.98","3,173.55","5,919.34",982.73,"41,207.86"
05/12/2025 07:00,"11,835.52","1,333.79","7,093.98","1,414.76","11,047.71","3,365.25","6,386.43","1,036.21","43,513.64"
05/12/2025 08:00,"12,124.88","1,372.30","7,136.43","1,436.54","11,592.36","3,373.82","6,603.14","1,055.88","44,695.35"
05/12/2025 09:00,"12,592.39","1,438.56","7,334.70","1,472.17","12,031.53","3,428.04","6,801.33","1,078.40","46,177.11"
05/12/2025 10:00,"13,108.29","1,466.14","7,456.92","1,496.13","12,461.94","3,713.03","7,066.72","1,124.56","47,893.73"
05/12/2025 11:00,"13,693.52","1,560.95","7,489.68","1,527.97","12,962.13","3,960.15","7,373.08","1,170.30","49,737.78"
05/12/2025 12:00,"14,326.19","1,610.05","7,555.21","1,571.04","13,573.32","4,279.29","7,775.50","1,201.52","51,892.12"
05/12/2025 13:00,"14,845.19","1,670.96","7,632.30","1,614.15","14,218.72","4,674.25","8,231.20","1,246.49","54,133.28"
05/12/2025 14:00,"15,514.04","1,737.28","7,769.89","1,664.39","14,944.20","5,036.18","8,772.96","1,289.25","56,728.20"
05/12/2025 15:00,"16,162.44","1,817.18","7,790.64","1,727.59","15,687.10","5,334.56","9,400.71","1,353.84","59,274.07"
05/12/2025 16:00,"16,815.14","1,886.53","7,883.00","1,793.55","16,514.07","5,561.10","10,026.00","1,425.13","61,904.52"
05/12/2025 17:00,"17,279.32","1,975.76","7,865.01","1,852.87","17,185.69","5,771.35","10,709.74","1,469.35","64,109.10"
05/12/2025 18:00,"17,454.88","2,018.61","7,871.84","1,896.89","17,726.63","5,702.16","11,102.49","1,513.88","65,287.38"
05/12/2025 19:00,"17,190.36","2,000.17","7,760.51","1,893.74","17,717.72","5,620.27","11,227.36","1,540.91","64,951.03"
05/12/2025 20:00,"16,425.96","1,927.21","7,407.42","1,859.02","17,187.53","5,374.06","10,862.23","1,512.92","62,556.35"
05/12/2025 21:00,"15,872.06","1,872.74","7,064.62","1,805.45","16,661.45","5,251.71","10,414.03","1,470.80","60,412.86"
05/12/2025 22:00,"15,433.50","1,802.37","7,432.37","1,518.37","16,103.51","5,103.11","9,856.55","1,427.18","58,676.96"
05/12/2025 23:00,"14,569.40","1,637.31","7,380.20","1,649.27","14,645.71","4,780.06","9,032.98","1,325.96","55,020.89"
05/12/2025 24:00,"13,652.38","1,474.16","7,414.37","1,558.09","13,203.30","4,349.96","8,146.94","1,234.09","51,033.30"
05/13/2025 01:00,"12,899.38","1,364.79","7,319.24","1,495.59","12,016.15","4,082.60","7,487.36","1,182.53","47,847.63"
05/13/2025 02:00,"12,388.24","1,290.97","7,287.84","1,445.00","11,273.70","3,915.95","6,956.96","1,135.59","45,694.24"
05/13/2025 03:00,"12,099.26","1,246.94","7,295.73","1,400.72","10,814.03","3,656.29","6,627.53","1,113.37","44,253.87"
05/13/2025 04:00,"11,974.12","1,237.60","7,303.99","1,375.08","10,504.51","3,595.03","6,435.27","1,089.36","43,514.98"
05/13/2025 05:00,"12,042.85","1,212.19","7,290.54","1,370.06","10,489.46","3,623.21","6,423.10","1,085.39","43,536.79"
05/13/2025 06:00,"12,623.33","1,253.57","7,318.12","1,400.91","11,026.94","3,706.90","6,629.75","1,102.15","45,061.67"
05/13/2025 07:00,"13,278.46","1,398.49","7,302.66","1,447.77","11,854.77","3,865.29","7,062.69","1,143.94","47,354.08"
05/13/2025 08:00,"13,695.49","1,468.84","7,254.01","1,479.11","12,400.42","3,801.55","7,287.72","1,172.25","48,559.40"
05/13/2025 09:00,"14,315.31","1,517.05","7,210.19","1,522.48","12,885.51","3,829.62","7,599.93","1,192.98","50,073.07"
05/13/2025 10:00,"15,120.50","1,565.31","7,310.47","1,558.13","13,490.80","4,159.48","8,041.72","1,219.35","52,465.76"
05/13/2025 11:00,"16,117.44","1,665.16","7,268.20","1,611.33","14,371.77","4,451.43","8,584.39","1,314.41","55,384.13"
05/13/2025 12:00,"17,138.09","1,778.95","7,228.67","1,674.04","15,294.23","4,747.48","9,158.67","1,380.11","58,400.24"
05/13/2025 13:00,"18,010.39","1,920.78","7,327.70","1,744.19","16,401.24","5,035.66","9,848.24","1,486.66","61,774.86"
05/13/2025 14:00,"18,879.78","2,059.63","7,422.87","1,832.12","17,562.27","5,346.42","10,640.97","1,590.10","65,334.16"
05/13/2025 15:00,"19,559.97","2,213.90","7,509.26","1,921.14","18,722.58","5,589.92","11,352.99","1,687.33","68,557.09"
05/13/2025 16:00,"19,966.32","2,320.81","7,571.83","2,006.54","19,819.52","5,773.37","12,109.86","1,786.83","71,355.08"
05/13/2025 17:00,"20,002.50","2,376.22","7,555.98","2,074.01","20,831.89","5,914.05","12,863.77","1,847.31","73,465.74"
05/13/2025 18:00,"19,667.52","2,383.06","7,679.14","2,100.49","21,146.32","5,929.52","13,328.10","1,877.53","74,111.70"
05/13/2025 19:00,"18,960.72","2,366.24","7,657.09","2,093.23","21,048.98","5,798.12","13,373.35","1,871.32","73,169.04"
05/13/2025 20:00,"18,088.14","2,258.35","7,467.89","2,014.55","20,311.17","5,554.45","12,995.29","1,801.55","70,491.40"
05/13/2025 21:00,"17,515.65","2,222.89","7,195.05","1,917.70","19,684.25","5,315.95","12,447.59","1,709.26","68,008.34"
05/13/2025 22:00,"16,826.76","2,120.17","7,121.96","1,851.29","18,923.34","5,158.29","11,893.17","1,611.71","65,506.68"
05/13/2025 23:00,"15,817.01","1,948.28","7,133.16","1,743.21","17,471.70","4,889.45","11,040.38","1,497.62","61,540.80"
05/13/2025 24:00,"14,804.99","1,743.67","7,171.67","1,630.40","15,871.60","4,586.97","10,045.38","1,381.70","57,236.39"
05/14/2025 01:00,"14,056.78","1,604.74","7,281.02","1,604.29","14,756.78","4,253.28","8,826.40","1,280.48","53,663.78"
05/14/2025 02:00,"13,433.86","1,516.39","7,234.17","1,542.74","13,848.33","4,046.88","8,199.09","1,225.32","51,046.79"
05/14/2025 03:00,"13,066.10","1,456.96","7,165.08","1,503.79","13,230.44","3,902.72","7,727.24","1,185.46","49,237.79"
05/14/2025 04:00,"12,868.36","1,428.34","7,137.81","1,470.47","12,727.95","3,808.97","7,464.67","1,149.99","48,056.56"
05/14/2025 05:00,"12,982.57","1,416.12","7,172.14","1,461.91","12,800.49","3,799.02","7,328.64","1,146.18","48,107.07"
05/14/2025 06:00,"13,464.03","1,481.43","7,151.58","1,483.69","13,362.79","3,832.92","7,472.62","1,174.75","49,423.82"
05/14/2025 07:00,"13,859.51","1,572.52","7,081.60","1,522.17","14,082.74","4,047.30","7,812.59","1,212.47","51,190.91"
05/14/2025 08:00,"14,051.76","1,627.05","7,069.99","1,553.11","14,497.71","4,009.22","8,011.56","1,228.75","52,049.15"
05/14/2025 09:00,"14,620.13","1,662.36","7,278.57","1,607.38","15,153.15","4,032.16","8,176.68","1,262.69","53,793.14"
05/14/2025 10:00,"15,411.79","1,777.65","7,627.21","1,684.03","16,162.01","4,360.65","8,445.21","1,315.64","56,784.19"
05/14/2025 11:00,"16,262.91","1,917.89","7,743.93","1,775.38","17,520.20","4,610.91","8,915.73","1,377.64","60,124.59"
05/14/2025 12:00,"17,146.74","2,016.88","7,771.46","1,864.64","18,812.19","4,939.99","9,564.60","1,472.37","63,588.87"
05/14/2025 13:00,"18,045.15","2,182.83","7,815.51","1,947.52","20,164.57","5,258.89","10,332.89","1,552.42","67,299.78"
05/14/2025 14:00,"18,866.02","2,365.21","7,849.07","2,032.07","21,188.45","5,586.44","11,090.99","1,625.16","70,603.41"
05/14/2025 15:00,"19,526.51","2,494.82","7,905.75","2,103.80","22,075.25","5,877.09","11,854.14","1,704.60","73,541.96"
05/14/2025 16:00,"19,996.85","2,558.91","7,989.62","2,159.57","22,727.53","6,010.76","12,595.83","1,754.94","75,794.00"
05/14/2025 17:00,"20,215.72","2,560.03","8,089.89","2,197.51","22,914.28","6,057.67","13,220.52","1,808.51","77,064.13"
05/14/2025 18:00,"20,027.32","2,476.19","8,083.97","2,198.18","22,655.53","6,069.56","13,519.87","1,814.55","76,845.19"
05/14/2025 19:00,"19,359.70","2,406.35","8,005.78","2,152.12","21,838.04","5,962.82","13,378.03","1,794.01","74,896.85"
05/14/2025 20:00,"18,380.52","2,300.49","7,615.48","2,067.94","20,941.59","5,705.02","12,891.03","1,717.15","71,619.22"
05/14/2025 21:00,"17,609.43","2,213.00","7,132.85","1,986.53","20,266.17","5,459.09","12,484.84","1,630.12","68,782.04"
05/14/2025 22:00,"16,995.96","2,094.14","7,088.38","1,914.82","19,584.66","5,235.64","11,889.93","1,559.71","66,363.25"
05/14/2025 23:00,"15,985.63","1,948.82","7,067.29","1,706.08","18,150.76","4,920.12","10,969.14","1,453.33","62,201.17"
05/14/2025 24:00,"15,084.66","1,784.19","7,175.19","1,530.85","16,736.54","4,606.70","9,959.84","1,352.72","58,230.67"
05/15/2025 01:00,"14,271.13","1,615.40","7,222.66","1,433.26","15,252.17","4,143.66","9,335.76","1,277.57","54,551.61"
05/15/2025 02:00,"13,780.67","1,533.67","7,138.10","1,367.12","14,349.49","3,947.44","8,603.59","1,228.33","51,948.40"
05/15/2025 03:00,"13,521.10","1,439.59","7,261.78","1,334.22","13,719.22","3,931.76","8,081.72","1,196.75","50,486.16"
05/15/2025 04:00,"13,250.05","1,420.03","7,256.00","1,426.94","13,187.46","3,907.12","7,708.05","1,158.40","49,314.05"
05/15/2025 05:00,"13,398.18","1,426.65","7,250.72","1,413.44","13,042.79","3,817.65","7,572.27","1,149.76","49,071.47"
05/15/2025 06:00,"13,908.89","1,452.36","7,204.82","1,438.56","13,455.10","3,823.79","7,685.41","1,158.35","50,127.28"
05/15/2025 07:00,"14,418.64","1,524.70","7,106.61","1,522.72","14,191.26","4,136.68","8,034.29","1,202.14","52,137.04"
05/15/2025 08:00,"14,630.56","1,590.19","7,258.11","1,559.45","14,564.80","4,164.89","8,171.76","1,231.56","53,171.33"
05/15/2025 09:00,"15,022.51","1,694.38","7,399.75","1,618.79","15,079.21","4,245.33","8,367.54","1,270.08","54,697.60"
05/15/2025 10:00,"15,728.94","1,807.31","7,437.25","1,660.55","15,805.04","4,512.19","8,740.25","1,313.36","57,004.90"
05/15/2025 11:00,"16,700.04","1,928.11","7,600.23","1,707.48","16,839.47","4,752.08","9,165.62","1,335.80","60,028.84"
05/15/2025 12:00,"17,843.13","2,085.31","7,728.02","1,740.12","17,761.33","5,092.73","9,742.77","1,397.02","63,390.42"
05/15/2025 13:00,"18,836.34","2,217.29","7,822.31","1,754.77","18,355.15","5,325.52","10,496.55","1,492.14","66,300.06"
05/15/2025 14:00,"19,664.20","2,316.72","7,879.41","1,756.52","19,250.53","5,584.31","11,311.21","1,533.08","69,295.98"
05/15/2025 15:00,"20,193.66","2,335.05","7,909.04","1,788.41","19,939.93","5,818.78","12,071.89","1,587.12","71,643.88"
05/15/2025 16:00,"20,613.73","2,393.66","7,945.83","1,813.68","19,875.97","5,972.63","12,722.49","1,620.22","72,958.21"
05/15/2025 17:00,"20,593.83","2,403.13","7,682.44","1,814.76","19,826.34","6,099.11","13,145.06","1,651.18","73,215.83"
05/15/2025 18:00,"20,180.18","2,376.02","7,253.74","1,799.23","19,633.76","6,057.73","13,430.28","1,718.26","72,449.20"
05/15/2025 19:00,"19,536.83","2,331.37","7,180.46","1,326.86","18,945.21","5,959.28","13,402.29","1,709.47","70,391.77"
05/15/2025 20:00,"18,762.75","2,237.46","7,129.24","1,267.99","18,176.93","5,779.97","12,957.44","1,589.38","67,901.17"
05/15/2025 21:00,"18,413.65","2,189.31","7,033.82","1,249.40","17,721.89","5,543.86","12,533.98","1,542.78","66,228.68"
05/15/2025 22:00,"17,859.87","2,121.92","6,970.81","1,250.65","17,018.31","5,392.32","12,108.81","1,492.00","64,214.69"
05/15/2025 23:00,"17,025.08","1,994.69","6,966.00","1,178.21","15,748.03","5,152.63","11,270.93","1,390.32","60,725.90"
05/15/2025 24:00,"16,193.86","1,826.71","6,897.24","1,093.61","14,405.04","4,787.57","10,380.91","1,290.34","56,875.28"
05/16/2025 01:00,"15,526.49","1,735.48","6,919.67","1,025.27","13,304.37","4,556.33","9,559.19","1,230.02","53,856.80"
05/16/2025 02:00,"15,046.70","1,633.75","6,941.01",978.52,"12,533.26","4,419.00","8,933.40","1,189.95","51,675.60"
05/16/2025 03:00,"14,609.27","1,574.74","7,220.36",935.99,"11,999.69","4,257.98","8,519.28","1,155.51","50,272.82"
05/16/2025 04:00,"14,386.71","1,570.60","7,334.71",921.31,"11,921.02","4,145.58","8,281.91","1,136.21","49,698.03"
05/16/2025 05:00,"14,428.53","1,588.12","7,353.39",918.20,"12,108.76","4,124.45","8,232.53","1,128.87","49,882.86"
05/16/2025 06:00,"14,636.75","1,639.24","7,305.17",943.92,"12,784.28","4,115.41","8,377.68","1,144.09","50,946.55"
05/16/2025 07:00,"14,915.12","1,731.53","7,317.26",995.52,"13,715.52","4,369.39","8,779.03","1,188.26","53,011.64"
05/16/2025 08:00,"15,050.71","1,765.71","7,079.50","1,149.60","14,211.21","4,307.73","8,941.96","1,195.97","53,702.38"
05/16/2025 09:00,"15,655.78","1,810.76","7,438.79","1,389.63","14,785.04","4,391.99","9,112.25","1,270.69","55,854.93"
05/16/2025 10:00,"16,410.93","1,884.89","7,490.83","1,608.55","15,506.66","4,588.18","9,383.62","1,364.43","58,238.10"
05/16/2025 11:00,"17,256.06","1,946.79","7,542.88","1,645.81","16,428.31","4,870.50","9,796.22","1,430.41","60,916.98"
05/16/2025 12:00,"18,159.01","2,080.06","7,629.70","1,710.47","17,291.12","5,130.21","10,407.16","1,500.86","63,908.60"
05/16/2025 13:00,"18,863.87","2,198.93","7,765.45","1,784.04","17,915.43","5,377.58","11,174.64","1,594.88","66,674.82"
05/16/2025 14:00,"19,573.80","2,289.32","7,905.66","1,851.64","18,735.85","5,632.52","11,933.55","1,686.78","69,609.12"
05/16/2025 15:00,"19,951.01","2,427.23","7,992.94","1,920.49","19,471.91","5,840.20","12,625.20","1,733.70","71,962.68"
05/16/2025 16:00,"20,271.80","2,477.22","7,998.00","1,989.50","20,070.87","6,105.48","13,284.83","1,749.21","73,946.90"
05/16/2025 17:00,"20,305.85","2,459.62","7,699.68","2,029.06","20,199.32","6,180.43","13,681.07","1,775.16","74,330.18"
05/16/2025 18:00,"20,065.00","2,379.60","7,547.33","2,005.94","19,733.09","6,079.54","13,812.62","1,776.69","73,399.82"
05/16/2025 19:00,"19,002.87","2,301.38","7,250.12","1,948.35","18,745.15","5,697.08","13,455.87","1,706.03","70,106.85"
05/16/2025 20:00,"17,901.68","2,166.39","6,851.05","1,872.37","17,472.83","5,449.15","12,833.66","1,606.33","66,153.46"
05/16/2025 21:00,"17,305.32","2,114.31","6,535.23","1,799.94","16,742.22","5,438.57","12,384.64","1,530.48","63,850.71"
05/16/2025 22:00,"17,039.45","2,069.01","6,754.30","1,753.88","16,404.61","5,324.28","11,850.47","1,485.69","62,681.69"
05/16/2025 23:00,"16,690.95","1,953.41","7,065.94","1,698.51","15,760.32","5,175.62","11,216.55","1,412.53","60,973.82"
05/16/2025 24:00,"16,025.87","1,861.14","7,274.77","1,601.57","14,584.30","4,914.59","10,512.91","1,343.15","58,118.30"
05/17/2025 01:00,"15,414.51","1,751.54","7,305.13","1,523.34","13,555.65","4,670.15","9,761.86","1,268.13","55,250.31"
05/17/2025 02:00,"14,921.01","1,612.59","7,166.91","1,451.76","12,754.27","4,431.52","9,194.53","1,214.28","52,746.88"
05/17/2025 03:00,"14,622.60","1,529.28","7,003.54","1,417.20","12,274.45","4,321.59","8,819.21","1,174.51","51,162.37"
05/17/2025 04:00,"14,371.81","1,518.36","6,971.86","1,392.96","11,955.12","4,173.90","8,550.50","1,152.52","50,087.02"
05/17/2025 05:00,"14,100.06","1,510.95","7,038.03","1,378.84","11,775.58","4,184.60","8,397.12","1,131.55","49,516.73"
05/17/2025 06:00,"13,975.59","1,535.22","7,008.42","1,380.56","11,823.19","4,162.34","8,342.54","1,129.32","49,357.18"
05/17/2025 07:00,"13,806.48","1,534.63","7,034.34","1,376.77","11,947.12","4,156.32","8,362.93","1,130.24","49,348.84"
05/17/2025 08:00,"14,036.40","1,599.66","7,208.25","1,409.71","12,555.31","4,014.94","8,442.06","1,159.71","50,426.03"
05/17/2025 09:00,"14,796.56","1,715.99","7,462.86","1,477.65","13,735.94","4,154.92","8,777.73","1,245.26","53,366.92"
05/17/2025 10:00,"15,599.22","1,846.90","7,627.00","1,542.32","14,927.56","4,384.00","9,251.88","1,359.74","56,538.62"
05/17/2025 11:00,"16,575.92","1,990.44","7,622.44","1,612.30","16,334.21","4,636.30","9,822.04","1,464.00","60,057.66"
05/17/2025 12:00,"17,581.44","2,105.68","7,638.99","1,691.13","17,289.06","4,925.03","10,429.01","1,557.89","63,218.23"
05/17/2025 13:00,"18,495.35","2,257.36","7,667.65","1,776.12","17,924.65","5,241.16","11,099.82","1,591.93","66,054.03"
05/17/2025 14:00,"19,315.06","2,419.53","7,805.42","1,838.17","18,700.69","5,514.05","11,755.95","1,638.58","68,987.46"
05/17/2025 15:00,"19,903.47","2,497.86","7,881.38","1,879.57","19,628.57","5,757.53","12,403.18","1,693.25","71,644.81"
05/17/2025 16:00,"20,189.36","2,537.71","7,922.81","1,933.97","20,406.61","5,991.28","12,929.57","1,662.68","73,574.00"
05/17/2025 17:00,"20,345.45","2,522.28","7,966.74","1,991.17","20,497.24","6,010.20","13,381.67","1,669.75","74,384.49"
05/17/2025 18:00,"20,160.80","2,436.28","7,963.99","2,031.35","19,769.50","5,967.55","13,499.32","1,700.52","73,529.31"
05/17/2025 19:00,"19,463.57","2,350.00","7,859.38","1,997.45","18,503.70","5,804.44","13,229.42","1,668.22","70,876.17"
05/17/2025 20:00,"18,528.31","2,191.94","7,524.60","1,882.86","17,181.61","5,518.64","12,668.33","1,602.64","67,098.92"
05/17/2025 21:00,"17,997.97","2,009.83","7,299.33","1,807.10","16,230.81","5,348.52","12,176.02","1,539.37","64,408.95"
05/17/2025 22:00,"17,573.83","1,986.43","7,176.77","1,774.96","15,708.39","5,227.58","11,681.68","1,509.64","62,639.28"
05/17/2025 23:00,"16,939.38","1,885.81","7,316.37","1,714.66","14,906.23","5,042.19","11,015.16","1,445.96","60,265.75"
05/17/2025 24:00,"16,249.71","1,770.53","7,224.04","1,620.03","13,985.19","4,807.40","10,278.77","1,369.03","57,304.70"
05/18/2025 01:00,"15,619.69","1,641.54","7,327.08","1,541.02","13,144.36","4,628.47","9,604.63","1,321.15","54,827.94"
05/18/2025 02:00,"15,194.37","1,589.21","7,249.97","1,489.04","12,600.90","4,421.22","9,023.49","1,274.17","52,842.37"
05/18/2025 03:00,"14,822.08","1,553.58","7,215.22","1,426.57","12,228.08","4,241.27","8,553.50","1,230.02","51,270.33"
05/18/2025 04:00,"14,511.66","1,489.53","7,148.71","1,400.56","11,994.90","4,244.08","8,189.18","1,200.23","50,178.85"
05/18/2025 05:00,"14,334.92","1,477.99","7,047.84","1,396.50","11,938.24","4,127.11","7,976.89","1,189.22","49,488.71"
05/18/2025 06:00,"14,272.82","1,464.77","7,166.16","1,404.10","12,015.85","4,094.66","7,879.53","1,180.12","49,478.02"
05/18/2025 07:00,"14,175.56","1,493.69","7,263.18","1,412.93","12,250.69","4,074.66","7,868.97","1,181.66","49,721.35"
05/18/2025 08:00,"14,153.76","1,525.73","7,326.72","1,428.25","12,623.60","4,099.96","7,979.36","1,190.83","50,328.22"
05/18/2025 09:00,"14,666.42","1,676.45","7,535.81","1,479.14","13,315.79","4,263.82","8,438.67","1,247.93","52,624.03"
05/18/2025 10:00,"15,656.70","1,778.91","7,656.06","1,561.91","14,179.20","4,512.39","8,967.64","1,311.79","55,624.60"
05/18/2025 11:00,"16,753.19","1,882.54","7,747.75","1,607.17","15,261.30","4,805.19","9,634.96","1,372.82","59,064.91"
05/18/2025 12:00,"17,862.55","1,934.10","7,822.60","1,665.03","15,884.97","5,062.80","10,197.16","1,433.35","61,862.57"
05/18/2025 13:00,"18,652.04","2,101.45","7,952.33","1,734.97","16,607.28","5,276.13","10,760.33","1,500.91","64,585.44"
05/18/2025 14:00,"18,864.90","2,193.37","8,033.68","1,783.11","17,106.99","5,437.29","11,218.58","1,579.34","66,217.26"
05/18/2025 15:00,"18,821.35","2,206.55","8,042.26","1,828.00","17,269.92","5,645.48","11,773.22","1,650.43","67,237.20"
05/18/2025 16:00,"19,066.56","2,191.33","8,017.68","1,872.03","17,314.28","5,797.23","12,064.78","1,696.06","68,019.94"
05/18/2025 17:00,"19,366.04","2,177.71","7,990.63","1,912.56","17,455.41","5,800.86","12,116.98","1,712.45","68,532.64"
05/18/2025 18:00,"19,227.30","2,172.57","7,924.23","1,947.18","17,444.48","5,852.16","12,016.78","1,721.78","68,306.48"
05/18/2025 19:00,"18,835.14","2,149.58","7,824.87","1,938.57","17,251.88","5,752.21","11,899.09","1,703.41","67,354.77"
05/18/2025 20:00,"18,262.17","2,087.99","7,755.56","1,827.67","16,925.64","5,533.82","11,622.56","1,677.49","65,692.90"
05/18/2025 21:00,"18,108.59","2,079.75","7,615.52","1,405.43","16,799.26","5,569.30","11,346.14","1,719.89","64,643.88"
05/18/2025 22:00,"17,734.20","2,029.09","7,600.30","1,334.36","16,349.87","5,499.52","11,006.08","1,687.64","63,241.05"
05/18/2025 23:00,"17,192.46","1,902.53","7,533.62","1,319.30","15,458.51","5,287.50","10,352.52","1,604.91","60,651.35"
05/18/2025 24:00,"16,313.34","1,740.40","7,476.01","1,624.73","14,298.50","4,967.34","9,578.00","1,498.66","57,496.99"
05/19/2025 01:00,"15,623.53","1,610.87","7,459.18","1,546.93","13,487.67","4,658.28","8,972.60","1,410.87","54,769.93"
05/19/2025 02:00,"15,151.97","1,550.71","7,460.24","1,502.62","12,840.73","4,436.24","8,549.07","1,308.05","52,799.62"
05/19/2025 03:00,"14,836.71","1,492.13","7,503.84","1,471.75","12,401.45","4,186.80","8,279.55","1,278.10","51,450.34"
05/19/2025 04:00,"14,710.20","1,490.44","7,484.23","1,449.46","12,172.40","4,104.29","8,140.77","1,245.36","50,797.14"
05/19/2025 05:00,"14,765.56","1,505.11","7,483.12","1,470.76","12,302.67","4,084.25","8,159.87","1,234.14","51,005.49"
05/19/2025 06:00,"15,201.34","1,584.79","7,447.79","1,506.48","12,943.94","4,187.20","8,415.25","1,248.41","52,535.21"
05/19/2025 07:00,"15,514.86","1,687.84","7,304.02","1,533.06","13,896.37","4,387.71","8,795.99","1,298.36","54,418.22"
05/19/2025 08:00,"15,726.26","1,694.26","7,207.09","1,560.58","14,543.95","4,406.14","9,041.91","1,304.41","55,484.60"
05/19/2025 09:00,"16,299.88","1,772.95","7,457.40","1,608.67","15,026.06","4,480.90","9,283.39","1,314.02","57,243.27"
05/19/2025 10:00,"17,100.31","1,921.69","7,646.23","1,665.01","15,515.90","4,753.84","9,530.29","1,367.34","59,500.60"
05/19/2025 11:00,"17,951.71","2,019.53","7,708.34","1,718.85","15,865.27","5,035.50","9,918.68","1,415.26","61,633.16"
05/19/2025 12:00,"18,842.56","2,068.23","7,804.41","1,772.16","16,306.50","5,258.16","10,239.69","1,481.39","63,773.10"
05/19/2025 13:00,"19,493.04","2,160.72","7,768.11","1,834.96","16,807.91","5,549.69","10,519.06","1,518.40","65,651.89"
05/19/2025 14:00,"20,056.22","2,252.68","7,701.10","1,897.74","17,433.95","5,804.26","10,647.31","1,575.79","67,369.05"
05/19/2025 15:00,"20,374.93","2,353.66","7,758.62","1,941.40","17,848.70","6,027.42","10,818.75","1,643.13","68,766.62"
05/19/2025 16:00,"20,259.55","2,326.84","7,795.71","1,974.64","18,209.51","6,194.01","10,979.89","1,697.70","69,437.84"
05/19/2025 17:00,"20,105.20","2,311.08","7,774.38","1,989.92","18,712.38","6,324.36","11,367.40","1,727.29","70,312.01"
05/19/2025 18:00,"19,620.42","2,293.96","7,614.42","1,982.60","18,955.94","6,218.04","11,706.98","1,740.41","70,132.76"
05/19/2025 19:00,"19,204.69","2,243.12","7,380.82","1,956.59","18,973.33","6,175.15","11,866.81","1,736.51","69,537.00"
05/19/2025 20:00,"18,872.43","2,220.22","7,342.27","1,899.43","18,741.26","5,953.86","11,744.49","1,684.74","68,458.70"
05/19/2025 21:00,"18,675.58","2,195.51","7,253.19","1,812.74","18,464.21","5,852.04","11,493.38","1,621.40","67,368.05"
05/19/2025 22:00,"18,181.47","2,135.14","7,284.96","1,499.65","17,963.12","5,663.14","11,088.65","1,555.05","65,371.18"
05/19/2025 23:00,"17,203.55","1,989.99","7,103.96","1,640.72","16,645.54","5,316.58","10,341.36","1,439.50","61,681.22"
05/19/2025 24:00,"16,292.65","1,830.63","7,029.36","1,549.48","15,312.01","4,908.07","9,551.85","1,326.84","57,800.90"
05/20/2025 01:00,"15,628.04","1,717.77","7,066.10","1,470.92","14,035.24","4,669.52","8,937.31","1,229.71","54,754.59"
05/20/2025 02:00,"15,238.16","1,651.13","7,066.47","1,433.05","12,953.29","4,504.46","8,544.32","1,175.59","52,566.47"
05/20/2025 03:00,"14,971.96","1,615.20","7,179.02","1,403.55","12,468.63","4,256.46","8,300.15","1,139.20","51,334.17"
05/20/2025 04:00,"14,770.04","1,591.72","7,085.14","1,370.61","12,229.54","4,218.50","8,160.53","1,113.95","50,540.02"
05/20/2025 05:00,"14,826.11","1,602.56","7,069.94","1,364.40","12,303.01","4,266.50","8,154.88","1,101.91","50,689.31"
05/20/2025 06:00,"15,245.02","1,653.39","7,076.17","1,386.25","12,770.51","4,340.48","8,315.39","1,108.43","51,895.65"
05/20/2025 07:00,"15,593.29","1,751.10","7,153.79","1,425.67","13,401.87","4,488.98","8,668.64","1,142.73","53,626.07"
05/20/2025 08:00,"15,730.67","1,789.50","7,244.88","1,453.64","13,464.64","4,423.14","8,835.36","1,150.08","54,091.91"
05/20/2025 09:00,"15,920.22","1,901.51","7,418.80","1,506.75","13,623.96","4,428.80","9,179.83","1,160.97","55,140.84"
05/20/2025 10:00,"16,144.08","1,980.54","7,568.04","1,529.96","13,832.47","4,664.05","9,703.52","1,203.78","56,626.44"
05/20/2025 11:00,"17,014.76","2,096.07","7,598.26","1,569.89","14,294.96","4,930.48","10,188.99","1,248.16","58,941.58"
05/20/2025 12:00,"18,007.16","2,177.97","7,634.36","1,611.48","14,763.97","5,110.38","10,628.82","1,299.29","61,233.43"
05/20/2025 13:00,"18,639.01","2,292.68","7,734.45","1,660.20","15,334.23","5,302.50","11,031.57","1,354.70","63,349.35"
05/20/2025 14:00,"19,413.30","2,360.47","7,827.15","1,703.82","15,896.83","5,547.70","11,405.87","1,427.76","65,582.91"
05/20/2025 15:00,"20,215.13","2,397.66","7,886.01","1,751.34","16,497.89","5,747.70","11,863.82","1,496.16","67,855.71"
05/20/2025 16:00,"20,754.88","2,406.42","7,965.26","1,808.27","16,979.38","5,861.43","12,324.16","1,561.93","69,661.73"
05/20/2025 17:00,"21,019.03","2,407.40","8,023.05","1,851.09","17,558.94","5,932.12","12,682.61","1,624.91","71,099.14"
05/20/2025 18:00,"21,009.12","2,396.30","7,995.29","1,880.74","17,892.14","5,895.38","12,823.45","1,641.83","71,534.26"
05/20/2025 19:00,"20,349.38","2,319.07","7,942.41","1,891.51","17,717.65","5,768.81","12,660.08","1,632.41","70,281.32"
05/20/2025 20:00,"19,164.68","2,140.28","7,371.67","1,802.63","16,711.48","5,502.28","12,057.99","1,550.49","66,301.51"
05/20/2025 21:00,"18,225.00","1,979.99","6,959.34","1,667.04","15,694.35","5,300.54","11,388.98","1,451.39","62,666.63"
05/20/2025 22:00,"17,832.07","1,904.09","7,056.57","1,650.06","15,456.02","5,271.18","10,860.73","1,401.80","61,432.51"
05/20/2025 23:00,"16,921.02","1,744.03","7,093.16","1,547.14","14,200.37","5,084.96","10,118.89","1,326.84","58,036.42"
05/20/2025 24:00,"15,953.51","1,587.55","7,043.49","1,445.63","12,796.61","4,818.44","9,209.79","1,226.34","54,081.37"
05/21/2025 01:00,"15,164.96","1,432.51","7,183.94","1,430.37","11,696.76","4,447.57","8,375.44","1,135.32","50,866.87"
05/21/2025 02:00,"14,483.71","1,352.13","7,280.30","1,384.75","10,942.27","4,233.34","7,785.29","1,084.98","48,546.77"
05/21/2025 03:00,"14,004.81","1,300.72","7,245.98","1,356.72","10,470.23","4,100.95","7,376.57","1,054.34","46,910.32"
05/21/2025 04:00,"13,688.65","1,252.65","7,242.80","1,337.66","10,156.24","4,009.20","7,121.77","1,030.09","45,839.06"
05/21/2025 05:00,"13,661.11","1,227.33","7,226.85","1,337.12","10,197.61","4,015.42","7,034.34","1,036.21","45,736.01"
05/21/2025 06:00,"13,862.26","1,245.12","7,149.85","1,361.56","10,723.21","4,039.93","7,145.18","1,069.01","46,596.11"
05/21/2025 07:00,"14,168.44","1,321.29","7,086.67","1,405.48","11,520.08","4,284.49","7,500.13","1,119.06","48,405.64"
05/21/2025 08:00,"14,252.36","1,371.83","7,149.69","1,446.48","12,105.52","4,291.22","7,677.49","1,131.85","49,426.45"
05/21/2025 09:00,"14,511.00","1,433.71","7,282.59","1,484.11","12,615.49","4,284.05","7,935.44","1,152.51","50,698.91"
05/21/2025 10:00,"15,062.96","1,507.49","7,346.94","1,524.75","13,164.15","4,509.24","8,258.38","1,183.49","52,557.39"
05/21/2025 11:00,"15,896.46","1,620.00","7,438.09","1,585.96","13,906.16","4,732.63","8,756.68","1,238.62","55,174.61"
05/21/2025 12:00,"16,656.74","1,750.68","7,537.55","1,650.13","14,779.78","5,058.89","9,320.66","1,305.11","58,059.53"
05/21/2025 13:00,"17,336.42","1,888.49","7,695.99","1,721.49","15,724.58","5,298.77","9,986.16","1,367.78","61,019.68"
05/21/2025 14:00,"18,062.22","2,027.02","7,842.75","1,804.17","16,636.28","5,486.60","10,715.85","1,446.12","64,021.00"
05/21/2025 15:00,"18,417.18","2,140.89","7,919.61","1,895.27","17,336.17","5,626.53","11,477.11","1,524.85","66,337.61"
05/21/2025 16:00,"18,563.31","2,241.22","8,084.22","1,972.42","18,113.52","5,704.36","12,201.10","1,602.57","68,482.73"
05/21/2025 17:00,"18,734.19","2,306.22","8,138.58","2,042.17","18,748.27","5,752.01","12,704.17","1,673.85","70,099.46"
05/21/2025 18:00,"18,584.83","2,298.07","8,059.97","2,065.91","19,070.73","5,724.66","12,921.05","1,698.15","70,423.37"
05/21/2025 19:00,"18,061.41","2,246.59","8,026.05","2,058.24","18,867.02","5,630.69","12,724.25","1,698.76","69,313.01"
05/21/2025 20:00,"17,425.49","2,108.89","7,705.32","2,002.49","18,126.35","5,469.22","12,406.09","1,664.49","66,908.34"
05/21/2025 21:00,"17,283.15","1,991.58","7,208.71","1,921.85","17,354.97","5,371.50","12,041.73","1,597.74","64,771.23"
05/21/2025 22:00,"16,978.03","1,899.44","7,157.75","1,836.96","16,590.26","5,245.36","11,599.96","1,542.51","62,850.26"
05/21/2025 23:00,"16,209.80","1,740.31","6,985.28","1,594.30","15,213.36","5,003.29","10,885.77","1,447.05","59,079.17"
05/21/2025 24:00,"15,466.89","1,577.09","7,248.18","1,414.68","13,833.82","4,733.11","10,090.30","1,356.09","55,720.15"
05/22/2025 01:00,"14,807.42","1,432.02","7,469.56","1,347.69","12,669.44","4,308.30","9,361.50","1,289.97","52,685.89"
05/22/2025 02:00,"14,409.29","1,346.58","7,546.79","1,313.53","11,898.99","4,152.62","8,822.84","1,257.47","50,748.13"
05/22/2025 03:00,"14,133.89","1,297.11","7,438.30","1,280.26","11,391.82","4,086.62","8,423.00","1,228.21","49,279.20"
05/22/2025 04:00,"13,858.25","1,268.62","7,488.56","1,365.58","11,013.10","4,026.85","8,196.37","1,195.89","48,413.22"
05/22/2025 05:00,"13,959.21","1,271.12","7,483.92","1,358.98","11,033.86","3,910.09","8,127.12","1,187.98","48,332.29"
05/22/2025 06:00,"14,362.14","1,334.58","7,475.66","1,386.22","11,591.46","3,868.96","8,246.88","1,196.41","49,462.31"
05/22/2025 07:00,"14,682.38","1,413.98","7,461.29","1,419.67","12,402.83","4,134.34","8,587.82","1,228.57","51,330.88"
05/22/2025 08:00,"14,897.28","1,475.77","7,423.50","1,468.67","13,020.25","4,143.87","8,783.95","1,250.40","52,463.68"
05/22/2025 09:00,"15,441.93","1,574.28","7,540.69","1,603.06","13,735.20","4,198.61","9,027.94","1,298.70","54,420.41"
05/22/2025 10:00,"16,358.77","1,693.72","7,621.41","1,690.54","14,575.37","4,480.93","9,525.18","1,380.10","57,326.01"
05/22/2025 11:00,"17,343.62","1,833.17","7,835.87","1,762.01","15,476.38","4,719.56","10,185.23","1,460.69","60,616.53"
05/22/2025 12:00,"18,383.71","1,990.59","7,995.05","1,836.95","16,395.04","5,047.37","10,984.53","1,551.69","64,184.95"
05/22/2025 13:00,"19,281.30","2,155.70","8,192.48","1,915.15","17,657.46","5,336.79","11,845.95","1,646.92","68,031.76"
05/22/2025 14:00,"20,054.71","2,320.47","8,335.95","1,963.69","18,997.11","5,663.76","12,567.34","1,730.52","71,633.53"
05/22/2025 15:00,"20,655.59","2,412.67","8,377.26","2,001.72","19,795.68","5,917.39","13,201.10","1,811.58","74,173.00"
05/22/2025 16:00,"21,075.26","2,478.47","8,281.17","2,018.98","20,400.87","6,023.79","13,688.80","1,879.73","75,847.08"
05/22/2025 17:00,"21,222.19","2,533.75","7,862.51","1,957.83","20,744.09","6,124.85","13,930.07","1,909.87","76,285.15"
05/22/2025 18:00,"21,094.05","2,540.10","7,569.60","1,885.84","20,148.78","6,094.52","13,948.85","1,915.69","75,197.45"
05/22/2025 19:00,"20,521.09","2,465.53","7,590.60","1,391.98","19,371.51","6,030.63","13,629.81","1,865.49","72,866.64"
05/22/2025 20:00,"19,735.44","2,338.58","7,537.98","1,329.97","18,590.24","5,891.11","13,091.91","1,782.40","70,297.64"
05/22/2025 21:00,"19,213.69","2,270.92","7,508.98","1,299.55","18,335.58","5,686.53","12,679.47","1,690.35","68,685.08"
05/22/2025 22:00,"18,469.63","2,148.74","7,492.60","1,287.61","17,710.30","5,532.72","12,135.73","1,591.22","66,368.56"
05/22/2025 23:00,"17,459.05","1,996.29","7,379.20","1,218.19","16,517.17","5,262.76","11,371.93","1,471.02","62,675.62"
05/22/2025 24:00,"16,577.39","1,834.16","7,390.96","1,149.01","15,290.28","4,903.13","10,551.54","1,385.45","59,081.92"
05/23/2025 01:00,"15,865.10","1,720.37","7,413.75","1,084.97","14,394.75","4,623.84","9,442.68","1,262.00","55,807.45"
05/23/2025 02:00,"15,089.13","1,641.21","7,416.34","1,018.71","13,529.74","4,424.12","8,861.32","1,205.48","53,186.06"
05/23/2025 03:00,"14,542.95","1,579.79","7,473.57",964.30,"12,771.76","4,223.61","8,414.20","1,167.09","51,137.28"
05/23/2025 04:00,"14,285.15","1,541.13","7,393.72",944.79,"12,313.21","4,077.13","7,857.59","1,142.48","49,555.21"
05/23/2025 05:00,"14,287.81","1,496.19","7,355.55",953.11,"12,203.49","4,037.04","7,549.54","1,124.31","49,007.02"
05/23/2025 06:00,"14,549.38","1,554.08","7,418.15",972.72,"12,492.97","4,040.53","7,605.13","1,136.25","49,769.22"
05/23/2025 07:00,"14,812.24","1,620.04","7,321.80","1,016.08","12,966.61","4,251.97","7,835.81","1,156.83","50,981.37"
05/23/2025 08:00,"15,038.93","1,646.57","7,292.79","1,186.75","13,505.63","4,225.32","7,926.32","1,177.20","51,999.51"
05/23/2025 09:00,"15,646.76","1,722.04","7,375.63","1,423.82","14,465.68","4,309.93","8,183.99","1,214.24","54,342.09"
05/23/2025 10:00,"16,508.93","1,916.57","7,460.69","1,621.42","15,633.83","4,528.13","8,623.04","1,306.08","57,598.69"
05/23/2025 11:00,"17,732.77","2,107.66","7,598.40","1,688.82","16,962.05","4,793.99","9,267.93","1,372.27","61,523.90"
05/23/2025 12:00,"18,941.67","2,264.91","7,734.67","1,767.79","18,213.05","5,088.80","9,978.51","1,460.25","65,449.65"
05/23/2025 13:00,"19,743.13","2,424.53","7,863.55","1,847.02","19,443.43","5,348.93","10,681.32","1,505.39","68,857.30"
05/23/2025 14:00,"20,453.85","2,573.23","7,999.53","1,942.36","20,562.41","5,597.86","11,402.08","1,602.80","72,134.12"
05/23/2025 15:00,"20,996.63","2,728.05","8,047.70","2,030.11","21,512.79","5,838.82","12,181.75","1,689.35","75,025.20"
05/23/2025 16:00,"21,279.15","2,765.16","8,116.96","2,111.18","22,256.68","6,131.37","12,793.44","1,762.59","77,216.53"
05/23/2025 17:00,"21,213.30","2,754.39","8,144.80","2,164.02","22,848.78","6,222.64","13,224.99","1,818.92","78,391.83"
05/23/2025 18:00,"20,659.74","2,723.23","8,000.79","2,168.40","22,882.55","6,152.17","13,337.21","1,824.86","77,748.95"
05/23/2025 19:00,"19,736.35","2,661.66","7,832.99","2,134.24","22,444.14","5,897.08","13,166.57","1,802.26","75,675.28"
05/23/2025 20:00,"18,942.28","2,516.79","7,819.66","2,062.09","21,575.33","5,724.66","12,705.69","1,731.31","73,077.81"
05/23/2025 21:00,"18,466.08","2,383.19","7,543.88","1,982.10","20,652.17","5,704.00","12,202.24","1,668.97","70,602.62"
05/23/2025 22:00,"18,109.70","2,249.36","7,410.66","1,945.28","19,947.06","5,540.51","11,643.57","1,625.69","68,471.82"
05/23/2025 23:00,"17,455.34","2,115.88","7,298.38","1,866.69","18,909.55","5,313.28","10,933.38","1,552.76","65,445.26"
05/23/2025 24:00,"16,657.41","2,003.45","7,464.06","1,767.33","17,647.55","5,016.17","10,126.35","1,475.27","62,157.60"
05/24/2025 01:00,"15,767.11","1,868.02","7,507.04","1,670.59","16,294.35","4,699.95","9,477.47","1,469.29","58,753.82"
05/24/2025 02:00,"15,185.15","1,764.74","7,465.32","1,604.75","15,281.00","4,454.32","8,947.75","1,411.07","56,114.11"
05/24/2025 03:00,"14,770.41","1,691.60","7,336.56","1,567.55","14,512.86","4,317.04","8,560.27","1,359.85","54,116.14"
05/24/2025 04:00,"14,465.40","1,638.02","7,328.96","1,541.01","13,921.33","4,153.27","8,322.87","1,318.20","52,689.06"
05/24/2025 05:00,"14,248.69","1,613.75","7,391.40","1,519.59","13,593.54","4,164.32","8,184.79","1,285.69","52,001.77"
05/24/2025 06:00,"14,257.45","1,600.87","7,409.73","1,510.54","13,524.25","4,145.78","8,164.68","1,272.78","51,886.07"
05/24/2025 07:00,"14,220.63","1,626.98","7,430.66","1,503.88","13,517.93","4,155.72","8,152.83","1,265.02","51,873.65"
05/24/2025 08:00,"14,526.82","1,638.13","7,523.59","1,524.72","13,931.69","4,009.34","8,281.12","1,277.20","52,712.61"
05/24/2025 09:00,"15,419.53","1,741.39","7,664.92","1,589.15","14,752.78","4,178.09","8,695.04","1,342.25","55,383.16"
05/24/2025 10:00,"16,520.99","1,872.78","7,782.27","1,671.85","15,701.26","4,492.04","9,219.40","1,416.28","58,676.88"
05/24/2025 11:00,"17,619.06","2,053.10","7,860.07","1,752.67","16,602.29","4,850.01","9,904.48","1,503.93","62,145.61"
05/24/2025 12:00,"18,550.90","2,243.29","7,924.30","1,826.22","17,664.62","5,154.46","10,580.21","1,576.27","65,520.28"
05/24/2025 13:00,"19,299.50","2,325.79","8,045.02","1,901.08","18,571.30","5,433.55","11,238.07","1,641.77","68,456.08"
05/24/2025 14:00,"19,644.28","2,426.72","8,148.82","1,994.37","19,276.10","5,661.24","11,812.26","1,715.96","70,679.76"
05/24/2025 15:00,"20,264.19","2,521.63","8,192.81","2,088.03","20,094.41","5,852.34","12,375.30","1,788.15","73,176.85"
05/24/2025 16:00,"20,592.06","2,589.59","8,185.26","2,168.17","20,874.69","6,063.56","12,844.00","1,828.93","75,146.26"
05/24/2025 17:00,"20,656.24","2,624.34","8,147.65","2,221.10","21,500.19","6,057.58","13,210.60","1,864.90","76,282.60"
05/24/2025 18:00,"20,375.56","2,633.85","8,038.23","2,242.99","21,701.27","6,014.57","13,376.50","1,887.95","76,270.91"
05/24/2025 19:00,"19,809.15","2,596.19","7,820.06","2,219.69","21,402.40","5,867.43","13,229.17","1,869.43","74,813.51"
05/24/2025 20:00,"19,067.53","2,461.24","7,602.90","2,151.71","20,708.92","5,688.89","12,775.24","1,815.99","72,272.42"
05/24/2025 21:00,"18,520.21","2,394.95","7,411.79","2,063.33","19,831.41","5,521.51","12,234.44","1,723.28","69,700.91"
05/24/2025 22:00,"18,059.87","2,300.29","7,194.50","2,005.35","19,169.61","5,362.94","11,717.31","1,668.96","67,478.82"
05/24/2025 23:00,"17,266.38","2,155.32","7,271.71","1,868.43","18,107.84","5,123.27","11,020.48","1,583.95","64,397.37"
05/24/2025 24:00,"16,477.85","2,005.72","7,328.78","1,771.98","16,940.59","4,864.49","10,215.42","1,474.48","61,079.30"
05/25/2025 01:00,"15,687.03","1,859.02","7,326.29","1,684.74","15,830.06","4,692.37","9,534.48","1,423.30","58,037.29"
05/25/2025 02:00,"15,136.57","1,736.57","7,178.83","1,598.89","14,863.43","4,461.85","8,977.90","1,352.13","55,306.16"
05/25/2025 03:00,"14,779.08","1,654.26","7,209.87","1,536.78","14,091.98","4,298.91","8,563.98","1,281.59","53,416.44"
05/25/2025 04:00,"14,514.09","1,601.77","7,132.27","1,502.22","13,549.63","4,318.74","8,290.96","1,248.60","52,158.28"
05/25/2025 05:00,"14,399.58","1,572.89","6,997.00","1,483.19","13,220.65","4,230.26","8,118.32","1,223.49","51,245.38"
05/25/2025 06:00,"14,313.38","1,528.55","7,058.75","1,471.43","13,037.19","4,204.94","8,054.18","1,214.54","50,882.97"
05/25/2025 07:00,"14,202.87","1,561.93","7,079.26","1,467.80","12,976.44","4,193.77","8,041.36","1,215.52","50,738.94"
05/25/2025 08:00,"14,336.62","1,613.97","7,047.93","1,488.05","13,359.71","4,266.01","8,183.49","1,227.33","51,523.12"
05/25/2025 09:00,"15,146.87","1,740.94","7,259.48","1,567.58","14,418.07","4,470.31","8,584.66","1,301.39","54,489.31"
05/25/2025 10:00,"16,149.20","1,895.56","7,406.40","1,664.37","15,512.34","4,745.67","9,187.15","1,366.18","57,926.86"
05/25/2025 11:00,"17,210.00","2,041.81","7,527.97","1,741.52","16,760.76","5,025.04","9,877.06","1,431.49","61,615.64"
05/25/2025 12:00,"18,169.11","2,174.74","7,623.82","1,855.47","18,014.37","5,293.89","10,500.85","1,517.83","65,150.09"
05/25/2025 13:00,"18,911.16","2,332.20","7,764.56","1,922.87","19,098.31","5,491.93","11,187.04","1,603.84","68,311.91"
05/25/2025 14:00,"19,445.68","2,441.19","7,884.95","1,993.64","20,115.44","5,643.55","11,797.63","1,683.49","71,005.55"
05/25/2025 15:00,"19,856.01","2,492.62","7,965.32","2,063.74","20,996.84","5,845.94","12,291.00","1,745.05","73,256.53"
05/25/2025 16:00,"20,067.64","2,540.45","8,006.99","2,125.57","21,568.46","6,014.51","12,678.28","1,790.22","74,792.11"
05/25/2025 17:00,"20,177.17","2,566.82","8,019.24","2,172.78","22,123.97","6,038.18","12,970.39","1,839.51","75,908.06"
05/25/2025 18:00,"19,969.09","2,548.52","7,941.69","2,188.39","22,213.71","6,076.67","13,102.03","1,857.33","75,897.44"
05/25/2025 19:00,"19,533.37","2,492.89","7,851.38","2,115.55","21,865.65","5,894.74","12,973.72","1,847.62","74,574.91"
05/25/2025 20:00,"18,875.97","2,382.27","7,750.09","1,923.77","21,075.14","5,690.63","12,541.47","1,790.89","72,030.23"
05/25/2025 21:00,"18,610.41","2,291.24","7,561.40","1,474.18","20,405.33","5,709.20","12,065.90","1,709.43","69,827.09"
05/25/2025 22:00,"18,379.60","2,212.82","7,499.98","1,413.90","19,771.55","5,653.62","11,611.43","1,645.33","68,188.23"
05/25/2025 23:00,"17,703.18","2,069.41","7,561.08","1,367.87","18,638.78","5,409.76","10,998.90","1,522.90","65,271.88"
05/25/2025 24:00,"16,829.81","1,944.30","7,513.95","1,650.98","17,289.68","5,132.39","10,307.19","1,408.08","62,076.39"
05/26/2025 01:00,"16,210.17","1,844.04","7,477.07","1,555.44","16,132.14","4,751.25","9,670.75","1,315.84","58,956.70"
05/26/2025 02:00,"15,678.07","1,771.62","7,539.57","1,481.42","15,081.33","4,522.45","9,212.18","1,253.19","56,539.84"
05/26/2025 03:00,"15,261.16","1,710.08","7,491.09","1,454.69","13,562.20","4,330.11","8,824.55","1,223.26","53,857.14"
05/26/2025 04:00,"14,965.03","1,654.17","7,385.85","1,407.79","12,324.38","4,365.63","8,581.16","1,195.52","51,879.54"
05/26/2025 05:00,"14,904.53","1,652.54","7,257.15","1,390.58","11,908.33","4,300.10","8,463.86","1,173.57","51,050.65"
05/26/2025 06:00,"14,875.80","1,587.35","7,343.37","1,380.72","11,771.41","4,324.76","8,487.69","1,177.84","50,948.93"
05/26/2025 07:00,"14,680.22","1,547.10","7,361.41","1,381.11","11,517.91","4,342.99","8,475.81","1,173.74","50,480.28"
05/26/2025 08:00,"14,714.69","1,504.01","7,285.92","1,373.43","11,374.52","4,375.06","8,476.02","1,157.78","50,261.43"
05/26/2025 09:00,"15,407.48","1,521.02","7,560.39","1,405.17","11,751.04","4,564.88","8,751.79","1,204.31","52,166.08"
05/26/2025 10:00,"16,296.29","1,549.67","7,666.17","1,458.67","12,255.57","4,873.69","9,082.58","1,264.90","54,447.53"
05/26/2025 11:00,"16,976.92","1,545.38","7,701.35","1,514.56","12,759.73","5,205.80","9,311.87","1,324.79","56,340.40"
05/26/2025 12:00,"17,489.75","1,579.81","7,710.93","1,563.46","13,104.23","5,518.93","9,489.35","1,371.12","57,827.60"
05/26/2025 13:00,"16,960.03","1,561.97","7,800.44","1,583.49","13,628.38","5,679.88","9,682.03","1,421.51","58,317.74"
05/26/2025 14:00,"16,080.39","1,584.41","7,875.18","1,625.28","13,806.17","5,790.30","10,158.37","1,460.03","58,380.13"
05/26/2025 15:00,"15,569.15","1,688.74","7,898.63","1,686.54","14,016.34","6,012.32","10,867.16","1,483.32","59,222.18"
05/26/2025 16:00,"15,347.59","1,751.57","7,841.35","1,703.08","14,106.06","6,169.55","11,395.63","1,520.86","59,835.71"
05/26/2025 17:00,"15,784.78","1,827.52","7,857.56","1,712.88","14,032.55","6,126.78","11,822.98","1,520.79","60,685.84"
05/26/2025 18:00,"16,278.98","1,909.73","7,845.02","1,733.22","14,088.67","6,191.95","12,109.66","1,504.62","61,661.86"
05/26/2025 19:00,"16,446.61","1,883.33","7,882.00","1,730.48","13,893.47","6,030.75","11,971.34","1,470.40","61,308.39"
05/26/2025 20:00,"16,278.74","1,852.21","7,721.10","1,618.07","13,665.51","5,809.79","11,638.98","1,414.04","59,998.44"
05/26/2025 21:00,"16,320.39","1,846.06","7,452.62","1,240.95","13,769.67","5,821.73","11,334.01","1,374.77","59,160.20"
05/26/2025 22:00,"15,974.69","1,761.42","7,116.29","1,209.37","13,426.90","5,634.16","10,068.03","1,355.59","56,546.46"
05/26/2025 23:00,"15,487.05","1,638.41","7,362.77","1,199.94","12,810.61","5,380.26","8,918.39","1,291.14","54,088.58"
05/26/2025 24:00,"14,660.89","1,483.73","7,485.09","1,489.95","11,880.76","5,033.55","8,041.26","1,201.47","51,276.71"
05/27/2025 01:00,"13,559.97","1,398.85","7,355.29","1,462.19","11,193.07","4,684.90","7,449.04","1,144.67","48,247.98"
05/27/2025 02:00,"12,517.81","1,328.27","7,261.62","1,437.26","10,638.09","4,471.19","7,033.64","1,089.23","45,777.11"
05/27/2025 03:00,"12,008.96","1,258.26","7,278.77","1,414.50","10,279.93","4,194.44","6,751.31","1,059.94","44,246.10"
05/27/2025 04:00,"11,747.37","1,242.59","7,324.52","1,376.11","10,078.03","4,035.31","6,610.56","1,038.96","43,453.44"
05/27/2025 05:00,"11,789.40","1,264.58","7,310.96","1,372.97","10,167.86","3,999.21","6,625.42","1,038.39","43,568.79"
05/27/2025 06:00,"12,188.37","1,290.77","7,366.48","1,403.32","10,666.79","4,051.70","6,827.15","1,065.34","44,859.93"
05/27/2025 07:00,"12,580.65","1,324.60","7,137.01","1,434.19","11,356.67","4,162.96","7,202.71","1,113.92","46,312.70"
05/27/2025 08:00,"12,880.64","1,377.79","7,192.74","1,471.15","11,935.88","4,148.22","7,414.82","1,150.95","47,572.20"
05/27/2025 09:00,"13,338.66","1,501.34","7,537.21","1,524.41","12,667.91","4,130.31","7,632.31","1,189.98","49,522.12"
05/27/2025 10:00,"14,081.16","1,618.55","7,579.10","1,559.27","13,292.71","4,334.64","7,960.01","1,229.31","51,654.75"
05/27/2025 11:00,"15,016.54","1,723.50","7,588.59","1,608.20","14,225.84","4,532.51","8,335.88","1,265.88","54,296.92"
05/27/2025 12:00,"15,997.61","1,876.00","7,606.05","1,654.09","15,233.25","4,750.48","8,808.77","1,312.80","57,239.04"
05/27/2025 13:00,"17,061.71","1,959.71","7,734.43","1,706.85","16,122.22","5,034.05","9,366.46","1,384.53","60,369.96"
05/27/2025 14:00,"18,173.67","2,118.09","7,860.15","1,756.49","16,766.18","5,346.94","10,018.73","1,460.95","63,501.19"
05/27/2025 15:00,"19,109.93","2,214.16","7,951.68","1,820.43","17,440.11","5,560.24","10,674.85","1,530.57","66,301.98"
05/27/2025 16:00,"19,725.53","2,276.69","8,047.22","1,882.76","18,106.26","5,752.88","11,276.72","1,575.23","68,643.28"
05/27/2025 17:00,"19,908.71","2,318.87","8,078.96","1,926.34","18,551.59","5,863.86","11,709.47","1,587.94","69,945.73"
05/27/2025 18:00,"19,705.09","2,293.84","7,861.52","1,935.02","18,715.85","5,909.37","11,964.10","1,585.50","69,970.29"
05/27/2025 19:00,"19,083.42","2,276.30","7,587.80","1,921.79","18,490.46","5,807.19","11,840.52","1,575.89","68,583.37"
05/27/2025 20:00,"18,157.67","2,162.43","7,240.43","1,821.43","17,711.14","5,543.50","11,381.94","1,486.82","65,505.36"
05/27/2025 21:00,"17,592.70","2,057.38","6,747.30","1,712.12","16,859.73","5,326.39","10,912.96","1,440.54","62,649.12"
05/27/2025 22:00,"16,985.45","1,960.84","6,537.42","1,667.31","16,203.93","5,146.95","10,481.74","1,399.76","60,383.40"
05/27/2025 23:00,"16,304.66","1,853.85","6,844.54","1,612.67","15,517.92","5,038.45","9,857.81","1,362.60","58,392.50"
05/27/2025 24:00,"15,338.20","1,693.49","6,973.67","1,522.63","14,211.40","4,843.62","9,045.07","1,278.72","54,906.79"
05/28/2025 01:00,"14,339.44","1,560.26","7,110.26","1,507.83","12,881.32","4,511.31","8,595.60","1,223.30","51,729.32"
05/28/2025 02:00,"13,676.29","1,476.21","7,245.17","1,461.93","12,065.85","4,313.93","8,068.11","1,172.96","49,480.46"
05/28/2025 03:00,"13,228.37","1,413.54","7,197.13","1,426.08","11,504.10","4,163.71","7,702.84","1,118.49","47,754.27"
05/28/2025 04:00,"12,938.22","1,390.39","7,333.85","1,407.68","11,179.98","4,030.81","7,544.23","1,072.79","46,897.95"
05/28/2025 05:00,"12,984.98","1,390.19","7,297.49","1,411.81","11,254.13","3,975.99","7,477.12","1,064.50","46,856.21"
05/28/2025 06:00,"13,362.47","1,439.71","7,311.31","1,428.80","11,712.67","3,918.38","7,395.55","1,096.74","47,665.63"
05/28/2025 07:00,"13,824.60","1,512.16","7,187.05","1,461.01","12,292.45","4,077.31","7,602.63","1,139.71","49,096.91"
05/28/2025 08:00,"14,177.85","1,561.40","7,097.44","1,481.15","12,771.06","3,995.85","7,699.21","1,153.24","49,937.20"
05/28/2025 09:00,"14,375.54","1,610.59","7,291.51","1,512.00","13,120.01","3,872.06","7,867.98","1,197.37","50,847.06"
05/28/2025 10:00,"14,309.06","1,656.95","7,461.80","1,561.84","13,550.18","3,995.29","8,255.98","1,252.36","52,043.46"
05/28/2025 11:00,"14,347.29","1,703.04","7,548.84","1,622.51","14,084.53","4,070.08","8,786.60","1,317.21","53,480.10"
05/28/2025 12:00,"14,363.32","1,713.84","7,658.97","1,676.13","14,625.27","4,139.00","9,284.59","1,363.16","54,824.29"
05/28/2025 13:00,"14,357.97","1,727.57","7,655.37","1,721.45","15,002.51","4,274.16","9,700.47","1,400.24","55,839.74"
05/28/2025 14:00,"14,552.16","1,747.85","7,731.40","1,768.81","15,238.20","4,579.40","10,207.31","1,467.93","57,293.06"
05/28/2025 15:00,"14,807.03","1,771.71","7,861.93","1,828.56","15,806.23","4,973.62","10,728.79","1,516.68","59,294.55"
05/28/2025 16:00,"15,268.54","1,785.52","8,009.07","1,873.62","16,463.77","5,315.78","11,200.22","1,558.96","61,475.48"
05/28/2025 17:00,"16,026.42","1,799.29","8,136.51","1,897.93","16,686.79","5,558.01","11,494.74","1,600.98","63,200.67"
05/28/2025 18:00,"16,646.08","1,814.21","8,126.64","1,905.65","16,684.81","5,688.35","11,571.62","1,608.12","64,045.46"
05/28/2025 19:00,"16,692.48","1,820.57","8,075.55","1,894.95","16,445.22","5,651.09","11,227.55","1,585.33","63,392.74"
05/28/2025 20:00,"16,307.19","1,794.12","7,852.90","1,863.32","16,087.90","5,504.97","10,637.89","1,549.71","61,598.01"
05/28/2025 21:00,"15,956.40","1,788.94","7,216.21","1,799.83","15,675.03","5,287.65","10,303.52","1,482.49","59,510.07"
05/28/2025 22:00,"15,656.30","1,746.93","7,153.42","1,750.98","15,366.27","5,132.73","9,982.94","1,430.18","58,219.75"
05/28/2025 23:00,"14,942.41","1,659.75","7,187.32","1,566.97","14,407.65","4,903.97","9,340.86","1,349.30","55,358.23"
05/28/2025 24:00,"14,071.17","1,511.39","7,257.17","1,389.18","13,204.75","4,591.63","8,652.04","1,265.09","51,942.41"
05/29/2025 01:00,"13,408.12","1,430.62","7,374.48","1,315.86","12,211.86","4,153.44","7,978.13","1,202.11","49,074.62"
05/29/2025 02:00,"12,906.53","1,373.21","7,392.22","1,264.37","11,449.27","3,939.80","7,495.68","1,173.46","46,994.54"
05/29/2025 03:00,"12,544.21","1,342.01","7,271.61","1,259.01","10,982.31","3,877.10","7,168.53","1,146.38","45,591.17"
05/29/2025 04:00,"12,200.86","1,313.37","7,324.89","1,359.69","10,666.96","3,829.28","6,942.78","1,112.67","44,750.49"
05/29/2025 05:00,"12,280.25","1,316.97","7,312.15","1,372.22","10,726.10","3,725.57","6,926.86","1,109.82","44,769.95"
05/29/2025 06:00,"12,670.55","1,350.27","7,318.57","1,402.10","11,196.00","3,703.80","7,104.53","1,120.40","45,866.23"
05/29/2025 07:00,"13,002.32","1,415.74","7,357.73","1,435.78","11,906.37","3,967.60","7,463.35","1,156.29","47,705.19"
05/29/2025 08:00,"13,434.21","1,469.93","7,311.02","1,486.89","12,456.36","4,069.10","7,710.19","1,181.84","49,119.54"
05/29/2025 09:00,"14,244.88","1,545.10","7,393.42","1,577.70","12,919.13","4,157.20","7,969.71","1,222.45","51,029.58"
05/29/2025 10:00,"15,326.47","1,609.31","7,599.18","1,597.01","13,438.05","4,367.33","8,286.53","1,271.86","53,495.73"
05/29/2025 11:00,"16,509.18","1,710.28","7,794.49","1,645.70","13,963.96","4,615.07","8,641.16","1,320.58","56,200.43"
05/29/2025 12:00,"17,581.28","1,859.76","7,834.87","1,709.50","14,751.24","4,951.51","9,044.54","1,393.13","59,125.84"
05/29/2025 13:00,"18,550.07","1,986.68","7,901.85","1,785.58","15,779.26","5,209.49","9,507.16","1,458.74","62,178.85"
05/29/2025 14:00,"19,433.00","2,131.24","7,939.85","1,836.17","16,873.60","5,465.59","10,042.11","1,521.33","65,242.88"
05/29/2025 15:00,"20,191.61","2,266.29","7,952.79","1,863.27","17,934.74","5,672.75","10,684.13","1,595.79","68,161.38"
05/29/2025 16:00,"20,585.94","2,354.37","8,006.70","1,843.36","18,851.40","5,799.26","11,339.84","1,662.39","70,443.26"
05/29/2025 17:00,"20,868.33","2,420.50","7,901.97","1,781.67","19,697.33","5,912.53","11,857.26","1,701.66","72,141.25"
05/29/2025 18:00,"20,776.87","2,396.74","7,624.62","1,731.77","20,002.41","5,842.21","12,101.52","1,714.54","72,190.68"
05/29/2025 19:00,"20,346.38","2,400.33","7,529.30","1,239.93","19,770.28","5,745.58","12,034.71","1,684.72","70,751.24"
05/29/2025 20:00,"19,530.33","2,304.43","7,241.15","1,178.55","18,878.15","5,596.01","11,694.27","1,610.92","68,033.82"
05/29/2025 21:00,"18,980.22","2,186.23","6,759.09","1,149.53","18,237.10","5,407.26","11,328.39","1,563.87","65,611.69"
05/29/2025 22:00,"18,346.30","2,085.68","6,478.74","1,171.17","17,619.23","5,301.53","10,946.02","1,506.55","63,455.22"
05/29/2025 23:00,"17,205.78","1,931.14","6,556.00","1,121.85","16,451.73","5,099.51","10,285.44","1,412.87","60,064.32"
05/29/2025 24:00,"16,092.37","1,762.70","6,556.27","1,065.19","15,146.27","4,781.67","9,553.42","1,318.04","56,275.95"
05/30/2025 01:00,"14,943.28","1,611.66","6,508.57","1,448.94","13,812.91","4,457.55","8,859.76","1,192.11","52,834.78"
05/30/2025 02:00,"14,180.28","1,536.86","6,665.37","1,428.82","12,894.29","4,266.53","8,343.75","1,146.87","50,462.76"
05/30/2025 03:00,"13,581.15","1,447.91","6,904.89","1,393.11","12,047.46","4,094.91","7,953.98","1,108.48","48,531.90"
05/30/2025 04:00,"13,312.77","1,388.90","6,877.02","1,383.82","11,478.41","4,030.13","7,756.51","1,075.23","47,302.79"
05/30/2025 05:00,"13,340.78","1,364.89","6,884.93","1,376.13","11,279.01","3,980.13","7,552.81","1,056.99","46,835.67"
05/30/2025 06:00,"13,582.44","1,402.04","6,911.63","1,389.48","11,561.71","4,013.76","7,364.87","1,055.28","47,281.21"
05/30/2025 07:00,"13,833.99","1,498.57","7,076.28","1,418.22","11,929.12","4,114.80","7,534.51","1,085.82","48,491.31"
05/30/2025 08:00,"14,206.94","1,560.36","7,135.94","1,461.15","12,289.76","4,166.87","7,697.84","1,120.78","49,639.63"
05/30/2025 09:00,"14,763.98","1,559.90","7,235.63","1,506.20","12,792.24","4,291.92","7,889.28","1,148.85","51,188.00"
05/30/2025 10:00,"15,169.68","1,655.90","7,321.46","1,558.78","13,468.09","4,510.55","8,107.29","1,177.47","52,969.22"
05/30/2025 11:00,"15,297.53","1,768.21","7,379.47","1,587.95","14,072.81","4,623.09","8,247.65","1,206.74","54,183.45"
05/30/2025 12:00,"15,141.88","1,809.68","7,488.37","1,618.56","14,675.86","4,803.09","8,478.50","1,237.30","55,253.24"
05/30/2025 13:00,"15,105.05","1,879.35","7,500.29","1,668.98","15,242.12","5,034.18","8,918.35","1,267.16","56,615.48"
05/30/2025 14:00,"15,864.97","1,973.49","7,562.70","1,731.32","15,899.67","5,159.03","9,367.44","1,321.10","58,879.72"
05/30/2025 15:00,"16,791.75","2,067.74","7,632.98","1,798.14","16,610.82","5,193.08","9,929.10","1,374.31","61,397.92"
05/30/2025 16:00,"17,471.08","2,060.78","7,657.11","1,846.49","17,272.83","5,224.37","10,292.87","1,425.68","63,251.21"
05/30/2025 17:00,"17,901.66","2,123.98","7,709.35","1,895.39","17,926.05","5,318.34","10,514.62","1,482.95","64,872.34"
05/30/2025 18:00,"18,046.20","2,087.31","7,745.24","1,912.81","18,175.52","5,235.05","10,474.75","1,516.21","65,193.09"
05/30/2025 19:00,"17,659.44","2,052.62","7,699.30","1,488.05","17,915.62","5,161.84","10,330.31","1,509.90","63,817.07"
05/30/2025 20:00,"16,998.94","1,941.75","7,269.61","1,363.19","17,086.00","4,964.83","9,985.78","1,460.03","61,070.13"
05/30/2025 21:00,"16,468.89","1,881.75","6,791.60","1,273.48","15,945.12","4,829.89","9,642.61","1,385.77","58,219.09"
05/30/2025 22:00,"15,869.55","1,768.90","6,564.91","1,257.93","15,017.59","4,599.87","9,300.80","1,321.66","55,701.21"
05/30/2025 23:00,"15,423.80","1,693.71","6,669.14","1,564.19","14,413.05","4,491.11","8,885.27","1,288.28","54,428.57"
05/30/2025 24:00,"14,735.32","1,555.16","6,910.64","1,476.31","13,290.98","4,330.63","8,417.73","1,230.50","51,947.28"
05/31/2025 01:00,"14,010.31","1,456.03","7,057.35","1,415.46","12,286.40","4,105.44","7,882.22","1,180.89","49,394.09"
05/31/2025 02:00,"13,409.01","1,356.06","6,924.41","1,351.30","11,393.02","3,914.98","7,410.92","1,125.52","46,885.22"
05/31/2025 03:00,"13,110.56","1,312.90","6,947.74","1,321.89","10,917.11","3,818.96","7,109.74","1,113.60","45,652.50"
05/31/2025 04:00,"12,816.53","1,267.99","7,036.82","1,299.24","10,512.24","3,728.50","6,882.20","1,098.32","44,641.84"
05/31/2025 05:00,"12,610.32","1,257.30","7,126.74","1,305.20","10,330.66","3,636.03","6,762.25","1,080.44","44,108.93"
05/31/2025 06:00,"12,597.76","1,240.34","7,270.65","1,298.17","10,353.61","3,615.85","6,760.95","1,090.61","44,227.93"
05/31/2025 07:00,"12,516.52","1,241.77","7,198.17","1,313.76","10,424.77","3,646.70","6,846.39","1,093.29","44,281.36"
05/31/2025 08:00,"12,790.79","1,305.88","7,435.74","1,352.75","10,903.57","3,694.33","6,985.04","1,102.07","45,570.16"
05/31/2025 09:00,"13,594.18","1,428.23","7,599.19","1,402.37","11,819.00","3,913.91","7,455.16","1,145.32","48,357.35"
05/31/2025 10:00,"14,579.11","1,525.62","7,745.63","1,485.54","12,829.82","4,246.98","8,051.22","1,211.07","51,674.99"
05/31/2025 11:00,"15,557.62","1,668.61","7,809.26","1,559.84","13,810.17","4,635.85","8,656.37","1,286.30","54,984.01"
05/31/2025 12:00,"16,397.03","1,798.45","7,896.87","1,643.89","14,761.98","4,959.54","9,245.73","1,361.01","58,064.50"
05/31/2025 13:00,"17,139.06","1,901.42","8,024.23","1,722.95","15,652.62","5,268.90","9,786.76","1,429.49","60,925.43"
05/31/2025 14:00,"17,779.82","1,993.35","8,092.34","1,802.28","16,594.11","5,524.28","10,136.14","1,504.49","63,426.82"
05/31/2025 15:00,"18,265.35","2,066.67","8,134.18","1,887.65","17,499.47","5,687.63","10,536.00","1,567.38","65,644.33"
05/31/2025 16:00,"18,569.03","2,153.17","8,221.88","1,955.16","18,256.67","5,807.49","10,883.91","1,609.66","67,456.98"
05/31/2025 17:00,"18,663.15","2,201.33","8,266.14","2,005.80","18,800.30","5,846.89","11,052.77","1,641.22","68,477.60"
05/31/2025 18:00,"18,533.41","2,190.90","8,228.83","2,037.15","19,061.76","5,773.12","11,159.24","1,662.78","68,647.19"
05/31/2025 19:00,"17,980.95","2,144.33","8,067.64","2,030.61","18,883.85","5,669.14","11,030.04","1,651.23","67,457.79"
05/31/2025 20:00,"17,095.01","2,012.02","7,379.49","1,947.62","17,814.66","5,313.01","10,618.07","1,569.77","63,749.65"
05/31/2025 21:00,"16,608.79","1,886.93","7,319.47","1,879.25","16,810.44","5,175.44","10,290.17","1,497.95","61,468.43"
05/31/2025 22:00,"16,235.26","1,813.17","7,478.97","1,831.04","16,482.70","5,084.64","9,989.27","1,453.79","60,368.85"
05/31/2025 23:00,"15,637.29","1,717.92","7,570.30","1,731.31","15,495.96","4,863.11","9,488.58","1,384.09","57,888.55"
05/31/2025 24:00,"15,026.44","1,577.31","7,628.67","1,633.26","14,392.36","4,553.89","8,869.62","1,313.30","54,994.85"
06/01/2025 01:00,"14,258.75","1,460.17","7,627.63","1,566.54","13,277.73","4,299.04","8,211.85","1,276.22","51,977.92"
06/01/2025 02:00,"13,595.75","1,361.52","7,529.17","1,508.45","12,367.73","4,106.22","7,698.69","1,217.57","49,385.12"
06/01/2025 03:00,"13,038.51","1,296.30","7,461.52","1,419.10","11,678.10","3,957.66","7,307.21","1,171.47","47,329.87"
06/01/2025 04:00,"12,724.08","1,225.14","7,357.02","1,386.67","11,231.54","3,864.33","7,044.21","1,147.19","45,980.19"
06/01/2025 05:00,"12,556.58","1,235.63","7,217.93","1,380.30","11,023.13","3,806.90","6,908.77","1,133.70","45,262.93"
06/01/2025 06:00,"12,421.03","1,231.14","7,251.69","1,372.17","10,880.74","3,792.77","6,804.85","1,112.70","44,867.09"
06/01/2025 07:00,"12,250.27","1,210.48","7,191.02","1,368.25","10,824.88","3,728.23","6,798.34","1,084.37","44,455.85"
06/01/2025 08:00,"12,508.53","1,271.74","7,183.86","1,415.90","11,149.93","3,739.03","6,941.68","1,081.63","45,292.30"
06/01/2025 09:00,"13,366.16","1,426.01","7,470.77","1,470.29","11,999.87","3,937.95","7,556.16","1,165.21","48,392.41"
06/01/2025 10:00,"14,379.40","1,561.77","7,718.47","1,536.57","12,843.21","4,287.90","8,419.43","1,273.64","52,020.39"
06/01/2025 11:00,"15,498.48","1,645.74","7,899.72","1,588.90","13,606.02","4,651.51","9,289.44","1,378.56","55,558.38"
06/01/2025 12:00,"16,666.25","1,772.46","8,055.05","1,651.54","14,550.71","5,027.65","10,143.57","1,465.94","59,333.18"
06/01/2025 13:00,"17,719.48","1,841.74","8,073.17","1,717.34","15,534.50","5,299.67","10,917.40","1,567.85","62,671.16"
06/01/2025 14:00,"18,523.32","1,959.17","8,110.66","1,811.71","16,574.48","5,581.14","11,559.12","1,665.41","65,785.01"
06/01/2025 15:00,"19,139.58","2,042.13","8,166.45","1,903.53","17,804.87","5,711.89","12,044.13","1,760.37","68,572.97"
06/01/2025 16:00,"19,425.92","2,131.67","8,182.95","1,987.26","18,939.40","5,807.55","12,442.13","1,827.62","70,744.49"
06/01/2025 17:00,"19,528.51","2,175.19","8,178.73","2,051.39","19,855.34","5,767.17","12,805.98","1,869.75","72,232.06"
06/01/2025 18:00,"19,143.71","2,208.67","8,145.65","2,079.19","20,203.70","5,687.37","13,016.54","1,870.92","72,355.76"
06/01/2025 19:00,"18,860.80","2,178.98","8,063.32","2,068.65","19,857.69","5,670.49","13,006.87","1,859.12","71,565.93"
06/01/2025 20:00,"18,409.13","2,095.18","7,922.99","2,015.58","19,033.30","5,581.13","12,684.42","1,819.55","69,561.28"
06/01/2025 21:00,"17,946.55","2,012.44","7,748.84","1,931.39","17,979.37","5,462.49","12,203.75","1,734.88","67,019.70"
06/01/2025 22:00,"17,536.51","1,963.87","7,627.40","1,885.24","17,465.78","5,320.52","11,785.57","1,673.62","65,258.50"
06/01/2025 23:00,"16,764.30","1,816.72","7,609.99","1,799.45","16,338.89","5,057.86","11,012.29","1,577.96","61,977.46"
06/01/2025 24:00,"15,740.53","1,693.43","7,622.59","1,692.00","14,941.54","4,741.96","10,079.43","1,475.86","57,987.33"
06/02/2025 01:00,"14,913.54","1,595.35","7,534.22","1,613.27","13,864.92","4,305.38","9,221.59","1,410.16","54,458.41"
06/02/2025 02:00,"14,281.42","1,508.84","7,474.68","1,549.54","13,010.86","4,093.09","8,606.27","1,338.64","51,863.34"
06/02/2025 03:00,"13,761.83","1,450.37","7,411.84","1,494.23","12,388.74","3,949.70","8,110.02","1,283.13","49,849.84"
06/02/2025 04:00,"13,502.96","1,417.88","7,303.95","1,482.38","12,095.09","3,894.46","7,786.33","1,252.84","48,735.88"
06/02/2025 05:00,"13,527.95","1,425.76","7,271.61","1,475.18","12,168.25","3,869.72","7,676.54","1,236.96","48,651.98"
06/02/2025 06:00,"13,753.36","1,465.42","7,370.80","1,503.21","12,583.40","3,950.81","7,765.73","1,234.54","49,627.29"
06/02/2025 07:00,"13,962.85","1,550.94","7,355.70","1,541.66","13,115.40","4,052.34","7,992.01","1,254.83","50,825.72"
06/02/2025 08:00,"14,427.10","1,640.02","7,364.15","1,584.98","13,739.57","4,093.25","8,247.87","1,294.84","52,391.78"
06/02/2025 09:00,"15,410.98","1,750.71","7,483.33","1,650.60","14,613.47","4,271.66","8,610.20","1,359.21","55,150.15"
06/02/2025 10:00,"16,581.30","1,890.36","7,613.12","1,736.85","15,770.88","4,581.49","9,167.28","1,449.66","58,790.95"
06/02/2025 11:00,"17,787.59","1,996.41","7,726.36","1,832.51","17,149.50","4,913.71","9,828.40","1,540.22","62,774.71"
06/02/2025 12:00,"18,899.74","2,094.50","7,873.19","1,940.31","18,556.83","5,288.68","10,615.54","1,636.94","66,905.72"
06/02/2025 13:00,"19,744.80","2,253.87","7,903.97","2,037.30","19,910.62","5,584.89","11,412.41","1,720.29","70,568.16"
06/02/2025 14:00,"20,331.59","2,390.08","7,707.66","2,127.08","21,045.08","5,797.25","12,051.99","1,780.73","73,231.45"
06/02/2025 15:00,"20,640.40","2,487.08","7,528.98","2,182.81","21,912.64","5,932.57","12,565.40","1,835.48","75,085.36"
06/02/2025 16:00,"20,639.94","2,578.66","7,453.51","2,206.93","22,447.96","5,998.09","12,798.62","1,871.14","75,994.85"
06/02/2025 17:00,"20,542.61","2,601.81","7,372.15","2,210.51","22,720.69","5,969.94","12,802.02","1,886.85","76,106.58"
06/02/2025 18:00,"20,309.68","2,617.01","7,332.27","2,172.82","22,764.86","5,868.10","12,840.12","1,864.35","75,769.21"
06/02/2025 19:00,"19,731.04","2,587.41","7,355.11","2,135.66","22,409.93","5,878.58","12,774.22","1,874.89","74,746.84"
06/02/2025 20:00,"19,044.82","2,485.01","7,504.84","2,060.78","21,511.18","5,771.06","12,474.76","1,823.82","72,676.27"
06/02/2025 21:00,"18,580.33","2,400.44","7,541.97","2,006.72","20,765.74","5,632.82","11,975.49","1,740.90","70,644.41"
06/02/2025 22:00,"18,048.42","2,302.19","7,553.24","1,971.74","20,080.59","5,503.31","11,535.79","1,678.06","68,673.34"
06/02/2025 23:00,"17,121.95","2,135.01","7,449.63","1,849.47","18,816.57","5,205.21","10,784.45","1,583.30","64,945.58"
06/02/2025 24:00,"16,115.46","1,944.17","7,348.57","1,765.04","17,375.76","4,872.91","9,973.64","1,497.45","60,893.00"
06/03/2025 01:00,"15,177.44","1,806.68","7,326.23","1,682.88","16,114.99","4,615.52","9,266.90","1,393.62","57,384.25"
06/03/2025 02:00,"14,479.46","1,708.73","7,205.62","1,617.54","15,197.82","4,398.08","8,763.18","1,339.06","54,709.51"
06/03/2025 03:00,"13,971.85","1,605.92","7,274.03","1,585.57","14,426.47","4,263.19","8,423.05","1,294.81","52,844.88"
06/03/2025 04:00,"13,720.04","1,543.01","7,252.97","1,550.56","13,902.93","4,123.98","8,241.17","1,200.23","51,534.89"
06/03/2025 05:00,"13,749.72","1,502.40","7,108.62","1,543.13","13,730.64","4,131.63","8,238.07","1,195.43","51,199.65"
06/03/2025 06:00,"14,031.41","1,546.73","7,130.28","1,556.50","13,963.29","4,173.88","8,388.85","1,197.47","51,988.43"
06/03/2025 07:00,"14,309.48","1,596.49","7,184.57","1,578.40","14,330.49","4,259.32","8,633.60","1,200.99","53,093.35"
06/03/2025 08:00,"14,808.14","1,690.29","7,223.07","1,613.29","14,816.02","4,255.44","8,849.01","1,192.95","54,448.19"
06/03/2025 09:00,"15,838.67","1,802.04","7,493.33","1,676.83","15,448.54","4,401.49","9,106.55","1,222.38","56,989.83"
06/03/2025 10:00,"16,911.41","1,938.09","7,564.62","1,740.27","16,167.62","4,625.67","9,374.92","1,279.55","59,602.14"
06/03/2025 11:00,"17,960.66","2,067.08","7,620.72","1,808.21","16,787.66","4,874.52","9,523.26","1,338.94","61,981.05"
06/03/2025 12:00,"18,844.63","2,153.82","7,641.31","1,878.73","17,552.27","5,104.62","9,893.28","1,412.15","64,480.81"
06/03/2025 13:00,"19,489.88","2,272.65","7,699.19","1,945.28","18,801.36","5,357.21","10,622.11","1,494.49","67,682.16"
06/03/2025 14:00,"19,806.69","2,388.03","7,816.21","2,020.21","19,915.19","5,563.26","11,185.32","1,574.07","70,268.98"
06/03/2025 15:00,"19,819.32","2,497.61","7,831.67","2,079.54","20,825.26","5,696.45","11,773.54","1,646.08","72,169.47"
06/03/2025 16:00,"19,581.16","2,567.52","7,875.01","2,118.46","21,391.05","5,867.78","12,327.72","1,716.62","73,445.32"
06/03/2025 17:00,"19,980.52","2,543.20","7,881.85","2,142.36","21,807.59","5,969.75","12,665.16","1,781.72","74,772.16"
06/03/2025 18:00,"19,831.38","2,527.69","7,847.81","2,082.33","21,923.84","5,982.42","12,725.23","1,817.00","74,737.70"
06/03/2025 19:00,"19,234.03","2,533.41","7,811.12","2,024.93","21,282.22","5,974.02","12,605.98","1,813.29","73,279.01"
06/03/2025 20:00,"18,656.03","2,395.90","7,625.19","1,770.96","20,529.31","5,815.62","12,220.97","1,791.82","70,805.80"
06/03/2025 21:00,"18,148.75","2,309.84","7,167.07","1,417.74","20,024.60","5,672.89","11,811.09","1,720.13","68,272.12"
06/03/2025 22:00,"17,783.17","2,245.40","7,181.01","1,750.30","19,477.40","5,537.61","11,481.03","1,650.00","67,105.92"
06/03/2025 23:00,"16,993.14","2,095.61","7,264.04","1,639.09","17,925.46","5,268.19","10,960.66","1,548.74","63,694.93"
06/03/2025 24:00,"16,084.46","1,949.64","7,401.11","1,536.52","15,908.25","4,964.77","10,142.97","1,431.51","59,419.23"
06/04/2025 01:00,"15,420.61","1,788.68","7,434.55","1,506.28","14,489.98","4,633.02","9,406.42","1,319.12","55,998.67"
06/04/2025 02:00,"14,776.97","1,654.05","7,397.56","1,452.51","13,591.68","4,426.98","8,847.58","1,239.74","53,387.07"
06/04/2025 03:00,"14,326.54","1,610.31","7,292.25","1,416.46","12,930.82","4,241.63","8,527.59","1,184.90","51,530.49"
06/04/2025 04:00,"14,151.72","1,557.34","7,248.61","1,392.04","12,554.02","4,055.21","8,327.70","1,153.35","50,439.98"
06/04/2025 05:00,"14,160.97","1,536.99","7,176.64","1,393.95","12,549.65","4,016.70","8,310.74","1,146.71","50,292.36"
06/04/2025 06:00,"14,510.98","1,570.51","7,128.14","1,421.78","12,895.55","4,063.66","8,472.51","1,150.24","51,213.37"
06/04/2025 07:00,"14,820.26","1,601.28","7,158.02","1,459.14","13,319.28","4,228.84","8,699.65","1,174.88","52,461.35"
06/04/2025 08:00,"15,014.26","1,685.41","7,231.96","1,473.38","13,477.55","4,283.33","8,861.27","1,181.65","53,208.82"
06/04/2025 09:00,"15,471.91","1,738.41","7,301.59","1,525.38","13,693.81","4,435.31","9,013.01","1,207.75","54,387.16"
06/04/2025 10:00,"16,340.12","1,839.54","7,323.31","1,542.95","14,012.69","4,703.24","9,198.30","1,234.81","56,194.96"
06/04/2025 11:00,"17,304.77","1,989.43","7,413.62","1,572.41","14,446.10","5,009.17","9,594.18","1,262.13","58,591.81"
06/04/2025 12:00,"18,226.86","2,098.08","7,473.57","1,611.08","14,915.34","5,303.36","10,123.66","1,286.81","61,038.76"
06/04/2025 13:00,"18,991.18","2,214.53","7,568.02","1,645.59","15,357.85","5,527.98","10,577.16","1,336.69","63,218.99"
06/04/2025 14:00,"19,669.09","2,300.18","7,724.69","1,682.16","15,976.31","5,750.45","11,006.90","1,399.01","65,508.78"
06/04/2025 15:00,"19,820.89","2,352.89","7,841.07","1,754.90","16,643.86","5,958.96","11,491.49","1,458.69","67,322.76"
06/04/2025 16:00,"19,077.22","2,342.84","7,906.33","1,823.37","17,301.70","6,113.83","12,050.04","1,523.87","68,139.22"
06/04/2025 17:00,"18,480.65","2,323.88","7,969.98","1,870.34","17,874.86","6,232.15","12,472.55","1,594.40","68,818.82"
06/04/2025 18:00,"18,459.89","2,234.24","7,929.45","1,895.70","18,265.45","6,250.33","12,738.68","1,636.53","69,410.27"
06/04/2025 19:00,"18,226.20","2,224.90","7,854.79","1,895.94","18,190.90","6,072.05","12,728.25","1,639.42","68,832.45"
06/04/2025 20:00,"17,979.11","2,134.63","7,562.91","1,842.07","17,697.00","5,986.97","12,417.55","1,601.30","67,221.54"
06/04/2025 21:00,"17,890.61","2,076.49","7,358.20","1,353.12","17,279.99","5,810.83","11,993.90","1,554.86","65,318.00"
06/04/2025 22:00,"17,549.42","2,033.00","7,344.40","1,291.71","16,842.79","5,664.30","11,596.36","1,530.56","63,852.54"
06/04/2025 23:00,"16,739.45","1,890.15","7,452.47","1,207.39","15,750.86","5,394.24","10,875.70","1,458.72","60,768.99"
06/04/2025 24:00,"15,693.64","1,734.67","7,454.11","1,542.84","14,346.22","4,994.30","10,037.22","1,364.29","57,167.28"
06/05/2025 01:00,"15,060.95","1,614.92","7,616.40","1,456.02","13,186.25","4,576.48","9,283.38","1,305.18","54,099.58"
06/05/2025 02:00,"14,505.14","1,533.66","7,540.88","1,423.01","12,424.94","4,371.17","8,688.56","1,273.69","51,761.05"
06/05/2025 03:00,"14,175.72","1,478.01","7,523.85","1,414.62","11,927.81","4,278.84","8,270.49","1,239.13","50,308.47"
06/05/2025 04:00,"13,976.76","1,439.54","7,534.73","1,372.28","11,679.02","4,182.60","8,028.89","1,214.84","49,428.65"
06/05/2025 05:00,"14,021.19","1,447.63","7,522.39","1,363.61","11,756.73","4,126.56","8,014.96","1,215.22","49,468.30"
06/05/2025 06:00,"14,287.41","1,482.89","7,591.23","1,385.36","12,240.73","4,123.43","8,145.70","1,223.11","50,479.87"
06/05/2025 07:00,"14,522.75","1,550.77","7,638.00","1,420.98","12,893.85","4,196.58","8,465.84","1,262.76","51,951.54"
06/05/2025 08:00,"14,950.10","1,635.44","7,603.09","1,453.53","13,370.89","4,237.76","8,721.97","1,295.17","53,267.94"
06/05/2025 09:00,"15,895.63","1,719.98","7,656.26","1,526.33","13,881.75","4,397.17","9,078.58","1,321.29","55,476.98"
06/05/2025 10:00,"16,991.50","1,848.54","7,704.32","1,548.83","14,386.47","4,705.69","9,592.29","1,368.22","58,145.86"
06/05/2025 11:00,"18,134.71","1,935.90","7,671.07","1,584.89","14,793.13","5,040.20","10,153.06","1,424.44","60,737.39"
06/05/2025 12:00,"19,137.84","2,072.67","7,745.22","1,628.88","14,993.49","5,354.79","10,834.39","1,486.80","63,254.08"
06/05/2025 13:00,"19,905.82","2,188.79","7,759.59","1,654.19","15,406.17","5,633.75","11,456.25","1,557.84","65,562.41"
06/05/2025 14:00,"20,552.33","2,320.74","7,793.31","1,722.32","16,498.32","5,897.83","12,106.94","1,654.75","68,546.53"
06/05/2025 15:00,"21,255.15","2,443.29","7,892.64","1,819.31","18,034.13","6,123.53","12,655.72","1,726.20","71,949.98"
06/05/2025 16:00,"21,585.39","2,568.07","7,941.34","1,911.49","19,670.91","6,105.38","13,051.60","1,789.20","74,623.40"
06/05/2025 17:00,"21,500.29","2,641.03","7,742.87","1,950.70","20,818.32","6,184.72","13,367.22","1,832.55","76,037.70"
06/05/2025 18:00,"21,025.08","2,642.47","7,477.92","1,962.20","21,391.58","6,101.63","13,506.84","1,817.58","75,925.30"
06/05/2025 19:00,"20,513.08","2,602.25","7,348.38","1,967.90","21,384.71","5,992.98","13,421.86","1,795.63","75,026.80"
06/05/2025 20:00,"19,729.36","2,491.84","6,981.97","1,800.71","20,599.73","5,737.13","12,981.83","1,729.49","72,052.07"
06/05/2025 21:00,"19,025.38","2,326.89","6,823.46","1,802.18","19,709.68","5,444.45","12,372.08","1,657.79","69,161.90"
06/05/2025 22:00,"18,470.38","2,175.23","6,948.01","1,787.97","19,233.89","5,298.76","11,880.41","1,619.77","67,414.41"
06/05/2025 23:00,"17,552.88","2,052.05","7,051.79","1,731.22","18,238.26","5,070.55","11,198.53","1,543.75","64,439.03"
06/05/2025 24:00,"16,711.63","1,943.19","7,212.79","1,662.06","17,105.14","4,872.55","10,458.00","1,478.84","61,444.20"
06/06/2025 01:00,"15,877.89","1,800.72","7,279.92","1,611.17","16,026.07","4,651.47","9,660.33","1,443.98","58,351.55"
06/06/2025 02:00,"15,229.11","1,699.45","7,223.47","1,576.49","15,069.24","4,462.84","9,074.19","1,390.67","55,725.44"
06/06/2025 03:00,"14,719.73","1,621.19","7,326.58","1,535.17","14,413.53","4,284.44","8,671.27","1,354.04","53,925.94"
06/06/2025 04:00,"14,482.30","1,581.12","7,450.72","1,536.08","14,198.78","4,193.20","8,411.73","1,327.54","53,181.47"
06/06/2025 05:00,"14,462.83","1,563.65","7,405.43","1,532.05","14,149.17","4,108.00","8,345.28","1,311.33","52,877.73"
06/06/2025 06:00,"14,702.52","1,600.94","7,437.38","1,535.99","14,386.73","4,117.99","8,433.20","1,313.60","53,528.35"
06/06/2025 07:00,"14,725.24","1,633.79","7,200.02","1,531.84","14,510.95","4,176.44","8,574.93","1,323.40","53,676.63"
06/06/2025 08:00,"15,042.21","1,704.53","7,107.05","1,572.00","14,914.14","4,191.39","8,775.26","1,330.58","54,637.16"
06/06/2025 09:00,"16,176.41","1,817.14","7,499.41","1,664.93","15,948.10","4,391.74","9,107.28","1,384.87","57,989.89"
06/06/2025 10:00,"17,295.92","1,947.26","7,566.58","1,743.82","16,915.52","4,726.35","9,678.24","1,443.40","61,317.09"
06/06/2025 11:00,"18,372.58","2,115.58","7,665.80","1,803.16","17,852.01","5,028.73","10,311.11","1,496.65","64,645.63"
06/06/2025 12:00,"19,269.68","2,236.09","7,782.85","1,877.47","19,053.99","5,341.96","10,876.79","1,568.00","68,006.84"
06/06/2025 13:00,"20,074.14","2,359.09","7,839.82","1,952.55","20,280.47","5,634.44","11,439.64","1,638.93","71,219.08"
06/06/2025 14:00,"20,664.32","2,482.80","7,637.14","2,026.87","21,137.77","5,867.05","12,055.69","1,727.68","73,599.33"
06/06/2025 15:00,"21,096.06","2,550.44","7,414.63","2,093.11","21,911.37","6,028.63","12,610.51","1,809.59","75,514.34"
06/06/2025 16:00,"20,857.84","2,598.47","7,365.70","2,100.74","21,885.22","6,015.35","12,981.13","1,851.36","75,655.82"
06/06/2025 17:00,"20,899.77","2,557.34","7,240.47","2,104.89","22,105.88","6,036.23","13,136.68","1,881.38","75,962.64"
06/06/2025 18:00,"20,738.00","2,557.96","7,238.95","2,080.55","22,206.11","6,002.50","13,306.27","1,882.51","76,012.86"
06/06/2025 19:00,"20,575.80","2,569.71","7,454.24","1,655.29","22,395.10","6,009.66","13,247.15","1,901.64","75,808.59"
06/06/2025 20:00,"20,123.17","2,511.69","7,373.47","1,551.40","22,043.06","5,933.30","12,886.51","1,879.15","74,301.76"
06/06/2025 21:00,"19,659.56","2,427.71","7,322.75","1,482.16","21,193.42","5,802.66","12,311.42","1,819.64","72,019.33"
06/06/2025 22:00,"19,123.63","2,324.89","7,371.12","1,480.95","20,427.27","5,577.95","11,855.29","1,734.16","69,895.26"
06/06/2025 23:00,"18,068.91","2,164.15","7,248.48","1,756.75","19,068.98","5,332.98","11,334.20","1,645.65","66,620.11"
06/06/2025 24:00,"17,215.70","2,015.39","7,210.31","1,658.07","17,732.52","5,129.36","10,566.39","1,572.78","63,100.52"
06/07/2025 01:00,"16,379.37","1,881.15","7,290.66","1,539.66","16,537.93","4,857.87","9,826.60","1,486.84","59,800.10"
06/07/2025 02:00,"15,616.29","1,790.05","7,226.11","1,508.56","15,622.93","4,637.23","9,254.82","1,422.10","57,078.09"
06/07/2025 03:00,"15,084.56","1,704.60","7,140.81","1,495.68","14,949.19","4,462.98","8,833.88","1,371.87","55,043.58"
06/07/2025 04:00,"14,652.71","1,629.91","7,113.50","1,479.33","14,514.35","4,335.58","8,533.77","1,338.45","53,597.61"
06/07/2025 05:00,"14,335.69","1,551.00","7,147.31","1,471.19","14,251.60","4,220.52","8,300.00","1,306.81","52,584.13"
06/07/2025 06:00,"14,272.81","1,582.95","7,134.12","1,467.80","14,195.68","4,168.45","8,227.94","1,297.19","52,346.94"
06/07/2025 07:00,"14,214.90","1,616.06","7,155.80","1,478.39","14,096.78","4,166.45","8,256.82","1,284.14","52,269.34"
06/07/2025 08:00,"14,492.60","1,649.42","7,217.12","1,506.15","14,302.82","4,175.78","8,301.78","1,287.79","52,933.46"
06/07/2025 09:00,"15,470.99","1,769.88","7,496.13","1,560.37","15,337.61","4,362.82","8,791.11","1,356.82","56,145.72"
06/07/2025 10:00,"16,701.42","1,892.99","7,641.39","1,621.71","16,569.48","4,660.13","9,426.06","1,439.06","59,952.23"
06/07/2025 11:00,"17,788.76","2,045.94","7,743.12","1,679.38","17,702.95","4,979.76","10,075.56","1,520.66","63,536.14"
06/07/2025 12:00,"18,762.40","2,199.77","7,932.35","1,756.10","18,605.50","5,270.38","10,819.30","1,601.02","66,946.82"
06/07/2025 13:00,"19,487.59","2,329.06","8,123.64","1,839.43","19,560.57","5,528.77","11,507.54","1,691.62","70,068.22"
06/07/2025 14:00,"19,954.70","2,421.31","8,152.71","1,925.60","20,353.04","5,736.21","12,051.78","1,767.48","72,362.82"
06/07/2025 15:00,"20,244.01","2,532.50","7,841.57","2,002.51","21,180.63","5,902.09","12,492.63","1,823.42","74,019.36"
06/07/2025 16:00,"20,307.10","2,572.82","7,721.72","2,065.16","21,774.81","5,968.60","12,759.69","1,874.81","75,044.70"
06/07/2025 17:00,"20,350.70","2,592.62","7,670.58","2,116.36","22,046.09","6,005.70","12,925.50","1,914.49","75,622.04"
06/07/2025 18:00,"20,144.92","2,551.80","7,548.51","2,148.32","21,969.79","5,946.08","13,045.40","1,930.06","75,284.89"
06/07/2025 19:00,"19,913.16","2,527.00","7,583.18","2,151.91","22,056.39","5,894.58","12,977.44","1,942.85","75,046.51"
06/07/2025 20:00,"19,372.11","2,439.36","7,390.02","2,088.90","21,511.10","5,743.20","12,682.51","1,894.17","73,121.37"
06/07/2025 21:00,"18,675.38","2,319.43","7,308.35","1,986.00","20,586.23","5,578.23","12,130.76","1,807.07","70,391.45"
06/07/2025 22:00,"18,153.26","2,258.56","7,338.44","1,917.97","19,897.15","5,462.07","11,681.32","1,752.87","68,461.64"
06/07/2025 23:00,"17,401.30","2,130.10","7,430.00","1,828.32","18,865.22","5,234.30","10,994.70","1,675.97","65,559.90"
06/07/2025 24:00,"16,625.89","1,976.61","7,596.35","1,788.87","17,667.64","4,919.18","10,242.06","1,587.91","62,404.52"
06/08/2025 01:00,"15,876.27","1,886.15","7,646.44","1,701.98","16,616.44","4,692.40","9,512.39","1,516.23","59,448.29"
06/08/2025 02:00,"15,225.17","1,781.40","7,593.34","1,623.72","15,731.95","4,526.64","8,944.34","1,440.91","56,867.47"
06/08/2025 03:00,"14,723.60","1,695.70","7,540.90","1,555.46","14,903.48","4,394.62","8,527.66","1,387.99","54,729.39"
06/08/2025 04:00,"14,366.63","1,642.75","7,474.26","1,520.72","14,321.80","4,298.15","8,225.78","1,347.42","53,197.51"
06/08/2025 05:00,"14,147.34","1,599.72","7,304.45","1,496.99","13,936.87","4,208.90","8,039.16","1,320.01","52,053.45"
06/08/2025 06:00,"14,027.28","1,604.61","7,360.84","1,489.34","13,656.53","4,191.11","7,909.23","1,299.01","51,537.93"
06/08/2025 07:00,"13,896.08","1,591.39","7,249.76","1,493.55","13,370.90","4,137.54","7,824.99","1,283.89","50,848.09"
06/08/2025 08:00,"14,206.42","1,636.31","7,311.20","1,489.15","13,562.15","4,126.99","7,967.93","1,290.70","51,590.86"
06/08/2025 09:00,"15,279.48","1,765.23","7,566.95","1,548.89","14,458.69","4,321.96","8,506.26","1,359.14","54,806.59"
06/08/2025 10:00,"16,495.11","1,900.09","7,707.87","1,643.80","15,575.88","4,657.37","9,190.09","1,429.63","58,599.84"
06/08/2025 11:00,"17,653.91","2,049.91","7,843.58","1,727.40","16,474.52","4,950.52","9,886.63","1,519.13","62,105.62"
06/08/2025 12:00,"18,730.30","2,190.35","7,862.07","1,867.49","17,803.16","5,275.19","10,614.19","1,623.92","65,966.67"
06/08/2025 13:00,"19,625.27","2,324.05","7,916.78","1,987.58","19,268.98","5,516.86","11,326.82","1,731.94","69,698.29"
06/08/2025 14:00,"20,215.99","2,479.49","7,878.30","2,081.30","20,807.95","5,765.73","11,986.59","1,826.47","73,041.83"
06/08/2025 15:00,"20,635.32","2,512.16","7,679.81","2,163.05","22,001.90","5,900.53","12,634.62","1,904.70","75,432.10"
06/08/2025 16:00,"20,561.77","2,560.44","7,467.60","2,148.27","22,513.72","5,944.86","13,010.97","1,939.55","76,147.17"
06/08/2025 17:00,"20,450.26","2,568.63","7,208.94","2,164.55","22,839.91","5,881.50","13,256.96","1,968.92","76,339.66"
06/08/2025 18:00,"20,403.13","2,558.41","7,185.00","2,168.97","22,815.32","5,815.22","13,536.74","1,983.79","76,466.58"
06/08/2025 19:00,"20,083.22","2,463.62","7,295.50","2,142.09","22,425.45","5,858.06","13,571.89","1,977.42","75,817.25"
06/08/2025 20:00,"19,674.75","2,381.33","7,304.19","2,096.62","22,337.85","5,875.41","13,381.52","1,941.59","74,993.26"
06/08/2025 21:00,"19,301.72","2,285.61","7,331.50","1,979.12","21,657.88","5,777.73","12,875.25","1,851.56","73,060.37"
06/08/2025 22:00,"18,825.80","2,221.57","7,500.50","1,837.93","20,949.19","5,622.19","12,377.80","1,765.27","71,100.26"
06/08/2025 23:00,"17,924.43","2,083.66","7,466.57","1,677.55","18,957.98","5,365.45","11,598.30","1,645.62","66,719.57"
06/08/2025 24:00,"16,910.51","1,900.73","7,449.47","1,576.58","16,077.43","5,073.82","10,698.75","1,529.90","61,217.19"
06/09/2025 01:00,"16,174.35","1,741.21","7,365.72","1,541.29","14,547.79","4,689.94","9,875.32","1,359.00","57,294.62"
06/09/2025 02:00,"15,599.64","1,606.55","7,324.88","1,495.53","13,427.64","4,488.99","9,179.12","1,249.37","54,371.73"
06/09/2025 03:00,"15,113.27","1,498.68","7,223.35","1,455.77","12,700.99","4,363.68","8,677.30","1,192.63","52,225.67"
06/09/2025 04:00,"14,834.43","1,450.43","7,118.77","1,418.57","12,235.43","4,305.06","8,420.13","1,164.94","50,947.76"
06/09/2025 05:00,"14,943.99","1,428.30","7,008.57","1,421.01","12,147.09","4,273.52","8,325.40","1,162.85","50,710.72"
06/09/2025 06:00,"15,193.52","1,446.30","7,080.34","1,413.77","12,474.31","4,339.36","8,227.03","1,178.08","51,352.72"
06/09/2025 07:00,"15,315.14","1,497.44","7,095.64","1,452.77","12,924.04","4,423.20","8,306.01","1,205.83","52,220.09"
06/09/2025 08:00,"14,979.59","1,514.40","7,200.75","1,496.45","13,299.75","4,439.33","8,431.43","1,210.77","52,572.46"
06/09/2025 09:00,"14,978.62","1,620.21","7,270.06","1,542.69","13,917.42","4,576.67","8,703.92","1,266.80","53,876.39"
06/09/2025 10:00,"15,636.59","1,723.65","7,333.02","1,616.25","14,733.77","4,777.17","9,140.02","1,343.40","56,303.85"
06/09/2025 11:00,"16,572.10","1,833.79","7,518.20","1,705.21","15,910.88","5,137.34","9,906.64","1,431.47","60,015.63"
06/09/2025 12:00,"17,666.39","1,978.57","7,642.43","1,788.05","16,997.50","5,511.66","10,721.11","1,534.11","63,839.82"
06/09/2025 13:00,"18,852.52","2,084.33","7,814.64","1,873.70","18,009.75","5,786.39","11,469.58","1,618.09","67,509.00"
06/09/2025 14:00,"20,259.38","2,224.10","7,876.44","1,963.94","19,257.23","6,046.88","12,313.30","1,710.22","71,651.50"
06/09/2025 15:00,"21,182.08","2,353.85","7,839.57","2,018.69","20,276.39","6,218.84","12,964.37","1,790.80","74,644.58"
06/09/2025 16:00,"21,290.10","2,411.81","7,387.72","2,019.37","20,722.84","6,264.53","13,397.91","1,846.31","75,340.59"
06/09/2025 17:00,"21,158.66","2,442.75","7,306.52","2,017.16","20,974.45","6,183.77","13,634.84","1,881.55","75,599.70"
06/09/2025 18:00,"20,613.53","2,440.55","7,365.94","2,049.40","21,279.94","6,007.75","13,797.88","1,885.41","75,440.39"
06/09/2025 19:00,"19,721.93","2,435.83","7,453.84","2,052.46","21,565.54","6,021.67","13,748.47","1,891.57","74,891.31"
06/09/2025 20:00,"19,023.22","2,415.69","7,384.79","2,021.90","20,851.80","5,960.89","13,346.63","1,840.88","72,845.80"
06/09/2025 21:00,"18,538.08","2,296.80","7,178.15","1,956.98","19,824.38","5,743.69","12,763.29","1,752.97","70,054.34"
06/09/2025 22:00,"17,958.74","2,143.48","7,034.59","1,857.73","18,818.63","5,539.24","12,224.90","1,673.54","67,250.84"
06/09/2025 23:00,"17,332.05","2,007.42","7,096.98","1,788.21","17,624.31","5,280.01","11,459.15","1,587.89","64,176.01"
06/09/2025 24:00,"16,528.27","1,843.05","7,110.94","1,714.43","16,166.57","5,001.99","10,581.46","1,522.81","60,469.52"
06/10/2025 01:00,"15,663.32","1,696.00","7,270.92","1,577.41","14,802.47","4,727.31","9,734.90","1,398.53","56,870.86"
06/10/2025 02:00,"14,993.31","1,586.37","7,244.94","1,483.00","13,793.07","4,512.00","9,122.50","1,339.29","54,074.49"
06/10/2025 03:00,"14,412.70","1,509.40","7,063.79","1,453.49","12,964.22","4,374.48","8,690.48","1,291.95","51,760.49"
06/10/2025 04:00,"14,217.94","1,464.03","6,799.34","1,426.26","12,546.17","4,259.95","8,390.04","1,250.81","50,354.53"
06/10/2025 05:00,"14,316.43","1,451.13","6,599.49","1,423.33","12,627.60","4,273.37","8,263.26","1,242.53","50,197.14"
06/10/2025 06:00,"14,601.06","1,502.64","6,809.87","1,467.90","12,969.43","4,301.27","8,360.33","1,223.63","51,236.13"
06/10/2025 07:00,"14,819.41","1,570.34","6,796.03","1,508.61","13,450.71","4,379.78","8,622.24","1,236.73","52,383.86"
06/10/2025 08:00,"15,273.51","1,652.18","6,997.03","1,559.36","14,158.14","4,396.20","8,837.55","1,248.05","54,122.03"
06/10/2025 09:00,"16,169.63","1,803.15","7,224.11","1,606.51","14,901.47","4,530.81","9,114.71","1,254.61","56,604.99"
06/10/2025 10:00,"17,270.00","1,955.52","7,348.63","1,682.21","15,553.50","4,763.72","9,402.13","1,272.87","59,248.59"
06/10/2025 11:00,"18,403.56","2,042.66","7,489.37","1,742.95","15,948.38","5,044.34","9,185.59","1,298.97","61,155.82"
06/10/2025 12:00,"19,350.50","2,079.29","7,440.84","1,786.84","16,023.63","5,342.57","9,230.60","1,344.04","62,598.31"
06/10/2025 13:00,"19,793.97","2,058.78","7,521.13","1,833.62","15,875.69","5,640.27","9,483.38","1,425.37","63,632.22"
06/10/2025 14:00,"19,443.87","1,948.67","7,603.30","1,907.98","15,860.31","5,880.22","10,190.33","1,531.71","64,366.40"
06/10/2025 15:00,"19,696.65","2,034.06","7,632.09","1,947.06","16,029.59","6,052.48","11,084.28","1,619.43","66,095.64"
06/10/2025 16:00,"20,186.17","1,904.62","7,735.01","1,991.40","16,484.51","6,241.61","11,902.71","1,692.22","68,138.25"
06/10/2025 17:00,"20,742.44","1,909.32","7,770.45","2,018.05","16,987.26","6,314.38","12,491.37","1,755.08","69,988.35"
06/10/2025 18:00,"20,654.21","1,946.27","7,503.70","2,034.51","17,198.16","6,283.61","12,811.89","1,753.00","70,185.34"
06/10/2025 19:00,"19,868.78","1,997.29","7,263.37","2,010.19","17,246.66","6,201.43","12,820.54","1,724.19","69,132.44"
06/10/2025 20:00,"19,145.60","1,944.32","7,036.44","1,766.95","16,950.87","6,005.11","12,350.06","1,639.55","66,838.90"
06/10/2025 21:00,"18,806.47","1,921.05","6,888.45","1,468.59","16,729.21","5,930.55","11,864.20","1,575.62","65,184.13"
06/10/2025 22:00,"18,143.80","1,853.53","6,919.21","1,799.03","16,342.91","5,705.65","11,378.29","1,521.95","63,664.37"
06/10/2025 23:00,"17,272.72","1,698.35","7,116.29","1,707.63","15,328.94","5,405.63","10,808.92","1,413.74","60,752.22"
06/10/2025 24:00,"16,442.03","1,547.91","7,108.73","1,649.76","14,106.69","5,088.58","10,062.66","1,302.99","57,309.36"
06/11/2025 01:00,"15,929.25","1,475.49","7,157.71","1,589.93","13,054.00","4,789.46","9,312.92","1,231.32","54,540.08"
06/11/2025 02:00,"15,420.58","1,418.10","7,120.94","1,540.86","12,368.70","4,575.74","8,528.82","1,175.38","52,149.11"
06/11/2025 03:00,"14,992.61","1,393.80","7,069.46","1,488.74","11,882.19","4,333.97","7,983.12","1,141.63","50,285.53"
06/11/2025 04:00,"14,742.86","1,356.33","7,215.53","1,468.11","11,638.52","4,140.68","7,621.71","1,134.82","49,318.57"
06/11/2025 05:00,"14,726.19","1,368.74","6,971.29","1,474.83","11,679.17","4,110.93","7,415.80","1,157.01","48,903.97"
06/11/2025 06:00,"14,910.80","1,412.62","6,785.68","1,468.50","12,074.13","4,108.85","7,464.03","1,164.00","49,388.61"
06/11/2025 07:00,"15,118.40","1,491.24","6,880.26","1,518.39","12,704.42","4,182.44","7,716.37","1,186.27","50,797.79"
06/11/2025 08:00,"15,419.26","1,572.62","7,074.70","1,554.25","13,129.52","4,081.77","7,838.04","1,203.60","51,873.76"
06/11/2025 09:00,"15,801.60","1,649.86","7,284.94","1,610.66","13,501.37","4,081.20","8,033.16","1,271.23","53,234.02"
06/11/2025 10:00,"16,040.56","1,811.67","7,459.10","1,662.30","13,943.79","4,126.89","8,266.64","1,296.56","54,607.51"
06/11/2025 11:00,"15,853.60","1,887.92","7,505.10","1,695.47","14,439.57","4,257.99","8,497.92","1,351.91","55,489.49"
06/11/2025 12:00,"15,347.48","1,861.64","7,559.65","1,731.85","14,828.68","4,427.51","8,843.00","1,393.68","55,993.48"
06/11/2025 13:00,"15,252.01","1,898.91","7,707.64","1,775.27","15,168.73","4,518.45","9,312.85","1,424.76","57,058.62"
06/11/2025 14:00,"15,473.23","1,892.34","7,818.06","1,813.83","15,576.63","4,797.73","9,922.71","1,473.83","58,768.38"
06/11/2025 15:00,"15,764.29","1,835.85","7,903.54","1,848.00","15,865.45","5,128.61","10,465.07","1,520.58","60,331.40"
06/11/2025 16:00,"16,173.38","1,871.11","7,888.28","1,869.37","15,922.42","5,423.16","10,986.93","1,535.91","61,670.57"
06/11/2025 17:00,"16,667.41","1,857.46","7,933.08","1,906.02","15,991.36","5,628.97","11,545.55","1,569.33","63,099.17"
06/11/2025 18:00,"16,705.01","1,986.28","7,901.53","1,909.80","15,884.91","5,699.91","11,770.76","1,543.92","63,402.12"
06/11/2025 19:00,"16,631.55","1,900.92","7,888.26","1,892.62","15,792.27","5,660.18","11,660.84","1,516.62","62,943.26"
06/11/2025 20:00,"16,529.73","1,817.09","7,875.88","1,823.90","15,621.74","5,598.58","11,386.40","1,496.50","62,149.83"
06/11/2025 21:00,"16,598.34","1,797.21","7,448.04","1,342.27","15,698.52","5,475.80","11,025.67","1,470.71","60,856.54"
06/11/2025 22:00,"16,359.90","1,800.58","7,228.04","1,311.80","15,466.75","5,361.24","10,720.12","1,437.14","59,685.57"
06/11/2025 23:00,"15,774.39","1,678.50","7,213.31","1,269.14","14,777.11","5,150.33","10,151.76","1,355.74","57,370.28"
06/11/2025 24:00,"14,959.92","1,582.94","7,175.69","1,604.82","13,662.51","4,836.25","9,476.40","1,265.22","54,563.73"
06/12/2025 01:00,"14,310.25","1,461.15","7,219.74","1,530.55","12,685.63","4,521.14","8,834.62","1,212.47","51,775.55"
06/12/2025 02:00,"13,912.42","1,394.52","7,366.20","1,494.25","12,054.90","4,376.59","8,312.16","1,164.61","50,075.65"
06/12/2025 03:00,"13,655.67","1,402.87","7,380.32","1,474.85","11,613.15","4,325.82","7,850.16","1,130.14","48,832.98"
06/12/2025 04:00,"13,527.82","1,376.41","7,389.14","1,445.79","11,328.31","4,268.39","7,493.03","1,129.44","47,958.33"
06/12/2025 05:00,"13,523.02","1,389.71","7,260.76","1,426.19","11,351.67","4,233.18","7,230.33","1,162.49","47,577.36"
06/12/2025 06:00,"13,802.73","1,424.11","7,196.00","1,442.07","11,788.86","4,251.37","7,250.54","1,186.81","48,342.50"
06/12/2025 07:00,"14,229.99","1,457.30","7,439.86","1,476.38","12,380.61","4,349.30","7,469.56","1,226.57","50,029.57"
06/12/2025 08:00,"14,240.70","1,488.57","7,411.09","1,527.61","12,813.70","4,391.44","7,658.29","1,251.42","50,782.82"
06/12/2025 09:00,"14,085.09","1,520.39","7,626.34","1,562.96","13,237.68","4,529.99","7,846.99","1,298.23","51,707.67"
06/12/2025 10:00,"14,083.98","1,600.65","7,689.56","1,603.53","13,639.44","4,731.72","8,015.10","1,364.38","52,728.35"
06/12/2025 11:00,"14,212.63","1,679.07","7,821.69","1,644.17","14,089.44","4,998.41","8,220.34","1,426.10","54,091.85"
06/12/2025 12:00,"14,346.49","1,636.96","7,916.86","1,710.30","14,721.32","5,286.49","8,347.91","1,522.42","55,488.74"
06/12/2025 13:00,"14,445.62","1,697.95","8,021.45","1,768.80","15,261.04","5,537.70","8,481.47","1,607.38","56,821.41"
06/12/2025 14:00,"14,629.17","1,818.46","8,036.18","1,830.44","15,866.63","5,723.91","8,499.03","1,688.49","58,092.29"
06/12/2025 15:00,"15,057.85","1,728.09","8,150.84","1,899.91","16,606.61","5,860.18","8,653.28","1,749.01","59,705.78"
06/12/2025 16:00,"15,293.76","1,744.54","8,249.84","1,957.92","17,282.04","5,769.34","8,890.29","1,799.24","60,986.97"
06/12/2025 17:00,"15,598.70","1,778.64","8,243.74","1,999.45","17,927.25","5,799.43","9,179.34","1,816.14","62,342.67"
06/12/2025 18:00,"15,978.76","1,864.72","8,212.22","2,018.86","18,369.73","5,697.51","9,633.20","1,799.37","63,574.37"
06/12/2025 19:00,"15,800.13","1,868.55","8,027.62","2,022.35","18,484.11","5,528.32","9,845.14","1,790.64","63,366.86"
06/12/2025 20:00,"15,617.20","1,848.56","7,878.61","1,848.29","18,160.61","5,143.73","9,763.36","1,759.24","62,019.59"
06/12/2025 21:00,"15,532.84","1,824.29","7,799.57","1,845.09","17,458.77","4,710.83","9,496.28","1,683.18","60,350.85"
06/12/2025 22:00,"15,369.55","1,785.68","7,746.43","1,794.22","16,956.65","4,645.89","9,299.00","1,611.04","59,208.47"
06/12/2025 23:00,"14,805.38","1,695.89","7,617.42","1,700.16","15,881.92","4,495.31","8,796.87","1,520.77","56,513.71"
06/12/2025 24:00,"14,224.20","1,571.72","7,594.33","1,648.97","14,659.61","4,376.70","8,191.50","1,435.16","53,702.20"
06/13/2025 01:00,"13,762.46","1,466.96","7,506.38","1,592.51","13,608.34","4,176.51","7,620.14","1,354.71","51,088.01"
06/13/2025 02:00,"13,373.36","1,398.28","7,456.62","1,535.64","12,787.19","4,051.33","7,207.49","1,310.10","49,120.02"
06/13/2025 03:00,"13,119.70","1,361.08","7,384.94","1,505.64","12,283.71","3,939.79","6,901.63","1,282.63","47,779.12"
06/13/2025 04:00,"12,919.94","1,322.24","7,366.50","1,479.86","11,924.22","3,861.00","6,701.80","1,249.14","46,824.70"
06/13/2025 05:00,"12,990.15","1,313.05","7,353.92","1,469.25","11,896.68","3,833.71","6,658.96","1,224.96","46,740.68"
06/13/2025 06:00,"13,303.67","1,294.63","7,350.64","1,479.59","12,238.61","3,906.47","6,746.74","1,227.43","47,547.78"
06/13/2025 07:00,"13,673.48","1,327.66","7,259.80","1,503.53","12,682.62","4,028.91","6,983.78","1,257.99","48,717.78"
06/13/2025 08:00,"14,257.77","1,407.65","7,263.22","1,543.96","13,146.35","4,095.05","7,315.86","1,289.99","50,319.85"
06/13/2025 09:00,"15,385.55","1,593.42","7,530.95","1,609.94","13,903.69","4,291.13","7,700.83","1,337.52","53,353.02"
06/13/2025 10:00,"16,648.50","1,740.21","7,692.58","1,686.61","14,890.67","4,618.34","8,251.82","1,396.50","56,925.23"
06/13/2025 11:00,"17,867.33","1,892.37","7,787.59","1,755.75","16,019.93","4,916.60","8,939.20","1,466.55","60,645.32"
06/13/2025 12:00,"18,889.70","2,073.53","7,874.08","1,823.80","17,218.54","5,224.40","9,830.99","1,542.55","64,477.61"
06/13/2025 13:00,"19,496.70","2,189.71","7,944.92","1,909.19","18,465.64","5,495.60","10,623.85","1,623.65","67,749.25"
06/13/2025 14:00,"19,710.89","2,386.51","7,902.46","1,996.83","19,717.75","5,764.85","11,286.08","1,715.96","70,481.33"
06/13/2025 15:00,"19,859.44","2,470.92","7,911.81","2,089.33","20,839.68","5,953.38","11,888.34","1,818.38","72,831.29"
06/13/2025 16:00,"19,635.71","2,521.21","7,926.11","2,160.92","21,819.62","6,099.20","12,466.02","1,881.78","74,510.57"
06/13/2025 17:00,"19,652.63","2,515.73","7,900.30","2,208.03","22,396.44","6,172.74","12,875.76","1,920.21","75,641.84"
06/13/2025 18:00,"19,604.80","2,426.09","7,778.11","2,210.81","22,453.20","6,116.49","13,010.20","1,915.23","75,514.92"
06/13/2025 19:00,"19,188.72","2,291.56","7,700.91","1,808.66","22,363.44","6,098.84","12,922.89","1,922.34","74,297.36"
06/13/2025 20:00,"18,525.00","2,166.40","7,542.83","1,711.14","21,729.73","5,982.25","12,515.50","1,888.82","72,061.66"
06/13/2025 21:00,"17,896.35","2,001.26","7,437.54","1,582.97","20,688.57","5,784.44","11,911.88","1,805.53","69,108.54"
06/13/2025 22:00,"17,466.59","1,924.90","7,529.35","1,571.64","19,918.76","5,548.13","11,443.31","1,692.84","67,095.52"
06/13/2025 23:00,"16,811.27","1,858.67","7,403.70","1,828.67","18,461.83","5,305.12","10,720.09","1,607.71","63,997.07"
06/13/2025 24:00,"16,344.01","1,712.90","7,316.28","1,710.73","16,963.69","5,091.92","9,929.93","1,526.45","60,595.91"
06/14/2025 01:00,"15,709.84","1,583.06","7,352.68","1,635.06","15,566.83","4,816.31","9,232.46","1,460.72","57,356.95"
06/14/2025 02:00,"15,060.50","1,503.59","7,297.53","1,573.69","14,367.50","4,611.24","8,660.86","1,392.42","54,467.32"
06/14/2025 03:00,"14,535.65","1,430.78","7,161.67","1,542.37","13,430.91","4,435.64","8,276.70","1,333.62","52,147.34"
06/14/2025 04:00,"14,316.34","1,389.68","7,218.08","1,524.66","12,977.90","4,355.79","8,051.18","1,316.02","51,149.65"
06/14/2025 05:00,"14,198.42","1,380.16","7,261.13","1,511.23","12,734.08","4,280.88","7,876.89","1,294.73","50,537.52"
06/14/2025 06:00,"14,269.80","1,382.92","7,295.22","1,478.40","12,694.23","4,245.55","7,914.17","1,289.21","50,569.49"
06/14/2025 07:00,"14,211.33","1,382.96","7,311.18","1,483.36","12,585.38","4,256.77","7,962.89","1,326.90","50,520.77"
06/14/2025 08:00,"14,380.08","1,421.11","7,371.43","1,520.33","13,066.79","4,260.98","8,074.60","1,343.66","51,438.98"
06/14/2025 09:00,"14,767.99","1,554.30","7,550.83","1,614.03","14,261.17","4,459.97","8,561.81","1,397.81","54,167.93"
06/14/2025 10:00,"15,002.94","1,667.29","7,660.74","1,719.52","15,739.93","4,763.57","9,259.22","1,461.45","57,274.65"
06/14/2025 11:00,"15,569.48","1,936.77","7,771.86","1,857.83","17,294.35","5,084.72","9,971.93","1,510.08","60,997.01"
06/14/2025 12:00,"16,009.19","2,062.22","7,829.95","1,986.46","18,774.20","5,373.01","10,612.06","1,599.02","64,246.10"
06/14/2025 13:00,"16,464.87","2,147.73","7,944.68","2,104.60","20,211.64","5,648.20","11,238.93","1,707.35","67,468.00"
06/14/2025 14:00,"17,288.33","2,316.54","7,935.12","2,191.74","21,289.17","5,853.09","11,733.86","1,792.87","70,400.72"
06/14/2025 15:00,"18,089.46","2,372.81","7,966.42","2,254.17","22,029.23","5,986.40","12,134.02","1,854.51","72,687.02"
06/14/2025 16:00,"18,595.15","2,399.70","7,934.69","2,299.39","22,616.74","6,095.25","11,931.61","1,916.80","73,789.33"
06/14/2025 17:00,"19,100.48","2,481.88","7,830.99","2,326.02","22,984.48","6,158.06","11,619.30","1,971.99","74,473.19"
06/14/2025 18:00,"19,165.58","2,524.77","7,747.05","2,307.29","23,049.22","6,077.51","11,668.91","1,975.62","74,515.95"
06/14/2025 19:00,"18,850.77","2,449.79","7,651.33","2,279.14","22,685.36","5,991.20","11,753.73","1,936.55","73,597.85"
06/14/2025 20:00,"18,409.49","2,346.87","7,405.82","2,198.13","21,949.91","5,800.52","11,564.90","1,863.78","71,539.42"
06/14/2025 21:00,"17,960.74","2,243.16","7,338.75","2,081.19","20,833.12","5,628.10","11,071.05","1,793.07","68,949.18"
06/14/2025 22:00,"17,614.41","2,150.47","7,474.25","2,019.81","19,960.62","5,517.16","10,717.75","1,759.70","67,214.16"
06/14/2025 23:00,"16,986.12","2,026.70","7,472.62","1,921.49","18,716.65","5,298.42","10,237.97","1,668.45","64,328.43"
06/14/2025 24:00,"16,292.71","1,843.36","7,534.97","1,869.25","17,375.06","4,992.17","9,689.64","1,576.41","61,173.57"
06/15/2025 01:00,"15,621.30","1,683.54","7,555.20","1,775.63","16,154.01","4,766.23","9,202.18","1,499.81","58,257.88"
06/15/2025 02:00,"15,064.63","1,667.93","7,536.76","1,707.92","15,189.77","4,599.76","8,775.66","1,441.49","55,983.91"
06/15/2025 03:00,"14,610.00","1,610.89","7,480.50","1,649.60","14,360.86","4,471.76","8,452.87","1,401.62","54,038.10"
06/15/2025 04:00,"14,312.95","1,569.39","7,486.31","1,600.92","13,794.24","4,358.16","8,251.56","1,377.95","52,751.47"
06/15/2025 05:00,"14,173.65","1,522.73","7,373.15","1,571.29","13,456.34","4,284.25","8,086.43","1,357.70","51,825.54"
06/15/2025 06:00,"14,082.08","1,523.22","7,415.37","1,548.02","13,311.67","4,263.63","8,039.53","1,341.59","51,525.11"
06/15/2025 07:00,"13,980.47","1,520.75","7,413.33","1,529.46","13,175.14","4,206.87","7,983.26","1,328.35","51,137.64"
06/15/2025 08:00,"14,267.46","1,495.46","7,421.96","1,559.21","13,540.38","4,196.33","8,083.40","1,315.14","51,879.35"
06/15/2025 09:00,"15,201.13","1,639.17","7,518.05","1,576.06","14,366.89","4,432.65","8,507.38","1,391.11","54,632.43"
06/15/2025 10:00,"16,354.59","1,844.15","7,601.67","1,605.21","15,240.47","4,753.64","9,194.34","1,472.24","58,066.32"
06/15/2025 11:00,"17,561.29","1,974.86","7,709.49","1,640.16","15,447.95","5,012.67","9,927.80","1,517.19","60,791.40"
06/15/2025 12:00,"18,653.38","2,144.64","7,913.37","1,671.40","15,271.71","5,303.02","10,684.34","1,548.66","63,190.50"
06/15/2025 13:00,"19,284.26","2,379.74","8,096.09","1,677.51","15,275.97","5,503.72","11,337.42","1,558.30","65,113.02"
06/15/2025 14:00,"19,831.98","2,347.17","8,055.39","1,690.05","15,321.65","5,741.44","11,910.01","1,562.48","66,460.17"
06/15/2025 15:00,"19,573.47","2,263.08","7,862.47","1,739.96","15,331.16","5,836.44","12,180.08","1,567.94","66,354.61"
06/15/2025 16:00,"18,667.04","2,010.98","7,784.37","1,809.58","15,844.47","5,958.99","11,647.71","1,631.65","65,354.80"
06/15/2025 17:00,"17,793.57","1,910.87","7,778.29","1,886.60","16,727.03","5,982.75","11,167.24","1,673.47","64,919.82"
06/15/2025 18:00,"17,099.72","1,929.42","7,741.26","1,954.28","17,276.81","5,920.35","10,147.64","1,698.47","63,767.95"
06/15/2025 19:00,"16,367.40","1,885.92","7,605.65","1,970.04","17,360.86","5,889.11","9,493.26","1,709.03","62,281.27"
06/15/2025 20:00,"15,702.79","1,770.52","7,547.16","1,930.19","17,285.89","5,746.85","9,217.96","1,661.35","60,862.70"
06/15/2025 21:00,"15,366.74","1,750.21","7,588.45","1,878.58","16,858.52","5,594.94","9,061.42","1,601.48","59,700.35"
06/15/2025 22:00,"15,048.08","1,744.71","7,895.38","1,853.84","16,509.33","5,397.21","8,984.69","1,577.14","59,010.37"
06/15/2025 23:00,"14,551.81","1,644.17","7,720.89","1,761.61","15,588.70","5,075.44","8,574.40","1,491.34","56,408.36"
06/15/2025 24:00,"13,951.78","1,529.93","7,557.45","1,665.20","14,378.65","4,770.62","7,995.53","1,401.80","53,250.96"
06/16/2025 01:00,"13,438.56","1,430.93","7,516.93","1,606.96","13,423.18","4,406.69","7,476.50","1,316.36","50,616.12"
06/16/2025 02:00,"13,031.15","1,365.39","7,461.97","1,539.39","12,591.87","4,227.11","7,096.56","1,264.78","48,578.22"
06/16/2025 03:00,"12,790.98","1,320.49","7,427.86","1,484.92","11,999.66","4,121.04","6,847.52","1,226.45","47,218.92"
06/16/2025 04:00,"12,746.97","1,317.03","7,399.33","1,471.19","11,737.52","4,052.97","6,740.00","1,205.35","46,670.36"
06/16/2025 05:00,"12,939.66","1,313.98","7,391.98","1,465.16","11,801.66","4,015.39","6,772.44","1,198.55","46,898.83"
06/16/2025 06:00,"13,252.00","1,373.72","7,289.49","1,492.35","12,195.11","4,081.21","6,952.42","1,202.64","47,838.96"
06/16/2025 07:00,"13,589.45","1,449.40","7,345.62","1,531.25","12,683.43","4,151.39","7,267.39","1,241.64","49,259.58"
06/16/2025 08:00,"14,043.63","1,535.34","7,265.18","1,564.22","13,245.66","4,154.15","7,561.38","1,287.65","50,657.21"
06/16/2025 09:00,"14,956.91","1,614.50","7,585.05","1,654.27","14,304.09","4,242.06","8,032.91","1,352.90","53,742.68"
06/16/2025 10:00,"16,021.40","1,706.74","7,709.93","1,741.16","15,449.88","4,380.15","8,650.87","1,441.67","57,101.79"
06/16/2025 11:00,"17,294.03","1,896.92","7,896.11","1,840.37","16,803.94","4,637.69","9,370.52","1,527.67","61,267.25"
06/16/2025 12:00,"18,511.34","2,076.90","8,097.21","1,948.72","18,217.26","4,882.66","10,186.46","1,630.64","65,551.19"
06/16/2025 13:00,"19,471.04","2,347.20","8,236.26","2,041.63","19,638.32","4,993.53","10,938.08","1,724.62","69,390.68"
06/16/2025 14:00,"20,182.48","2,479.69","8,257.22","2,134.72","21,125.54","4,993.40","11,618.19","1,832.79","72,624.04"
06/16/2025 15:00,"20,016.27","2,565.04","8,235.20","2,192.30","22,342.20","4,997.09","12,113.31","1,915.87","74,377.28"
06/16/2025 16:00,"19,313.82","2,607.97","8,079.12","2,229.28","23,387.97","5,027.65","12,585.37","1,977.47","75,208.65"
06/16/2025 17:00,"18,970.57","2,603.99","7,813.89","2,256.40","23,923.99","5,041.56","12,973.16","1,990.21","75,573.76"
06/16/2025 18:00,"18,472.56","2,622.05","7,586.07","2,276.51","24,284.99","4,996.36","13,230.74","1,988.68","75,457.97"
06/16/2025 19:00,"17,772.75","2,622.96","7,532.56","2,277.37","24,164.96","5,093.39","13,203.43","1,947.76","74,615.19"
06/16/2025 20:00,"17,336.29","2,540.38","7,653.30","2,256.07","23,562.48","5,099.85","12,817.16","1,901.31","73,166.83"
06/16/2025 21:00,"16,912.07","2,374.39","7,292.12","2,170.50","22,081.00","4,925.80","12,093.34","1,790.91","69,640.13"
06/16/2025 22:00,"16,801.65","2,265.87","7,271.78","2,108.49","21,636.70","4,909.21","11,541.77","1,727.04","68,262.52"
06/16/2025 23:00,"16,335.43","2,138.63","7,612.64","1,998.11","20,471.60","4,735.14","10,696.20","1,629.55","65,617.29"
06/16/2025 24:00,"15,513.97","1,960.79","7,574.32","1,895.81","18,824.83","4,441.70","9,766.94","1,523.55","61,501.92"
06/17/2025 01:00,"14,720.13","1,802.23","7,484.10","1,790.31","17,376.47","4,195.23","8,928.24","1,409.65","57,706.37"
06/17/2025 02:00,"14,137.35","1,694.33","7,433.81","1,707.20","16,260.02","4,000.36","8,301.31","1,347.12","54,881.49"
06/17/2025 03:00,"13,710.53","1,627.72","7,364.64","1,668.57","15,391.83","3,884.80","7,906.38","1,285.74","52,840.20"
06/17/2025 04:00,"13,544.50","1,562.45","7,315.08","1,631.11","14,772.08","3,784.00","7,682.75","1,249.46","51,541.42"
06/17/2025 05:00,"13,646.73","1,527.56","7,167.55","1,610.37","14,465.92","3,802.09","7,593.69","1,240.16","51,054.06"
06/17/2025 06:00,"14,053.13","1,588.19","7,134.19","1,619.61","14,634.64","3,839.77","7,706.21","1,244.86","51,820.60"
06/17/2025 07:00,"14,441.56","1,629.46","7,152.77","1,641.59","14,882.53","3,929.00","7,942.86","1,260.32","52,880.09"
06/17/2025 08:00,"15,005.70","1,694.71","7,216.98","1,697.08","15,421.15","3,975.81","8,242.85","1,277.82","54,532.10"
06/17/2025 09:00,"15,985.55","1,816.93","7,486.66","1,771.25","16,261.89","4,193.15","8,744.19","1,319.19","57,578.83"
06/17/2025 10:00,"17,201.91","1,908.46","7,622.54","1,846.38","17,388.67","4,499.91","9,329.10","1,395.65","61,192.62"
06/17/2025 11:00,"18,358.26","2,119.83","7,671.63","1,924.38","18,582.14","4,808.57","9,983.37","1,477.65","64,925.83"
06/17/2025 12:00,"19,423.52","2,281.06","7,732.12","2,027.04","19,789.51","5,138.00","10,674.47","1,581.62","68,647.35"
06/17/2025 13:00,"20,240.91","2,445.84","7,803.20","2,123.97","20,902.25","5,408.70","11,304.53","1,668.00","71,897.41"
06/17/2025 14:00,"20,931.16","2,663.52","7,815.76","2,217.80","21,912.45","5,589.35","11,880.72","1,808.33","74,819.08"
06/17/2025 15:00,"21,089.53","2,710.52","7,533.73","2,275.30","22,242.26","5,707.69","12,384.78","1,878.46","75,822.28"
06/17/2025 16:00,"20,901.74","2,653.67","7,350.98","2,300.29","22,266.80","5,783.60","12,749.50","1,926.78","75,933.37"
06/17/2025 17:00,"20,827.19","2,574.96","7,187.02","2,309.37","22,439.91","5,786.19","12,755.02","1,935.11","75,814.76"
06/17/2025 18:00,"20,501.17","2,567.92","7,140.04","2,322.19","22,647.58","5,778.09","12,891.02","1,931.40","75,779.42"
06/17/2025 19:00,"20,212.17","2,568.33","7,148.93","2,312.48","22,744.12","5,829.41","13,097.96","1,928.15","75,841.55"
06/17/2025 20:00,"19,958.41","2,555.17","7,223.49","2,082.77","22,637.05","5,797.46","12,883.70","1,902.55","75,040.60"
06/17/2025 21:00,"19,557.51","2,497.34","7,419.87","1,769.74","22,158.46","5,734.32","12,394.83","1,851.22","73,383.29"
06/17/2025 22:00,"18,867.94","2,371.41","7,489.80","2,077.36","21,319.32","5,536.38","11,860.47","1,781.67","71,304.35"
06/17/2025 23:00,"17,885.70","2,227.76","7,507.77","1,988.29","19,985.64","5,233.01","11,228.94","1,662.22","67,719.34"
06/17/2025 24:00,"16,852.32","2,054.10","7,540.84","1,929.12","18,461.90","4,887.66","10,312.78","1,549.41","63,588.13"
06/18/2025 01:00,"16,085.31","1,899.88","7,485.73","1,836.98","17,143.35","4,581.77","9,491.15","1,468.85","59,993.02"
06/18/2025 02:00,"15,449.41","1,782.53","7,416.76","1,771.21","16,103.32","4,361.25","8,958.27","1,399.48","57,242.23"
06/18/2025 03:00,"15,023.09","1,712.92","7,377.20","1,712.77","15,332.74","4,153.16","8,631.58","1,355.13","55,298.60"
06/18/2025 04:00,"14,795.65","1,659.38","7,440.08","1,660.96","14,856.57","3,938.89","8,489.91","1,325.18","54,166.63"
06/18/2025 05:00,"14,843.20","1,655.21","7,291.66","1,641.70","14,802.15","3,906.39","8,442.20","1,316.50","53,899.02"
06/18/2025 06:00,"15,069.90","1,670.83","7,167.19","1,650.91","14,982.29","3,933.08","8,508.57","1,316.15","54,298.92"
06/18/2025 07:00,"15,319.81","1,725.28","7,153.19","1,664.97","15,332.20","4,079.31","8,620.70","1,320.52","55,215.98"
06/18/2025 08:00,"15,722.47","1,777.83","7,314.46","1,685.22","15,696.40","4,168.41","8,790.98","1,304.81","56,460.59"
06/18/2025 09:00,"16,653.42","1,900.02","7,533.53","1,749.32","16,402.71","4,434.80","9,247.40","1,376.92","59,298.12"
06/18/2025 10:00,"17,681.13","2,030.88","7,621.70","1,834.06","17,116.34","4,753.39","9,768.94","1,479.20","62,285.63"
06/18/2025 11:00,"18,709.24","2,164.65","7,756.62","1,920.66","18,084.01","5,074.62","10,313.89","1,559.81","65,583.51"
06/18/2025 12:00,"19,590.15","2,331.88","7,916.60","2,017.36","19,079.20","5,360.32","10,871.28","1,644.43","68,811.21"
06/18/2025 13:00,"20,330.15","2,467.48","8,019.62","2,113.47","20,392.62","5,551.65","11,398.87","1,715.84","71,989.69"
06/18/2025 14:00,"20,846.04","2,568.71","7,996.99","2,176.64","21,505.75","5,749.52","11,923.50","1,765.98","74,533.12"
06/18/2025 15:00,"21,129.58","2,592.49","7,641.49","2,197.52","22,026.48","5,882.06","12,364.10","1,785.92","75,619.64"
06/18/2025 16:00,"21,025.26","2,564.31","7,498.28","2,224.82","22,114.93","5,926.46","12,736.02","1,793.89","75,883.97"
06/18/2025 17:00,"20,741.73","2,555.76","7,470.19","2,248.76","22,365.15","5,967.37","12,718.74","1,780.16","75,847.86"
06/18/2025 18:00,"20,584.50","2,529.69","7,430.84","2,251.66","22,604.63","5,943.16","12,829.97","1,798.20","75,972.66"
06/18/2025 19:00,"20,285.21","2,577.47","7,496.76","2,254.13","22,641.13","5,830.96","12,908.10","1,835.19","75,828.94"
06/18/2025 20:00,"19,804.53","2,530.35","7,645.52","2,193.06","22,334.87","5,817.37","12,675.50","1,807.45","74,808.65"
06/18/2025 21:00,"19,422.07","2,437.19","7,663.45","1,692.03","21,645.20","5,674.33","12,141.58","1,751.53","72,427.38"
06/18/2025 22:00,"19,009.95","2,330.63","7,641.20","1,643.31","21,031.27","5,559.43","11,775.10","1,714.72","70,705.62"
06/18/2025 23:00,"18,229.19","2,180.81","7,630.71","1,574.63","19,926.69","5,344.58","11,147.85","1,622.50","67,656.95"
06/18/2025 24:00,"17,180.53","2,002.79","7,541.31","1,889.98","18,314.85","4,977.27","10,369.89","1,537.00","63,813.62"
06/19/2025 01:00,"16,333.60","1,834.48","7,584.99","1,816.49","16,950.33","4,624.20","9,685.37","1,477.05","60,306.51"
06/19/2025 02:00,"15,653.24","1,743.42","7,618.23","1,731.09","15,906.15","4,392.31","9,216.46","1,403.33","57,664.23"
06/19/2025 03:00,"15,153.05","1,686.99","7,562.68","1,663.07","15,060.82","4,286.66","8,858.97","1,357.92","55,630.17"
06/19/2025 04:00,"14,877.17","1,647.23","7,481.39","1,619.29","14,448.51","4,171.84","8,572.08","1,328.48","54,146.00"
06/19/2025 05:00,"14,844.26","1,608.67","7,424.71","1,618.91","14,198.51","4,106.00","8,482.32","1,311.06","53,594.43"
06/19/2025 06:00,"15,046.40","1,663.22","7,342.61","1,628.89","14,384.50","4,112.31","8,511.03","1,310.09","53,999.05"
06/19/2025 07:00,"15,183.46","1,718.67","7,428.89","1,648.29","14,587.59","4,194.33","8,608.17","1,316.48","54,685.90"
06/19/2025 08:00,"15,642.17","1,791.80","7,441.11","1,704.86","15,117.75","4,262.24","8,838.35","1,333.58","56,131.85"
06/19/2025 09:00,"16,639.08","1,891.30","7,522.26","1,785.37","16,167.81","4,492.77","9,292.85","1,392.97","59,184.41"
06/19/2025 10:00,"17,692.85","2,041.76","7,625.37","1,860.66","17,432.35","4,786.88","9,858.03","1,461.16","62,759.05"
06/19/2025 11:00,"18,805.31","2,215.83","7,709.19","1,968.38","18,839.17","5,088.97","10,468.94","1,530.19","66,625.98"
06/19/2025 12:00,"19,862.16","2,370.30","7,812.63","2,080.05","20,187.85","5,266.43","11,160.02","1,615.94","70,355.38"
06/19/2025 13:00,"20,753.58","2,508.17","7,881.24","2,192.52","21,346.41","5,503.89","11,754.59","1,708.17","73,648.58"
06/19/2025 14:00,"21,301.89","2,601.89","7,686.47","2,250.20","22,128.61","5,727.82","12,371.48","1,773.20","75,841.55"
06/19/2025 15:00,"21,329.24","2,605.80","7,338.22","2,257.86","22,137.01","5,791.15","12,714.60","1,797.55","75,971.43"
06/19/2025 16:00,"21,398.76","2,633.98","7,282.60","2,303.78","22,693.16","5,684.39","13,009.46","1,840.19","76,846.33"
06/19/2025 17:00,"21,251.30","2,658.59","7,239.88","2,316.40","23,031.73","5,729.43","13,250.17","1,873.50","77,351.00"
06/19/2025 18:00,"20,967.11","2,647.65","7,210.62","2,317.33","23,151.20","5,570.17","13,492.61","1,876.15","77,232.85"
06/19/2025 19:00,"20,517.64","2,662.33","7,232.94","2,323.67","23,126.38","5,510.42","13,543.18","1,881.92","76,798.47"
06/19/2025 20:00,"20,253.33","2,627.27","7,364.53","2,167.86","23,060.43","5,460.52","13,273.05","1,864.26","76,071.25"
06/19/2025 21:00,"19,838.97","2,528.33","7,450.14","2,152.68","22,165.41","5,259.95","12,691.51","1,788.68","73,875.67"
06/19/2025 22:00,"19,330.04","2,405.00","7,492.85","2,074.02","21,330.86","5,181.74","12,272.52","1,719.49","71,806.53"
06/19/2025 23:00,"18,551.84","2,205.01","7,695.97","1,971.82","20,158.68","5,003.22","11,581.65","1,643.95","68,812.14"
06/19/2025 24:00,"17,654.07","2,043.27","7,711.26","1,895.13","18,756.12","4,757.74","10,785.09","1,549.82","65,152.50"
06/20/2025 01:00,"16,835.57","1,911.86","7,653.03","1,880.29","17,445.64","4,508.35","10,045.35","1,465.73","61,745.83"
06/20/2025 02:00,"16,172.97","1,830.71","7,639.12","1,801.85","16,438.85","4,353.16","9,470.13","1,412.28","59,119.07"
06/20/2025 03:00,"15,649.97","1,776.34","7,600.53","1,750.80","15,740.37","4,203.69","9,030.01","1,377.07","57,128.78"
06/20/2025 04:00,"15,290.83","1,725.74","7,591.56","1,709.68","15,253.88","4,074.61","8,751.88","1,340.17","55,738.35"
06/20/2025 05:00,"15,158.38","1,719.04","7,564.39","1,697.32","15,109.85","3,998.33","8,613.49","1,310.31","55,171.10"
06/20/2025 06:00,"15,314.21","1,747.43","7,566.96","1,713.30","15,314.88","4,006.49","8,602.70","1,305.96","55,571.93"
06/20/2025 07:00,"15,450.94","1,779.27","7,455.60","1,729.48","15,539.71","4,077.15","8,717.89","1,322.06","56,072.11"
06/20/2025 08:00,"15,863.82","1,842.26","7,419.57","1,779.03","16,014.84","4,105.34","8,933.51","1,353.75","57,312.13"
06/20/2025 09:00,"16,912.13","1,952.78","7,623.09","1,868.33","17,011.65","4,266.55","9,393.22","1,417.42","60,445.18"
06/20/2025 10:00,"18,024.04","2,086.47","7,851.40","1,971.16","18,245.51","4,466.44","9,977.34","1,494.89","64,117.26"
06/20/2025 11:00,"19,081.59","2,245.42","7,965.30","2,066.80","19,449.22","4,712.63","10,618.18","1,552.66","67,691.81"
06/20/2025 12:00,"19,949.45","2,397.92","8,045.63","2,151.67","20,666.89","4,975.11","11,251.36","1,625.22","71,063.25"
06/20/2025 13:00,"20,748.68","2,527.76","8,100.39","2,236.87","21,732.65","5,220.55","11,927.09","1,701.62","74,195.61"
06/20/2025 14:00,"21,391.70","2,622.35","7,914.60","2,299.13","22,460.17","5,331.41","12,470.77","1,777.52","76,267.66"
06/20/2025 15:00,"21,583.14","2,679.78","7,611.79","2,335.63","22,614.11","5,327.80","12,839.99","1,828.39","76,820.63"
06/20/2025 16:00,"21,467.71","2,661.20","7,415.33","2,371.99","22,880.62","5,278.27","12,983.66","1,872.22","76,931.01"
06/20/2025 17:00,"21,255.31","2,676.43","7,289.04","2,369.71","23,110.01","5,254.00","13,160.83","1,891.97","77,007.30"
06/20/2025 18:00,"20,897.58","2,659.62","7,120.77","2,358.34","23,140.30","5,167.31","13,260.64","1,896.73","76,501.30"
06/20/2025 19:00,"20,634.10","2,680.44","7,278.56","2,360.54","23,201.21","5,050.66","13,314.24","1,903.18","76,422.93"
06/20/2025 20:00,"20,454.63","2,593.92","7,376.75","2,342.49","23,049.32","5,013.32","12,872.11","1,869.97","75,572.50"
06/20/2025 21:00,"19,946.41","2,464.73","7,644.55","2,223.14","21,921.23","4,966.44","12,066.25","1,805.21","73,037.95"
06/20/2025 22:00,"19,367.60","2,410.93","7,692.69","2,156.86","21,412.01","4,798.47","11,602.48","1,726.94","71,167.96"
06/20/2025 23:00,"18,417.07","2,278.24","7,627.85","2,059.48","20,238.24","4,626.85","11,139.61","1,650.74","68,038.07"
06/20/2025 24:00,"17,503.69","2,128.13","7,584.82","1,960.70","19,039.42","4,440.18","10,421.46","1,576.85","64,655.25"
06/21/2025 01:00,"16,649.74","1,979.50","7,635.89","1,875.26","17,865.87","4,160.98","9,756.19","1,492.39","61,415.82"
06/21/2025 02:00,"15,977.40","1,841.97","7,571.60","1,833.62","16,844.22","3,983.72","9,165.36","1,431.92","58,649.83"
06/21/2025 03:00,"15,473.36","1,767.85","7,561.92","1,815.95","16,001.68","3,861.16","8,739.93","1,383.98","56,605.83"
06/21/2025 04:00,"15,061.14","1,696.25","7,518.92","1,772.31","15,323.37","3,766.24","8,386.39","1,344.46","54,869.08"
06/21/2025 05:00,"14,768.00","1,628.42","7,480.99","1,747.09","14,851.25","3,701.92","8,167.60","1,314.63","53,659.90"
06/21/2025 06:00,"14,668.09","1,591.82","7,476.00","1,736.63","14,665.40","3,670.63","8,042.82","1,295.07","53,146.46"
06/21/2025 07:00,"14,511.14","1,605.58","7,437.73","1,716.78","14,537.53","3,701.89","8,032.33","1,282.66","52,825.64"
06/21/2025 08:00,"14,779.43","1,624.72","7,450.14","1,737.71","14,858.46","3,726.44","8,130.97","1,292.20","53,600.08"
06/21/2025 09:00,"15,841.11","1,777.19","7,719.68","1,822.56","15,826.63","3,942.73","8,600.28","1,356.61","56,886.80"
06/21/2025 10:00,"17,129.88","1,946.37","7,880.40","1,928.18","17,040.10","4,297.02","9,259.41","1,423.58","60,904.93"
06/21/2025 11:00,"18,315.01","2,132.16","7,961.12","2,018.15","18,266.71","4,618.25","9,899.12","1,494.40","64,704.91"
06/21/2025 12:00,"19,282.27","2,273.96","8,040.11","2,110.25","19,304.62","4,834.44","10,484.23","1,561.48","67,891.36"
06/21/2025 13:00,"20,054.35","2,407.10","8,100.73","2,192.47","20,308.61","5,039.04","11,062.96","1,630.04","70,795.31"
06/21/2025 14:00,"20,488.45","2,485.54","7,935.16","2,261.54","20,901.14","5,075.78","11,327.62","1,684.99","72,160.21"
06/21/2025 15:00,"20,815.26","2,571.25","7,842.61","2,323.21","21,433.27","5,037.68","11,591.25","1,716.19","73,330.73"
06/21/2025 16:00,"21,043.63","2,630.18","7,923.15","2,371.12","21,996.20","5,107.90","11,985.60","1,768.85","74,826.63"
06/21/2025 17:00,"21,125.63","2,657.74","7,881.10","2,408.82","22,498.26","5,158.03","12,051.20","1,812.78","75,593.56"
06/21/2025 18:00,"21,011.04","2,663.17","7,773.44","2,429.19","22,625.55","5,127.44","12,115.56","1,827.12","75,572.51"
06/21/2025 19:00,"20,651.49","2,627.15","7,685.96","2,412.90","22,378.05","5,117.75","12,023.82","1,803.62","74,700.74"
06/21/2025 20:00,"20,060.52","2,510.77","7,427.40","2,341.32","21,760.28","4,961.86","11,470.11","1,759.55","72,291.81"
06/21/2025 21:00,"19,339.08","2,387.53","7,338.22","2,227.30","20,784.23","4,908.49","11,004.85","1,678.14","69,667.83"
06/21/2025 22:00,"18,810.45","2,288.05","7,447.53","2,153.66","20,141.48","4,877.12","10,726.64","1,628.15","68,073.08"
06/21/2025 23:00,"18,039.03","2,158.06","7,450.42","2,059.61","19,119.44","4,702.98","10,262.18","1,560.08","65,351.80"
06/21/2025 24:00,"17,130.96","1,975.41","7,501.69","2,004.76","17,870.83","4,447.77","9,734.05","1,471.35","62,136.82"
06/22/2025 01:00,"16,343.41","1,819.46","7,596.79","1,881.87","16,739.65","4,241.79","9,198.38","1,404.28","59,225.62"
06/22/2025 02:00,"15,722.26","1,722.41","7,596.63","1,823.71","15,825.30","4,100.51","8,768.58","1,346.78","56,906.17"
06/22/2025 03:00,"15,160.99","1,646.12","7,553.91","1,772.04","15,042.90","3,981.12","8,463.99","1,309.61","54,930.69"
06/22/2025 04:00,"14,751.52","1,585.36","7,563.88","1,731.65","14,475.20","3,866.58","8,181.81","1,273.33","53,429.34"
06/22/2025 05:00,"14,474.49","1,548.99","7,578.75","1,708.42","14,060.40","3,796.41","8,041.56","1,256.99","52,466.01"
06/22/2025 06:00,"14,331.98","1,537.29","7,566.48","1,700.35","13,831.28","3,815.65","7,957.25","1,251.55","51,991.83"
06/22/2025 07:00,"14,116.16","1,505.02","7,558.47","1,673.27","13,546.35","3,787.82","7,892.90","1,239.70","51,319.68"
06/22/2025 08:00,"14,465.16","1,594.79","7,557.10","1,692.23","13,888.16","3,809.89","7,972.07","1,227.80","52,207.19"
06/22/2025 09:00,"15,568.99","1,753.24","7,733.36","1,769.00","14,916.47","4,025.31","8,443.81","1,298.50","55,508.67"
06/22/2025 10:00,"16,799.13","1,914.02","7,834.42","1,856.38","16,252.10","4,333.22","9,132.35","1,352.17","59,473.79"
06/22/2025 11:00,"17,859.50","2,075.10","7,922.49","1,941.80","17,468.55","4,607.22","9,797.37","1,422.53","63,094.55"
06/22/2025 12:00,"18,690.04","2,252.73","7,975.45","2,021.24","18,677.67","4,909.87","10,447.43","1,498.83","66,473.25"
06/22/2025 13:00,"19,191.34","2,387.17","8,078.56","2,111.25","19,867.05","5,118.84","11,036.57","1,569.34","69,360.12"
06/22/2025 14:00,"19,580.12","2,509.63","8,088.74","2,201.18","20,950.75","5,368.07","11,497.70","1,631.84","71,828.02"
06/22/2025 15:00,"19,797.08","2,560.51","8,068.06","2,275.46","21,753.49","5,501.32","11,874.18","1,683.13","73,513.23"
06/22/2025 16:00,"19,923.70","2,532.54","8,013.45","2,320.71","22,366.11","5,617.92","12,324.18","1,728.46","74,827.06"
06/22/2025 17:00,"20,056.46","2,471.47","7,932.04","2,357.37","22,863.43","5,606.62","12,668.25","1,770.99","75,726.61"
06/22/2025 18:00,"20,199.06","2,376.39","7,797.76","2,377.53","23,117.58","5,500.02","12,909.81","1,800.99","76,079.15"
06/22/2025 19:00,"20,068.22","2,372.51","7,636.07","2,371.49","23,012.64","5,536.51","12,879.71","1,788.57","75,665.70"
06/22/2025 20:00,"19,581.39","2,309.32","7,668.73","2,322.96","22,382.73","5,487.50","12,569.04","1,744.84","74,066.52"
06/22/2025 21:00,"19,019.59","2,197.07","7,574.47","2,232.65","21,294.52","5,363.24","12,005.66","1,682.35","71,369.57"
06/22/2025 22:00,"18,506.51","2,134.69","7,757.33","2,154.79","20,415.39","5,226.67","11,607.83","1,635.14","69,438.35"
06/22/2025 23:00,"17,712.24","1,997.16","7,702.66","2,046.38","19,121.70","4,989.57","10,935.66","1,556.42","66,061.79"
06/22/2025 24:00,"16,846.51","1,844.67","7,685.14","1,933.82","17,628.33","4,727.23","10,111.71","1,469.85","62,247.26"
06/23/2025 01:00,"16,039.42","1,718.51","7,727.30","1,842.97","16,327.52","4,340.00","9,421.07","1,375.25","58,792.03"
06/23/2025 02:00,"15,442.19","1,625.66","7,714.43","1,761.09","15,311.81","4,141.34","8,935.20","1,327.75","56,259.48"
06/23/2025 03:00,"15,024.92","1,579.52","7,681.16","1,709.91","14,695.64","4,028.76","8,585.65","1,291.99","54,597.54"
06/23/2025 04:00,"14,757.82","1,552.19","7,607.14","1,678.54","14,261.92","3,956.22","8,358.74","1,264.43","53,436.99"
06/23/2025 05:00,"14,758.70","1,545.94","7,504.14","1,677.35","14,234.68","3,916.97","8,320.97","1,254.42","53,213.18"
06/23/2025 06:00,"14,868.47","1,565.33","7,582.75","1,692.39","14,495.51","3,959.72","8,449.28","1,259.29","53,872.74"
06/23/2025 07:00,"15,000.62","1,644.74","7,544.87","1,722.71","14,935.60","4,028.47","8,637.40","1,286.26","54,800.68"
06/23/2025 08:00,"15,498.78","1,738.18","7,601.26","1,776.61","15,569.01","4,076.02","8,826.91","1,318.17","56,404.95"
06/23/2025 09:00,"16,650.49","1,890.76","7,681.22","1,865.73","16,658.28","4,286.80","9,289.46","1,392.10","59,714.83"
06/23/2025 10:00,"17,804.93","2,060.36","7,756.54","1,951.34","17,826.83","4,536.63","9,863.04","1,463.54","63,263.21"
06/23/2025 11:00,"18,930.08","2,194.62","7,819.42","2,033.94","19,073.69","4,867.21","10,507.38","1,536.36","66,962.70"
06/23/2025 12:00,"19,997.69","2,350.17","7,893.07","2,120.56","20,361.60","5,240.36","11,168.05","1,617.64","70,749.14"
06/23/2025 13:00,"20,805.41","2,522.10","7,960.03","2,202.57","21,562.78","5,501.69","11,785.22","1,675.56","74,015.37"
06/23/2025 14:00,"21,334.43","2,611.60","7,793.76","2,269.33","22,583.38","5,726.05","12,330.21","1,737.09","76,385.86"
06/23/2025 15:00,"21,086.12","2,594.03","7,478.69","2,285.82","23,001.01","5,834.90","12,816.38","1,788.52","76,885.47"
06/23/2025 16:00,"20,135.77","2,658.84","7,295.86","2,288.66","23,184.76","5,794.93","13,020.95","1,831.53","76,211.30"
06/23/2025 17:00,"19,977.02","2,679.33","7,368.81","2,281.33","23,556.32","5,714.36","13,220.36","1,854.94","76,652.47"
06/23/2025 18:00,"19,855.53","2,702.51","7,372.43","2,256.87","23,770.85","5,567.33","13,350.08","1,853.80","76,729.38"
06/23/2025 19:00,"19,368.67","2,650.23","7,353.28","2,245.31","23,863.79","5,603.03","13,397.70","1,857.90","76,339.90"
06/23/2025 20:00,"18,929.04","2,533.12","7,417.01","2,232.67","23,375.00","5,570.97","13,012.65","1,815.79","74,886.25"
06/23/2025 21:00,"18,545.03","2,417.73","7,600.59","2,190.44","22,369.08","5,384.70","12,442.38","1,747.88","72,697.83"
06/23/2025 22:00,"18,154.70","2,298.34","7,527.24","2,149.30","21,574.28","5,285.45","11,980.46","1,691.51","70,661.29"
06/23/2025 23:00,"17,296.59","2,126.51","7,567.25","2,057.16","20,141.38","5,010.55","11,242.42","1,590.42","67,032.27"
06/23/2025 24:00,"16,416.94","1,963.15","7,471.76","1,955.54","18,608.08","4,690.66","10,348.87","1,502.07","62,957.06"
06/24/2025 01:00,"15,616.40","1,807.77","7,473.27","1,831.65","17,125.11","4,418.78","9,549.74","1,380.49","59,203.20"
06/24/2025 02:00,"14,875.07","1,687.22","7,145.71","1,764.66","15,945.37","4,159.58","8,947.76","1,313.49","55,838.87"
06/24/2025 03:00,"14,387.26","1,610.65","7,104.69","1,740.28","15,111.94","4,004.46","8,487.94","1,263.00","53,710.23"
06/24/2025 04:00,"14,118.16","1,566.76","7,143.47","1,712.65","14,563.40","3,847.52","8,177.55","1,229.84","52,359.36"
06/24/2025 05:00,"14,097.21","1,555.81","7,041.61","1,714.22","14,399.55","3,841.30","8,041.14","1,229.40","51,920.24"
06/24/2025 06:00,"14,344.01","1,551.13","7,028.91","1,730.40","14,616.95","3,872.69","8,093.59","1,231.49","52,469.15"
06/24/2025 07:00,"14,623.61","1,606.15","7,005.61","1,727.04","14,966.03","3,951.43","8,317.50","1,236.20","53,433.57"
06/24/2025 08:00,"15,024.47","1,722.06","7,064.98","1,751.27","15,587.41","3,985.74","8,551.09","1,265.37","54,952.38"
06/24/2025 09:00,"15,909.44","1,853.78","7,254.58","1,821.02","16,608.44","4,165.90","8,992.11","1,310.45","57,915.73"
06/24/2025 10:00,"17,066.27","2,030.57","7,407.90","1,902.13","17,913.66","4,460.56","9,587.00","1,371.02","61,739.11"
06/24/2025 11:00,"18,337.38","2,204.02","7,504.54","2,003.83","19,350.25","4,757.82","10,265.29","1,445.27","65,868.39"
06/24/2025 12:00,"19,401.74","2,350.21","7,562.58","2,105.77","20,596.68","5,105.28","10,954.32","1,522.64","69,599.21"
06/24/2025 13:00,"20,273.80","2,486.90","7,606.91","2,209.21","21,862.27","5,398.04","11,634.11","1,585.86","73,057.10"
06/24/2025 14:00,"20,819.43","2,625.28","7,662.62","2,284.98","22,812.24","5,616.84","12,219.17","1,677.25","75,717.81"
06/24/2025 15:00,"20,684.29","2,680.99","7,568.39","2,325.27","23,369.04","5,730.62","12,688.43","1,743.75","76,790.78"
06/24/2025 16:00,"20,259.87","2,690.24","7,532.60","2,177.64","23,509.78","5,828.64","12,872.06","1,800.29","76,671.12"
06/24/2025 17:00,"19,695.75","2,670.89","7,562.20","1,848.48","24,244.58","5,756.92","12,748.40","1,848.32","76,375.53"
06/24/2025 18:00,"19,363.14","2,548.91","7,553.64","2,136.50","24,588.36","5,667.23","12,502.99","1,867.05","76,227.81"
06/24/2025 19:00,"19,001.40","2,409.84","7,519.01","2,320.29","24,254.00","5,622.34","12,344.36","1,860.82","75,332.06"
06/24/2025 20:00,"18,421.06","2,299.73","7,500.04","2,325.30","23,506.72","5,553.59","12,010.61","1,801.58","73,418.63"
06/24/2025 21:00,"18,002.20","2,178.89","7,403.61","2,239.31","22,389.38","5,428.64","11,531.93","1,721.40","70,895.34"
06/24/2025 22:00,"17,651.61","2,102.69","7,471.10","2,136.08","21,599.27","5,294.69","11,144.53","1,670.11","69,070.07"
06/24/2025 23:00,"16,827.33","1,951.17","7,488.17","2,030.85","20,051.08","5,009.15","10,587.47","1,562.30","65,507.52"
06/24/2025 24:00,"15,956.89","1,789.67","7,551.12","1,949.30","18,321.32","4,696.32","9,798.61","1,451.85","61,515.06"
06/25/2025 01:00,"15,231.34","1,675.54","7,468.49","1,867.83","16,806.25","4,393.20","9,093.44","1,345.57","57,881.66"
06/25/2025 02:00,"14,627.88","1,591.20","7,387.48","1,786.29","15,589.21","4,186.54","8,567.08","1,283.91","55,019.59"
06/25/2025 03:00,"14,196.35","1,514.49","7,399.90","1,733.57","14,771.07","3,993.76","8,181.55","1,242.85","53,033.55"
06/25/2025 04:00,"13,939.61","1,493.11","7,423.07","1,695.19","14,262.92","3,799.81","7,944.98","1,206.49","51,765.18"
06/25/2025 05:00,"13,931.41","1,486.64","7,265.81","1,673.02","14,122.97","3,780.83","7,866.86","1,193.33","51,320.87"
06/25/2025 06:00,"14,175.81","1,471.01","7,224.73","1,682.52","14,425.73","3,821.98","7,961.71","1,213.00","51,976.49"
06/25/2025 07:00,"14,422.30","1,518.95","7,236.68","1,693.17","14,768.66","3,953.31","8,134.59","1,225.12","52,952.79"
06/25/2025 08:00,"14,598.49","1,585.46","7,305.50","1,733.82","15,207.03","4,035.09","8,333.64","1,247.85","54,046.89"
06/25/2025 09:00,"15,038.42","1,692.24","7,388.69","1,820.34","16,030.94","4,270.81","8,709.92","1,348.57","56,299.94"
06/25/2025 10:00,"15,677.08","1,841.93","7,526.75","1,919.03","17,218.78","4,595.14","9,305.51","1,422.08","59,506.30"
06/25/2025 11:00,"16,189.18","2,000.47","7,575.87","2,022.95","18,659.81","4,949.14","9,978.50","1,510.04","62,885.96"
06/25/2025 12:00,"16,442.88","2,151.34","7,615.79","2,116.00","19,896.78","5,298.32","10,671.24","1,592.20","65,784.55"
06/25/2025 13:00,"16,738.31","2,265.71","7,700.46","2,203.21","21,036.81","5,545.76","11,328.50","1,667.46","68,486.22"
06/25/2025 14:00,"17,348.80","2,329.64","7,860.95","2,282.67","22,055.36","5,814.25","11,910.56","1,749.81","71,352.04"
06/25/2025 15:00,"17,926.40","2,361.10","8,010.12","2,334.17","22,618.43","5,975.89","12,437.03","1,804.69","73,467.83"
06/25/2025 16:00,"18,314.73","2,295.51","8,035.70","2,341.91","22,581.66","6,071.90","12,839.70","1,839.00","74,320.12"
06/25/2025 17:00,"18,237.18","2,200.35","8,094.85","2,341.31","22,281.66","6,103.46","13,095.22","1,871.54","74,225.57"
06/25/2025 18:00,"17,980.07","2,166.38","8,069.21","2,322.75","22,046.98","6,012.86","12,766.25","1,892.28","73,256.78"
06/25/2025 19:00,"17,637.31","2,145.39","8,011.84","2,303.92","21,625.08","5,798.32","12,143.99","1,889.56","71,555.40"
06/25/2025 20:00,"17,164.10","2,080.64","7,873.71","2,249.97","20,853.30","5,698.57","11,618.22","1,819.80","69,358.31"
06/25/2025 21:00,"16,904.44","2,019.72","7,513.67","2,188.81","20,148.38","5,494.77","11,159.64","1,717.07","67,146.50"
06/25/2025 22:00,"16,618.44","1,968.43","7,414.98","2,110.27","19,644.15","5,366.16","10,840.51","1,668.91","65,631.86"
06/25/2025 23:00,"15,932.59","1,841.92","7,418.32","2,023.16","18,505.81","5,104.05","10,188.01","1,567.68","62,581.54"
06/25/2025 24:00,"15,095.98","1,688.27","7,382.42","1,914.00","17,106.40","4,747.96","9,429.58","1,475.10","58,839.71"
06/26/2025 01:00,"14,400.97","1,564.72","7,405.26","1,832.42","15,797.54","4,359.59","8,818.25","1,393.91","55,572.65"
06/26/2025 02:00,"13,799.29","1,477.28","7,435.80","1,774.79","14,781.81","4,130.98","8,315.89","1,327.99","53,043.82"
06/26/2025 03:00,"13,350.30","1,420.90","7,502.04","1,757.39","14,107.28","4,027.05","7,995.40","1,280.37","51,440.71"
06/26/2025 04:00,"13,119.51","1,383.97","7,497.70","1,730.01","13,733.50","3,933.57","7,848.08","1,251.54","50,497.89"
06/26/2025 05:00,"13,195.21","1,372.52","7,448.37","1,707.69","13,642.13","3,870.64","7,825.07","1,229.70","50,291.32"
06/26/2025 06:00,"13,555.81","1,411.81","7,450.27","1,694.02","14,089.94","3,883.84","7,984.67","1,234.04","51,304.41"
06/26/2025 07:00,"13,878.72","1,465.17","7,556.00","1,721.36","14,442.40","3,967.46","8,268.12","1,255.12","52,554.34"
06/26/2025 08:00,"14,409.13","1,552.67","7,552.66","1,764.32","14,967.09","4,043.77","8,513.19","1,283.76","54,086.60"
06/26/2025 09:00,"15,492.42","1,680.79","7,601.15","1,839.69","15,756.34","4,246.87","8,866.71","1,333.56","56,817.54"
06/26/2025 10:00,"16,647.66","1,836.65","7,736.75","1,921.59","16,707.13","4,600.70","9,349.39","1,398.23","60,198.10"
06/26/2025 11:00,"17,775.37","1,996.45","7,822.49","1,993.54","17,845.45","4,927.74","10,030.73","1,474.93","63,866.70"
06/26/2025 12:00,"18,715.10","2,141.54","7,928.32","2,087.99","18,915.13","5,240.20","10,699.43","1,561.61","67,289.35"
06/26/2025 13:00,"19,509.86","2,239.14","8,012.58","2,178.05","20,057.91","5,525.46","11,325.31","1,656.74","70,505.03"
06/26/2025 14:00,"20,193.32","2,333.35","8,043.43","2,199.22","21,242.00","5,775.91","11,894.21","1,751.74","73,433.18"
06/26/2025 15:00,"20,182.12","2,411.79","8,070.80","1,804.45","22,339.85","5,989.57","12,428.53","1,829.55","75,056.66"
06/26/2025 16:00,"19,218.99","2,495.76","8,120.53","1,833.27","23,175.67","5,942.97","12,826.67","1,884.20","75,498.06"
06/26/2025 17:00,"18,175.34","2,517.85","8,062.47","1,852.61","23,725.48","6,018.10","12,999.37","1,924.44","75,275.66"
06/26/2025 18:00,"17,625.57","2,459.63","8,029.20","1,851.03","23,932.26","6,016.61","12,655.88","1,923.77","74,493.94"
06/26/2025 19:00,"17,104.16","2,369.91","7,830.82","2,094.74","23,545.93","5,913.55","12,080.17","1,900.52","72,839.79"
06/26/2025 20:00,"16,857.14","2,244.19","7,638.97","2,274.25","22,740.34","5,722.82","11,722.19","1,845.98","71,045.87"
06/26/2025 21:00,"16,805.64","2,136.79","7,465.39","2,171.99","21,671.68","5,461.30","11,403.51","1,760.02","68,876.33"
06/26/2025 22:00,"16,571.11","2,056.13","7,498.37","2,113.01","20,814.66","5,342.56","11,139.07","1,688.26","67,223.17"
06/26/2025 23:00,"15,919.93","1,936.90","7,535.51","2,019.65","19,443.71","5,060.55","10,543.11","1,590.76","64,050.11"
06/26/2025 24:00,"15,091.11","1,763.14","7,519.68","1,947.12","17,867.26","4,770.71","9,833.52","1,490.28","60,282.81"
06/27/2025 01:00,"14,351.90","1,641.90","7,529.15","1,841.79","16,517.37","4,478.41","9,139.79","1,432.32","56,932.61"
06/27/2025 02:00,"13,748.45","1,533.75","7,482.86","1,756.71","15,385.95","4,284.97","8,627.25","1,367.64","54,187.59"
06/27/2025 03:00,"13,382.03","1,473.34","7,529.08","1,715.07","14,645.56","4,113.73","8,217.24","1,328.40","52,404.45"
06/27/2025 04:00,"13,139.53","1,431.76","7,464.59","1,700.77","14,097.78","3,987.18","7,968.79","1,294.34","51,084.73"
06/27/2025 05:00,"13,155.90","1,417.64","7,374.50","1,680.67","13,914.36","3,900.86","7,892.84","1,253.34","50,590.11"
06/27/2025 06:00,"13,446.21","1,458.28","7,402.43","1,705.79","14,157.52","3,908.70","7,935.88","1,246.11","51,260.92"
06/27/2025 07:00,"13,718.65","1,566.40","7,358.75","1,726.43","14,485.75","3,995.66","8,096.18","1,273.36","52,221.16"
06/27/2025 08:00,"14,242.13","1,638.20","7,326.65","1,739.63","14,976.30","4,036.44","8,394.26","1,312.60","53,666.21"
06/27/2025 09:00,"15,300.03","1,763.84","7,443.15","1,791.97","15,975.01","4,252.82","8,859.64","1,362.82","56,749.28"
06/27/2025 10:00,"16,504.86","1,939.59","7,572.90","1,863.64","17,227.56","4,569.65","9,449.83","1,433.71","60,561.75"
06/27/2025 11:00,"17,670.40","2,109.15","7,759.11","1,964.60","18,644.02","4,881.26","10,109.73","1,508.29","64,646.57"
06/27/2025 12:00,"18,674.25","2,275.69","7,942.14","2,061.01","19,965.10","5,216.22","10,776.97","1,586.34","68,497.71"
06/27/2025 13:00,"19,444.91","2,424.55","8,078.73","2,160.70","21,260.74","5,521.41","11,382.62","1,672.91","71,946.57"
06/27/2025 14:00,"19,998.01","2,551.66","7,929.73","2,222.97","22,327.44","5,777.64","11,945.52","1,757.63","74,510.60"
06/27/2025 15:00,"19,975.51","2,608.22","7,741.10","2,250.94","23,008.94","5,910.91","12,387.27","1,825.41","75,708.30"
06/27/2025 16:00,"19,581.80","2,680.99","7,789.04","2,254.48","23,478.49","5,958.63","12,773.99","1,869.18","76,386.61"
06/27/2025 17:00,"19,249.52","2,687.87","7,802.02","2,254.39","23,798.64","5,983.63","13,042.44","1,896.00","76,714.51"
06/27/2025 18:00,"19,027.34","2,714.07","7,627.19","2,227.35","23,830.06","5,950.62","13,286.71","1,909.08","76,572.41"
06/27/2025 19:00,"18,715.81","2,638.77","7,517.83","2,178.33","23,419.15","5,873.26","13,240.51","1,910.75","75,494.41"
06/27/2025 20:00,"18,319.20","2,473.52","7,136.10","2,111.77","22,346.80","5,737.30","12,726.19","1,855.06","72,705.93"
06/27/2025 21:00,"17,764.30","2,341.08","6,893.94","1,977.77","21,085.79","5,491.35","12,053.07","1,757.52","69,364.83"
06/27/2025 22:00,"17,577.73","2,269.00","7,057.51","1,958.53","20,506.97","5,308.43","11,605.70","1,688.37","67,972.24"
06/27/2025 23:00,"16,944.18","2,151.23","7,310.11","1,909.90","19,587.89","5,077.48","11,133.74","1,628.97","65,743.51"
06/27/2025 24:00,"16,250.90","2,020.93","7,355.69","1,822.99","18,401.81","4,823.74","10,426.64","1,560.76","62,663.46"
06/28/2025 01:00,"15,460.43","1,894.94","7,345.73","1,768.28","17,252.93","4,574.17","9,758.97","1,462.19","59,517.63"
06/28/2025 02:00,"14,731.87","1,777.63","7,223.05","1,736.40","16,306.48","4,362.84","9,148.22","1,401.15","56,687.63"
06/28/2025 03:00,"14,195.94","1,690.38","7,185.18","1,718.76","15,553.63","4,218.99","8,655.50","1,348.47","54,566.85"
06/28/2025 04:00,"13,822.71","1,632.39","7,183.77","1,690.69","14,955.80","4,068.05","8,285.38","1,307.16","52,945.93"
06/28/2025 05:00,"13,625.32","1,591.79","7,157.60","1,685.37","14,619.00","3,970.54","8,103.19","1,280.73","52,033.54"
06/28/2025 06:00,"13,579.29","1,599.34","7,179.65","1,689.29","14,514.25","3,920.29","8,019.20","1,267.39","51,768.70"
06/28/2025 07:00,"13,509.00","1,570.73","7,161.69","1,695.22","14,431.17","3,929.40","7,967.75","1,255.80","51,520.76"
06/28/2025 08:00,"13,890.28","1,616.33","7,212.30","1,696.39","14,849.67","3,953.36","8,068.09","1,269.40","52,555.82"
06/28/2025 09:00,"15,031.22","1,744.16","7,376.11","1,762.39","15,940.28","4,165.06","8,576.94","1,346.16","55,942.33"
06/28/2025 10:00,"16,386.01","1,952.99","7,554.49","1,852.08","17,271.66","4,516.31","9,318.45","1,431.05","60,283.04"
06/28/2025 11:00,"17,600.67","2,107.58","7,653.03","1,935.16","18,491.61","4,867.78","10,019.47","1,521.08","64,196.38"
06/28/2025 12:00,"18,692.39","2,248.61","7,758.52","2,023.96","19,817.99","5,158.33","10,740.08","1,614.52","68,054.39"
06/28/2025 13:00,"19,420.02","2,388.10","7,919.72","2,124.41","20,980.76","5,402.15","11,356.44","1,695.47","71,287.07"
06/28/2025 14:00,"19,946.80","2,528.13","7,971.58","2,225.09","22,065.34","5,618.55","11,902.68","1,774.60","74,032.77"
06/28/2025 15:00,"20,094.51","2,590.30","7,871.25","2,303.01","22,813.41","5,738.05","12,333.89","1,830.56","75,574.97"
06/28/2025 16:00,"19,929.24","2,683.82","7,836.80","2,361.21","23,401.61","5,779.16","12,628.62","1,868.71","76,489.18"
06/28/2025 17:00,"19,640.22","2,712.72","7,726.94","2,390.66","23,727.07","5,794.18","12,869.33","1,902.64","76,763.76"
06/28/2025 18:00,"19,468.24","2,714.61","7,668.00","2,400.07","23,902.69","5,721.55","12,888.30","1,910.84","76,674.30"
06/28/2025 19:00,"19,288.38","2,699.34","7,657.25","2,373.23","23,678.50","5,710.56","12,978.43","1,903.83","76,289.52"
06/28/2025 20:00,"18,990.94","2,575.78","7,294.47","2,280.49","23,010.18","5,530.25","12,877.61","1,866.49","74,426.23"
06/28/2025 21:00,"18,432.13","2,444.23","7,159.77","2,167.46","21,770.44","5,388.62","12,303.85","1,784.79","71,451.30"
06/28/2025 22:00,"17,939.01","2,316.02","7,231.51","2,086.36","20,844.10","5,269.73","11,845.42","1,725.19","69,257.34"
06/28/2025 23:00,"17,309.03","2,163.26","7,299.19","1,999.47","19,723.17","5,062.91","11,167.15","1,645.48","66,369.64"
06/28/2025 24:00,"16,498.74","2,046.16","7,413.20","1,958.24","18,470.36","4,757.58","10,376.45","1,556.79","63,077.52"
06/29/2025 01:00,"15,629.38","1,892.15","7,551.21","1,876.37","17,105.97","4,573.31","9,620.65","1,452.01","59,701.06"
06/29/2025 02:00,"14,962.56","1,782.28","7,485.98","1,817.48","16,160.47","4,331.00","8,986.35","1,379.05","56,905.17"
06/29/2025 03:00,"14,442.84","1,711.38","7,407.09","1,762.04","15,496.37","4,162.18","8,474.50","1,327.62","54,784.01"
06/29/2025 04:00,"14,033.00","1,629.53","7,412.66","1,723.75","14,893.96","4,046.63","8,106.49","1,283.24","53,129.28"
06/29/2025 05:00,"13,780.33","1,586.11","7,402.88","1,674.30","14,466.89","3,925.73","7,852.47","1,260.77","51,949.46"
06/29/2025 06:00,"13,690.27","1,562.99","7,426.64","1,669.88","14,205.52","3,905.72","7,720.95","1,251.88","51,433.86"
06/29/2025 07:00,"13,555.40","1,524.66","7,442.57","1,651.59","13,917.97","3,825.13","7,662.24","1,240.59","50,820.15"
06/29/2025 08:00,"13,859.94","1,613.57","7,468.02","1,673.23","14,281.78","3,877.03","7,776.03","1,253.43","51,803.04"
06/29/2025 09:00,"14,976.48","1,777.56","7,561.13","1,752.11","15,485.02","3,999.29","8,297.31","1,331.53","55,180.43"
06/29/2025 10:00,"16,220.51","1,944.28","7,704.66","1,838.03","16,870.21","4,308.43","9,003.59","1,400.05","59,289.76"
06/29/2025 11:00,"17,321.51","2,118.03","7,853.09","1,931.15","18,210.43","4,631.60","9,766.68","1,490.34","63,322.82"
06/29/2025 12:00,"17,921.54","2,269.40","7,976.15","2,023.61","19,532.30","4,790.55","10,513.98","1,580.02","66,607.55"
06/29/2025 13:00,"17,891.19","2,392.19","8,136.27","2,138.85","20,863.92","4,817.79","11,307.25","1,683.65","69,231.12"
06/29/2025 14:00,"17,608.27","2,532.18","8,122.50","2,261.85","21,923.68","4,784.30","11,914.62","1,767.68","70,915.08"
06/29/2025 15:00,"17,332.10","2,627.09","8,057.88","2,362.99","22,712.51","4,798.13","12,438.93","1,830.32","72,159.95"
06/29/2025 16:00,"17,171.68","2,693.86","8,009.20","2,394.01","23,367.44","4,903.98","12,809.33","1,877.81","73,227.32"
06/29/2025 17:00,"17,184.43","2,692.57","7,937.51","2,409.65","23,971.14","4,872.34","12,812.50","1,912.96","73,793.10"
06/29/2025 18:00,"17,196.84","2,674.64","7,936.49","2,412.61","24,245.66","4,863.68","12,609.42","1,932.24","73,871.57"
06/29/2025 19:00,"17,171.57","2,619.06","7,767.99","2,372.00","24,052.88","4,885.81","12,490.87","1,927.09","73,287.28"
06/29/2025 20:00,"16,941.92","2,544.85","7,642.14","2,320.31","23,321.68","4,819.63","12,253.25","1,879.95","71,723.73"
06/29/2025 21:00,"16,744.24","2,422.10","7,524.14","2,215.38","22,230.82","4,742.67","11,741.86","1,796.68","69,417.88"
06/29/2025 22:00,"16,445.77","2,304.24","7,632.91","2,105.68","21,373.36","4,668.80","11,359.14","1,727.66","67,617.56"
06/29/2025 23:00,"15,761.22","2,139.44","7,673.22","1,993.83","20,124.39","4,488.87","10,690.87","1,616.09","64,487.94"
06/29/2025 24:00,"14,906.02","1,905.64","7,614.87","1,872.61","18,628.07","4,257.58","9,904.36","1,501.53","60,590.68"
06/30/2025 01:00,"14,222.96","1,754.56","7,495.19","1,790.53","17,280.54","4,072.16","9,182.53","1,412.51","57,210.98"
06/30/2025 02:00,"13,789.59","1,690.39","7,507.27","1,733.62","16,279.03","3,889.17","8,611.78","1,364.60","54,865.45"
06/30/2025 03:00,"13,480.24","1,633.73","7,496.04","1,693.73","15,374.93","3,804.14","8,183.43","1,320.96","52,987.21"
06/30/2025 04:00,"13,390.68","1,587.91","7,484.23","1,673.20","14,850.28","3,715.05","7,948.11","1,289.04","51,938.51"
06/30/2025 05:00,"13,456.43","1,579.54","7,358.76","1,659.22","14,606.97","3,663.93","7,869.14","1,270.50","51,464.49"
06/30/2025 06:00,"13,736.29","1,592.51","7,492.49","1,685.26","14,811.58","3,620.63","7,937.11","1,269.06","52,144.92"
06/30/2025 07:00,"13,956.79","1,615.09","7,483.22","1,712.49","14,995.64","3,706.01","8,107.42","1,276.04","52,852.71"
06/30/2025 08:00,"14,427.48","1,719.87","7,412.12","1,738.59","15,501.95","3,843.53","8,326.13","1,289.94","54,259.61"
06/30/2025 09:00,"15,579.39","1,861.09","7,848.62","1,818.71","16,674.94","3,872.49","8,861.80","1,363.37","57,880.42"
06/30/2025 10:00,"16,766.10","2,040.34","7,930.25","1,911.01","17,876.84","4,039.87","9,435.85","1,433.31","61,433.57"
06/30/2025 11:00,"17,961.90","2,188.95","8,043.81","2,007.83","19,152.14","4,419.64","10,110.13","1,505.86","65,390.25"
06/30/2025 12:00,"19,071.79","2,350.03","8,163.93","2,096.12","20,563.98","4,687.17","10,786.23","1,604.38","69,323.64"
06/30/2025 13:00,"20,005.99","2,483.85","8,211.82","2,183.07","21,894.75","4,705.46","11,344.94","1,687.43","72,517.30"
06/30/2025 14:00,"20,425.19","2,620.76","8,160.23","2,287.85","23,122.21","4,723.94","11,894.54","1,764.82","74,999.54"
06/30/2025 15:00,"20,604.38","2,651.27","7,952.25","2,363.40","23,971.55","4,628.55","12,043.45","1,816.78","76,031.63"
06/30/2025 16:00,"19,887.47","2,689.13","7,582.59","2,333.03","24,431.28","4,417.74","12,114.37","1,825.86","75,281.46"
06/30/2025 17:00,"18,861.54","2,715.36","7,408.64","2,361.13","24,924.94","4,285.04","11,777.45","1,806.37","74,140.47"
06/30/2025 18:00,"18,601.33","2,773.02","7,347.22","2,338.37","25,274.51","4,348.23","11,546.42","1,763.37","73,992.46"
06/30/2025 19:00,"18,342.02","2,762.07","7,088.84","2,262.49","24,819.49","4,420.33","10,986.35","1,689.93","72,371.52"
06/30/2025 20:00,"17,694.76","2,637.10","7,092.88","2,181.93","23,867.64","4,359.19","10,626.47","1,613.40","70,073.37"
06/30/2025 21:00,"17,196.49","2,497.52","6,900.78","2,069.22","22,673.40","4,290.35","10,284.20","1,532.67","67,444.63"
06/30/2025 22:00,"16,840.17","2,355.97","6,904.76","1,984.44","21,558.56","4,388.95","10,093.12","1,488.44","65,614.42"
06/30/2025 23:00,"16,064.37","2,125.91","7,150.05","1,883.20","19,483.93","4,288.65","9,551.18","1,405.84","61,953.13"
06/30/2025 24:00,"15,206.66","1,945.60","7,149.45","1,796.62","17,518.39","4,064.87","8,922.52","1,318.17","57,922.28"
07/01/2025 01:00,"14,386.94","1,833.72","7,228.38","1,748.82","16,024.22","3,845.92","8,315.95","1,278.54","54,662.48"
07/01/2025 02:00,"13,770.52","1,743.28","7,288.84","1,705.25","15,019.75","3,660.99","7,895.87","1,233.95","52,318.46"
07/01/2025 03:00,"13,355.05","1,652.29","7,205.66","1,653.62","14,199.70","3,577.39","7,614.26","1,186.99","50,444.95"
07/01/2025 04:00,"13,129.10","1,612.05","7,089.72","1,622.95","13,744.03","3,539.79","7,428.19","1,144.10","49,309.93"
07/01/2025 05:00,"13,180.09","1,606.03","7,002.87","1,633.55","13,677.05","3,573.26","7,415.34","1,141.23","49,229.42"
07/01/2025 06:00,"13,457.32","1,625.11","6,946.16","1,660.92","13,938.06","3,612.16","7,555.14","1,156.29","49,951.17"
07/01/2025 07:00,"13,799.29","1,670.68","6,978.64","1,697.50","14,264.25","3,669.03","7,729.68","1,177.28","50,986.36"
07/01/2025 08:00,"14,110.41","1,737.52","6,965.78","1,740.44","14,669.20","3,745.99","7,927.01","1,187.52","52,083.87"
07/01/2025 09:00,"15,005.70","1,857.94","7,237.33","1,786.57","15,586.01","3,745.93","8,330.83","1,230.43","54,780.75"
07/01/2025 10:00,"16,089.18","2,025.77","7,325.99","1,832.44","16,583.74","3,994.06","8,809.19","1,276.01","57,936.37"
07/01/2025 11:00,"17,390.00","2,202.91","7,372.24","1,887.53","17,807.53","4,209.70","9,427.05","1,317.76","61,614.72"
07/01/2025 12:00,"18,584.01","2,355.23","7,374.02","1,941.03","19,173.17","4,360.19","10,128.84","1,360.19","65,276.69"
07/01/2025 13:00,"19,649.19","2,521.65","7,366.11","1,960.27","20,562.64","4,475.30","10,827.51","1,391.63","68,754.30"
07/01/2025 14:00,"20,558.62","2,680.55","7,444.76","2,008.20","21,794.80","4,557.57","11,428.22","1,445.10","71,917.83"
07/01/2025 15:00,"21,217.99","2,784.48","7,390.32","2,046.10","22,697.48","4,757.80","11,673.89","1,513.42","74,081.48"
07/01/2025 16:00,"21,725.36","2,849.87","7,346.20","1,897.93","23,230.08","4,622.16","11,946.61","1,554.50","75,172.72"
07/01/2025 17:00,"22,039.09","2,878.29","7,282.24","1,578.83","23,393.37","4,561.14","12,120.66","1,562.33","75,415.94"
07/01/2025 18:00,"21,683.39","2,821.05","7,093.42","1,875.87","22,855.29","4,376.94","12,221.71","1,554.76","74,482.44"
07/01/2025 19:00,"20,754.78","2,785.32","6,868.43","2,030.03","22,004.82","4,427.01","12,220.99","1,533.85","72,625.22"
07/01/2025 20:00,"19,943.67","2,659.19","6,855.26","2,033.50","21,060.94","4,280.08","11,960.98","1,491.36","70,284.97"
07/01/2025 21:00,"19,055.69","2,495.09","6,693.06","1,964.76","20,150.61","4,164.08","11,527.53","1,434.61","67,485.41"
07/01/2025 22:00,"18,409.65","2,376.52","6,587.35","1,889.27","19,555.43","4,122.15","10,976.68","1,414.32","65,331.36"
07/01/2025 23:00,"17,431.82","2,203.35","6,699.35","1,817.97","18,467.64","4,000.07","10,353.08","1,357.81","62,331.09"
07/01/2025 24:00,"16,506.90","2,032.01","6,973.53","1,765.35","17,397.96","3,915.75","9,725.93","1,277.90","59,595.34"
07/02/2025 01:00,"15,763.47","1,883.87","7,112.88","1,721.76","16,207.18","3,765.59","9,151.65","1,218.99","56,825.40"
07/02/2025 02:00,"15,167.69","1,796.27","7,158.46","1,674.47","15,311.69","3,652.34","8,666.18","1,189.84","54,616.92"
07/02/2025 03:00,"14,614.98","1,687.08","7,055.45","1,646.71","14,639.07","3,565.36","8,291.64","1,143.44","52,643.73"
07/02/2025 04:00,"14,284.00","1,666.57","7,073.14","1,635.80","14,231.10","3,483.03","8,069.29","1,128.36","51,571.30"
07/02/2025 05:00,"14,291.65","1,621.21","7,053.44","1,649.21","14,233.18","3,559.15","8,019.56","1,135.29","51,562.69"
07/02/2025 06:00,"14,409.57","1,682.31","7,062.24","1,668.78","14,517.94","3,623.45","8,133.48","1,154.38","52,252.14"
07/02/2025 07:00,"14,565.31","1,714.03","7,047.63","1,702.62","14,854.44","3,751.68","8,326.85","1,182.71","53,145.26"
07/02/2025 08:00,"14,868.74","1,787.90","7,199.95","1,736.82","15,262.89","3,814.72","8,535.19","1,205.34","54,411.54"
07/02/2025 09:00,"15,805.23","1,929.11","7,326.95","1,788.23","16,234.46","3,931.00","8,945.79","1,266.58","57,227.34"
07/02/2025 10:00,"16,957.60","2,111.10","7,422.50","1,851.50","17,560.16","4,061.15","9,493.02","1,334.41","60,791.44"
07/02/2025 11:00,"18,120.10","2,293.86","7,400.37","1,910.33","18,992.58","4,242.96","10,169.01","1,381.71","64,510.92"
07/02/2025 12:00,"19,221.08","2,484.39","7,384.98","1,953.72","20,656.59","4,392.82","10,805.69","1,412.49","68,311.76"
07/02/2025 13:00,"20,136.43","2,632.22","7,447.19","2,002.40","21,910.74","4,588.98","11,353.75","1,458.91","71,530.61"
07/02/2025 14:00,"20,907.20","2,748.54","7,547.21","2,090.95","22,506.54","4,743.17","11,696.63","1,486.94","73,727.19"
07/02/2025 15:00,"21,468.30","2,816.55","7,510.87","2,122.75","22,536.04","4,805.46","11,816.67","1,477.73","74,554.37"
07/02/2025 16:00,"21,835.54","2,863.02","7,424.06","2,172.31","22,194.22","4,877.34","11,573.89","1,469.45","74,409.81"
07/02/2025 17:00,"21,915.53","2,868.70","7,489.61","2,163.45","21,556.67","4,924.53","11,198.78","1,434.37","73,551.64"
07/02/2025 18:00,"21,649.51","2,796.99","7,507.47","2,127.03","21,151.00","4,847.85","10,877.24","1,409.63","72,366.72"
07/02/2025 19:00,"20,823.23","2,675.87","7,416.14","2,057.66","20,551.45","4,915.12","10,626.01","1,409.92","70,475.40"
07/02/2025 20:00,"20,010.32","2,557.00","7,318.52","1,991.12","19,899.39","4,894.00","10,444.93","1,399.91","68,515.19"
07/02/2025 21:00,"19,327.61","2,469.97","7,064.67","1,954.65","19,530.40","4,910.24","10,300.73","1,392.95","66,951.22"
07/02/2025 22:00,"18,772.88","2,365.71","7,025.79","1,947.81","19,288.20","4,886.91","10,224.52","1,396.98","65,908.80"
07/02/2025 23:00,"17,767.39","2,197.46","7,007.96","1,868.80","18,311.98","4,711.87","9,774.38","1,341.11","62,980.93"
07/02/2025 24:00,"16,689.03","2,039.03","7,003.57","1,791.85","17,088.69","4,463.19","9,205.64","1,284.45","59,565.44"
07/03/2025 01:00,"15,951.32","1,917.93","7,101.91","1,758.30","16,111.20","4,265.96","8,226.13","1,245.46","56,578.21"
07/03/2025 02:00,"15,262.97","1,812.87","7,173.54","1,708.40","15,209.67","4,088.20","7,804.24","1,205.23","54,265.11"
07/03/2025 03:00,"14,783.68","1,716.78","7,301.67","1,686.21","14,620.50","3,994.17","7,526.46","1,185.03","52,814.50"
07/03/2025 04:00,"14,534.16","1,678.89","7,361.65","1,664.35","14,317.09","3,945.00","7,406.47","1,163.35","52,070.96"
07/03/2025 05:00,"14,564.52","1,639.71","7,370.40","1,670.39","14,296.47","3,927.06","7,419.71","1,156.24","52,044.49"
07/03/2025 06:00,"14,812.23","1,725.00","7,328.04","1,695.22","14,700.71","3,951.89","7,591.04","1,170.05","52,974.18"
07/03/2025 07:00,"15,007.04","1,721.70","7,387.56","1,729.70","15,044.58","4,043.87","7,865.87","1,204.38","54,004.69"
07/03/2025 08:00,"15,357.74","1,807.20","7,405.05","1,757.21","15,487.51","4,077.84","8,092.95","1,226.11","55,211.60"
07/03/2025 09:00,"16,293.05","1,908.67","7,423.01","1,795.82","16,042.66","4,209.70","8,446.85","1,257.19","57,376.95"
07/03/2025 10:00,"17,524.87","2,028.61","7,482.53","1,846.05","16,573.66","4,438.75","8,827.68","1,302.73","60,024.87"
07/03/2025 11:00,"18,618.25","2,131.39","7,470.76","1,909.80","17,064.61","4,691.67","9,308.58","1,337.20","62,532.25"
07/03/2025 12:00,"19,467.63","2,233.15","7,497.26","1,920.80","17,411.68","4,879.94","9,819.42","1,369.50","64,599.37"
07/03/2025 13:00,"20,097.17","2,305.16","7,491.24","1,943.55","17,783.36","5,113.15","10,298.29","1,416.59","66,448.52"
07/03/2025 14:00,"19,964.07","2,393.94","7,357.34","1,909.76","18,251.31","5,342.68","10,774.06","1,472.74","67,465.89"
07/03/2025 15:00,"18,849.18","2,389.09","7,461.17","1,459.60","18,977.63","5,571.80","11,030.86","1,509.80","67,249.13"
07/03/2025 16:00,"17,912.05","2,330.72","7,593.19","1,491.09","19,263.78","5,664.45","11,254.79","1,539.22","67,049.29"
07/03/2025 17:00,"17,281.55","2,294.10","7,603.51","1,516.02","19,172.21","5,720.23","11,257.76","1,546.76","66,392.14"
07/03/2025 18:00,"16,810.19","2,252.11","7,515.29","1,525.27","19,121.15","5,693.57","11,220.12","1,529.10","65,666.80"
07/03/2025 19:00,"16,258.65","2,148.43","7,352.64","1,767.65","18,527.91","5,558.25","11,077.12","1,512.41","64,203.07"
07/03/2025 20:00,"15,931.11","2,079.69","7,229.19","1,967.54","17,687.63","5,394.05","10,771.86","1,484.14","62,545.20"
07/03/2025 21:00,"15,929.82","1,971.92","7,222.78","1,899.31","17,194.57","5,262.21","10,409.75","1,453.44","61,343.81"
07/03/2025 22:00,"15,887.27","1,948.25","7,308.60","1,886.72","16,891.17","5,206.53","10,126.89","1,444.94","60,700.36"
07/03/2025 23:00,"15,498.76","1,875.95","7,341.76","1,830.52","16,217.85","4,991.39","9,636.77","1,393.72","58,786.71"
07/03/2025 24:00,"15,041.74","1,776.44","7,336.61","1,793.00","15,425.05","4,748.10","9,056.89","1,325.23","56,503.06"
07/04/2025 01:00,"14,462.86","1,673.64","7,610.38","1,720.94","14,475.95","4,525.03","8,567.72","1,271.54","54,308.06"
07/04/2025 02:00,"14,045.87","1,612.13","7,660.72","1,677.99","13,840.04","4,320.95","8,176.37","1,225.27","52,559.35"
07/04/2025 03:00,"13,723.15","1,541.88","7,652.63","1,636.04","13,351.59","4,187.89","7,915.92","1,190.49","51,199.60"
07/04/2025 04:00,"13,512.23","1,527.19","7,644.51","1,635.60","13,074.57","4,115.13","7,726.58","1,173.00","50,408.81"
07/04/2025 05:00,"13,452.49","1,513.78","7,572.07","1,622.23","12,983.17","4,010.33","7,641.70","1,160.43","49,956.21"
07/04/2025 06:00,"13,472.33","1,530.42","7,393.54","1,625.58","12,995.22","4,012.27","7,681.78","1,155.86","49,867.02"
07/04/2025 07:00,"13,395.74","1,544.15","7,312.03","1,616.29","13,066.71","3,959.56","7,766.78","1,146.07","49,807.34"
07/04/2025 08:00,"13,488.48","1,554.20","7,338.03","1,615.67","13,180.82","4,000.25","7,832.33","1,153.91","50,163.68"
07/04/2025 09:00,"14,227.05","1,660.29","7,756.27","1,662.92","13,880.37","4,075.22","8,117.25","1,202.87","52,582.24"
07/04/2025 10:00,"15,023.95","1,779.49","7,894.53","1,712.72","14,881.30","4,284.09","8,448.03","1,243.57","55,267.70"
07/04/2025 11:00,"16,095.42","1,897.62","8,032.76","1,769.30","15,926.33","4,568.37","8,805.95","1,295.63","58,391.37"
07/04/2025 12:00,"17,353.67","2,060.68","8,110.97","1,853.33","17,117.15","4,854.72","9,139.72","1,342.34","61,832.57"
07/04/2025 13:00,"18,237.40","2,187.43","8,204.45","1,933.55","18,167.07","5,075.78","9,272.02","1,387.52","64,465.22"
07/04/2025 14:00,"18,716.42","2,275.25","8,243.43","1,995.71","19,003.08","5,274.96","9,230.33","1,411.25","66,150.43"
07/04/2025 15:00,"18,927.82","2,342.65","8,288.67","2,059.75","19,571.21","5,433.89","9,130.29","1,437.97","67,192.25"
07/04/2025 16:00,"18,954.99","2,358.87","8,300.47","2,120.47","19,655.99","5,542.24","9,158.25","1,482.52","67,573.80"
07/04/2025 17:00,"18,878.14","2,348.57","8,260.62","2,162.14","19,268.48","5,541.65","9,287.10","1,526.25","67,272.95"
07/04/2025 18:00,"18,461.87","2,318.17","8,257.39","2,155.40","18,027.19","5,524.11","9,381.43","1,547.92","65,673.47"
07/04/2025 19:00,"17,820.47","2,181.51","8,157.58","2,112.64","16,788.79","5,417.68","9,390.90","1,546.39","63,415.96"
07/04/2025 20:00,"17,292.65","2,062.88","8,113.92","2,045.37","16,056.33","5,150.25","9,302.77","1,528.95","61,553.12"
07/04/2025 21:00,"17,087.62","1,929.42","7,956.16","1,968.70","15,598.96","4,986.09","9,152.94","1,488.29","60,168.17"
07/04/2025 22:00,"16,752.46","1,811.65","7,927.85","1,883.61","15,228.86","4,808.87","9,066.58","1,457.13","58,937.01"
07/04/2025 23:00,"16,437.62","1,764.82","7,752.32","1,824.64","14,846.37","4,676.57","8,882.78","1,406.12","57,591.24"
07/04/2025 24:00,"16,070.70","1,701.45","7,584.14","1,778.13","14,398.40","4,567.92","8,580.25","1,355.14","56,036.14"
07/05/2025 01:00,"15,591.66","1,626.44","7,527.59","1,659.79","13,724.08","4,491.14","8,225.93","1,301.14","54,147.76"
07/05/2025 02:00,"15,118.86","1,546.13","7,498.14","1,645.92","13,074.98","4,302.81","7,924.84","1,255.69","52,367.35"
07/05/2025 03:00,"14,637.11","1,544.53","7,388.52","1,629.49","12,542.75","4,224.67","7,681.34","1,219.64","50,868.06"
07/05/2025 04:00,"14,325.09","1,515.75","7,376.33","1,610.99","12,314.76","4,108.47","7,560.95","1,190.04","50,002.39"
07/05/2025 05:00,"14,174.74","1,505.16","7,314.84","1,608.02","12,159.47","4,042.72","7,482.56","1,174.50","49,462.00"
07/05/2025 06:00,"14,202.89","1,522.98","7,371.30","1,612.25","12,274.11","3,993.36","7,458.80","1,175.80","49,611.48"
07/05/2025 07:00,"14,123.55","1,516.80","7,336.04","1,600.57","12,425.11","3,980.49","7,496.14","1,176.11","49,654.81"
07/05/2025 08:00,"14,171.72","1,548.79","7,459.95","1,624.20","12,663.83","3,987.79","7,591.36","1,187.38","50,235.02"
07/05/2025 09:00,"14,805.46","1,651.80","7,566.07","1,684.09","13,528.79","4,035.31","7,836.69","1,222.49","52,330.70"
07/05/2025 10:00,"15,694.42","1,781.99","7,661.77","1,768.35","14,559.62","4,215.36","8,159.79","1,287.18","55,128.47"
07/05/2025 11:00,"16,430.49","1,922.88","7,890.62","1,862.41","15,755.44","4,428.01","8,408.52","1,363.45","58,061.83"
07/05/2025 12:00,"16,966.66","2,109.18","8,059.15","1,930.81","16,684.02","4,688.40","8,583.43","1,427.29","60,448.95"
07/05/2025 13:00,"17,712.66","2,250.22","8,171.91","2,012.60","17,153.66","4,843.87","8,685.34","1,487.75","62,318.03"
07/05/2025 14:00,"18,555.30","2,310.90","8,206.69","2,086.38","17,302.67","5,113.12","8,674.95","1,553.77","63,803.77"
07/05/2025 15:00,"19,146.91","2,337.18","8,206.15","2,168.22","17,500.55","5,092.94","8,737.79","1,628.65","64,818.38"
07/05/2025 16:00,"19,187.70","2,371.22","8,159.88","2,205.35","17,782.03","5,119.71","8,823.42","1,670.58","65,319.88"
07/05/2025 17:00,"18,974.58","2,380.86","8,121.23","2,221.19","17,859.33","5,230.79","8,755.33","1,708.91","65,252.24"
07/05/2025 18:00,"18,724.25","2,346.97","8,033.25","2,217.59","17,651.32","5,223.17","8,636.35","1,717.49","64,550.40"
07/05/2025 19:00,"18,114.53","2,223.72","7,918.05","2,178.10","17,339.67","5,298.29","8,617.10","1,707.11","63,396.57"
07/05/2025 20:00,"17,611.80","2,166.77","7,640.16","2,095.09","16,846.61","5,170.03","8,815.88","1,667.11","62,013.45"
07/05/2025 21:00,"17,278.42","2,079.16","7,584.42","2,006.22","16,346.08","5,086.58","8,916.96","1,604.88","60,902.72"
07/05/2025 22:00,"17,054.24","2,032.36","7,674.36","1,954.97","16,130.52","5,026.23","8,959.74","1,563.14","60,395.56"
07/05/2025 23:00,"16,413.57","1,918.60","7,758.60","1,896.66","15,484.03","4,854.84","8,685.58","1,499.94","58,511.81"
07/05/2025 24:00,"15,651.89","1,777.71","7,806.06","1,867.65","14,587.02","4,658.23","8,324.28","1,426.13","56,098.97"
07/06/2025 01:00,"14,913.90","1,668.51","7,831.11","1,779.32","13,793.56","4,473.83","7,906.23","1,334.33","53,700.80"
07/06/2025 02:00,"14,253.73","1,573.70","7,790.91","1,716.60","13,053.50","4,258.69","7,572.11","1,278.52","51,497.76"
07/06/2025 03:00,"13,704.00","1,496.70","7,536.18","1,687.09","12,519.97","4,104.27","7,328.96","1,247.23","49,624.40"
07/06/2025 04:00,"13,349.49","1,458.63","7,580.17","1,649.65","12,246.01","4,017.59","7,175.09","1,242.53","48,719.15"
07/06/2025 05:00,"13,083.09","1,425.33","7,485.61","1,631.61","12,039.37","3,892.36","7,092.31","1,235.50","47,885.18"
07/06/2025 06:00,"12,991.92","1,423.71","7,424.91","1,615.88","11,982.02","3,869.86","7,086.41","1,227.45","47,622.16"
07/06/2025 07:00,"12,970.32","1,430.49","7,364.56","1,575.23","11,991.17","3,805.50","7,130.97","1,219.46","47,487.69"
07/06/2025 08:00,"13,260.48","1,498.03","7,533.58","1,593.73","12,286.44","3,866.60","7,307.84","1,231.74","48,578.45"
07/06/2025 09:00,"14,192.53","1,628.76","7,908.75","1,690.11","13,186.14","3,956.37","7,716.53","1,295.14","51,574.32"
07/06/2025 10:00,"15,352.59","1,822.09","8,051.70","1,759.63","14,152.45","4,203.49","8,245.68","1,342.59","54,930.22"
07/06/2025 11:00,"16,664.87","2,002.71","8,142.82","1,811.46","15,021.74","4,427.43","8,805.57","1,382.51","58,259.11"
07/06/2025 12:00,"17,819.84","2,075.61","8,212.00","1,892.88","15,522.07","4,693.87","9,343.59","1,456.26","61,016.11"
07/06/2025 13:00,"18,775.23","2,199.80","8,303.17","1,959.21","15,898.05","4,975.24","9,871.42","1,532.61","63,514.73"
07/06/2025 14:00,"19,405.03","2,348.50","8,347.03","2,064.80","16,252.10","5,219.22","10,376.57","1,593.27","65,606.51"
07/06/2025 15:00,"19,783.10","2,455.51","8,370.21","2,125.04","16,767.70","5,401.61","10,826.35","1,627.17","67,356.69"
07/06/2025 16:00,"20,163.33","2,537.31","8,367.36","2,178.76","17,195.35","5,529.55","11,050.99","1,645.57","68,668.22"
07/06/2025 17:00,"20,229.27","2,572.03","8,293.18","2,224.07","17,919.54","5,529.13","10,939.53","1,632.76","69,339.50"
07/06/2025 18:00,"19,976.45","2,559.00","8,213.43","2,240.42","18,643.15","5,521.98","10,698.42","1,636.35","69,489.20"
07/06/2025 19:00,"19,389.67","2,514.15","8,115.27","2,220.49","18,881.23","5,436.68","10,283.85","1,628.38","68,469.72"
07/06/2025 20:00,"18,843.27","2,429.52","8,074.82","2,197.82","18,608.68","5,215.29","9,877.55","1,599.99","66,846.94"
07/06/2025 21:00,"18,429.69","2,316.20","7,839.17","2,126.53","18,083.27","5,073.93","9,707.13","1,549.13","65,125.04"
07/06/2025 22:00,"17,904.05","2,224.54","7,750.31","2,055.99","17,529.90","4,916.46","9,532.10","1,503.46","63,416.82"
07/06/2025 23:00,"17,185.70","2,079.96","7,749.01","1,966.30","16,596.06","4,727.41","9,140.04","1,440.79","60,885.27"
07/06/2025 24:00,"16,357.92","1,924.86","7,584.22","1,867.28","15,415.34","4,511.66","8,592.32","1,365.66","57,619.27"
07/07/2025 01:00,"15,441.49","1,757.15","7,474.83","1,766.40","14,228.39","4,308.45","8,388.89","1,295.25","54,660.87"
07/07/2025 02:00,"14,771.80","1,688.83","7,555.18","1,689.39","13,337.57","4,117.53","8,005.08","1,240.02","52,405.38"
07/07/2025 03:00,"14,382.54","1,604.98","7,568.75","1,656.74","12,790.53","4,035.58","7,773.89","1,210.38","51,023.39"
07/07/2025 04:00,"14,225.92","1,577.72","7,594.81","1,640.19","12,502.68","3,932.99","7,681.42","1,182.73","50,338.46"
07/07/2025 05:00,"14,350.76","1,598.77","7,445.50","1,623.59","12,640.27","3,901.66","7,720.91","1,182.20","50,463.67"
07/07/2025 06:00,"14,621.99","1,646.73","7,625.32","1,661.52","13,048.75","3,857.57","7,924.25","1,194.98","51,581.10"
07/07/2025 07:00,"14,965.57","1,713.98","7,567.00","1,679.44","13,671.18","3,961.80","8,206.57","1,230.16","52,995.70"
07/07/2025 08:00,"15,230.58","1,790.65","7,579.53","1,695.43","14,270.01","4,091.54","8,422.77","1,235.19","54,315.69"
07/07/2025 09:00,"15,966.45","1,898.63","7,815.21","1,763.31","15,055.14","4,091.45","8,742.60","1,302.88","56,635.66"
07/07/2025 10:00,"17,084.87","2,084.89","7,876.46","1,828.90","15,731.78","4,350.30","9,150.67","1,372.27","59,480.14"
07/07/2025 11:00,"18,149.76","2,246.20","7,974.09","1,910.56","16,542.21","4,792.65","9,628.67","1,439.32","62,683.45"
07/07/2025 12:00,"19,092.21","2,357.61","8,112.15","1,954.02","17,558.48","5,147.38","10,127.05","1,520.56","65,869.47"
07/07/2025 13:00,"19,456.60","2,473.00","8,200.29","2,026.55","18,732.57","5,420.19","10,640.93","1,567.82","68,517.94"
07/07/2025 14:00,"19,722.68","2,569.45","8,175.03","2,119.35","19,917.83","5,648.69","11,138.74","1,623.32","70,915.10"
07/07/2025 15:00,"20,420.68","2,596.63","8,227.37","2,233.64","20,859.53","5,818.11","11,155.57","1,667.85","72,979.38"
07/07/2025 16:00,"20,594.39","2,512.93","8,169.24","2,322.28","21,465.83","5,894.80","11,384.23","1,673.74","74,017.44"
07/07/2025 17:00,"20,056.82","2,522.74","8,164.80","2,362.13","22,117.25","5,902.86","11,546.27","1,693.08","74,365.95"
07/07/2025 18:00,"19,654.05","2,530.73","8,108.59","2,359.63","22,432.04","5,898.98","11,628.55","1,696.52","74,309.08"
07/07/2025 19:00,"19,148.49","2,470.35","8,034.33","2,371.22","22,306.14","5,918.33","11,420.93","1,687.11","73,356.90"
07/07/2025 20:00,"18,689.55","2,373.65","8,033.79","2,311.92","21,555.49","5,650.99","11,107.49","1,658.66","71,381.54"
07/07/2025 21:00,"18,219.24","2,264.67","7,786.33","2,206.75","20,459.48","5,355.01","10,735.71","1,592.25","68,619.44"
07/07/2025 22:00,"17,916.85","2,204.46","7,718.68","2,143.82","19,839.10","5,347.80","10,508.19","1,556.20","67,235.11"
07/07/2025 23:00,"17,070.77","2,046.96","7,713.48","2,026.01","18,453.85","5,116.78","9,937.11","1,466.33","63,831.30"
07/07/2025 24:00,"16,234.17","1,884.21","7,611.53","1,920.45","16,992.17","4,818.38","9,305.38","1,368.87","60,135.16"
07/08/2025 01:00,"15,454.51","1,737.53","7,586.72","1,840.87","15,641.27","4,510.96","8,727.36","1,300.23","56,799.44"
07/08/2025 02:00,"14,821.25","1,651.51","7,527.59","1,767.17","14,682.12","4,267.23","8,255.02","1,241.09","54,212.97"
07/08/2025 03:00,"14,327.49","1,574.51","7,424.43","1,710.92","13,889.66","4,128.37","7,912.19","1,194.37","52,161.93"
07/08/2025 04:00,"14,121.85","1,560.14","7,392.70","1,678.47","13,496.59","4,052.92","7,745.27","1,171.76","51,219.70"
07/08/2025 05:00,"14,183.58","1,557.65","7,221.71","1,682.40","13,445.27","4,025.40","7,767.42","1,164.93","51,048.36"
07/08/2025 06:00,"14,628.68","1,578.93","7,228.35","1,698.43","13,873.34","4,044.66","7,946.95","1,183.99","52,183.34"
07/08/2025 07:00,"14,963.88","1,597.85","7,223.02","1,719.34","14,351.98","4,113.77","8,190.41","1,209.40","53,369.65"
07/08/2025 08:00,"15,210.22","1,653.50","7,291.13","1,762.65","14,804.91","4,195.37","8,391.37","1,230.87","54,540.01"
07/08/2025 09:00,"15,864.88","1,760.57","7,508.91","1,846.46","15,784.41","4,235.43","8,763.47","1,290.65","57,054.78"
07/08/2025 10:00,"16,920.87","1,934.37","7,592.40","1,952.97","17,008.45","4,487.47","9,312.77","1,356.58","60,565.88"
07/08/2025 11:00,"18,126.43","2,075.57","7,785.59","2,068.63","18,361.11","4,816.28","9,910.99","1,423.83","64,568.42"
07/08/2025 12:00,"19,105.22","2,187.40","7,902.76","2,193.82","19,830.36","5,149.34","10,563.57","1,505.05","68,437.52"
07/08/2025 13:00,"19,300.97","2,331.14","8,084.52","2,304.43","21,291.29","5,370.70","11,165.79","1,595.61","71,444.44"
07/08/2025 14:00,"18,161.45","2,429.83","8,317.37","2,385.85","22,410.78","5,327.19","11,670.27","1,679.40","72,382.13"
07/08/2025 15:00,"17,304.84","2,519.36","8,254.67","2,444.57","23,365.59","5,472.56","11,963.29","1,763.49","73,088.37"
07/08/2025 16:00,"16,995.15","2,552.95","8,112.26","2,309.74","23,951.69","5,477.75","12,132.29","1,834.84","73,366.67"
07/08/2025 17:00,"17,248.88","2,540.92","7,935.60","1,994.85","24,460.21","5,417.29","11,831.58","1,880.72","73,310.05"
07/08/2025 18:00,"16,749.82","2,475.79","7,521.64","2,193.96","23,784.62","5,228.45","11,787.20","1,854.16","71,595.63"
07/08/2025 19:00,"16,171.06","2,384.87","7,475.57","2,348.09","22,418.38","5,243.71","11,790.25","1,846.50","69,678.44"
07/08/2025 20:00,"15,869.60","2,243.93","7,589.07","2,325.59","20,962.91","5,061.05","11,610.99","1,802.04","67,465.19"
07/08/2025 21:00,"15,661.58","2,184.36","7,718.16","2,167.90","19,485.35","4,946.24","11,147.20","1,723.16","65,033.95"
07/08/2025 22:00,"15,495.71","2,073.23","7,696.82","2,094.29","18,431.69","4,904.92","10,794.95","1,659.71","63,151.33"
07/08/2025 23:00,"14,946.98","1,927.94","7,634.59","1,998.00","17,105.45","4,725.85","10,077.40","1,574.75","59,990.96"
07/08/2025 24:00,"14,115.89","1,800.18","7,538.60","1,877.40","15,619.80","4,554.35","9,271.83","1,463.36","56,241.42"
07/09/2025 01:00,"13,539.57","1,656.02","7,517.70","1,791.80","14,362.90","4,367.99","8,589.06","1,358.61","53,183.64"
07/09/2025 02:00,"13,183.57","1,574.21","7,534.76","1,713.62","13,513.69","4,175.82","8,107.81","1,277.02","51,080.50"
07/09/2025 03:00,"12,883.37","1,525.65","7,467.86","1,684.72","12,859.71","4,036.51","7,800.69","1,176.91","49,435.41"
07/09/2025 04:00,"12,826.03","1,521.22","7,439.58","1,653.34","12,535.20","3,910.30","7,635.55","1,107.85","48,629.07"
07/09/2025 05:00,"12,948.15","1,498.76","7,335.90","1,611.02","12,522.19","3,922.18","7,618.39","1,088.73","48,545.32"
07/09/2025 06:00,"13,366.44","1,555.14","7,233.90","1,634.11","13,085.17","3,950.42","7,785.97","1,126.83","49,737.99"
07/09/2025 07:00,"13,785.63","1,600.87","7,168.40","1,645.86","13,644.71","4,055.53","8,028.18","1,154.64","51,083.80"
07/09/2025 08:00,"14,228.63","1,675.02","7,171.34","1,670.16","14,225.91","4,113.03","8,260.54","1,180.52","52,525.14"
07/09/2025 09:00,"15,118.96","1,759.37","7,509.97","1,738.43","15,003.62","4,288.51","8,620.77","1,250.22","55,289.85"
07/09/2025 10:00,"16,199.22","1,858.65","7,609.13","1,822.75","15,978.40","4,478.78","9,089.90","1,323.40","58,360.22"
07/09/2025 11:00,"17,327.53","1,988.72","7,774.92","1,938.75","17,230.96","4,758.36","9,613.09","1,410.07","62,042.40"
07/09/2025 12:00,"18,296.36","2,148.42","7,910.40","2,059.95","18,666.70","4,969.34","10,166.86","1,513.51","65,731.55"
07/09/2025 13:00,"18,455.49","2,250.28","8,020.24","2,178.50","20,062.81","5,217.47","10,710.66","1,595.40","68,490.86"
07/09/2025 14:00,"17,607.93","2,352.74","8,106.01","2,280.69","21,339.14","5,333.72","11,021.76","1,698.30","69,740.29"
07/09/2025 15:00,"17,219.79","2,431.09","8,177.59","2,382.69","22,527.98","5,477.40","11,178.99","1,771.96","71,167.48"
07/09/2025 16:00,"17,282.06","2,468.67","8,239.28","2,450.01","23,448.34","5,656.03","11,269.62","1,828.43","72,642.43"
07/09/2025 17:00,"17,353.91","2,428.66","8,159.19","2,497.89","23,953.24","5,778.04","11,446.14","1,816.43","73,433.51"
07/09/2025 18:00,"17,436.75","2,278.28","8,224.17","2,511.71","24,062.64","5,754.49","11,516.99","1,804.52","73,589.55"
07/09/2025 19:00,"17,292.54","2,177.97","8,221.76","2,492.86","23,595.90","5,824.00","11,378.61","1,779.46","72,763.09"
07/09/2025 20:00,"17,055.23","2,105.32","8,173.17","2,433.64","22,246.86","5,602.53","10,991.35","1,715.17","70,323.28"
07/09/2025 21:00,"16,709.09","2,023.60","7,772.55","2,305.04","20,524.74","5,383.15","10,551.81","1,639.22","66,909.21"
07/09/2025 22:00,"16,384.67","1,964.73","7,657.37","2,206.09","19,427.22","5,199.44","10,247.54","1,588.39","64,675.46"
07/09/2025 23:00,"15,637.08","1,889.22","7,672.27","2,090.52","18,102.17","4,966.39","9,649.81","1,500.35","61,507.81"
07/09/2025 24:00,"14,897.53","1,729.25","7,600.74","1,958.21","16,646.81","4,640.55","8,963.97","1,400.59","57,837.65"
07/10/2025 01:00,"14,243.07","1,623.63","7,844.29","1,840.40","15,083.99","4,299.24","8,278.58","1,312.15","54,525.34"
07/10/2025 02:00,"13,763.74","1,557.77","7,828.12","1,765.07","14,154.33","4,061.50","7,819.51","1,248.10","52,198.15"
07/10/2025 03:00,"13,394.77","1,518.46","7,783.34","1,702.56","13,453.29","3,915.35","7,488.60","1,207.78","50,464.16"
07/10/2025 04:00,"13,178.75","1,472.95","7,665.29","1,659.95","12,993.23","3,835.47","7,274.16","1,178.48","49,258.30"
07/10/2025 05:00,"13,227.04","1,485.90","7,665.23","1,645.65","12,951.84","3,788.69","7,204.78","1,156.86","49,125.99"
07/10/2025 06:00,"13,559.30","1,516.69","7,659.81","1,660.79","13,318.17","3,789.33","7,330.74","1,163.32","49,998.16"
07/10/2025 07:00,"13,937.61","1,573.37","7,621.43","1,692.16","13,756.60","3,865.89","7,561.03","1,185.04","51,193.14"
07/10/2025 08:00,"14,312.31","1,652.77","7,752.11","1,724.76","14,274.02","3,861.28","7,769.47","1,207.29","52,554.02"
07/10/2025 09:00,"15,082.81","1,745.20","7,852.30","1,792.29","15,244.07","3,943.66","8,199.82","1,255.67","55,115.81"
07/10/2025 10:00,"16,125.43","1,868.59","7,949.04","1,889.11","16,494.96","4,138.53","8,779.68","1,331.21","58,576.55"
07/10/2025 11:00,"17,331.50","1,997.92","8,110.09","2,010.04","17,901.07","4,438.90","9,465.76","1,409.53","62,664.82"
07/10/2025 12:00,"18,558.19","2,186.98","8,272.56","2,132.07","19,342.93","4,740.71","10,184.60","1,509.76","66,927.80"
07/10/2025 13:00,"19,574.29","2,345.15","8,305.68","2,239.70","20,716.62","5,015.48","10,867.25","1,600.88","70,665.04"
07/10/2025 14:00,"20,313.68","2,458.02","8,170.07","2,258.36","21,914.52","5,239.47","11,530.83","1,692.12","73,577.07"
07/10/2025 15:00,"20,856.69","2,571.98","7,849.83","1,847.34","22,897.57","5,451.87","12,059.57","1,752.61","75,287.47"
07/10/2025 16:00,"20,916.44","2,566.71","7,646.29","1,865.79","23,232.78","5,524.81","12,464.16","1,790.50","76,007.49"
07/10/2025 17:00,"21,190.60","2,611.55","7,284.57","1,899.61","23,796.96","5,641.06","12,626.07","1,827.12","76,877.54"
07/10/2025 18:00,"20,926.03","2,598.28","7,549.80","1,885.36","23,756.40","5,601.07","12,733.35","1,826.79","76,877.08"
07/10/2025 19:00,"20,144.99","2,625.73","7,578.46","2,140.95","23,634.15","5,537.70","12,765.53","1,835.37","76,262.89"
07/10/2025 20:00,"19,441.93","2,491.83","7,736.08","2,359.88","22,978.62","5,479.83","12,552.67","1,792.77","74,833.60"
07/10/2025 21:00,"18,921.26","2,439.62","7,792.49","2,261.99","21,758.38","5,342.56","11,968.66","1,699.65","72,184.61"
07/10/2025 22:00,"18,495.90","2,348.26","7,887.13","2,201.47","20,961.87","5,304.41","11,543.73","1,645.32","70,388.08"
07/10/2025 23:00,"17,799.38","2,194.02","7,889.10","2,112.56","19,822.11","5,096.52","10,856.64","1,563.23","67,333.56"
07/10/2025 24:00,"16,927.19","2,035.63","7,829.05","1,996.30","18,414.29","4,812.67","10,001.94","1,470.44","63,487.51"
07/11/2025 01:00,"16,002.08","1,891.32","7,713.81","1,874.82","17,119.60","4,578.27","9,212.42","1,377.39","59,769.70"
07/11/2025 02:00,"15,305.93","1,770.75","7,722.46","1,824.29","16,090.37","4,355.85","8,651.74","1,311.04","57,032.43"
07/11/2025 03:00,"14,791.92","1,695.19","7,709.55","1,751.48","15,316.11","4,198.46","8,290.27","1,260.77","55,013.75"
07/11/2025 04:00,"14,465.85","1,620.44","7,713.00","1,709.09","14,755.63","4,072.05","8,035.71","1,217.06","53,588.83"
07/11/2025 05:00,"14,451.78","1,566.49","7,718.44","1,688.84","14,504.86","4,014.57","7,987.89","1,186.37","53,119.25"
07/11/2025 06:00,"14,670.93","1,608.94","7,705.72","1,702.97","14,504.07","4,057.98","8,085.91","1,180.11","53,516.63"
07/11/2025 07:00,"14,918.18","1,628.00","7,761.86","1,749.03","14,687.46","4,171.42","8,347.55","1,202.65","54,466.15"
07/11/2025 08:00,"15,149.35","1,690.69","7,786.48","1,786.77","15,005.94","4,195.98","8,552.55","1,237.00","55,404.77"
07/11/2025 09:00,"15,889.88","1,825.97","7,831.09","1,813.90","15,987.17","4,340.35","8,910.73","1,292.69","57,891.79"
07/11/2025 10:00,"17,088.21","1,987.59","7,879.46","1,900.65","17,257.16","4,601.60","9,437.74","1,362.03","61,514.44"
07/11/2025 11:00,"18,251.32","2,121.75","7,994.95","1,992.62","18,514.68","4,932.29","10,010.39","1,423.74","65,241.74"
07/11/2025 12:00,"19,165.24","2,320.68","8,117.51","2,119.40","19,717.10","5,205.78","10,623.99","1,500.43","68,770.12"
07/11/2025 13:00,"19,124.06","2,437.51","8,189.25","2,227.94","20,889.40","5,483.20","11,141.22","1,568.04","71,060.61"
07/11/2025 14:00,"18,613.34","2,551.93","8,243.99","2,308.12","21,846.66","5,676.41","11,611.85","1,627.61","72,479.91"
07/11/2025 15:00,"18,415.73","2,611.37","8,149.13","2,375.85","22,485.86","5,716.29","11,976.14","1,687.44","73,417.82"
07/11/2025 16:00,"18,960.05","2,548.58","8,283.25","2,437.59","23,037.07","5,754.10","12,189.07","1,742.04","74,951.76"
07/11/2025 17:00,"18,930.29","2,452.89","8,191.54","2,449.05","23,357.79","5,796.33","12,345.88","1,774.70","75,298.47"
07/11/2025 18:00,"18,603.64","2,416.38","8,126.30","2,434.35","23,252.88","5,742.28","12,387.76","1,784.04","74,747.64"
07/11/2025 19:00,"18,440.64","2,386.35","8,123.87","2,395.95","22,864.44","5,710.00","12,248.38","1,778.33","73,947.94"
07/11/2025 20:00,"18,219.64","2,302.63","7,825.01","2,314.91","22,018.10","5,705.23","11,972.61","1,748.85","72,106.98"
07/11/2025 21:00,"17,813.79","2,189.06","7,256.36","2,180.63","20,826.55","5,539.34","11,515.08","1,665.43","68,986.24"
07/11/2025 22:00,"17,255.85","2,082.54","7,138.63","2,078.01","19,432.35","5,336.35","10,975.61","1,590.27","65,889.62"
07/11/2025 23:00,"16,955.78","2,029.29","7,824.06","2,011.25","18,817.01","5,140.53","10,501.38","1,535.24","64,814.55"
07/11/2025 24:00,"16,235.67","1,907.08","7,847.93","1,939.23","17,594.26","4,855.30","9,947.25","1,444.70","61,771.42"
07/12/2025 01:00,"15,433.10","1,775.23","7,959.88","1,839.92","16,391.35","4,605.12","9,289.53","1,527.91","58,822.04"
07/12/2025 02:00,"14,924.51","1,692.21","7,897.81","1,774.99","15,503.65","4,391.33","8,776.16","1,478.48","56,439.13"
07/12/2025 03:00,"14,467.10","1,638.79","7,844.22","1,710.72","14,727.68","4,297.00","8,409.16","1,442.62","54,537.26"
07/12/2025 04:00,"14,211.34","1,592.95","7,831.50","1,654.82","14,241.16","4,161.75","8,161.78","1,407.78","53,263.07"
07/12/2025 05:00,"14,056.25","1,556.80","7,772.23","1,639.09","13,953.96","4,093.95","8,040.52","1,379.55","52,492.35"
07/12/2025 06:00,"14,013.95","1,544.34","7,588.28","1,653.40","13,884.55","4,041.99","8,037.64","1,381.69","52,145.83"
07/12/2025 07:00,"13,991.27","1,569.41","7,612.39","1,636.91","13,971.26","4,059.47","8,088.10","1,383.72","52,312.54"
07/12/2025 08:00,"14,185.45","1,620.66","7,966.55","1,639.06","14,155.63","4,083.45","8,172.06","1,396.08","53,218.94"
07/12/2025 09:00,"15,201.22","1,748.10","8,142.41","1,722.38","14,890.93","4,209.79","8,629.57","1,439.38","55,983.79"
07/12/2025 10:00,"16,516.77","1,920.11","7,979.49","1,811.04","15,909.45","4,507.23","9,212.22","1,504.01","59,360.31"
07/12/2025 11:00,"17,642.38","2,050.07","7,691.39","1,867.63","17,055.98","4,780.98","9,800.59","1,543.78","62,432.81"
07/12/2025 12:00,"18,701.64","2,224.91","8,024.08","1,946.61","18,272.55","5,114.14","10,468.41","1,613.73","66,366.07"
07/12/2025 13:00,"19,469.54","2,379.72","8,040.41","2,003.92","19,272.63","5,309.99","11,056.51","1,675.57","69,208.30"
07/12/2025 14:00,"19,934.68","2,492.79","8,111.69","2,044.21","20,017.61","5,609.48","11,560.69","1,712.80","71,483.95"
07/12/2025 15:00,"20,198.47","2,481.80","7,618.60","2,065.46","20,535.04","5,610.15","11,944.97","1,728.69","72,183.17"
07/12/2025 16:00,"20,207.76","2,452.75","7,535.32","2,108.21","21,093.96","5,616.86","12,225.46","1,710.29","72,950.61"
07/12/2025 17:00,"20,138.37","2,361.13","7,661.64","2,174.51","21,539.67","5,707.82","12,373.26","1,728.17","73,684.57"
07/12/2025 18:00,"19,890.04","2,242.87","7,713.08","2,197.83","21,458.52","5,688.11","12,381.49","1,730.30","73,302.24"
07/12/2025 19:00,"19,093.63","2,098.01","7,539.04","2,106.21","20,450.73","5,723.75","12,252.62","1,701.38","70,965.37"
07/12/2025 20:00,"18,212.93","2,008.43","7,266.87","2,030.66","18,959.81","5,536.57","12,109.23","1,658.32","67,782.82"
07/12/2025 21:00,"17,526.98","1,917.40","7,207.51","1,925.57","17,400.81","5,332.53","11,655.97","1,621.98","64,588.74"
07/12/2025 22:00,"17,406.70","1,900.27","7,384.24","1,921.60","16,943.09","5,264.71","11,349.56","1,622.13","63,792.30"
07/12/2025 23:00,"16,778.17","1,815.74","7,299.93","1,823.11","16,106.94","5,065.01","10,732.99","1,570.02","61,191.91"
07/12/2025 24:00,"16,170.13","1,713.81","7,420.82","1,753.38","15,135.48","4,885.26","10,141.38","1,516.31","58,736.57"
07/13/2025 01:00,"15,474.24","1,625.30","7,603.17","1,680.09","14,152.59","4,687.95","9,476.46","1,545.38","56,245.17"
07/13/2025 02:00,"14,899.44","1,560.21","7,618.36","1,631.15","13,330.40","4,478.58","8,959.57","1,488.54","53,966.25"
07/13/2025 03:00,"14,408.83","1,485.03","7,567.27","1,596.24","12,769.37","4,317.73","8,592.08","1,443.88","52,180.44"
07/13/2025 04:00,"14,054.39","1,469.11","7,500.08","1,571.91","12,432.16","4,222.52","8,372.16","1,430.22","51,052.55"
07/13/2025 05:00,"13,818.92","1,447.20","7,497.54","1,565.07","12,232.20","4,110.86","8,186.29","1,406.37","50,264.47"
07/13/2025 06:00,"13,686.17","1,451.20","7,498.42","1,572.35","12,152.31","4,100.49","8,092.21","1,400.52","49,953.66"
07/13/2025 07:00,"13,536.97","1,461.24","7,501.99","1,575.54","12,176.42","4,032.16","8,084.34","1,397.07","49,765.73"
07/13/2025 08:00,"13,787.14","1,504.76","7,514.73","1,606.07","12,375.99","4,064.00","8,117.44","1,402.83","50,372.96"
07/13/2025 09:00,"14,851.19","1,631.86","8,080.55","1,667.94","12,890.35","4,104.99","8,377.40","1,440.31","53,044.60"
07/13/2025 10:00,"16,065.82","1,776.86","8,186.08","1,723.81","13,516.02","4,360.73","8,808.09","1,481.09","55,918.49"
07/13/2025 11:00,"17,298.54","1,944.23","8,356.17","1,805.92","14,316.52","4,639.88","9,260.69","1,524.32","59,146.26"
07/13/2025 12:00,"18,451.84","2,095.07","8,431.95","1,898.82","15,397.73","4,924.36","9,584.85","1,564.70","62,349.31"
07/13/2025 13:00,"18,939.73","2,192.95","8,523.84","1,995.64","16,538.48","5,170.98","9,394.75","1,604.95","64,361.32"
07/13/2025 14:00,"18,517.69","2,338.75","8,663.21","2,080.76","17,585.67","5,380.53","9,187.26","1,686.28","65,440.15"
07/13/2025 15:00,"17,976.00","2,314.75","8,773.08","2,164.91","18,474.87","5,528.45","9,219.10","1,773.88","66,225.03"
07/13/2025 16:00,"17,957.29","2,155.35","8,769.46","2,223.11","19,301.91","5,651.23","9,541.59","1,834.74","67,434.69"
07/13/2025 17:00,"18,043.54","2,059.05","8,705.67","2,270.27","20,025.62","5,646.21","9,937.83","1,895.73","68,583.91"
07/13/2025 18:00,"17,886.11","1,960.21","8,670.22","2,283.39","20,228.85","5,631.49","10,352.63","1,936.83","68,949.74"
07/13/2025 19:00,"17,504.38","1,878.79","8,617.70","2,265.72","19,852.71","5,629.81","10,497.60","1,958.65","68,205.35"
07/13/2025 20:00,"16,959.43","1,830.26","8,594.56","2,228.99","19,052.17","5,437.78","10,434.11","1,926.74","66,464.03"
07/13/2025 21:00,"16,746.89","1,772.54","8,470.93","2,156.05","18,337.47","5,286.80","10,216.34","1,855.77","64,842.80"
07/13/2025 22:00,"16,554.49","1,779.73","8,424.63","2,083.72","17,869.74","5,162.95","10,086.18","1,799.38","63,760.83"
07/13/2025 23:00,"15,919.00","1,684.61","8,280.15","1,976.91","16,714.59","4,924.17","9,549.03","1,706.47","60,754.93"
07/13/2025 24:00,"15,243.05","1,578.41","8,019.54","1,879.15","15,434.09","4,684.09","8,858.71","1,610.31","57,307.35"
07/14/2025 01:00,"14,556.93","1,486.87","7,919.31","1,801.82","14,256.04","4,492.97","8,307.28","1,547.43","54,368.65"
07/14/2025 02:00,"14,023.70","1,423.32","8,006.36","1,740.37","13,370.58","4,282.12","7,913.87","1,481.19","52,241.51"
07/14/2025 03:00,"13,619.01","1,387.09","7,984.67","1,693.78","12,813.70","4,190.12","7,642.32","1,429.22","50,759.90"
07/14/2025 04:00,"13,514.72","1,383.00","7,993.05","1,659.62","12,488.77","4,110.27","7,574.14","1,411.61","50,135.18"
07/14/2025 05:00,"13,629.72","1,332.23","7,797.43","1,648.02","12,575.73","4,088.97","7,663.31","1,405.06","50,140.46"
07/14/2025 06:00,"13,992.29","1,390.53","7,720.22","1,668.72","13,098.92","4,078.20","7,912.77","1,416.77","51,278.42"
07/14/2025 07:00,"14,378.62","1,471.82","7,591.43","1,709.43","13,718.68","4,190.07","8,221.36","1,454.20","52,735.62"
07/14/2025 08:00,"14,768.07","1,548.32","7,683.15","1,730.23","14,024.96","4,298.65","8,433.92","1,480.40","53,967.69"
07/14/2025 09:00,"15,788.42","1,648.30","8,335.17","1,796.35","14,418.49","4,289.99","8,786.65","1,536.07","56,599.43"
07/14/2025 10:00,"16,896.64","1,767.56","8,425.28","1,881.73","14,844.16","4,522.54","9,248.54","1,600.01","59,186.46"
07/14/2025 11:00,"17,941.66","1,902.85","8,513.54","1,979.15","15,292.04","4,941.17","9,872.53","1,674.26","62,117.22"
07/14/2025 12:00,"18,869.26","2,022.02","8,621.33","2,058.12","15,875.39","5,248.35","10,595.65","1,763.53","65,053.66"
07/14/2025 13:00,"19,580.87","2,164.87","8,691.76","2,135.53","16,848.77","5,484.89","11,247.33","1,801.87","67,955.90"
07/14/2025 14:00,"19,928.57","2,319.49","8,639.89","2,204.76","18,044.09","5,723.76","11,624.21","1,835.28","70,320.06"
07/14/2025 15:00,"19,860.69","2,428.60","8,717.43","2,226.81","19,408.85","5,899.49","11,467.61","1,847.67","71,857.15"
07/14/2025 16:00,"20,020.85","2,531.63","8,566.14","2,254.67","20,755.41","5,968.94","11,645.52","1,839.44","73,582.59"
07/14/2025 17:00,"20,568.76","2,632.60","8,401.36","2,234.03","21,775.46","5,982.66","12,038.92","1,834.31","75,468.10"
07/14/2025 18:00,"20,451.15","2,547.37","8,192.58","2,191.05","22,242.42","5,978.94","12,304.93","1,809.95","75,718.39"
07/14/2025 19:00,"19,619.85","2,461.43","8,174.25","2,169.03","22,129.95","5,969.75","12,202.25","1,806.75","74,533.24"
07/14/2025 20:00,"18,744.14","2,326.14","8,217.63","2,110.14","21,335.07","5,708.49","11,914.48","1,783.35","72,139.43"
07/14/2025 21:00,"18,241.78","2,275.69","8,236.65","2,046.58","20,521.46","5,517.28","11,549.52","1,719.34","70,108.29"
07/14/2025 22:00,"17,756.46","2,193.75","8,118.51","1,980.90","19,694.39","5,514.03","11,235.66","1,666.07","68,159.77"
07/14/2025 23:00,"16,858.81","1,994.07","8,069.73","1,892.01","18,292.78","5,315.82","10,554.81","1,602.46","64,580.49"
07/14/2025 24:00,"15,935.96","1,849.73","7,981.08","1,789.13","16,855.22","5,020.75","9,724.67","1,525.70","60,682.24"
07/15/2025 01:00,"15,078.88","1,714.71","7,961.54","1,711.49","15,704.35","4,701.64","9,060.34","1,518.96","57,451.92"
07/15/2025 02:00,"14,542.06","1,641.27","7,862.68","1,669.08","14,891.37","4,471.43","8,657.84","1,474.14","55,209.87"
07/15/2025 03:00,"14,112.80","1,595.25","7,904.86","1,630.39","14,216.03","4,319.96","8,386.37","1,422.96","53,588.61"
07/15/2025 04:00,"13,868.54","1,530.96","7,938.02","1,604.83","13,763.52","4,214.84","8,248.35","1,396.72","52,565.79"
07/15/2025 05:00,"13,897.66","1,559.02","7,839.98","1,602.84","13,686.41","4,188.80","8,230.47","1,393.38","52,398.57"
07/15/2025 06:00,"14,260.17","1,610.88","7,784.42","1,636.96","14,105.41","4,203.95","8,428.85","1,410.51","53,441.15"
07/15/2025 07:00,"14,568.03","1,652.42","7,758.31","1,662.11","14,565.80","4,253.36","8,666.84","1,440.12","54,566.99"
07/15/2025 08:00,"14,837.47","1,691.57","7,779.43","1,687.88","14,980.05","4,320.17","8,833.67","1,444.53","55,574.75"
07/15/2025 09:00,"15,839.28","1,771.79","7,865.45","1,764.81","15,715.88","4,354.23","9,223.52","1,487.24","58,022.20"
07/15/2025 10:00,"17,083.66","1,942.43","7,911.12","1,842.01","16,852.48","4,654.45","9,694.69","1,529.48","61,510.32"
07/15/2025 11:00,"18,261.41","2,138.85","8,113.15","1,948.28","18,331.39","5,010.21","10,334.85","1,581.05","65,719.18"
07/15/2025 12:00,"19,368.35","2,325.10","8,367.74","2,067.46","19,766.99","5,306.93","11,042.15","1,640.20","69,884.91"
07/15/2025 13:00,"20,344.89","2,496.61","8,450.70","2,164.07","21,167.83","5,551.85","11,649.18","1,649.64","73,474.77"
07/15/2025 14:00,"20,976.11","2,632.29","8,271.52","2,253.66","22,412.99","5,670.45","12,190.18","1,778.77","76,185.98"
07/15/2025 15:00,"20,983.88","2,694.64","7,681.59","2,281.97","22,923.54","5,846.75","12,287.59","1,863.21","76,563.15"
07/15/2025 16:00,"21,371.27","2,749.63","7,154.98","2,157.56","23,629.08","5,902.35","12,412.07","1,888.03","77,264.97"
07/15/2025 17:00,"21,727.92","2,737.62","7,196.26","1,847.19","24,073.92","5,919.33","12,659.68","1,895.80","78,057.73"
07/15/2025 18:00,"21,311.09","2,720.52","7,090.35","2,108.79","23,821.66","5,782.64","12,915.34","1,868.40","77,618.77"
07/15/2025 19:00,"20,759.11","2,728.20","7,313.64","2,267.31","23,144.88","5,856.02","13,104.92","1,881.04","77,055.12"
07/15/2025 20:00,"20,227.10","2,642.09","8,015.99","2,300.36","22,031.76","5,708.20","12,781.70","1,878.65","75,585.84"
07/15/2025 21:00,"19,404.04","2,510.55","8,090.99","2,156.85","20,986.78","5,509.56","12,185.13","1,839.05","72,682.96"
07/15/2025 22:00,"18,698.63","2,394.01","8,036.36","2,072.18","20,043.52","5,366.55","11,730.64","1,807.89","70,149.78"
07/15/2025 23:00,"17,723.16","2,211.83","7,976.10","1,972.43","18,632.21","5,115.78","11,004.80","1,726.50","66,362.80"
07/15/2025 24:00,"16,641.75","2,050.55","7,985.38","1,850.59","17,207.30","4,921.50","10,208.96","1,631.27","62,497.31"
07/16/2025 01:00,"15,732.18","1,890.93","7,878.73","1,773.75","15,978.15","4,686.32","9,480.75","1,546.41","58,967.22"
07/16/2025 02:00,"15,043.20","1,767.97","7,932.85","1,722.33","15,047.27","4,467.65","8,981.73","1,487.47","56,450.46"
07/16/2025 03:00,"14,440.44","1,702.58","7,900.27","1,683.84","14,386.10","4,299.71","8,675.57","1,451.79","54,540.30"
07/16/2025 04:00,"14,251.32","1,648.89","7,915.51","1,669.66","14,156.68","4,181.35","8,501.15","1,438.93","53,763.49"
07/16/2025 05:00,"14,194.96","1,619.74","7,870.35","1,656.95","14,080.08","4,194.16","8,442.87","1,422.30","53,481.42"
07/16/2025 06:00,"14,521.56","1,664.06","7,770.08","1,677.49","14,410.48","4,215.67","8,575.91","1,432.31","54,267.55"
07/16/2025 07:00,"14,816.47","1,700.99","7,728.29","1,702.68","14,840.10","4,306.67","8,756.58","1,468.54","55,320.32"
07/16/2025 08:00,"15,045.07","1,757.63","7,740.44","1,742.32","15,199.04","4,301.21","8,907.84","1,481.89","56,175.43"
07/16/2025 09:00,"15,930.66","1,875.03","7,878.93","1,819.64","15,859.21","4,439.85","9,155.74","1,532.89","58,491.95"
07/16/2025 10:00,"17,135.23","2,029.03","7,953.97","1,922.91","16,981.12","4,696.43","9,703.27","1,608.29","62,030.23"
07/16/2025 11:00,"18,248.04","2,151.74","8,051.10","2,028.52","18,351.28","5,019.50","10,352.03","1,682.08","65,884.29"
07/16/2025 12:00,"19,385.95","2,322.67","8,168.55","2,140.04","19,662.95","5,315.08","10,942.57","1,769.81","69,707.60"
07/16/2025 13:00,"20,218.79","2,455.38","8,311.92","2,253.86","20,806.09","5,636.16","11,500.45","1,832.56","73,015.20"
07/16/2025 14:00,"21,029.47","2,597.24","8,352.25","2,336.70","21,929.95","5,861.19","12,096.98","1,918.00","76,121.79"
07/16/2025 15:00,"21,382.73","2,654.47","7,924.79","2,364.89","22,670.36","5,964.53","12,574.20","1,966.33","77,502.29"
07/16/2025 16:00,"21,439.01","2,647.73","7,604.42","2,389.62","23,095.19","6,007.01","12,916.56","2,019.38","78,118.91"
07/16/2025 17:00,"21,441.23","2,661.19","7,381.66","2,417.84","23,414.69","6,046.55","13,161.71","2,094.41","78,619.29"
07/16/2025 18:00,"21,226.85","2,663.05","7,351.11","2,422.56","23,537.33","5,935.20","13,337.35","2,073.38","78,546.83"
07/16/2025 19:00,"20,835.75","2,650.61","7,433.08","2,412.78","23,461.75","5,938.19","13,344.62","2,070.49","78,147.27"
07/16/2025 20:00,"20,234.97","2,628.66","7,887.95","2,365.93","22,751.21","5,827.71","13,099.72","2,021.28","76,817.44"
07/16/2025 21:00,"19,675.33","2,495.12","8,120.39","2,301.80","21,875.19","5,703.21","12,533.46","1,951.23","74,655.73"
07/16/2025 22:00,"19,036.49","2,400.51","8,128.90","2,234.62","21,188.18","5,527.62","12,051.85","1,896.98","72,465.15"
07/16/2025 23:00,"17,888.42","2,217.79","8,038.66","2,127.66","19,877.77","5,259.40","11,251.77","1,808.16","68,469.63"
07/16/2025 24:00,"16,830.58","2,039.55","7,987.92","2,007.98","18,398.76","4,914.50","10,369.80","1,709.42","64,258.51"
07/17/2025 01:00,"15,948.20","1,869.50","8,006.73","1,902.40","16,944.73","4,569.00","9,570.82","1,609.84","60,421.20"
07/17/2025 02:00,"15,155.43","1,769.83","8,018.73","1,831.39","15,843.44","4,308.17","8,941.93","1,553.22","57,422.15"
07/17/2025 03:00,"14,600.92","1,693.57","8,021.67","1,785.39","14,983.59","4,155.28","8,493.40","1,501.64","55,235.45"
07/17/2025 04:00,"14,158.21","1,630.51","7,946.95","1,734.96","14,454.52","4,041.56","8,222.97","1,459.60","53,649.28"
07/17/2025 05:00,"13,998.04","1,593.49","7,882.62","1,712.86","14,209.96","3,953.74","8,131.48","1,439.35","52,921.54"
07/17/2025 06:00,"14,147.61","1,633.32","7,889.35","1,723.88","14,334.44","3,921.38","8,206.83","1,449.52","53,306.33"
07/17/2025 07:00,"14,361.00","1,670.32","7,902.01","1,770.31","14,544.52","3,978.15","8,377.06","1,468.35","54,071.72"
07/17/2025 08:00,"14,618.23","1,710.99","7,901.23","1,788.00","14,933.13","3,957.98","8,483.54","1,471.41","54,864.50"
07/17/2025 09:00,"15,493.25","1,815.64","8,085.22","1,860.18","15,730.44","4,098.36","8,813.48","1,511.89","57,408.44"
07/17/2025 10:00,"16,445.70","1,960.60","8,200.64","1,941.87","16,848.05","4,359.49","9,314.08","1,579.91","60,650.34"
07/17/2025 11:00,"17,196.09","2,133.93","8,393.32","2,061.56","18,173.42","4,673.33","9,956.07","1,664.62","64,252.35"
07/17/2025 12:00,"17,967.01","2,296.80","8,651.30","2,165.88","19,557.06","5,031.64","10,622.53","1,777.65","68,069.87"
07/17/2025 13:00,"18,646.91","2,460.84","8,641.68","2,282.13","20,883.28","5,358.75","11,304.08","1,868.57","71,446.24"
07/17/2025 14:00,"19,330.07","2,614.14","8,669.30","2,328.15","22,120.73","5,643.66","11,906.47","1,952.79","74,565.31"
07/17/2025 15:00,"20,047.83","2,708.48","8,531.28","1,934.78","23,196.90","5,890.01","12,484.48","2,027.22","76,820.98"
07/17/2025 16:00,"20,210.80","2,744.73","8,155.71","1,957.36","23,728.04","5,975.42","12,914.25","2,081.58","77,767.89"
07/17/2025 17:00,"20,342.56","2,723.14","7,997.20","1,960.60","24,169.57","6,026.53","13,121.75","2,112.88","78,454.22"
07/17/2025 18:00,"19,989.16","2,713.95","7,984.06","1,939.97","24,152.53","5,973.83","13,307.64","2,113.13","78,174.27"
07/17/2025 19:00,"19,443.82","2,661.87","7,812.43","2,188.64","23,845.55","5,867.86","13,315.30","2,100.98","77,236.45"
07/17/2025 20:00,"18,909.47","2,513.08","8,019.44","2,405.73","22,913.44","5,734.87","13,074.66","2,040.31","75,610.99"
07/17/2025 21:00,"18,597.24","2,352.15","8,135.85","2,322.87","21,777.60","5,578.09","12,538.15","1,964.86","73,266.81"
07/17/2025 22:00,"18,194.63","2,290.71","8,130.88","2,204.73","20,778.95","5,459.45","12,031.06","1,901.02","70,991.42"
07/17/2025 23:00,"17,321.98","2,153.38","8,076.64","2,116.06","19,312.35","5,153.04","11,241.51","1,794.30","67,169.27"
07/17/2025 24:00,"16,414.17","1,963.63","8,023.92","2,012.33","17,755.23","4,830.35","10,398.34","1,692.78","63,090.74"
07/18/2025 01:00,"15,837.84","1,848.71","7,541.91","1,910.90","16,549.92","4,624.87","9,638.57","1,364.19","59,316.91"
07/18/2025 02:00,"15,223.78","1,741.52","7,565.38","1,829.90","15,510.32","4,383.87","9,057.12","1,304.51","56,616.39"
07/18/2025 03:00,"14,772.04","1,667.49","7,553.78","1,762.68","14,765.01","4,222.08","8,586.92","1,250.71","54,580.72"
07/18/2025 04:00,"14,475.79","1,611.03","7,520.91","1,683.39","14,185.43","4,080.47","8,281.92","1,207.79","53,046.73"
07/18/2025 05:00,"14,464.23","1,593.76","7,515.27","1,670.78","13,975.61","3,997.57","8,129.37","1,185.69","52,532.29"
07/18/2025 06:00,"14,679.47","1,604.62","7,494.53","1,706.61","14,111.54","4,015.40","8,180.69","1,187.71","52,980.57"
07/18/2025 07:00,"14,898.95","1,656.54","7,510.40","1,731.61","14,393.74","4,107.48","8,359.96","1,208.17","53,866.83"
07/18/2025 08:00,"15,049.51","1,677.53","7,546.09","1,763.67","14,836.36","4,123.19","8,467.11","1,225.12","54,688.59"
07/18/2025 09:00,"15,539.63","1,813.40","7,732.70","1,838.91","15,936.26","4,253.06","8,841.89","1,280.77","57,236.62"
07/18/2025 10:00,"16,113.40","1,937.77","7,951.62","1,944.12","17,364.42","4,565.46","9,341.08","1,360.15","60,578.01"
07/18/2025 11:00,"16,781.51","2,099.83","8,004.43","2,046.97","18,925.96","4,951.96","9,925.40","1,452.42","64,188.48"
07/18/2025 12:00,"17,529.27","2,220.03","7,971.64","2,162.55","20,560.72","5,306.92","10,548.78","1,549.15","67,849.06"
07/18/2025 13:00,"18,478.35","2,325.10","8,025.05","2,276.41","22,051.38","5,640.50","11,188.11","1,632.73","71,617.62"
07/18/2025 14:00,"19,435.04","2,423.15","8,074.48","2,374.20","23,283.81","5,915.48","11,852.26","1,729.40","75,087.82"
07/18/2025 15:00,"19,876.04","2,447.19","8,010.40","2,431.37","24,166.27","5,994.99","12,427.08","1,794.84","77,148.17"
07/18/2025 16:00,"20,096.01","2,447.30","7,823.80","2,481.24","24,584.14","6,008.20","12,874.60","1,827.89","78,143.18"
07/18/2025 17:00,"19,761.03","2,401.95","7,667.31","2,476.26","24,591.76","5,991.57","13,289.70","1,845.81","78,025.37"
07/18/2025 18:00,"19,416.67","2,391.72","7,521.24","2,475.58","24,616.17","5,947.61","13,522.83","1,835.81","77,727.62"
07/18/2025 19:00,"19,106.00","2,389.58","7,523.13","2,464.88","24,243.38","5,928.09","13,512.82","1,843.73","77,011.61"
07/18/2025 20:00,"18,691.44","2,321.32","7,601.39","2,397.39","23,270.06","5,948.47","13,162.33","1,820.74","75,213.14"
07/18/2025 21:00,"18,326.86","2,245.24","7,600.86","2,260.95","22,075.57","5,828.11","12,650.99","1,737.24","72,725.82"
07/18/2025 22:00,"17,973.94","2,198.94","7,571.32","2,162.16","21,047.63","5,675.95","12,174.59","1,669.74","70,474.27"
07/18/2025 23:00,"17,311.38","2,096.11","7,658.50","2,038.67","19,672.33","5,348.77","11,450.61","1,574.31","67,150.68"
07/18/2025 24:00,"16,569.52","1,940.15","7,594.89","1,962.64","18,243.72","5,024.41","10,691.29","1,478.71","63,505.33"
07/19/2025 01:00,"15,832.73","1,828.60","7,638.34","1,956.22","16,899.47","4,781.81","9,935.03","1,400.17","60,272.35"
07/19/2025 02:00,"15,272.71","1,740.39","7,593.38","1,882.09","15,893.70","4,547.23","9,339.43","1,341.64","57,610.56"
07/19/2025 03:00,"14,797.82","1,677.13","7,519.41","1,822.74","15,155.14","4,453.12","8,897.43","1,291.29","55,614.09"
07/19/2025 04:00,"14,478.18","1,631.75","7,539.42","1,784.53","14,648.99","4,310.50","8,581.92","1,261.14","54,236.42"
07/19/2025 05:00,"14,306.93","1,616.54","7,506.01","1,763.80","14,387.20","4,227.16","8,444.60","1,243.89","53,496.14"
07/19/2025 06:00,"14,264.29","1,619.56","7,505.24","1,749.68","14,332.42","4,151.09","8,377.55","1,242.54","53,242.38"
07/19/2025 07:00,"14,213.58","1,612.46","7,505.49","1,738.08","14,261.00","4,130.93","8,381.70","1,246.81","53,090.05"
07/19/2025 08:00,"14,426.05","1,659.25","7,581.41","1,749.45","14,427.04","4,164.23","8,440.34","1,255.10","53,702.87"
07/19/2025 09:00,"15,501.78","1,773.03","7,723.36","1,842.05","15,477.78","4,295.47","8,740.34","1,312.08","56,665.89"
07/19/2025 10:00,"16,850.71","1,951.05","7,850.72","1,962.22","16,971.29","4,642.87","9,139.12","1,399.09","60,767.07"
07/19/2025 11:00,"18,121.56","2,123.42","7,972.65","2,078.37","18,491.48","4,997.90","9,652.72","1,497.71","64,935.80"
07/19/2025 12:00,"19,215.44","2,289.40","8,021.41","2,185.38","19,919.07","5,355.48","10,233.62","1,584.29","68,804.09"
07/19/2025 13:00,"20,086.63","2,430.60","8,136.13","2,290.13","21,191.69","5,589.51","10,826.74","1,671.74","72,223.17"
07/19/2025 14:00,"20,535.14","2,541.84","8,280.29","2,390.23","22,140.61","5,911.90","11,443.03","1,743.80","74,986.85"
07/19/2025 15:00,"20,707.03","2,629.77","8,248.68","2,473.53","23,027.13","5,934.19","11,981.17","1,798.56","76,800.07"
07/19/2025 16:00,"20,598.11","2,687.92","8,117.35","2,523.40","23,661.06","5,974.25","12,371.37","1,837.12","77,770.58"
07/19/2025 17:00,"20,434.85","2,702.73","7,748.71","2,474.53","23,979.70","6,014.20","12,580.91","1,861.44","77,797.07"
07/19/2025 18:00,"20,290.69","2,716.98","7,834.10","2,546.10","23,923.59","5,986.40","12,524.68","1,868.38","77,690.91"
07/19/2025 19:00,"19,991.70","2,655.01","7,728.72","2,525.97","23,446.69","6,051.54","12,503.35","1,851.95","76,754.92"
07/19/2025 20:00,"19,539.59","2,556.86","7,760.92","2,473.05","22,605.75","5,921.69","12,450.65","1,829.17","75,137.67"
07/19/2025 21:00,"19,023.20","2,388.79","7,808.82","2,384.99","21,424.47","5,758.74","12,117.33","1,760.30","72,666.64"
07/19/2025 22:00,"18,526.68","2,280.75","7,811.06","2,311.85","20,686.69","5,599.87","11,808.49","1,699.58","70,724.97"
07/19/2025 23:00,"17,848.78","2,185.40","7,765.66","2,213.61","19,486.42","5,353.04","11,212.18","1,618.46","67,683.56"
07/19/2025 24:00,"17,051.82","2,060.21","7,778.32","2,110.73","18,233.75","5,103.73","10,538.05","1,533.66","64,410.26"
07/20/2025 01:00,"16,330.80","1,948.49","7,790.88","2,016.05","17,113.74","4,868.21","9,843.23","1,445.24","61,356.65"
07/20/2025 02:00,"15,755.80","1,845.92","7,762.02","1,938.35","16,269.97","4,642.67","9,246.01","1,375.72","58,836.46"
07/20/2025 03:00,"15,212.27","1,775.13","7,711.06","1,868.15","15,636.40","4,466.40","8,784.64","1,316.02","56,770.07"
07/20/2025 04:00,"14,818.08","1,730.67","7,685.29","1,822.91","15,147.68","4,353.73","8,481.61","1,281.52","55,321.49"
07/20/2025 05:00,"14,609.77","1,699.04","7,669.05","1,796.62","14,813.95","4,225.67","8,309.97","1,266.18","54,390.25"
07/20/2025 06:00,"14,422.81","1,680.90","7,626.24","1,779.13","14,600.95","4,190.92","8,212.94","1,265.18","53,779.08"
07/20/2025 07:00,"14,269.94","1,651.94","7,623.20","1,768.30","14,430.89","4,121.60","8,230.00","1,267.96","53,363.82"
07/20/2025 08:00,"14,267.53","1,701.04","7,638.04","1,775.89","14,608.18","4,131.43","8,262.32","1,267.11","53,651.55"
07/20/2025 09:00,"15,054.65","1,851.18","7,752.70","1,878.00","15,765.34","4,184.55","8,552.09","1,329.04","56,367.56"
07/20/2025 10:00,"16,190.61","2,027.55","7,903.18","2,001.81","17,235.63","4,435.66","8,990.04","1,402.23","60,186.70"
07/20/2025 11:00,"17,370.96","2,184.41","8,057.92","2,106.78","18,563.06","4,716.58","9,428.21","1,486.13","63,914.06"
07/20/2025 12:00,"18,411.36","2,327.33","8,197.09","2,211.43","19,968.53","5,025.80","9,879.65","1,564.79","67,585.97"
07/20/2025 13:00,"19,198.38","2,449.07","8,316.45","2,342.13","21,220.57","5,310.42","10,386.77","1,641.08","70,864.87"
07/20/2025 14:00,"19,835.10","2,588.75","8,474.27","2,442.42","22,226.60","5,541.60","10,850.30","1,725.65","73,684.69"
07/20/2025 15:00,"20,277.58","2,667.50","8,549.38","2,522.89","22,970.24","5,749.24","11,237.78","1,793.76","75,768.37"
07/20/2025 16:00,"20,693.18","2,732.68","8,429.00","2,587.65","23,537.19","5,893.08","11,429.84","1,840.17","77,142.80"
07/20/2025 17:00,"20,772.22","2,749.25","8,189.44","2,615.15","23,876.09","5,855.08","11,464.34","1,872.01","77,393.58"
07/20/2025 18:00,"20,668.78","2,752.52","8,110.08","2,619.75","24,063.39","5,845.69","11,521.68","1,882.48","77,464.37"
07/20/2025 19:00,"20,482.63","2,709.78","8,065.88","2,592.78","23,921.23","5,830.13","11,548.05","1,878.13","77,028.62"
07/20/2025 20:00,"20,015.32","2,635.66","8,074.11","2,532.36","23,180.83","5,625.01","11,453.51","1,850.30","75,367.09"
07/20/2025 21:00,"19,434.66","2,508.92","7,928.11","2,454.94","22,115.52","5,492.18","11,297.84","1,785.10","73,017.25"
07/20/2025 22:00,"18,917.25","2,394.47","7,948.55","2,386.85","21,266.27","5,353.97","11,143.53","1,732.01","71,142.89"
07/20/2025 23:00,"18,071.81","2,232.72","7,865.25","2,274.85","20,051.12","5,109.73","10,614.84","1,636.65","67,856.99"
07/20/2025 24:00,"17,118.20","2,047.71","7,745.65","2,162.48","18,671.84","4,848.57","9,918.05","1,538.27","64,050.77"
07/21/2025 01:00,"16,244.63","1,940.01","7,768.14","2,063.28","17,368.58","4,654.48","9,254.10","1,449.92","60,743.14"
07/21/2025 02:00,"15,532.55","1,825.06","7,793.44","1,983.90","16,280.85","4,412.64","8,734.42","1,377.32","57,940.19"
07/21/2025 03:00,"15,076.41","1,760.55","7,694.91","1,921.54","15,527.38","4,303.07","8,364.02","1,334.14","55,982.02"
07/21/2025 04:00,"14,839.06","1,722.58","7,674.15","1,875.41","15,072.70","4,211.25","8,171.98","1,304.09","54,871.22"
07/21/2025 05:00,"14,809.08","1,712.57","7,509.15","1,856.09","15,025.34","4,164.62","8,173.41","1,294.34","54,544.62"
07/21/2025 06:00,"14,927.86","1,741.46","7,570.90","1,857.09","15,266.46","4,115.34","8,328.98","1,296.50","55,104.60"
07/21/2025 07:00,"15,099.83","1,809.01","7,458.01","1,878.66","15,686.92","4,218.00","8,604.09","1,327.80","56,082.32"
07/21/2025 08:00,"15,350.12","1,865.23","7,535.81","1,902.55","16,029.86","4,299.64","8,814.62","1,340.03","57,137.86"
07/21/2025 09:00,"16,386.31","1,981.81","7,867.53","1,985.27","16,888.73","4,315.19","9,115.87","1,393.20","59,933.90"
07/21/2025 10:00,"17,604.43","2,132.62","7,963.56","2,091.01","18,159.65","4,649.26","9,588.96","1,464.27","63,653.76"
07/21/2025 11:00,"18,750.60","2,301.45","8,065.21","2,196.25","19,468.87","5,135.34","10,097.51","1,537.69","67,552.93"
07/21/2025 12:00,"19,881.31","2,476.36","8,220.75","2,325.11","20,834.68","5,515.99","10,801.26","1,633.88","71,689.34"
07/21/2025 13:00,"20,899.77","2,645.52","8,327.91","2,448.64","22,070.78","5,794.42","11,483.95","1,708.16","75,379.14"
07/21/2025 14:00,"21,657.28","2,762.23","7,938.52","2,500.12","23,099.76","6,019.06","12,153.32","1,770.81","77,901.11"
07/21/2025 15:00,"22,024.35","2,844.77","7,659.73","2,084.27","23,971.44","6,133.62","12,097.69","1,814.06","78,629.93"
07/21/2025 16:00,"22,172.53","2,845.08","7,390.64","2,010.12","24,257.79","6,131.00","12,103.92","1,846.63","78,757.72"
07/21/2025 17:00,"22,248.47","2,860.11","7,345.99","2,029.30","24,640.40","6,114.76","12,122.05","1,864.87","79,225.96"
07/21/2025 18:00,"22,115.94","2,864.22","7,277.24","2,020.88","24,738.96","6,071.17","12,376.08","1,857.07","79,321.56"
07/21/2025 19:00,"21,586.83","2,862.05","7,356.98","1,987.11","24,756.76","5,992.05","12,620.56","1,852.33","79,014.67"
07/21/2025 20:00,"21,083.81","2,791.61","7,413.55","2,468.60","23,981.14","5,873.57","12,653.74","1,824.02","78,090.02"
07/21/2025 21:00,"20,609.48","2,644.65","7,733.92","2,447.69","23,064.73","5,676.95","12,257.71","1,762.43","76,197.54"
07/21/2025 22:00,"19,944.03","2,553.49","7,539.99","2,364.70","22,205.20","5,644.22","11,873.62","1,695.07","73,820.33"
07/21/2025 23:00,"18,806.01","2,354.48","7,572.49","2,262.13","20,684.75","5,395.05","11,158.17","1,596.40","69,829.48"
07/21/2025 24:00,"17,716.57","2,162.59","7,612.59","2,150.24","19,125.97","5,071.28","10,343.73","1,496.57","65,679.54"
07/22/2025 01:00,"16,728.33","2,009.75","7,573.34","2,034.81","17,830.28","4,761.76","9,566.72","1,441.81","61,946.81"
07/22/2025 02:00,"15,966.40","1,884.54","7,502.60","1,965.30","16,785.25","4,505.77","8,984.45","1,379.45","58,973.76"
07/22/2025 03:00,"15,372.37","1,753.72","7,458.64","1,900.96","15,923.93","4,353.61","8,600.43","1,324.39","56,688.05"
07/22/2025 04:00,"15,070.37","1,709.61","7,418.74","1,859.16","15,388.66","4,256.11","8,416.42","1,288.63","55,407.70"
07/22/2025 05:00,"15,045.15","1,724.61","7,350.99","1,842.74","15,128.72","4,238.96","8,394.51","1,278.24","55,003.92"
07/22/2025 06:00,"15,263.47","1,748.94","7,318.35","1,850.74","15,299.51","4,261.24","8,553.34","1,284.55","55,580.14"
07/22/2025 07:00,"15,495.18","1,777.63","7,281.06","1,864.66","15,575.07","4,326.42","8,750.15","1,309.12","56,379.30"
07/22/2025 08:00,"15,756.80","1,814.02","7,301.48","1,807.49","15,866.19","4,404.74","8,867.47","1,324.89","57,143.07"
07/22/2025 09:00,"16,756.22","1,958.29","7,556.77","1,890.08","16,839.31","4,441.15","9,283.04","1,372.93","60,097.79"
07/22/2025 10:00,"17,985.07","2,111.57","7,662.78","1,977.11","17,974.97","4,756.95","9,861.13","1,436.23","63,765.82"
07/22/2025 11:00,"19,186.94","2,288.70","7,736.88","2,074.95","19,217.53","5,153.81","10,514.28","1,504.03","67,677.13"
07/22/2025 12:00,"20,214.80","2,466.49","7,821.36","2,182.42","20,549.56","5,508.64","11,210.67","1,579.42","71,533.37"
07/22/2025 13:00,"21,224.02","2,618.14","7,997.12","2,291.47","21,903.41","5,809.62","11,893.09","1,633.77","75,370.64"
07/22/2025 14:00,"21,974.46","2,732.82","8,031.27","2,352.60","23,149.26","5,971.04","12,502.73","1,709.46","78,423.65"
07/22/2025 15:00,"22,321.57","2,818.43","7,494.54","1,905.29","23,837.01","6,263.38","12,732.26","1,767.72","79,140.19"
07/22/2025 16:00,"22,420.19","2,822.84","7,220.67","1,937.16","24,181.94","6,320.09","12,956.26","1,787.25","79,646.40"
07/22/2025 17:00,"22,339.65","2,805.28","7,042.35","1,949.63","24,396.27","6,313.80","13,142.32","1,799.88","79,789.18"
07/22/2025 18:00,"22,124.77","2,801.28","6,908.56","1,969.56","24,400.84","6,209.57","13,424.37","1,809.99","79,648.95"
07/22/2025 19:00,"21,477.46","2,815.94","6,689.07","2,412.70","24,232.44","6,184.48","13,790.72","1,801.02","79,403.84"
07/22/2025 20:00,"21,085.73","2,740.34","6,863.95","2,390.09","23,772.34","6,046.13","13,610.42","1,780.96","78,289.95"
07/22/2025 21:00,"20,355.51","2,619.91","7,214.71","2,264.32","22,951.41","5,845.11","13,030.88","1,781.04","76,062.88"
07/22/2025 22:00,"19,579.05","2,487.03","7,318.99","2,189.97","22,068.96","5,646.36","12,485.22","1,727.27","73,502.87"
07/22/2025 23:00,"18,371.68","2,283.01","7,149.62","2,047.42","20,500.09","5,320.77","11,668.32","1,624.59","68,965.50"
07/22/2025 24:00,"17,305.54","2,110.06","7,309.17","1,934.14","18,920.39","5,093.60","10,826.66","1,536.77","65,036.32"
07/23/2025 01:00,"16,510.86","1,982.35","7,371.18","1,872.32","17,792.31","4,864.92","9,806.65","1,466.17","61,666.75"
07/23/2025 02:00,"15,706.96","1,866.69","7,467.45","1,806.78","16,741.82","4,621.46","9,191.57","1,415.89","58,818.63"
07/23/2025 03:00,"15,166.50","1,801.56","7,535.75","1,458.45","16,130.44","4,454.97","8,740.89","1,385.27","56,673.82"
07/23/2025 04:00,"14,683.29","1,731.67","7,422.30","1,739.55","15,527.09","4,249.73","8,438.85","1,348.09","55,140.59"
07/23/2025 05:00,"14,569.13","1,691.57","7,429.03","1,728.30","15,273.84","4,217.36","8,295.84","1,324.39","54,529.46"
07/23/2025 06:00,"14,762.95","1,660.01","7,354.37","1,746.26","15,431.19","4,221.31","8,383.38","1,332.63","54,892.11"
07/23/2025 07:00,"14,953.93","1,674.73","7,300.76","1,762.83","15,660.99","4,301.85","8,533.82","1,361.80","55,550.71"
07/23/2025 08:00,"15,210.79","1,718.78","7,264.33","1,814.39","15,999.59","4,297.83","8,654.72","1,371.18","56,331.61"
07/23/2025 09:00,"16,244.02","1,836.96","7,411.14","1,896.81","16,929.19","4,511.95","9,051.66","1,412.07","59,293.78"
07/23/2025 10:00,"17,589.16","2,019.84","7,545.11","1,983.18","18,225.62","4,791.60","9,721.43","1,483.27","63,359.20"
07/23/2025 11:00,"18,901.04","2,192.21","7,673.09","1,999.60","19,722.12","5,130.33","10,448.46","1,553.00","67,619.85"
07/23/2025 12:00,"20,001.38","2,368.19","7,748.43","2,198.44","21,106.95","5,444.53","11,152.79","1,629.54","71,650.25"
07/23/2025 13:00,"20,935.27","2,529.42","7,951.89","2,294.58","22,381.77","5,801.41","11,825.53","1,685.63","75,405.49"
07/23/2025 14:00,"21,745.69","2,653.93","7,988.50","2,384.25","23,393.10","6,062.10","12,475.21","1,765.78","78,468.55"
07/23/2025 15:00,"22,125.49","2,715.66","7,449.96","2,348.74","23,930.32","6,186.52","12,994.06","1,811.46","79,562.20"
07/23/2025 16:00,"22,274.49","2,770.76","7,267.45","1,948.59","24,360.29","6,282.65","13,509.93","1,845.71","80,259.87"
07/23/2025 17:00,"22,236.11","2,807.70","7,176.01","1,945.91","24,607.88","6,303.85","13,764.37","1,865.99","80,707.81"
07/23/2025 18:00,"22,146.01","2,815.68","7,114.84","1,956.57","24,814.33","6,216.66","13,949.08","1,879.89","80,893.05"
07/23/2025 19:00,"21,676.72","2,786.54","7,179.05","2,202.05","24,615.07","6,185.00","14,025.33","1,873.23","80,543.00"
07/23/2025 20:00,"21,439.19","2,700.18","7,342.80","2,493.69","24,307.80","6,110.13","13,741.33","1,849.17","79,984.29"
07/23/2025 21:00,"21,110.21","2,568.67","7,647.98","2,446.19","23,480.12","6,040.49","13,259.43","1,794.45","78,347.55"
07/23/2025 22:00,"20,431.29","2,439.79","7,779.38","2,378.56","22,572.89","5,820.70","12,693.50","1,732.86","75,848.97"
07/23/2025 23:00,"19,262.83","2,261.13","7,681.10","2,274.59","21,157.40","5,538.09","11,902.83","1,644.74","71,722.69"
07/23/2025 24:00,"18,178.18","2,071.33","7,614.01","2,164.71","19,653.44","5,175.42","11,022.87","1,544.62","67,424.57"
07/24/2025 01:00,"17,275.39","1,908.39","7,715.53","2,068.31","18,089.08","4,820.06","10,001.25","1,437.11","63,315.12"
07/24/2025 02:00,"16,346.78","1,779.95","7,534.40","1,980.17","16,944.08","4,531.78","9,301.63","1,362.29","59,781.08"
07/24/2025 03:00,"15,666.32","1,686.77","7,536.55","1,923.14","16,051.31","4,351.91","8,819.90","1,308.10","57,344.01"
07/24/2025 04:00,"15,293.85","1,636.73","7,570.67","1,884.53","15,531.87","4,243.52","8,521.50","1,284.34","55,967.00"
07/24/2025 05:00,"15,192.52","1,617.71","7,594.06","1,862.41","15,355.31","4,172.74","8,445.86","1,271.04","55,511.65"
07/24/2025 06:00,"15,313.65","1,637.52","7,609.79","1,862.20","15,542.67","4,142.05","8,516.98","1,282.56","55,907.41"
07/24/2025 07:00,"15,431.57","1,680.25","7,557.59","1,878.46","15,811.18","4,202.74","8,662.13","1,299.85","56,523.79"
07/24/2025 08:00,"15,692.06","1,727.53","7,575.41","1,907.70","16,167.88","4,204.20","8,820.36","1,319.20","57,414.35"
07/24/2025 09:00,"16,606.73","1,851.06","7,714.11","1,984.30","17,199.72","4,393.18","9,199.43","1,377.91","60,326.43"
07/24/2025 10:00,"17,719.67","2,024.34","7,900.04","2,059.76","18,475.96","4,670.47","9,859.62","1,469.92","64,179.78"
07/24/2025 11:00,"18,860.17","2,221.52","8,030.56","2,203.07","19,957.45","5,028.48","10,698.08","1,565.34","68,564.66"
07/24/2025 12:00,"19,985.46","2,410.73","8,193.59","2,325.43","21,319.10","5,405.01","11,462.33","1,661.80","72,763.44"
07/24/2025 13:00,"20,952.70","2,581.58","8,324.24","2,452.77","22,638.47","5,735.34","12,039.12","1,754.42","76,478.63"
07/24/2025 14:00,"21,768.29","2,718.64","8,133.04","2,562.50","23,771.58","6,001.58","12,716.34","1,839.69","79,511.66"
07/24/2025 15:00,"22,097.15","2,774.73","7,476.46","2,570.96","24,374.07","6,145.94","13,250.38","1,911.92","80,601.62"
07/24/2025 16:00,"22,166.93","2,812.27","7,411.64","2,602.15","24,559.97","6,221.94","13,719.52","1,981.25","81,475.68"
07/24/2025 17:00,"22,130.79","2,825.05","7,259.28","2,609.26","24,784.84","6,223.18","13,835.67","2,006.83","81,674.88"
07/24/2025 18:00,"21,813.59","2,797.73","7,217.72","2,520.01","24,862.30","6,212.99","14,028.01","2,018.18","81,470.52"
07/24/2025 19:00,"21,237.68","2,781.41","7,226.35","2,570.88","24,783.85","6,128.79","14,194.30","1,991.97","80,915.23"
07/24/2025 20:00,"20,924.55","2,715.54","7,450.83","2,529.10","24,547.34","6,148.03","13,975.62","1,964.21","80,255.22"
07/24/2025 21:00,"20,568.05","2,638.68","7,738.33","2,449.45","23,536.91","6,022.24","13,374.22","1,902.33","78,230.19"
07/24/2025 22:00,"20,013.55","2,521.68","7,634.29","2,360.92","22,495.47","5,865.58","12,736.75","1,831.69","75,459.94"
07/24/2025 23:00,"19,066.88","2,324.97","7,496.50","2,238.20","20,889.26","5,547.09","11,947.01","1,714.63","71,224.54"
07/24/2025 24:00,"18,038.41","2,144.93","7,453.33","2,114.46","19,181.68","5,183.91","11,058.16","1,605.51","66,780.39"
07/25/2025 01:00,"17,030.28","1,989.95","7,625.20","2,031.78","17,581.27","4,926.30","9,928.33","1,424.10","62,537.21"
07/25/2025 02:00,"16,180.31","1,862.55","7,540.76","1,969.71","16,249.37","4,641.72","9,263.96","1,339.70","59,048.08"
07/25/2025 03:00,"15,492.91","1,774.22","7,269.24","1,906.24","15,173.81","4,423.33","8,754.44","1,280.11","56,074.30"
07/25/2025 04:00,"15,155.08","1,718.42","7,257.14","1,876.78","14,432.80","4,269.05","8,390.29","1,247.58","54,347.15"
07/25/2025 05:00,"15,104.64","1,698.01","7,301.41","1,863.33","14,220.57","4,176.32","8,214.29","1,230.36","53,808.93"
07/25/2025 06:00,"15,253.19","1,707.94","7,354.38","1,823.92","14,332.92","4,174.10","8,183.47","1,234.56","54,064.48"
07/25/2025 07:00,"15,273.19","1,723.29","7,092.91","1,818.20","14,453.61","4,228.33","8,332.48","1,238.62","54,160.64"
07/25/2025 08:00,"15,367.13","1,782.20","7,307.31","1,849.11","14,935.08","4,247.96","8,463.98","1,273.07","55,225.84"
07/25/2025 09:00,"15,839.25","1,911.38","7,911.78","1,983.83","16,010.56","4,453.71","8,832.53","1,381.57","58,324.61"
07/25/2025 10:00,"16,327.13","2,071.95","8,061.60","2,086.11","17,476.51","4,673.09","9,450.34","1,487.44","61,634.17"
07/25/2025 11:00,"17,078.15","2,212.52","8,223.80","2,210.03","19,301.82","5,058.76","10,140.65","1,599.44","65,825.17"
07/25/2025 12:00,"18,013.79","2,392.37","8,386.21","2,333.16","21,020.89","5,392.98","10,793.91","1,719.24","70,052.55"
07/25/2025 13:00,"18,761.19","2,576.54","8,448.63","2,449.91","22,487.76","5,692.46","11,280.33","1,813.69","73,510.51"
07/25/2025 14:00,"19,055.28","2,742.47","8,459.32","2,601.33","23,818.19","5,872.32","11,898.84","1,912.42","76,360.18"
07/25/2025 15:00,"19,049.36","2,804.35","8,291.10","2,638.05","24,814.83","5,912.53","12,330.15","1,992.59","77,832.95"
07/25/2025 16:00,"19,052.03","2,818.86","8,275.22","2,669.82","25,343.78","5,865.71","12,491.16","2,025.89","78,542.46"
07/25/2025 17:00,"19,042.80","2,775.30","8,055.64","2,682.74","25,553.70","5,782.28","12,538.70","2,042.08","78,473.23"
07/25/2025 18:00,"18,814.48","2,676.24","8,028.13","2,685.22","25,627.67","5,625.44","12,395.98","2,031.89","77,885.04"
07/25/2025 19:00,"17,841.61","2,573.32","8,043.30","2,623.51","25,004.79","5,483.21","12,129.52","2,009.31","75,708.57"
07/25/2025 20:00,"17,077.61","2,449.13","8,010.66","2,546.62","24,026.74","5,489.07","11,830.70","1,976.44","73,406.97"
07/25/2025 21:00,"16,714.20","2,315.13","7,966.95","2,458.06","22,840.36","5,445.05","11,518.65","1,902.26","71,160.65"
07/25/2025 22:00,"16,378.58","2,223.20","7,932.53","2,374.85","21,897.54","5,342.41","11,134.35","1,821.30","69,104.77"
07/25/2025 23:00,"15,852.20","2,171.11","8,014.76","2,258.15","20,558.92","5,126.73","10,534.69","1,718.48","66,235.02"
07/25/2025 24:00,"15,282.02","2,032.38","7,919.65","2,194.66","19,245.17","4,909.69","9,899.63","1,610.04","63,093.24"
07/26/2025 01:00,"14,628.08","1,897.43","7,801.78","2,088.36","17,832.65","4,685.43","9,342.73","1,504.04","59,780.50"
07/26/2025 02:00,"14,178.29","1,794.23","7,721.48","2,013.04","16,756.13","4,486.04","8,868.93","1,439.68","57,257.82"
07/26/2025 03:00,"13,777.63","1,708.12","7,708.20","1,937.08","15,971.45","4,391.46","8,538.40","1,382.92","55,415.25"
07/26/2025 04:00,"13,526.03","1,678.61","7,657.10","1,890.27","15,333.19","4,285.37","8,278.68","1,341.71","53,990.96"
07/26/2025 05:00,"13,425.37","1,678.97","7,537.12","1,858.93","14,985.63","4,235.02","8,091.90","1,312.65","53,125.59"
07/26/2025 06:00,"13,458.23","1,688.58","7,528.64","1,843.88","14,929.96","4,189.33","8,030.99","1,300.91","52,970.53"
07/26/2025 07:00,"13,531.70","1,687.86","7,604.92","1,833.42","14,817.65","4,207.19","8,060.88","1,299.93","53,043.54"
07/26/2025 08:00,"13,628.70","1,712.95","7,649.64","1,828.46","14,941.70","4,239.73","8,151.75","1,291.67","53,444.60"
07/26/2025 09:00,"14,091.81","1,791.78","7,783.06","1,906.80","16,020.42","4,335.80","8,591.27","1,342.85","55,863.80"
07/26/2025 10:00,"14,926.21","1,947.65","7,957.88","2,030.01","17,572.44","4,506.37","9,414.62","1,427.89","59,783.08"
07/26/2025 11:00,"16,025.16","2,112.46","8,149.80","2,160.46","19,196.19","4,761.70","10,185.02","1,518.29","64,109.07"
07/26/2025 12:00,"17,146.05","2,256.86","8,260.88","2,292.78","20,679.49","4,972.11","10,834.73","1,614.73","68,057.61"
07/26/2025 13:00,"18,048.90","2,385.57","8,310.81","2,400.85","21,882.00","5,072.76","11,359.94","1,700.43","71,161.27"
07/26/2025 14:00,"18,536.27","2,472.78","8,383.47","2,488.76","22,781.67","5,384.86","11,880.48","1,771.13","73,699.42"
07/26/2025 15:00,"18,437.58","2,528.50","8,408.18","2,552.54","23,597.71","5,394.32","12,388.82","1,842.78","75,150.42"
07/26/2025 16:00,"18,327.17","2,561.30","8,360.48","2,567.48","24,182.32","5,444.78","12,428.54","1,896.38","75,768.45"
07/26/2025 17:00,"18,331.96","2,543.94","8,322.53","2,527.00","24,592.15","5,580.04","11,898.12","1,945.81","75,741.56"
07/26/2025 18:00,"18,276.39","2,567.71","8,298.69","2,583.01","24,404.87","5,616.63","11,616.83","1,947.58","75,311.70"
07/26/2025 19:00,"18,063.11","2,506.37","8,223.91","2,517.41","23,674.76","5,675.47","11,559.43","1,899.16","74,119.62"
07/26/2025 20:00,"17,818.48","2,409.59","7,968.78","2,455.62","22,744.00","5,554.89","11,530.40","1,837.89","72,319.63"
07/26/2025 21:00,"17,509.32","2,300.08","7,740.59","2,376.72","21,809.38","5,453.14","11,174.19","1,768.85","70,132.27"
07/26/2025 22:00,"17,217.37","2,235.77","7,721.28","2,324.52","21,117.02","5,339.92","10,811.86","1,711.99","68,479.73"
07/26/2025 23:00,"16,615.04","2,078.94","7,739.55","2,221.04","19,987.28","5,126.68","10,295.00","1,622.61","65,686.14"
07/26/2025 24:00,"15,898.39","1,984.32","7,743.01","2,118.67","18,699.80","4,900.90","9,678.49","1,541.68","62,565.26"
07/27/2025 01:00,"15,205.87","1,883.89","7,726.39","2,048.09","17,507.59","4,676.75","9,173.45","1,452.40","59,674.43"
07/27/2025 02:00,"14,676.83","1,753.72","7,667.41","1,981.37","16,498.00","4,447.68","8,828.19","1,396.73","57,249.92"
07/27/2025 03:00,"14,297.98","1,692.19","7,646.01","1,927.63","15,709.42","4,277.74","8,631.18","1,353.68","55,535.84"
07/27/2025 04:00,"13,952.78","1,639.78","7,578.72","1,876.01","15,155.09","4,158.23","8,434.45","1,310.75","54,105.81"
07/27/2025 05:00,"13,759.95","1,590.86","7,569.88","1,837.90","14,735.23","4,030.14","8,312.00","1,293.02","53,128.97"
07/27/2025 06:00,"13,581.71","1,590.73","7,379.70","1,807.22","14,405.65","3,982.78","8,213.12","1,273.75","52,234.65"
07/27/2025 07:00,"13,483.26","1,583.70","7,462.59","1,796.33","14,269.52","3,927.49","8,192.72","1,273.21","51,988.82"
07/27/2025 08:00,"13,639.72","1,605.18","7,538.65","1,800.16","14,370.23","3,962.21","8,217.68","1,264.24","52,398.06"
07/27/2025 09:00,"14,820.22","1,721.63","7,602.52","1,876.57","15,155.03","4,061.60","8,655.75","1,324.00","55,217.32"
07/27/2025 10:00,"16,261.32","1,875.77","7,811.97","1,972.75","16,187.59","4,373.65","9,311.83","1,408.52","59,203.39"
07/27/2025 11:00,"17,509.55","2,015.23","7,930.72","2,070.40","17,387.25","4,720.52","9,996.69","1,499.53","63,129.88"
07/27/2025 12:00,"18,654.74","2,189.07","8,013.94","2,195.58","18,737.16","5,023.47","10,732.43","1,584.05","67,130.42"
07/27/2025 13:00,"19,523.06","2,331.16","8,035.11","2,303.11","20,152.66","5,283.51","11,380.51","1,669.36","70,678.48"
07/27/2025 14:00,"20,155.14","2,456.20","8,076.11","2,377.54","21,381.84","5,497.80","11,941.62","1,739.39","73,625.63"
07/27/2025 15:00,"20,326.73","2,550.82","8,119.37","2,439.08","22,505.21","5,569.70","12,055.07","1,798.32","75,364.30"
07/27/2025 16:00,"20,455.54","2,621.66","8,100.91","2,481.27","23,332.62","5,675.20","12,173.78","1,840.73","76,681.71"
07/27/2025 17:00,"20,654.14","2,687.44","8,052.33","2,525.85","23,983.70","5,653.57","12,116.02","1,865.93","77,538.97"
07/27/2025 18:00,"20,592.22","2,644.66","8,061.84","2,545.50","24,273.20","5,586.18","11,976.00","1,875.59","77,555.19"
07/27/2025 19:00,"19,993.41","2,594.65","8,045.68","2,517.93","23,996.14","5,573.56","11,769.24","1,868.44","76,359.05"
07/27/2025 20:00,"19,159.86","2,472.48","7,957.80","2,456.50","23,249.55","5,458.98","11,397.36","1,835.38","73,987.92"
07/27/2025 21:00,"18,585.76","2,360.05","7,791.48","2,375.07","22,161.07","5,346.89","11,076.86","1,760.16","71,457.33"
07/27/2025 22:00,"18,085.59","2,281.41","7,939.65","2,299.13","21,369.97","5,228.75","10,800.64","1,692.07","69,697.21"
07/27/2025 23:00,"17,343.85","2,120.14","7,945.04","2,196.28","20,051.94","4,994.90","10,231.39","1,607.90","66,491.44"
07/27/2025 24:00,"16,488.32","1,949.30","7,801.04","2,094.29","18,701.46","4,721.38","9,548.20","1,517.79","62,821.76"
07/28/2025 01:00,"15,641.61","1,826.64","7,576.59","2,001.53","17,410.36","4,542.23","8,908.40","1,431.33","59,338.68"
07/28/2025 02:00,"15,021.44","1,725.08","7,602.74","1,926.86","16,308.77","4,314.00","8,464.06","1,368.99","56,731.93"
07/28/2025 03:00,"14,593.10","1,663.16","7,642.77","1,879.72","15,559.97","4,197.00","8,104.02","1,320.94","54,960.68"
07/28/2025 04:00,"14,376.19","1,610.81","7,623.62","1,834.86","15,031.26","4,075.38","7,906.85","1,288.61","53,747.57"
07/28/2025 05:00,"14,441.75","1,625.06","7,471.47","1,819.96","14,943.61","4,019.49","7,961.04","1,275.10","53,557.47"
07/28/2025 06:00,"14,699.27","1,668.22","7,637.14","1,841.24","15,193.41","3,993.66","8,200.40","1,275.58","54,508.91"
07/28/2025 07:00,"14,977.50","1,724.03","7,523.56","1,864.56","15,603.51","4,109.66","8,498.22","1,301.97","55,603.01"
07/28/2025 08:00,"15,200.32","1,786.27","7,568.33","1,896.99","15,972.35","4,209.01","8,726.04","1,318.87","56,678.18"
07/28/2025 09:00,"16,235.71","1,925.60","7,807.02","1,986.62","17,095.72","4,271.85","9,068.52","1,377.50","59,768.55"
07/28/2025 10:00,"17,526.80","2,136.28","7,939.42","2,093.82","18,569.27","4,640.02","9,703.35","1,464.02","64,072.97"
07/28/2025 11:00,"18,788.79","2,319.02","8,008.20","2,205.93","20,058.36","5,105.82","10,455.98","1,549.06","68,491.16"
07/28/2025 12:00,"20,039.09","2,480.80","8,021.63","2,305.17","21,467.57","5,461.41","11,195.55","1,641.38","72,612.59"
07/28/2025 13:00,"20,945.82","2,653.43","8,091.33","2,391.52","22,914.02","5,772.57","11,953.93","1,734.57","76,457.19"
07/28/2025 14:00,"21,802.36","2,776.64","8,071.12","2,468.27","24,174.73","6,029.03","12,643.33","1,826.46","79,791.93"
07/28/2025 15:00,"22,345.10","2,864.11","7,731.32","2,052.57","25,198.72","6,195.64","12,796.01","1,891.05","81,074.51"
07/28/2025 16:00,"22,489.19","2,872.91","7,377.77","1,974.77","25,561.21","6,241.12","12,981.67","1,916.20","81,414.83"
07/28/2025 17:00,"22,317.58","2,876.08","7,247.32","1,982.74","25,496.67","6,144.23","13,201.98","1,923.53","81,190.13"
07/28/2025 18:00,"22,087.36","2,866.61","7,212.53","1,987.76","25,627.07","6,140.26","13,404.13","1,931.39","81,257.12"
07/28/2025 19:00,"21,600.86","2,859.92","7,283.04","2,001.23","25,596.71","6,060.15","13,644.66","1,928.68","80,975.25"
07/28/2025 20:00,"20,853.11","2,755.01","7,601.06","2,477.10","24,855.79","5,850.07","13,617.66","1,863.60","79,873.40"
07/28/2025 21:00,"20,329.75","2,607.62","7,824.40","2,440.33","23,591.49","5,582.88","12,995.21","1,774.95","77,146.63"
07/28/2025 22:00,"19,654.66","2,462.65","7,591.24","2,363.19","22,434.86","5,518.00","12,490.03","1,717.81","74,232.43"
07/28/2025 23:00,"18,571.68","2,284.50","7,688.95","2,245.37","20,782.93","5,266.33","11,735.30","1,614.74","70,189.80"
07/28/2025 24:00,"17,528.29","2,108.84","7,720.59","2,126.05","19,098.78","4,919.28","10,855.56","1,512.44","65,869.83"
07/29/2025 01:00,"16,580.57","1,941.82","7,720.06","2,018.69","17,688.81","4,555.67","10,064.43","1,442.93","62,012.98"
07/29/2025 02:00,"15,886.99","1,822.77","7,597.08","1,948.21","16,569.40","4,265.19","9,409.06","1,381.61","58,880.30"
07/29/2025 03:00,"15,195.70","1,730.45","7,587.99","1,872.25","15,695.59","4,059.11","8,930.45","1,321.60","56,393.12"
07/29/2025 04:00,"14,833.62","1,689.22","7,716.26","1,834.61","15,208.52","3,938.65","8,581.73","1,283.00","55,085.61"
07/29/2025 05:00,"14,723.82","1,641.51","7,598.44","1,814.27","15,016.77","3,876.06","8,405.45","1,265.94","54,342.26"
07/29/2025 06:00,"14,948.63","1,696.68","7,504.38","1,820.69","15,269.85","3,859.32","8,415.09","1,263.86","54,778.50"
07/29/2025 07:00,"15,104.60","1,745.93","7,481.51","1,835.13","15,622.55","3,898.14","8,594.11","1,276.52","55,558.48"
07/29/2025 08:00,"15,229.25","1,763.06","7,436.10","1,781.89","16,043.99","3,939.79","8,695.46","1,290.53","56,180.08"
07/29/2025 09:00,"15,829.25","1,933.11","7,676.95","1,903.59","17,114.50","3,943.39","9,064.12","1,357.04","58,821.95"
07/29/2025 10:00,"16,794.15","2,109.18","7,737.61","2,015.40","18,580.34","4,294.81","9,580.34","1,438.38","62,550.22"
07/29/2025 11:00,"17,953.00","2,288.28","7,738.06","2,141.23","20,314.75","4,711.35","10,291.79","1,518.28","66,956.75"
07/29/2025 12:00,"19,242.01","2,477.90","7,819.73","2,279.17","22,016.08","5,134.65","11,093.11","1,619.46","71,682.10"
07/29/2025 13:00,"20,419.59","2,687.58","7,971.57","2,379.97","23,566.97","5,446.24","11,857.81","1,707.30","76,037.03"
07/29/2025 14:00,"21,536.86","2,804.24","8,068.26","2,440.41","24,872.21","5,659.72","12,543.10","1,824.72","79,749.53"
07/29/2025 15:00,"22,235.85","2,902.16","7,464.88","1,990.43","25,824.55","5,990.51","12,778.07","1,903.29","81,089.74"
07/29/2025 16:00,"22,439.69","2,896.04","7,225.70","2,032.75","26,009.29","6,103.66","12,790.87","1,932.07","81,430.07"
07/29/2025 17:00,"22,539.16","2,861.71","7,149.75","2,044.46","25,939.57","6,104.89","13,092.63","1,919.04","81,651.21"
07/29/2025 18:00,"22,490.42","2,845.37","7,116.19","2,070.14","25,958.55","5,991.12","13,308.88","1,908.24","81,688.90"
07/29/2025 19:00,"21,971.54","2,806.43","7,139.61","2,515.23","25,605.31","5,942.06","13,641.85","1,898.67","81,520.70"
07/29/2025 20:00,"21,453.84","2,763.75","7,271.75","2,498.98","24,863.43","5,736.84","13,496.66","1,869.80","79,955.06"
07/29/2025 21:00,"20,624.53","2,624.76","7,410.55","2,369.53","23,672.55","5,469.84","12,692.48","1,772.59","76,636.82"
07/29/2025 22:00,"19,899.58","2,495.59","7,454.10","2,309.75","22,878.37","5,268.06","12,042.13","1,691.22","74,038.80"
07/29/2025 23:00,"18,884.90","2,299.23","7,551.90","2,197.33","21,441.30","4,985.23","11,077.48","1,590.64","70,028.03"
07/29/2025 24:00,"17,770.77","2,064.79","7,696.83","2,063.32","19,618.27","4,722.34","10,122.43","1,472.02","65,530.76"
07/30/2025 01:00,"16,812.09","1,948.04","7,605.31","1,937.81","18,057.51","4,414.62","9,239.52","1,379.63","61,394.52"
07/30/2025 02:00,"15,917.68","1,838.41","7,577.93","1,853.40","16,776.02","4,159.69","8,529.32","1,306.48","57,958.93"
07/30/2025 03:00,"15,396.05","1,747.23","7,608.05","1,497.74","15,955.75","4,018.75","7,981.97","1,254.91","55,460.45"
07/30/2025 04:00,"14,878.21","1,666.60","7,517.53","1,769.32","15,192.29","3,825.87","7,613.30","1,201.30","53,664.41"
07/30/2025 05:00,"14,702.72","1,628.18","7,481.46","1,741.69","14,917.63","3,813.26","7,451.38","1,168.27","52,904.60"
07/30/2025 06:00,"14,831.84","1,668.36","7,419.89","1,740.62","15,032.46","3,833.33","7,460.82","1,161.96","53,149.29"
07/30/2025 07:00,"14,799.39","1,697.21","7,342.71","1,735.34","15,180.50","3,904.35","7,628.58","1,186.99","53,475.08"
07/30/2025 08:00,"14,826.77","1,750.83","7,406.06","1,769.12","15,477.83","3,903.77","7,762.83","1,205.94","54,103.16"
07/30/2025 09:00,"15,361.32","1,898.82","7,577.75","1,849.49","16,495.47","4,028.31","8,103.48","1,272.45","56,587.10"
07/30/2025 10:00,"16,314.32","2,059.20","7,773.20","1,976.57","17,982.41","4,299.28","8,776.99","1,357.60","60,539.56"
07/30/2025 11:00,"17,460.97","2,256.08","7,988.19","2,003.93","19,766.05","4,729.30","9,608.15","1,451.67","65,264.34"
07/30/2025 12:00,"18,654.93","2,467.98","8,003.08","2,256.77","21,603.63","5,115.46","10,460.32","1,570.58","70,132.76"
07/30/2025 13:00,"19,912.27","2,649.10","8,075.84","2,390.91","23,282.07","5,551.45","11,422.97","1,688.33","74,972.95"
07/30/2025 14:00,"20,995.76","2,831.94","8,049.43","2,513.55","24,670.48","5,881.10","12,274.06","1,792.99","79,009.31"
07/30/2025 15:00,"21,706.93","2,904.77","7,539.46","2,471.99","25,638.97","6,097.43","12,699.99","1,878.25","80,937.79"
07/30/2025 16:00,"22,186.77","2,904.11","7,294.61","2,051.49","25,942.37","6,253.65","12,887.46","1,923.54","81,444.00"
07/30/2025 17:00,"22,282.77","2,881.62","7,270.28","2,040.23","26,001.95","6,244.32","13,005.78","1,951.89","81,678.83"
07/30/2025 18:00,"22,016.63","2,869.94","7,306.66","2,039.00","26,151.72","6,115.03","13,247.65","1,959.90","81,706.53"
07/30/2025 19:00,"21,425.79","2,837.69","7,276.92","2,272.57","25,683.94","6,010.37","13,545.46","1,957.34","81,010.08"
07/30/2025 20:00,"20,673.61","2,766.96","7,286.19","2,525.66","24,611.81","5,864.01","13,220.68","1,914.84","78,863.76"
07/30/2025 21:00,"19,978.10","2,611.52","7,289.32","2,418.51","23,197.58","5,719.94","12,399.86","1,791.30","75,406.13"
07/30/2025 22:00,"19,477.13","2,458.59","7,304.91","2,332.10","22,071.04","5,548.03","11,934.40","1,706.05","72,832.25"
07/30/2025 23:00,"18,635.73","2,314.58","7,372.70","2,249.56","20,829.37","5,321.20","11,199.97","1,595.87","69,518.99"
07/30/2025 24:00,"17,835.24","2,156.35","7,561.21","2,165.06","19,294.11","5,025.52","10,332.61","1,487.94","65,858.05"
07/31/2025 01:00,"17,109.15","1,988.19","7,518.32","2,060.90","17,746.82","4,743.18","9,498.30","1,390.26","62,055.13"
07/31/2025 02:00,"16,422.92","1,890.74","7,500.83","1,971.61","16,491.00","4,496.65","8,872.10","1,320.60","58,966.45"
07/31/2025 03:00,"15,811.28","1,783.28","7,462.93","1,893.43","15,491.16","4,322.09","8,425.00","1,266.60","56,455.76"
07/31/2025 04:00,"15,431.99","1,747.84","7,452.76","1,837.21","14,879.59","4,216.12","8,114.07","1,225.51","54,905.08"
07/31/2025 05:00,"15,322.76","1,688.75","7,459.32","1,831.57","14,647.07","4,135.88","7,964.34","1,206.58","54,256.27"
07/31/2025 06:00,"15,486.39","1,751.25","7,554.02","1,847.85","14,816.18","4,113.58","8,040.69","1,208.07","54,818.04"
07/31/2025 07:00,"15,663.98","1,761.26","7,605.73","1,875.56","15,097.96","4,170.05","8,211.30","1,227.40","55,613.23"
07/31/2025 08:00,"15,712.23","1,795.15","7,524.44","1,906.12","15,297.02","4,125.92","8,363.38","1,239.91","55,964.17"
07/31/2025 09:00,"16,149.82","1,903.05","7,700.58","1,989.17","16,424.66","4,254.73","8,906.33","1,299.05","58,627.41"
07/31/2025 10:00,"16,754.28","2,079.25","7,879.49","2,063.85","17,959.24","4,556.54","9,748.65","1,410.98","62,452.29"
07/31/2025 11:00,"17,727.69","2,252.45","8,064.86","2,208.09","19,876.84","4,930.93","10,684.41","1,547.84","67,293.11"
07/31/2025 12:00,"18,704.66","2,474.16","8,251.67","2,331.14","21,895.13","5,327.79","11,670.12","1,662.96","72,317.63"
07/31/2025 13:00,"19,551.13","2,679.62","8,258.09","2,438.12","23,704.72","5,655.92","12,616.94","1,779.24","76,683.78"
07/31/2025 14:00,"20,333.45","2,861.48","8,105.19","2,515.89","25,215.17","5,945.92","13,346.54","1,906.22","80,229.86"
07/31/2025 15:00,"20,409.96","2,947.14","7,465.03","2,520.28","26,160.87","6,159.59","13,418.72","1,982.52","81,064.12"
07/31/2025 16:00,"20,179.73","2,963.66","7,339.97","2,526.84","26,281.42","6,281.06","13,683.35","2,030.61","81,286.64"
07/31/2025 17:00,"20,048.21","2,970.87","7,267.49","2,521.87","26,499.52","6,235.83","13,789.73","2,049.87","81,383.40"
07/31/2025 18:00,"19,895.93","2,968.98","7,236.60","2,434.14","26,520.14","6,255.11","13,912.62","2,058.65","81,282.18"
07/31/2025 19:00,"19,529.17","2,927.63","7,230.78","2,444.78","26,279.31","6,145.79","14,157.02","2,029.36","80,743.85"
07/31/2025 20:00,"19,072.35","2,777.73","7,436.37","2,391.11","25,557.91","6,028.90","14,190.09","1,979.17","79,433.64"
07/31/2025 21:00,"19,048.77","2,616.05","7,678.01","2,367.21","24,498.59","5,914.18","13,763.28","1,890.14","77,776.22"
07/31/2025 22:00,"18,406.20","2,442.13","7,391.55","2,218.16","22,860.86","5,712.37","13,221.52","1,795.63","74,048.42"
07/31/2025 23:00,"17,661.90","2,254.58","7,396.67","2,147.62","21,201.61","5,417.55","12,370.01","1,684.32","70,134.26"
07/31/2025 24:00,"16,907.31","2,087.11","7,641.72","2,055.63","19,568.56","5,134.50","11,509.80","1,583.65","66,488.28"
08/01/2025 01:00,"16,276.60","1,938.54","7,835.98","1,956.02","18,204.92","4,866.93","10,451.23","1,459.55","62,989.76"
08/01/2025 02:00,"15,644.72","1,860.83","7,766.75","1,883.35","16,992.16","4,632.65","9,738.65","1,393.69","59,912.82"
08/01/2025 03:00,"15,141.91","1,769.81","7,498.03","1,829.67","16,030.66","4,414.64","9,240.78","1,341.01","57,266.50"
08/01/2025 04:00,"14,971.31","1,715.57","7,429.64","1,814.07","15,423.51","4,226.61","8,895.71","1,318.36","55,794.79"
08/01/2025 05:00,"15,023.53","1,683.72","7,460.61","1,811.13","15,197.70","4,183.82","8,686.59","1,295.76","55,342.86"
08/01/2025 06:00,"15,231.51","1,672.31","7,299.40","1,834.43","15,325.45","4,163.98","8,681.45","1,294.80","55,503.34"
08/01/2025 07:00,"15,523.32","1,734.23","7,280.27","1,877.57","15,689.46","4,242.50","8,836.49","1,319.78","56,503.64"
08/01/2025 08:00,"15,513.03","1,759.27","7,386.06","1,895.09","15,820.61","4,264.14","8,886.22","1,321.39","56,845.80"
08/01/2025 09:00,"16,125.74","1,900.73","7,913.78","1,938.41","16,525.72","4,451.50","9,270.50","1,369.64","59,496.03"
08/01/2025 10:00,"16,965.94","2,076.42","8,177.10","1,999.11","17,612.36","4,692.49","9,883.70","1,434.54","62,841.66"
08/01/2025 11:00,"17,771.00","2,260.12","8,282.17","2,092.65","18,915.84","5,121.98","10,672.60","1,503.23","66,619.58"
08/01/2025 12:00,"18,606.02","2,465.95","8,320.79","2,200.68","20,466.47","5,402.47","11,503.50","1,574.47","70,540.36"
08/01/2025 13:00,"19,458.23","2,634.91","8,264.28","2,255.00","22,085.77","5,724.58","12,381.70","1,628.70","74,433.17"
08/01/2025 14:00,"20,292.30","2,792.29","8,206.80","2,289.19","23,398.18","6,154.85","13,142.81","1,689.77","77,966.19"
08/01/2025 15:00,"20,801.27","2,944.56","7,926.26","2,273.54","24,122.96","6,309.37","13,746.63","1,728.72","79,853.30"
08/01/2025 16:00,"21,199.20","2,988.81","7,642.64","2,205.25","24,427.05","6,406.66","14,093.71","1,761.43","80,724.75"
08/01/2025 17:00,"21,565.48","2,925.11","7,483.05","2,185.57","24,526.82","6,444.13","14,315.57","1,793.85","81,239.58"
08/01/2025 18:00,"21,659.00","2,863.09","7,318.64","2,161.62","24,326.07","6,352.43","14,342.80","1,815.13","80,838.79"
08/01/2025 19:00,"21,416.20","2,706.39","7,330.17","2,161.01","23,778.23","6,203.55","14,136.65","1,823.03","79,555.22"
08/01/2025 20:00,"20,591.12","2,529.77","7,282.59","2,087.58","22,517.71","5,930.30","13,515.71","1,783.07","76,237.85"
08/01/2025 21:00,"19,903.01","2,404.25","7,298.42","2,016.48","21,393.31","5,745.52","12,914.94","1,721.22","73,397.15"
08/01/2025 22:00,"19,408.76","2,240.16","7,348.15","1,992.40","20,488.10","5,646.04","12,390.32","1,671.84","71,185.76"
08/01/2025 23:00,"18,522.55","2,118.48","7,598.77","1,928.92","19,164.41","5,462.35","11,702.45","1,590.88","68,088.83"
08/01/2025 24:00,"17,567.55","2,001.25","7,545.84","1,900.73","17,812.49","5,182.70","10,956.85","1,504.45","64,471.86"
08/02/2025 01:00,"16,773.25","1,838.88","7,488.29","1,838.32","16,632.49","4,862.66","9,950.44","1,389.06","60,773.40"
08/02/2025 02:00,"15,997.88","1,740.49","7,533.35","1,790.90","15,573.27","4,682.57","9,372.64","1,339.24","58,030.34"
08/02/2025 03:00,"15,373.09","1,620.27","7,443.39","1,745.07","14,736.58","4,456.47","8,887.00","1,293.97","55,555.85"
08/02/2025 04:00,"14,931.88","1,556.78","7,446.40","1,714.28","14,190.62","4,312.20","8,560.58","1,266.67","53,979.41"
08/02/2025 05:00,"14,687.10","1,545.75","7,451.27","1,697.16","13,917.86","4,220.32","8,311.52","1,250.55","53,081.54"
08/02/2025 06:00,"14,535.39","1,575.54","7,270.73","1,706.95","13,770.95","4,127.89","8,192.60","1,242.41","52,422.45"
08/02/2025 07:00,"14,552.79","1,548.60","7,271.61","1,713.53","13,748.01","4,105.03","8,178.15","1,254.66","52,372.37"
08/02/2025 08:00,"14,702.80","1,591.85","7,345.30","1,731.04","13,974.08","4,113.23","8,246.85","1,249.29","52,954.44"
08/02/2025 09:00,"15,662.53","1,694.13","7,974.70","1,821.48","15,038.55","4,318.59","8,737.10","1,321.56","56,568.64"
08/02/2025 10:00,"16,826.13","1,797.53","8,220.04","1,904.18","16,247.91","4,672.50","9,456.73","1,400.01","60,525.02"
08/02/2025 11:00,"18,068.99","1,921.82","8,357.95","1,982.37","17,493.39","5,088.27","10,350.96","1,487.56","64,751.32"
08/02/2025 12:00,"19,091.14","2,018.63","8,429.62","2,049.76","18,594.37","5,510.97","11,251.19","1,583.43","68,529.12"
08/02/2025 13:00,"19,131.96","2,124.53","8,570.06","2,121.19","19,759.35","5,869.54","12,083.43","1,669.24","71,329.30"
08/02/2025 14:00,"18,462.65","2,201.57","8,563.37","2,217.59","20,907.34","6,171.07","12,743.85","1,757.47","73,024.90"
08/02/2025 15:00,"17,594.47","2,287.13","8,566.82","2,303.21","21,881.11","6,271.99","13,105.72","1,816.31","73,826.76"
08/02/2025 16:00,"17,111.89","2,314.24","8,454.66","2,357.38","22,461.79","6,422.97","13,369.58","1,846.50","74,339.01"
08/02/2025 17:00,"17,202.48","2,338.37","8,414.62","2,326.69","22,917.85","6,544.63","13,523.12","1,860.96","75,128.71"
08/02/2025 18:00,"17,231.70","2,366.61","8,349.98","2,397.71","22,877.27","6,474.33","13,152.16","1,847.67","74,697.44"
08/02/2025 19:00,"17,072.27","2,372.14","8,291.59","2,378.95","22,497.24","6,308.58","12,274.01","1,811.44","73,006.22"
08/02/2025 20:00,"16,867.56","2,284.61","8,046.07","2,331.69","21,897.48","6,158.12","11,667.03","1,747.52","71,000.09"
08/02/2025 21:00,"16,683.71","2,202.82","7,840.88","2,248.28","20,998.63","5,801.43","11,220.20","1,683.68","68,679.64"
08/02/2025 22:00,"16,458.68","2,135.32","7,841.02","2,168.10","20,300.53","5,683.21","10,892.61","1,637.24","67,116.70"
08/02/2025 23:00,"15,824.33","2,029.63","7,747.96","2,070.65","19,056.01","5,337.47","10,281.53","1,555.77","63,903.35"
08/02/2025 24:00,"15,242.31","1,875.45","7,701.98","1,973.76","17,813.71","5,006.29","9,675.23","1,471.38","60,760.11"
08/03/2025 01:00,"14,692.94","1,780.68","7,759.15","1,902.09","16,760.95","4,747.80","8,990.56","1,346.23","57,980.40"
08/03/2025 02:00,"14,112.88","1,667.71","7,719.14","1,846.93","15,855.17","4,510.95","8,475.27","1,288.07","55,476.13"
08/03/2025 03:00,"13,672.47","1,554.82","7,715.18","1,784.06","15,046.97","4,360.68","8,104.10","1,245.54","53,483.82"
08/03/2025 04:00,"13,391.92","1,504.69","7,725.41","1,755.57","14,557.29","4,225.66","7,835.22","1,222.79","52,218.54"
08/03/2025 05:00,"13,217.04","1,524.31","7,686.10","1,718.26","14,211.10","4,102.93","7,631.53","1,204.63","51,295.89"
08/03/2025 06:00,"13,244.68","1,545.92","7,577.18","1,714.55","14,073.72","4,067.00","7,529.55","1,187.97","50,940.57"
08/03/2025 07:00,"13,166.53","1,539.66","7,637.90","1,714.69","13,900.76","4,037.84","7,499.93","1,178.84","50,676.15"
08/03/2025 08:00,"13,303.85","1,542.15","7,658.27","1,718.62","13,976.06","3,992.52","7,583.09","1,184.18","50,958.74"
08/03/2025 09:00,"14,158.41","1,652.29","7,763.47","1,758.41","14,887.83","4,192.27","8,143.42","1,255.35","53,811.45"
08/03/2025 10:00,"15,334.27","1,839.96","8,006.36","1,809.35","16,201.50","4,482.37","8,917.38","1,334.74","57,925.91"
08/03/2025 11:00,"16,644.03","2,002.83","8,167.86","1,861.67","17,684.01","4,981.71","9,805.66","1,428.73","62,576.51"
08/03/2025 12:00,"17,920.99","2,174.16","8,362.88","1,906.93","19,160.03","5,425.20","10,789.67","1,512.20","67,252.07"
08/03/2025 13:00,"19,096.82","2,331.40","8,510.95","1,948.38","20,423.85","5,791.78","11,739.62","1,591.40","71,434.20"
08/03/2025 14:00,"19,991.61","2,408.71","8,481.34","1,993.68","20,429.67","6,070.73","12,505.67","1,653.72","73,535.14"
08/03/2025 15:00,"20,630.35","2,541.68","8,371.02","2,080.48","19,160.33","6,253.43","13,126.04","1,719.95","73,883.29"
08/03/2025 16:00,"21,026.61","2,570.68","8,293.43","2,188.73","19,037.10","6,376.33","13,672.04","1,801.78","74,966.71"
08/03/2025 17:00,"21,031.32","2,550.23","8,204.00","2,271.13","19,963.20","6,503.27","14,105.21","1,872.85","76,501.20"
08/03/2025 18:00,"20,640.22","2,561.65","8,130.05","2,329.90","21,124.10","6,474.48","14,352.25","1,913.80","77,526.46"
08/03/2025 19:00,"19,680.72","2,529.21","8,136.89","2,342.74","21,463.38","6,401.06","14,409.72","1,914.24","76,877.96"
08/03/2025 20:00,"18,792.43","2,465.17","7,846.12","2,293.08","20,981.36","6,130.49","14,135.19","1,868.26","74,512.09"
08/03/2025 21:00,"18,207.56","2,347.95","7,423.54","2,188.99","20,099.84","5,904.32","13,492.37","1,783.99","71,448.57"
08/03/2025 22:00,"17,780.68","2,263.96","7,573.47","2,124.41","19,625.19","5,792.40","13,014.26","1,723.69","69,898.06"
08/03/2025 23:00,"16,963.87","2,096.99","7,762.28","2,041.53","18,519.20","5,511.62","12,168.54","1,628.36","66,692.39"
08/03/2025 24:00,"16,097.07","1,960.74","7,708.18","1,944.93","17,189.80","5,224.28","11,230.17","1,524.91","62,880.08"
08/04/2025 01:00,"15,270.55","1,837.38","7,617.97","1,870.49","16,048.52","4,941.68","10,267.21","1,449.32","59,303.12"
08/04/2025 02:00,"14,629.49","1,733.53","7,546.69","1,805.02","15,202.14","4,654.69","9,590.98","1,379.54","56,542.09"
08/04/2025 03:00,"14,156.14","1,647.10","7,493.41","1,766.50","14,574.18","4,519.87","9,089.33","1,332.12","54,578.65"
08/04/2025 04:00,"13,991.76","1,605.91","7,514.64","1,729.91","14,284.56","4,359.43","8,753.35","1,303.92","53,543.49"
08/04/2025 05:00,"14,086.70","1,609.14","7,538.32","1,717.02","13,996.03","4,242.81","8,584.22","1,292.43","53,066.67"
08/04/2025 06:00,"14,324.33","1,651.69","7,597.48","1,725.67","13,722.17","4,337.32","8,650.68","1,293.04","53,302.39"
08/04/2025 07:00,"14,611.07","1,694.52","7,634.60","1,759.34","13,977.22","4,442.24","8,847.06","1,320.57","54,286.62"
08/04/2025 08:00,"14,845.93","1,736.89","7,731.49","1,799.17","14,108.26","4,360.65","8,968.86","1,328.55","54,879.78"
08/04/2025 09:00,"15,812.06","1,760.76","7,872.86","1,833.50","14,478.25","4,514.77","9,332.12","1,386.65","56,990.97"
08/04/2025 10:00,"17,045.26","1,759.44","7,986.19","1,896.86","14,952.76","4,863.14","9,798.06","1,491.26","59,792.97"
08/04/2025 11:00,"17,405.52","1,824.08","8,115.67","1,995.70","15,835.49","5,268.85","10,259.27","1,589.16","62,293.73"
08/04/2025 12:00,"16,741.26","1,898.51","8,251.43","2,106.24","16,818.00","5,651.77","10,731.48","1,695.05","63,893.73"
08/04/2025 13:00,"16,739.78","1,997.05","8,366.91","2,209.44","17,969.99","6,029.28","11,153.75","1,797.50","66,263.69"
08/04/2025 14:00,"17,044.88","2,154.26","8,382.49","2,300.37","19,339.14","6,275.16","11,457.99","1,905.76","68,860.05"
08/04/2025 15:00,"17,568.53","2,328.63","8,409.03","1,924.89","21,070.98","6,467.75","11,792.57","1,992.46","71,554.83"
08/04/2025 16:00,"18,150.29","2,444.85","8,320.13","1,897.16","22,322.71","6,519.94","11,834.30","2,052.80","73,542.19"
08/04/2025 17:00,"18,882.49","2,520.29","8,307.47","1,932.07","23,040.28","6,618.81","12,216.53","2,082.48","75,600.42"
08/04/2025 18:00,"19,287.65","2,575.83","8,302.05","1,938.82","23,418.10","6,588.91","12,394.98","2,080.67","76,587.00"
08/04/2025 19:00,"18,968.06","2,553.01","8,134.58","1,936.77","23,254.03","6,210.39","12,234.58","2,056.24","75,347.66"
08/04/2025 20:00,"18,313.30","2,416.68","7,953.87","2,379.35","22,180.64","5,833.13","12,134.51","1,966.17","73,177.65"
08/04/2025 21:00,"17,867.29","2,281.60","7,983.51","2,323.88","21,011.67","5,652.56","11,819.93","1,859.22","70,799.67"
08/04/2025 22:00,"17,378.53","2,204.78","7,940.45","2,234.39","20,123.77","5,528.22","11,395.98","1,791.20","68,597.31"
08/04/2025 23:00,"16,544.32","2,035.50","7,894.33","2,134.06","18,689.00","5,336.63","10,683.96","1,676.84","64,994.63"
08/04/2025 24:00,"15,633.56","1,862.97","7,777.50","2,020.94","17,138.73","5,024.33","9,908.90","1,563.03","60,929.97"
08/05/2025 01:00,"14,720.26","1,686.13","7,808.66","1,909.83","15,748.34","4,726.60","9,240.21","1,489.99","57,330.02"
08/05/2025 02:00,"14,146.81","1,617.65","7,778.60","1,837.74","14,756.03","4,529.99","8,660.02","1,420.68","54,747.52"
08/05/2025 03:00,"13,794.07","1,556.31","7,722.42","1,788.08","14,063.72","4,240.66","8,242.55","1,366.23","52,774.03"
08/05/2025 04:00,"13,536.82","1,506.32","7,655.20","1,743.59","13,518.67","4,263.57","7,949.10","1,327.13","51,500.40"
08/05/2025 05:00,"13,641.16","1,491.45","7,573.41","1,731.64","13,420.38","4,205.11","7,840.74","1,303.70","51,207.59"
08/05/2025 06:00,"14,031.92","1,542.45","7,579.86","1,751.03","13,757.87","4,196.95","7,914.52","1,302.48","52,077.09"
08/05/2025 07:00,"14,384.97","1,561.48","7,534.79","1,780.03","14,237.46","4,311.71","8,120.82","1,325.65","53,256.92"
08/05/2025 08:00,"14,592.50","1,654.33","7,569.95","1,724.07","14,658.85","4,319.74","8,255.28","1,336.42","54,111.16"
08/05/2025 09:00,"15,371.08","1,790.07","7,694.80","1,806.73","15,522.37","4,480.51","8,712.40","1,380.26","56,758.22"
08/05/2025 10:00,"16,590.43","1,950.06","7,795.19","1,889.72","16,807.23","4,779.09","9,386.97","1,463.33","60,662.01"
08/05/2025 11:00,"17,998.42","2,139.13","7,943.02","2,001.60","18,315.44","5,105.67","10,153.27","1,557.71","65,214.26"
08/05/2025 12:00,"19,240.02","2,239.48","8,035.16","2,112.69","19,736.61","5,484.79","10,987.61","1,654.92","69,491.28"
08/05/2025 13:00,"20,156.05","2,396.98","8,232.16","2,217.86","21,103.24","5,909.87","11,760.76","1,742.22","73,519.15"
08/05/2025 14:00,"20,969.05","2,575.02","8,376.34","2,299.46","22,335.45","6,123.08","12,504.26","1,867.27","77,049.91"
08/05/2025 15:00,"21,762.63","2,693.02","8,103.23","1,914.04","23,587.83","6,411.02","12,833.71","1,972.72","79,278.21"
08/05/2025 16:00,"22,251.31","2,754.19","7,928.13","1,985.35","24,456.45","6,333.58","13,067.08","2,031.45","80,807.55"
08/05/2025 17:00,"22,056.82","2,731.62","7,799.13","2,003.50","24,641.77","6,200.37","13,368.70","2,049.27","80,851.18"
08/05/2025 18:00,"21,553.94","2,714.38","7,679.07","2,035.99","24,772.15","6,171.18","13,567.80","2,047.74","80,542.25"
08/05/2025 19:00,"20,549.14","2,712.56","7,633.62","2,472.87","24,267.68","6,113.20","13,738.09","2,034.90","79,522.05"
08/05/2025 20:00,"19,791.39","2,551.12","7,872.89","2,409.07","23,123.04","6,046.14","13,511.18","1,978.76","77,283.59"
08/05/2025 21:00,"19,254.92","2,419.43","7,867.39","2,311.84","22,066.69","5,922.28","12,957.34","1,873.51","74,673.41"
08/05/2025 22:00,"18,691.32","2,279.19","7,848.94","2,232.13","21,052.31","5,678.32","12,492.44","1,795.65","72,070.30"
08/05/2025 23:00,"17,741.94","2,087.87","7,821.05","2,109.72","19,519.88","5,459.94","11,739.64","1,673.48","68,153.51"
08/05/2025 24:00,"16,760.20","1,953.72","7,951.94","1,983.23","17,841.75","5,122.11","10,887.23","1,551.86","64,052.04"
08/06/2025 01:00,"15,908.13","1,805.20","7,991.85","1,872.07","16,332.32","4,789.63","10,177.54","1,492.92","60,369.66"
08/06/2025 02:00,"15,294.14","1,746.71","7,935.22","1,803.39","15,339.55","4,539.15","9,576.97","1,424.38","57,659.52"
08/06/2025 03:00,"14,917.30","1,660.39","7,960.90","1,425.91","14,688.13","4,432.32","9,116.46","1,373.83","55,575.23"
08/06/2025 04:00,"14,543.59","1,606.58","7,870.10","1,701.33","14,161.72","4,281.50","8,785.98","1,324.28","54,275.08"
08/06/2025 05:00,"14,560.86","1,598.07","7,768.71","1,685.93","14,009.29","4,209.16","8,628.77","1,303.59","53,764.37"
08/06/2025 06:00,"14,717.85","1,638.98","7,788.20","1,698.07","14,348.42","4,299.96","8,685.03","1,301.66","54,478.17"
08/06/2025 07:00,"14,822.34","1,723.68","7,837.80","1,730.75","14,967.71","4,315.59","8,861.19","1,325.97","55,585.02"
08/06/2025 08:00,"14,973.30","1,753.22","7,855.98","1,756.59","15,282.80","4,331.76","8,947.86","1,336.39","56,237.89"
08/06/2025 09:00,"15,801.45","1,880.02","7,952.79","1,817.96","16,254.99","4,525.00","9,325.74","1,388.86","58,946.81"
08/06/2025 10:00,"17,061.57","2,052.17","8,082.43","1,931.86","17,733.02","4,796.66","9,976.19","1,471.66","63,105.56"
08/06/2025 11:00,"18,338.74","2,254.02","8,328.50","1,954.34","19,383.09","5,211.14","10,701.64","1,579.26","67,750.72"
08/06/2025 12:00,"19,430.71","2,424.00","8,373.23","2,167.14","20,803.21","5,562.89","11,448.65","1,679.91","71,889.75"
08/06/2025 13:00,"20,410.34","2,588.57","8,424.15","2,285.93","22,104.07","5,884.39","12,185.33","1,774.84","75,657.61"
08/06/2025 14:00,"21,281.59","2,745.90","8,279.56","2,400.33","23,450.72","6,201.74","12,896.48","1,876.86","79,133.18"
08/06/2025 15:00,"21,713.08","2,804.66","7,733.77","2,365.36","24,515.55","6,412.37","13,196.48","1,960.69","80,701.95"
08/06/2025 16:00,"22,048.30","2,830.22","7,427.23","1,986.07","25,225.17","6,452.46","13,303.30","2,018.92","81,291.68"
08/06/2025 17:00,"21,656.30","2,811.02","7,372.97","2,000.37","25,337.34","6,367.44","13,609.08","2,043.04","81,197.56"
08/06/2025 18:00,"20,669.16","2,814.64","7,395.90","2,007.62","25,525.15","6,339.44","13,815.87","2,063.41","80,631.19"
08/06/2025 19:00,"19,678.52","2,809.68","7,405.58","2,242.97","25,412.14","6,289.50","14,051.55","2,059.61","79,949.55"
08/06/2025 20:00,"19,167.86","2,667.10","7,607.11","2,504.41","24,533.31","6,303.68","13,841.44","2,010.56","78,635.47"
08/06/2025 21:00,"18,787.68","2,536.40","7,735.45","2,393.62","23,099.31","6,069.94","13,318.53","1,907.37","75,848.29"
08/06/2025 22:00,"18,255.88","2,347.88","7,598.26","2,307.21","21,908.39","5,920.48","13,044.15","1,815.30","73,197.55"
08/06/2025 23:00,"17,549.66","2,237.33","7,802.03","2,192.87","20,439.07","5,612.47","12,327.61","1,713.84","69,874.88"
08/06/2025 24:00,"16,599.79","2,051.15","7,871.94","2,094.09","18,667.13","5,262.27","11,406.18","1,596.91","65,549.46"
08/07/2025 01:00,"15,868.20","1,870.78","7,812.45","2,014.77","17,322.91","5,022.53","10,634.71","1,499.48","62,045.82"
08/07/2025 02:00,"15,201.31","1,772.16","7,880.49","1,934.37","16,178.01","4,783.00","9,977.82","1,425.06","59,152.22"
08/07/2025 03:00,"14,719.17","1,709.86","7,902.42","1,882.04","15,404.81","4,477.85","9,454.26","1,372.24","56,922.64"
08/07/2025 04:00,"14,376.19","1,655.91","7,807.77","1,835.55","14,860.19","4,309.45","9,112.83","1,316.33","55,274.22"
08/07/2025 05:00,"14,373.01","1,635.98","7,840.06","1,815.83","14,759.78","4,242.29","8,971.35","1,302.76","54,941.07"
08/07/2025 06:00,"14,502.12","1,661.04","7,787.51","1,817.89","15,023.05","4,238.25","8,981.77","1,299.40","55,311.03"
08/07/2025 07:00,"14,768.13","1,753.97","7,675.52","1,843.71","15,504.40","4,324.56","9,111.59","1,325.42","56,307.31"
08/07/2025 08:00,"15,021.87","1,784.12","7,720.81","1,870.44","15,853.07","4,328.17","9,217.12","1,345.90","57,141.50"
08/07/2025 09:00,"15,927.42","1,883.31","7,955.66","1,940.40","16,795.16","4,460.74","9,597.52","1,398.00","59,958.22"
08/07/2025 10:00,"17,193.01","2,036.24","8,096.78","2,017.12","18,307.56","4,812.43","10,216.08","1,491.37","64,170.59"
08/07/2025 11:00,"18,422.92","2,282.10","8,248.81","2,176.41","19,998.89","5,277.15","10,925.63","1,599.44","68,931.33"
08/07/2025 12:00,"19,561.32","2,485.76","8,353.50","2,307.12","21,674.05","5,697.38","11,687.68","1,707.40","73,474.22"
08/07/2025 13:00,"20,651.08","2,670.97","8,347.73","2,434.27","23,243.92","5,937.40","12,536.88","1,811.58","77,633.82"
08/07/2025 14:00,"21,458.48","2,782.52","8,067.92","2,535.34","24,440.75","6,220.20","13,243.33","1,913.41","80,661.95"
08/07/2025 15:00,"21,753.00","2,829.55","7,374.24","2,583.66","25,172.55","6,358.21","13,266.84","1,976.16","81,314.22"
08/07/2025 16:00,"21,864.12","2,809.54","7,192.23","2,604.23","25,453.08","6,387.16","13,494.15","2,017.30","81,821.82"
08/07/2025 17:00,"21,968.01","2,817.73","7,083.18","2,624.42","25,669.92","6,326.71","13,585.18","2,036.12","82,111.27"
08/07/2025 18:00,"21,724.65","2,798.83","7,112.75","2,541.16","25,562.18","6,305.81","13,706.94","2,031.89","81,784.21"
08/07/2025 19:00,"21,057.23","2,758.71","7,264.18","2,598.29","25,486.84","6,401.85","13,898.80","2,022.68","81,488.57"
08/07/2025 20:00,"20,152.62","2,723.10","7,520.67","2,568.03","24,808.12","6,303.98","13,996.75","1,988.36","80,061.62"
08/07/2025 21:00,"19,428.29","2,560.40","7,484.92","2,464.80","23,421.71","6,106.86","13,567.48","1,895.85","76,930.32"
08/07/2025 22:00,"18,908.47","2,455.15","7,597.94","2,343.08","22,475.89","5,940.46","12,932.79","1,820.92","74,474.71"
08/07/2025 23:00,"18,057.74","2,287.89","7,665.97","2,216.40","21,009.37","5,605.88","12,177.81","1,703.89","70,724.94"
08/07/2025 24:00,"17,076.52","2,099.65","7,695.27","2,134.21","19,343.00","5,237.53","11,345.73","1,589.05","66,520.95"
08/08/2025 01:00,"16,337.76","1,991.18","7,805.72","2,047.05","18,015.85","4,949.24","10,547.36","1,487.08","63,181.23"
08/08/2025 02:00,"15,653.32","1,845.78","7,803.29","1,977.91","16,928.58","4,725.10","9,873.74","1,426.73","60,234.45"
08/08/2025 03:00,"15,117.92","1,725.99","7,697.67","1,926.15","16,156.86","4,538.93","9,346.41","1,379.20","57,889.12"
08/08/2025 04:00,"14,795.67","1,685.41","7,663.85","1,886.01","15,626.55","4,359.71","8,963.55","1,348.80","56,329.57"
08/08/2025 05:00,"14,739.36","1,662.01","7,741.38","1,864.77","15,406.37","4,319.94","8,807.52","1,328.20","55,869.55"
08/08/2025 06:00,"14,909.87","1,738.35","7,688.17","1,866.76","15,564.07","4,329.21","8,791.55","1,328.37","56,216.36"
08/08/2025 07:00,"15,153.91","1,784.50","7,558.56","1,890.28","15,960.46","4,429.17","8,960.56","1,358.32","57,095.76"
08/08/2025 08:00,"15,243.37","1,833.78","7,723.06","1,902.05","16,152.25","4,446.85","9,054.45","1,367.82","57,723.62"
08/08/2025 09:00,"16,109.39","1,946.61","7,894.13","1,969.78","17,064.10","4,554.73","9,540.82","1,433.08","60,512.64"
08/08/2025 10:00,"17,396.56","2,150.96","8,162.79","2,082.54","18,623.25","4,812.60","10,209.07","1,523.39","64,961.16"
08/08/2025 11:00,"18,683.00","2,334.84","8,333.36","2,213.06","20,304.94","5,274.31","11,037.09","1,632.21","69,812.80"
08/08/2025 12:00,"19,730.29","2,537.72","8,435.87","2,340.77","21,938.12","5,553.33","11,840.86","1,743.83","74,120.78"
08/08/2025 13:00,"20,726.62","2,700.80","8,408.43","2,455.99","23,421.09","5,862.33","12,639.86","1,849.26","78,064.37"
08/08/2025 14:00,"21,563.69","2,816.64","8,162.80","2,557.36","24,573.01","6,266.80","13,317.12","1,940.37","81,197.78"
08/08/2025 15:00,"21,823.45","2,862.12","7,361.15","2,606.49","25,147.92","6,370.20","13,843.26","1,993.54","82,008.13"
08/08/2025 16:00,"21,914.31","2,849.06","7,250.65","2,588.09","25,249.03","6,389.82","14,143.87","2,008.30","82,393.12"
08/08/2025 17:00,"21,833.00","2,823.81","7,240.37","2,592.92","25,435.53","6,380.77","14,265.41","2,017.21","82,589.02"
08/08/2025 18:00,"21,659.19","2,800.29","7,249.18","2,582.92","25,413.57","6,295.63","14,418.77","2,019.99","82,439.54"
08/08/2025 19:00,"21,015.19","2,756.23","7,530.62","2,603.82","25,128.59","6,184.88","14,589.75","2,025.11","81,834.17"
08/08/2025 20:00,"20,736.34","2,689.08","7,876.44","2,534.97","24,686.13","6,040.91","14,298.12","2,017.19","80,879.18"
08/08/2025 21:00,"20,224.80","2,589.39","7,912.45","2,444.67","23,635.02","5,847.64","13,657.94","1,936.95","78,248.85"
08/08/2025 22:00,"19,647.38","2,483.37","7,846.23","2,363.19","22,656.91","5,721.64","13,040.07","1,853.20","75,611.99"
08/08/2025 23:00,"18,730.82","2,311.90","8,004.19","2,250.69","21,255.85","5,523.98","12,297.84","1,752.88","72,128.15"
08/08/2025 24:00,"17,875.73","2,154.61","8,031.67","2,146.94","19,858.22","5,258.62","11,509.95","1,654.93","68,490.65"
08/09/2025 01:00,"17,014.03","2,040.18","7,952.42","2,059.90","18,500.66","4,939.81","10,530.59","1,582.50","64,620.08"
08/09/2025 02:00,"16,220.22","1,941.88","7,924.31","1,983.14","17,340.51","4,756.54","9,857.43","1,508.35","61,532.39"
08/09/2025 03:00,"15,543.27","1,844.57","7,841.31","1,912.13","16,449.31","4,525.05","9,294.31","1,447.25","58,857.20"
08/09/2025 04:00,"15,075.41","1,754.51","7,853.94","1,855.14","15,765.47","4,358.07","8,871.59","1,398.79","56,932.93"
08/09/2025 05:00,"14,780.39","1,733.54","7,817.64","1,815.10","15,364.43","4,232.74","8,635.64","1,365.61","55,745.11"
08/09/2025 06:00,"14,726.71","1,719.08","7,750.96","1,798.73","15,300.28","4,158.30","8,501.23","1,348.04","55,303.34"
08/09/2025 07:00,"14,716.09","1,693.12","7,777.86","1,794.52","15,236.64","4,139.15","8,432.59","1,347.98","55,137.96"
08/09/2025 08:00,"14,830.82","1,720.80","7,767.52","1,796.29","15,294.85","4,146.14","8,462.09","1,332.57","55,351.07"
08/09/2025 09:00,"15,884.13","1,857.44","7,806.92","1,914.64","16,363.86","4,314.20","8,954.52","1,396.62","58,492.34"
08/09/2025 10:00,"17,147.05","2,060.48","8,091.82","2,026.58","17,852.47","4,662.86","9,712.85","1,490.45","63,044.56"
08/09/2025 11:00,"18,283.05","2,249.99","8,252.83","2,143.44","19,477.35","5,043.47","10,497.51","1,601.38","67,549.02"
08/09/2025 12:00,"19,364.62","2,422.91","8,268.94","2,259.67","20,943.69","5,430.02","11,299.30","1,711.50","71,700.65"
08/09/2025 13:00,"20,404.96","2,585.30","8,385.70","2,363.46","22,477.67","5,781.78","12,108.23","1,822.60","75,929.71"
08/09/2025 14:00,"21,162.35","2,683.48","8,442.05","2,473.04","23,654.17","6,058.51","12,802.08","1,922.15","79,197.82"
08/09/2025 15:00,"21,514.22","2,801.49","8,377.22","2,582.69","24,765.47","6,147.93","13,259.47","2,007.01","81,455.51"
08/09/2025 16:00,"21,395.29","2,849.49","7,915.74","2,622.95","25,295.36","6,270.00","13,683.29","2,046.94","82,079.04"
08/09/2025 17:00,"20,695.84","2,865.37","7,789.39","2,573.23","25,651.72","6,343.38","13,919.23","2,078.82","81,916.99"
08/09/2025 18:00,"19,810.01","2,857.27","7,891.85","2,637.35","25,830.92","6,331.82","14,060.98","2,100.39","81,520.59"
08/09/2025 19:00,"19,194.15","2,835.54","8,020.26","2,599.81","25,444.54","6,223.21","13,914.95","2,082.26","80,314.71"
08/09/2025 20:00,"18,629.19","2,707.11","8,096.23","2,532.42","24,503.10","6,077.41","13,514.40","2,028.71","78,088.56"
08/09/2025 21:00,"18,384.23","2,568.70","8,036.57","2,468.23","23,439.46","5,812.50","12,971.29","1,945.10","75,626.07"
08/09/2025 22:00,"17,987.81","2,438.09","7,975.89","2,392.10","22,367.31","5,736.17","12,464.10","1,877.32","73,238.79"
08/09/2025 23:00,"17,304.03","2,247.84","8,002.50","2,292.95","20,997.39","5,501.23","11,754.44","1,770.47","69,870.86"
08/09/2025 24:00,"16,602.07","2,120.35","7,940.64","2,199.07","19,657.67","5,235.64","10,992.24","1,673.28","66,420.96"
08/10/2025 01:00,"15,759.47","1,975.65","7,899.74","2,083.81","18,206.87","4,904.66","10,505.90","1,582.04","62,918.13"
08/10/2025 02:00,"15,111.88","1,852.20","7,909.77","2,007.09","17,088.29","4,666.30","9,841.06","1,516.80","59,993.37"
08/10/2025 03:00,"14,576.23","1,752.12","7,931.17","1,946.60","16,254.74","4,502.92","9,300.86","1,452.18","57,716.82"
08/10/2025 04:00,"14,159.43","1,695.94","7,837.28","1,888.23","15,601.76","4,326.00","8,909.67","1,404.92","55,823.23"
08/10/2025 05:00,"13,891.60","1,644.67","7,803.29","1,846.01","15,074.44","4,186.09","8,628.77","1,368.82","54,443.69"
08/10/2025 06:00,"13,811.12","1,626.37","7,693.11","1,817.88","14,865.36","4,114.82","8,422.43","1,348.05","53,699.14"
08/10/2025 07:00,"13,638.20","1,595.67","7,796.32","1,790.09","14,531.40","4,058.73","8,324.75","1,328.15","53,063.33"
08/10/2025 08:00,"13,724.95","1,625.13","7,830.07","1,780.31","14,482.87","3,997.57","8,306.66","1,312.99","53,060.55"
08/10/2025 09:00,"14,679.70","1,787.44","7,924.69","1,863.99","15,506.66","4,215.91","8,841.70","1,366.87","56,186.95"
08/10/2025 10:00,"15,863.23","1,987.38","8,168.43","2,008.85","17,081.41","4,530.04","9,628.36","1,471.03","60,738.72"
08/10/2025 11:00,"16,791.13","2,162.18","8,266.02","2,140.60","18,579.91","4,990.07","10,412.96","1,569.31","64,912.17"
08/10/2025 12:00,"17,776.76","2,331.90","8,372.52","2,231.70","20,130.10","5,373.74","11,225.98","1,688.86","69,131.56"
08/10/2025 13:00,"18,706.82","2,498.56","8,479.82","2,305.98","21,541.41","5,683.67","12,009.87","1,792.45","73,018.58"
08/10/2025 14:00,"19,331.06","2,571.69","8,518.67","2,430.69","22,766.17","5,929.06","12,729.06","1,893.04","76,169.45"
08/10/2025 15:00,"19,834.47","2,696.91","8,559.10","2,554.84","23,709.03","6,094.91","13,328.97","1,968.78","78,747.01"
08/10/2025 16:00,"20,121.20","2,785.81","8,587.48","2,625.39","24,470.82","6,172.01","13,756.69","2,034.16","80,553.57"
08/10/2025 17:00,"20,174.06","2,774.12","8,313.43","2,631.83","24,858.98","6,254.87","14,044.12","2,069.65","81,121.04"
08/10/2025 18:00,"20,088.33","2,731.75","8,199.82","2,609.62","25,024.79","6,224.88","14,230.27","2,081.09","81,190.55"
08/10/2025 19:00,"19,818.97","2,616.79","8,236.35","2,578.85","24,692.88","6,118.95","14,264.23","2,070.79","80,397.80"
08/10/2025 20:00,"19,426.12","2,480.80","8,287.05","2,489.12","23,767.26","5,994.21","13,900.14","2,011.84","78,356.52"
08/10/2025 21:00,"18,951.09","2,373.19","8,256.09","2,377.56","22,736.22","5,840.45","13,377.27","1,924.84","75,836.71"
08/10/2025 22:00,"18,378.06","2,307.34","8,140.13","2,275.60","21,741.09","5,705.24","12,826.57","1,845.87","73,219.89"
08/10/2025 23:00,"17,495.65","2,100.10","7,910.07","2,146.68","20,267.11","5,376.69","11,980.27","1,733.93","69,010.50"
08/10/2025 24:00,"16,620.11","1,972.62","7,885.92","2,032.85","18,764.78","5,085.27","11,045.98","1,630.39","65,037.93"
08/11/2025 01:00,"15,661.35","1,839.30","7,926.29","1,944.56","17,398.33","4,784.67","10,201.74","1,522.24","61,278.46"
08/11/2025 02:00,"14,948.71","1,740.81","7,959.23","1,872.24","16,290.40","4,498.55","9,609.82","1,437.72","58,357.48"
08/11/2025 03:00,"14,428.31","1,659.57","7,848.77","1,829.76","15,421.88","4,363.36","9,113.42","1,381.30","56,046.38"
08/11/2025 04:00,"14,233.81","1,623.57","7,770.55","1,795.58","14,902.17","4,197.34","8,806.12","1,336.98","54,666.11"
08/11/2025 05:00,"14,324.45","1,614.07","7,814.49","1,818.05","14,817.49","4,087.63","8,669.32","1,317.87","54,463.36"
08/11/2025 06:00,"14,535.29","1,669.70","7,696.26","1,837.73","15,102.59","4,212.06","8,755.49","1,324.94","55,134.05"
08/11/2025 07:00,"14,833.37","1,740.44","7,642.03","1,874.84","15,575.55","4,366.78","8,994.66","1,362.94","56,390.61"
08/11/2025 08:00,"14,904.92","1,765.99","7,708.60","1,862.35","15,785.87","4,279.69","9,099.64","1,362.67","56,769.72"
08/11/2025 09:00,"15,449.09","1,913.45","8,018.76","1,929.63","16,871.27","4,451.63","9,466.18","1,418.22","59,518.23"
08/11/2025 10:00,"16,420.90","2,091.77","8,127.05","2,030.83","18,276.13","4,820.70","10,123.44","1,510.59","63,401.40"
08/11/2025 11:00,"17,562.75","2,290.82","8,277.30","2,148.39","19,853.73","5,225.84","10,857.33","1,607.63","67,823.78"
08/11/2025 12:00,"18,621.05","2,477.76","8,510.82","2,263.31","21,369.32","5,607.49","11,662.22","1,730.54","72,242.51"
08/11/2025 13:00,"19,339.51","2,607.90","8,599.25","2,370.87","22,798.60","5,988.16","12,482.27","1,839.14","76,025.70"
08/11/2025 14:00,"20,283.81","2,766.13","8,394.97","2,440.91","24,044.16","6,210.71","13,182.55","1,942.19","79,265.43"
08/11/2025 15:00,"21,314.15","2,811.12","7,967.80","2,058.15","25,195.20","6,369.75","13,601.77","1,992.54","81,310.48"
08/11/2025 16:00,"21,876.13","2,864.04","7,189.61","1,984.65","25,700.21","6,451.63","13,872.12","2,015.11","81,953.51"
08/11/2025 17:00,"21,797.08","2,902.03","6,963.03","1,996.29","25,839.32","6,518.54","14,020.14","2,024.85","82,061.28"
08/11/2025 18:00,"21,491.62","2,884.35","6,907.26","1,980.79","25,661.49","6,487.80","14,197.13","1,997.91","81,608.34"
08/11/2025 19:00,"21,085.28","2,840.90","7,152.46","1,951.26","25,570.21","6,444.56","14,253.09","1,974.28","81,272.05"
08/11/2025 20:00,"20,147.61","2,710.94","7,279.55","2,354.98","24,307.22","6,170.04","14,140.29","1,896.01","79,006.63"
08/11/2025 21:00,"19,527.50","2,577.88","7,582.38","2,267.65","23,154.15","5,982.55","13,564.73","1,819.14","76,475.98"
08/11/2025 22:00,"18,930.18","2,447.15","7,565.86","2,227.88","22,169.64","5,823.05","13,016.72","1,758.92","73,939.40"
08/11/2025 23:00,"17,868.86","2,250.18","7,586.03","2,119.51","20,511.20","5,553.53","12,202.29","1,631.97","69,723.57"
08/11/2025 24:00,"16,903.25","2,075.23","7,726.89","2,056.76","19,085.88","5,232.22","11,314.20","1,528.15","65,922.59"
08/12/2025 01:00,"16,051.47","1,935.22","7,643.87","1,910.65","17,518.37","4,959.74","10,461.44","1,447.93","61,928.68"
08/12/2025 02:00,"15,357.70","1,823.39","7,618.85","1,858.62","16,491.84","4,732.98","9,842.59","1,392.01","59,117.99"
08/12/2025 03:00,"14,987.95","1,737.58","7,619.86","1,787.38","15,735.08","4,427.06","9,368.80","1,362.63","57,026.32"
08/12/2025 04:00,"14,709.29","1,691.38","7,699.13","1,733.67","15,174.10","4,441.54","9,038.74","1,305.16","55,793.02"
08/12/2025 05:00,"14,648.06","1,675.49","7,685.25","1,759.04","14,964.91","4,347.78","8,849.98","1,273.75","55,204.26"
08/12/2025 06:00,"14,937.39","1,715.77","7,684.87","1,791.13","15,257.24","4,329.00","8,870.27","1,271.94","55,857.61"
08/12/2025 07:00,"15,285.27","1,749.32","7,698.20","1,814.81","15,811.62","4,444.07","9,083.35","1,322.89","57,209.53"
08/12/2025 08:00,"15,267.86","1,740.08","7,668.39","1,753.78","15,952.23","4,416.45","9,173.67","1,329.45","57,301.91"
08/12/2025 09:00,"16,018.83","1,861.44","7,731.07","1,825.47","16,601.75","4,610.30","9,668.10","1,364.70","59,681.66"
08/12/2025 10:00,"17,108.03","2,047.87","7,958.29","1,878.17","17,311.79","4,897.19","10,277.16","1,428.98","62,907.48"
08/12/2025 11:00,"18,268.98","2,250.93","8,110.51","1,949.66","18,046.69","5,178.53","11,054.00","1,506.01","66,365.32"
08/12/2025 12:00,"19,336.83","2,480.85","8,172.71","2,044.23","18,923.90","5,594.57","11,947.81","1,595.13","70,096.04"
08/12/2025 13:00,"20,177.07","2,646.28","8,235.73","2,143.86","20,150.71","6,068.41","12,818.07","1,700.61","73,940.76"
08/12/2025 14:00,"21,033.16","2,789.97","8,317.49","2,218.99","21,490.57","6,378.09","13,571.98","1,805.31","77,605.57"
08/12/2025 15:00,"22,130.73","2,895.69","8,184.09","1,831.32","23,033.03","6,696.91","13,876.66","1,879.61","80,528.04"
08/12/2025 16:00,"22,374.89","2,931.95","7,827.03","1,909.04","23,823.51","6,709.63","13,876.15","1,914.45","81,366.64"
08/12/2025 17:00,"22,090.04","2,931.65","7,881.49","1,934.71","23,688.80","6,755.19","13,819.56","1,928.62","81,030.05"
08/12/2025 18:00,"21,389.03","2,916.61","7,856.65","1,954.20","22,595.19","6,693.84","13,675.34","1,910.44","78,991.30"
08/12/2025 19:00,"20,377.39","2,802.55","7,603.74","2,350.84","21,093.60","6,388.77","13,727.50","1,865.29","76,209.68"
08/12/2025 20:00,"19,708.72","2,651.96","7,678.68","2,263.80","20,110.79","6,202.28","13,463.58","1,808.22","73,888.02"
08/12/2025 21:00,"19,250.36","2,538.47","7,887.49","2,184.16","19,632.93","6,092.56","12,945.82","1,733.78","72,265.57"
08/12/2025 22:00,"18,702.54","2,413.45","7,873.81","2,125.58","19,075.18","5,867.44","12,550.70","1,675.44","70,284.14"
08/12/2025 23:00,"17,729.18","2,233.48","7,851.51","2,016.69","17,724.59","5,653.08","11,677.37","1,573.99","66,459.89"
08/12/2025 24:00,"16,718.26","2,046.49","7,833.15","1,894.46","16,289.46","5,301.12","10,852.65","1,461.62","62,397.20"
08/13/2025 01:00,"15,882.50","1,911.43","7,818.12","1,814.92","15,178.69","4,946.81","10,164.29","1,350.05","59,066.83"
08/13/2025 02:00,"15,246.35","1,771.65","7,760.95","1,759.44","14,301.16","4,685.02","9,542.63","1,300.73","56,367.92"
08/13/2025 03:00,"14,891.04","1,720.52","7,747.84","1,396.81","13,870.45","4,561.34","9,104.25","1,262.19","54,554.43"
08/13/2025 04:00,"14,584.35","1,702.10","7,696.00","1,675.98","13,507.03","4,397.89","8,913.23","1,226.38","53,702.95"
08/13/2025 05:00,"14,599.70","1,638.71","7,702.49","1,678.25","13,596.12","4,331.02","8,816.27","1,213.37","53,575.93"
08/13/2025 06:00,"14,742.66","1,684.96","7,690.90","1,700.06","14,124.68","4,409.97","8,913.91","1,235.91","54,503.05"
08/13/2025 07:00,"14,926.82","1,781.41","7,741.45","1,759.23","15,136.74","4,471.61","9,162.68","1,297.83","56,277.77"
08/13/2025 08:00,"14,974.76","1,789.87","7,743.93","1,792.56","15,316.65","4,456.03","9,256.41","1,325.32","56,655.54"
08/13/2025 09:00,"15,927.65","1,877.95","8,031.58","1,850.16","15,844.51","4,646.00","9,644.59","1,394.58","59,217.02"
08/13/2025 10:00,"17,180.44","1,963.12","8,183.14","1,943.08","16,345.45","4,932.12","10,258.19","1,480.66","62,286.20"
08/13/2025 11:00,"18,399.09","2,048.60","8,305.28","1,953.54","17,040.53","5,395.14","10,989.24","1,566.77","65,698.19"
08/13/2025 12:00,"19,455.47","2,105.12","8,484.71","2,167.04","17,793.74","5,804.05","11,750.29","1,684.52","69,244.95"
08/13/2025 13:00,"20,422.51","2,172.40","8,563.26","2,268.61","18,975.19","6,184.54","12,441.95","1,799.23","72,827.68"
08/13/2025 14:00,"21,319.62","2,237.53","8,348.66","2,376.63","20,471.16","6,503.96","13,033.82","1,886.32","76,177.70"
08/13/2025 15:00,"22,033.91","2,269.48","8,187.57","2,359.85","22,006.61","6,753.65","13,150.02","1,975.18","78,736.28"
08/13/2025 16:00,"22,686.22","2,358.98","8,241.33","1,985.49","23,346.17","6,852.66","13,109.94","2,040.83","80,621.61"
08/13/2025 17:00,"22,725.26","2,462.23","8,029.46","1,995.06","24,024.49","6,821.09","13,093.68","2,061.05","81,212.32"
08/13/2025 18:00,"22,604.95","2,515.14","7,981.79","1,966.12","24,142.66","6,722.03","13,113.84","2,065.80","81,112.34"
08/13/2025 19:00,"21,704.90","2,486.98","7,981.08","2,192.64","23,933.67","6,533.45","13,071.63","2,043.51","79,947.85"
08/13/2025 20:00,"20,504.82","2,377.65","7,742.69","2,413.10","22,791.30","6,396.15","12,743.29","1,964.38","76,933.36"
08/13/2025 21:00,"19,763.82","2,296.51","7,937.22","2,322.72","21,822.96","6,198.82","12,148.48","1,870.70","74,361.23"
08/13/2025 22:00,"18,924.86","2,180.24","7,824.48","2,235.36","20,923.71","6,052.81","11,994.48","1,797.68","71,933.63"
08/13/2025 23:00,"17,837.41","2,037.69","7,737.22","2,105.10","19,297.49","5,683.07","11,403.46","1,678.12","67,779.55"
08/13/2025 24:00,"16,879.62","1,885.43","7,863.63","2,022.12","17,719.32","5,341.35","10,657.43","1,560.31","63,929.21"
08/14/2025 01:00,"16,267.35","1,758.20","7,842.44","1,941.72","16,493.57","5,099.33","9,865.76","1,446.81","60,715.17"
08/14/2025 02:00,"15,693.88","1,669.43","7,787.23","1,874.29","15,532.66","4,873.40","9,371.23","1,388.55","58,190.67"
08/14/2025 03:00,"15,198.70","1,615.75","7,760.00","1,830.79","14,839.77","4,583.64","9,016.50","1,349.70","56,194.86"
08/14/2025 04:00,"14,939.02","1,576.26","7,728.69","1,796.02","14,422.79","4,441.09","8,834.42","1,321.49","55,059.78"
08/14/2025 05:00,"14,955.09","1,569.85","7,701.18","1,792.00","14,493.73","4,369.79","8,781.29","1,320.70","54,983.63"
08/14/2025 06:00,"15,251.24","1,621.84","7,711.40","1,815.00","14,878.06","4,389.82","8,909.25","1,327.71","55,904.31"
08/14/2025 07:00,"15,603.62","1,716.22","7,689.21","1,876.56","15,585.37","4,501.37","9,209.24","1,358.71","57,540.30"
08/14/2025 08:00,"15,645.18","1,735.88","7,621.61","1,887.70","15,886.65","4,450.26","9,283.12","1,366.07","57,876.48"
08/14/2025 09:00,"16,406.46","1,851.90","7,808.09","1,950.57","16,724.15","4,550.85","9,582.31","1,415.28","60,289.61"
08/14/2025 10:00,"17,635.41","2,036.24","7,939.16","2,001.35","18,154.94","4,903.79","10,223.38","1,499.05","64,393.31"
08/14/2025 11:00,"18,808.96","2,219.65","8,136.06","2,139.33","19,751.97","5,364.24","10,989.88","1,600.69","69,010.78"
08/14/2025 12:00,"19,970.68","2,402.29","8,404.44","2,270.43","21,388.17","5,763.82","11,848.56","1,717.35","73,765.74"
08/14/2025 13:00,"20,969.24","2,585.81","8,516.27","2,419.51","23,038.72","5,983.65","12,680.19","1,838.75","78,032.13"
08/14/2025 14:00,"21,845.14","2,723.67","8,308.65","2,529.79","24,511.87","6,291.59","13,454.98","1,954.14","81,619.82"
08/14/2025 15:00,"22,224.75","2,806.80","7,382.39","2,567.96","25,397.56","6,459.72","13,513.99","2,027.63","82,380.80"
08/14/2025 16:00,"22,181.42","2,850.26","7,129.15","2,572.38","25,443.29","6,489.35","13,937.79","2,059.78","82,663.42"
08/14/2025 17:00,"22,002.36","2,866.68","7,027.25","2,589.23","25,699.18","6,419.73","14,094.50","2,058.98","82,757.91"
08/14/2025 18:00,"21,881.24","2,865.04","7,042.88","2,504.44","25,771.06","6,396.05","14,199.15","2,043.37","82,703.22"
08/14/2025 19:00,"21,346.05","2,845.15","7,226.43","2,555.95","25,573.92","6,407.74","14,154.18","2,024.76","82,134.18"
08/14/2025 20:00,"20,795.29","2,747.36","7,535.33","2,569.53","24,945.45","6,322.93","14,106.04","1,987.89","81,009.82"
08/14/2025 21:00,"20,336.83","2,622.59","7,782.48","2,473.15","23,915.20","6,189.35","13,762.72","1,922.38","79,004.70"
08/14/2025 22:00,"19,814.20","2,501.77","7,779.17","2,343.23","23,049.76","6,027.19","13,340.94","1,866.79","76,723.04"
08/14/2025 23:00,"18,908.20","2,386.13","7,825.64","2,220.33","21,601.50","5,698.70","12,462.04","1,776.93","72,879.47"
08/14/2025 24:00,"17,914.55","2,228.00","7,917.23","2,145.01","19,997.80","5,343.86","11,548.71","1,675.83","68,770.99"
08/15/2025 01:00,"16,959.85","2,094.36","7,988.74","2,051.76","18,627.55","5,047.52","10,705.41","1,574.60","65,049.80"
08/15/2025 02:00,"16,235.89","1,979.02","7,928.13","1,981.62","17,686.60","4,829.42","10,014.33","1,510.09","62,165.10"
08/15/2025 03:00,"15,765.58","1,891.08","7,804.63","1,929.28","16,947.99","4,626.70","9,529.48","1,464.75","59,959.48"
08/15/2025 04:00,"15,552.29","1,839.07","7,697.71","1,887.76","16,400.75","4,418.74","9,296.99","1,433.81","58,527.12"
08/15/2025 05:00,"15,359.41","1,774.29","7,668.74","1,855.69","15,962.50","4,326.61","9,208.20","1,405.09","57,560.54"
08/15/2025 06:00,"15,583.27","1,805.48","7,646.46","1,868.17","15,979.75","4,348.10","9,307.21","1,400.23","57,938.66"
08/15/2025 07:00,"15,820.97","1,863.40","7,562.05","1,899.32","16,372.44","4,487.28","9,530.64","1,432.44","58,968.53"
08/15/2025 08:00,"15,773.32","1,869.34","7,687.77","1,905.11","16,488.01","4,479.08","9,543.74","1,432.15","59,178.54"
08/15/2025 09:00,"16,673.88","1,986.57","7,904.99","1,970.17","17,327.50","4,503.63","9,908.90","1,478.82","61,754.45"
08/15/2025 10:00,"18,166.57","2,178.77","7,963.02","2,070.18","18,748.48","4,695.57","10,532.70","1,567.02","65,922.30"
08/15/2025 11:00,"19,352.04","2,386.85","8,087.58","2,186.71","20,251.78","5,024.18","11,262.79","1,653.67","70,205.61"
08/15/2025 12:00,"19,786.03","2,549.81","8,204.22","2,324.62","21,577.34","5,119.19","12,011.63","1,750.54","73,323.38"
08/15/2025 13:00,"19,950.18","2,700.72","8,295.84","2,447.67","22,794.45","5,201.13","12,678.26","1,834.84","75,903.09"
08/15/2025 14:00,"20,492.39","2,828.25","8,226.73","2,527.10","24,016.56","5,342.07","13,294.78","1,932.02","78,659.90"
08/15/2025 15:00,"20,689.68","2,845.68","7,905.79","2,585.59","25,051.00","5,373.98","13,565.20","2,002.00","80,018.92"
08/15/2025 16:00,"20,587.26","2,842.49","7,976.65","2,581.31","25,696.22","5,369.83","13,563.85","2,037.06","80,654.68"
08/15/2025 17:00,"20,650.54","2,888.99","7,986.91","2,605.07","26,190.68","5,373.80","13,497.14","2,036.53","81,229.64"
08/15/2025 18:00,"20,458.29","2,906.88","8,027.02","2,587.73","26,138.42","5,321.06","13,656.60","2,018.76","81,114.77"
08/15/2025 19:00,"20,001.39","2,836.56","8,063.31","2,557.00","25,539.20","5,232.09","13,536.11","1,989.66","79,755.33"
08/15/2025 20:00,"19,322.25","2,703.92","7,884.63","2,452.08","24,259.15","5,020.95","13,079.53","1,934.75","76,657.25"
08/15/2025 21:00,"18,675.93","2,566.55","7,948.64","2,342.78","23,059.27","4,945.54","12,584.52","1,864.13","73,987.38"
08/15/2025 22:00,"18,328.32","2,431.91","7,714.62","2,262.48","22,199.65","4,936.96","12,134.48","1,792.12","71,800.53"
08/15/2025 23:00,"17,451.80","2,315.95","7,734.37","2,142.83","20,786.93","4,841.22","11,459.43","1,693.36","68,425.88"
08/15/2025 24:00,"16,678.48","2,147.21","7,746.90","2,034.32","19,395.49","4,699.67","10,713.91","1,611.85","65,027.83"
08/16/2025 01:00,"16,036.51","2,009.63","7,825.53","1,959.46","18,203.27","4,499.71","10,001.25","1,536.51","62,071.87"
08/16/2025 02:00,"15,455.35","1,917.10","7,853.64","1,898.77","17,198.78","4,434.78","9,410.86","1,478.83","59,648.12"
08/16/2025 03:00,"15,022.09","1,830.46","7,835.88","1,850.62","16,431.50","4,321.54","8,960.94","1,430.13","57,683.17"
08/16/2025 04:00,"14,685.57","1,775.86","7,851.95","1,806.77","15,842.95","4,248.40","8,550.95","1,392.70","56,155.14"
08/16/2025 05:00,"14,455.84","1,714.75","7,896.43","1,778.89","15,476.35","4,176.98","8,277.55","1,357.43","55,134.24"
08/16/2025 06:00,"14,443.56","1,704.29","7,933.97","1,765.86","15,303.03","4,139.56","8,185.65","1,343.88","54,819.79"
08/16/2025 07:00,"14,493.88","1,702.79","7,954.04","1,758.12","15,173.18","4,159.06","8,243.30","1,336.52","54,820.89"
08/16/2025 08:00,"14,623.02","1,731.08","7,983.49","1,762.18","15,180.93","4,185.70","8,339.81","1,325.11","55,131.31"
08/16/2025 09:00,"15,804.13","1,838.54","8,073.38","1,887.45","16,221.43","4,312.30","8,723.77","1,380.74","58,241.75"
08/16/2025 10:00,"17,270.08","2,060.73","8,162.73","2,008.01","17,664.50","4,605.23","9,371.16","1,443.69","62,586.13"
08/16/2025 11:00,"18,460.18","2,264.71","8,297.17","2,155.47","19,144.48","4,986.20","10,107.94","1,517.05","66,933.20"
08/16/2025 12:00,"19,354.85","2,455.19","8,509.18","2,279.29","20,523.77","5,367.28","10,885.04","1,599.50","70,974.10"
08/16/2025 13:00,"19,467.26","2,616.98","8,685.59","2,382.97","21,807.62","5,704.21","11,558.41","1,684.82","73,907.86"
08/16/2025 14:00,"19,103.60","2,740.65","8,694.98","2,461.83","22,827.73","5,979.87","12,185.77","1,763.15","75,757.57"
08/16/2025 15:00,"18,446.48","2,854.25","8,770.18","2,531.89","23,804.35","6,098.07","12,658.57","1,857.69","77,021.48"
08/16/2025 16:00,"18,090.43","2,909.58","8,573.74","2,579.38","24,389.11","6,288.94","13,195.48","1,919.03","77,945.68"
08/16/2025 17:00,"18,366.49","2,933.96","8,539.16","2,539.23","24,706.50","6,432.42","13,587.23","1,961.42","79,066.42"
08/16/2025 18:00,"18,694.63","2,916.21","8,367.29","2,577.32","24,592.76","6,389.07","13,833.55","1,974.40","79,345.23"
08/16/2025 19:00,"18,705.83","2,825.67","8,169.93","2,540.70","24,034.19","6,269.75","13,751.15","1,954.74","78,251.96"
08/16/2025 20:00,"18,455.92","2,675.88","7,892.22","2,459.79","23,137.90","6,033.60","13,343.93","1,904.75","75,904.00"
08/16/2025 21:00,"18,232.72","2,470.73","7,804.52","2,373.60","22,280.87","5,754.09","12,916.70","1,840.65","73,673.89"
08/16/2025 22:00,"17,731.78","2,333.84","7,663.53","2,289.77","21,396.97","5,640.23","12,455.91","1,764.39","71,276.41"
08/16/2025 23:00,"17,024.97","2,217.83","7,749.31","2,188.16","20,185.53","5,375.15","11,767.61","1,674.11","68,182.67"
08/16/2025 24:00,"16,449.22","2,083.50","7,815.75","2,095.48","19,127.80","5,127.66","11,044.59","1,598.69","65,342.70"
08/17/2025 01:00,"15,710.09","1,936.96","7,963.57","1,997.65","18,016.85","4,846.79","10,261.63","1,520.50","62,254.04"
08/17/2025 02:00,"14,993.76","1,827.20","7,935.13","1,929.71","16,999.07","4,594.70","9,618.59","1,455.11","59,353.26"
08/17/2025 03:00,"14,523.31","1,750.55","7,972.01","1,892.17","16,317.30","4,457.21","9,168.09","1,420.17","57,500.81"
08/17/2025 04:00,"14,178.69","1,704.18","8,016.26","1,864.28","15,817.13","4,320.07","8,813.10","1,398.87","56,112.58"
08/17/2025 05:00,"13,898.48","1,669.82","7,981.04","1,849.37","15,491.98","4,221.80","8,573.03","1,379.71","55,065.22"
08/17/2025 06:00,"13,833.75","1,631.71","7,875.63","1,838.05","15,304.01","4,171.20","8,417.53","1,362.70","54,434.58"
08/17/2025 07:00,"13,683.22","1,635.14","7,928.58","1,810.81","15,111.43","4,116.11","8,386.38","1,353.31","54,024.98"
08/17/2025 08:00,"13,754.81","1,657.29","7,905.10","1,816.90","15,126.54","4,053.25","8,365.33","1,352.75","54,031.97"
08/17/2025 09:00,"14,925.10","1,835.45","8,045.47","1,909.40","16,017.52","4,238.89","8,818.46","1,398.12","57,188.42"
08/17/2025 10:00,"16,430.06","2,015.97","8,193.97","2,012.20","17,579.58","4,541.53","9,658.49","1,490.97","61,922.78"
08/17/2025 11:00,"17,596.76","2,202.03","8,273.84","2,099.43","18,887.99","4,997.91","10,433.19","1,587.52","66,078.67"
08/17/2025 12:00,"18,957.11","2,329.08","8,295.19","2,207.76","20,398.32","5,427.93","11,392.65","1,694.33","70,702.37"
08/17/2025 13:00,"20,045.16","2,501.35","8,443.45","2,330.69","21,696.26","5,754.57","12,153.57","1,789.84","74,714.89"
08/17/2025 14:00,"20,966.87","2,690.82","8,605.22","2,407.87","22,779.22","6,040.89","12,890.13","1,881.06","78,262.07"
08/17/2025 15:00,"21,589.04","2,816.64","8,552.83","2,411.15","23,564.75","6,213.86","13,501.23","1,948.56","80,598.07"
08/17/2025 16:00,"22,074.36","2,892.71","8,388.71","2,400.56","23,571.05","6,316.92","13,958.47","1,989.56","81,592.35"
08/17/2025 17:00,"22,268.79","2,937.10","8,002.52","2,393.69","23,578.72","6,414.30","14,208.65","2,020.12","81,823.88"
08/17/2025 18:00,"22,230.99","2,929.83","7,909.17","2,336.80","23,610.00","6,382.50","14,302.68","2,026.69","81,728.66"
08/17/2025 19:00,"21,823.97","2,880.25","7,862.88","2,293.03","23,328.85","6,271.77","14,276.49","1,981.89","80,719.13"
08/17/2025 20:00,"21,150.43","2,753.43","7,827.71","2,265.04","22,829.21","6,119.85","14,031.59","1,919.63","78,896.88"
08/17/2025 21:00,"20,591.47","2,644.63","7,927.28","2,250.30","22,316.30","5,982.86","13,609.05","1,868.60","77,190.48"
08/17/2025 22:00,"19,751.97","2,478.47","7,844.25","2,201.23","21,326.50","5,794.21","13,053.23","1,786.84","74,236.69"
08/17/2025 23:00,"18,612.85","2,283.65","7,767.56","2,111.05","19,892.34","5,447.87","12,192.36","1,675.11","69,982.79"
08/17/2025 24:00,"17,397.92","2,092.15","7,693.36","2,010.39","18,322.10","5,111.04","11,267.01","1,574.04","65,468.01"
08/18/2025 01:00,"16,382.72","1,973.47","7,670.23","1,925.34","17,094.76","4,791.59","10,427.65","1,496.78","61,762.53"
08/18/2025 02:00,"15,654.65","1,848.94","7,653.17","1,868.07","16,118.83","4,511.75","9,738.17","1,442.31","58,835.90"
08/18/2025 03:00,"15,203.26","1,783.86","7,648.25","1,811.77","15,464.95","4,407.67","9,275.66","1,404.28","56,999.70"
08/18/2025 04:00,"14,986.31","1,757.71","7,690.02","1,800.15","15,195.37","4,251.75","8,982.14","1,374.78","56,038.23"
08/18/2025 05:00,"14,976.40","1,708.10","7,696.23","1,816.69","15,165.52","4,135.02","8,855.20","1,361.85","55,715.01"
08/18/2025 06:00,"15,196.15","1,764.38","7,683.91","1,856.70","15,544.48","4,272.08","8,940.88","1,368.92","56,627.50"
08/18/2025 07:00,"15,538.73","1,858.42","7,584.57","1,902.43","16,304.33","4,471.13","9,213.06","1,400.27","58,272.94"
08/18/2025 08:00,"15,631.72","1,848.90","7,700.50","1,923.82","16,554.39","4,367.46","9,265.65","1,401.23","58,693.67"
08/18/2025 09:00,"16,563.68","2,000.29","7,925.82","1,981.01","17,389.66","4,495.98","9,685.82","1,449.01","61,491.26"
08/18/2025 10:00,"17,856.56","2,165.33","7,992.78","2,092.12","18,910.09","4,850.11","10,300.97","1,534.34","65,702.31"
08/18/2025 11:00,"19,110.37","2,430.48","8,078.57","2,223.65","20,738.54","5,252.13","11,108.85","1,638.38","70,580.96"
08/18/2025 12:00,"20,421.85","2,650.63","8,233.29","2,339.71","22,538.18","5,616.19","11,998.53","1,753.23","75,551.59"
08/18/2025 13:00,"21,556.77","2,829.09","8,345.54","2,448.22","24,098.39","5,978.47","12,855.51","1,849.53","79,961.54"
08/18/2025 14:00,"22,274.77","2,958.41","7,884.23","2,438.19","25,122.35","6,177.42","13,617.58","1,928.69","82,401.64"
08/18/2025 15:00,"22,549.34","2,970.75","7,383.69","2,009.72","25,730.74","6,250.55","13,964.35","1,932.37","82,791.52"
08/18/2025 16:00,"22,587.57","2,967.44","7,098.78","1,968.54","26,051.31","6,341.73","14,186.41","1,896.43","83,098.22"
08/18/2025 17:00,"22,638.97","2,932.58","6,991.78","1,974.02","26,445.26","6,495.14","14,315.35","1,880.52","83,673.63"
08/18/2025 18:00,"22,349.50","2,888.69","7,046.25","1,942.52","26,581.62","6,508.85","14,519.96","1,841.61","83,679.00"
08/18/2025 19:00,"21,419.97","2,858.32","6,989.84","2,280.87","26,398.24","6,427.87","14,668.56","1,814.65","82,858.33"
08/18/2025 20:00,"20,421.67","2,778.85","7,166.99","2,060.26","25,503.21","6,201.30","14,621.81","1,764.14","80,518.23"
08/18/2025 21:00,"19,503.93","2,659.95","7,444.92","2,285.56","24,716.76","6,055.74","14,126.86","1,708.39","78,502.10"
08/18/2025 22:00,"18,424.93","2,492.21","7,263.38","2,069.07","23,260.32","5,801.09","13,397.36","1,657.66","74,366.02"
08/18/2025 23:00,"17,386.86","2,287.74","7,305.70","1,974.35","21,497.26","5,515.72","12,531.88","1,556.06","70,055.58"
08/18/2025 24:00,"16,473.48","2,139.88","7,469.98","2,073.44","19,829.82","5,162.30","11,665.55","1,454.93","66,269.38"
08/19/2025 01:00,"15,772.97","1,996.06","7,570.56","2,021.34","18,308.99","4,877.71","10,874.50","1,376.51","62,798.64"
08/19/2025 02:00,"15,063.66","1,872.97","7,530.58","1,959.72","17,195.57","4,639.65","10,237.74","1,325.86","59,825.75"
08/19/2025 03:00,"14,605.87","1,764.51","7,566.62","1,904.88","16,447.66","4,318.43","9,735.55","1,289.16","57,632.67"
08/19/2025 04:00,"14,303.75","1,743.27","7,558.19","1,840.22","15,815.22","4,313.73","9,343.64","1,260.37","56,178.38"
08/19/2025 05:00,"14,337.23","1,690.03","7,657.53","1,831.28","15,620.01","4,254.11","9,135.61","1,252.20","55,778.01"
08/19/2025 06:00,"14,689.13","1,773.35","7,655.89","1,849.06","15,880.09","4,242.20","9,156.15","1,284.38","56,530.25"
08/19/2025 07:00,"15,135.57","1,864.50","7,668.72","1,895.83","16,500.22","4,392.02","9,380.83","1,358.34","58,196.03"
08/19/2025 08:00,"15,149.79","1,854.86","7,611.80","1,917.99","16,589.35","4,361.64","9,376.02","1,375.39","58,236.85"
08/19/2025 09:00,"15,578.82","1,940.98","7,777.18","1,999.64","17,372.58","4,541.64","9,597.05","1,433.66","60,241.57"
08/19/2025 10:00,"16,009.60","2,105.87","7,935.34","2,135.93","19,047.36","4,845.39","10,198.57","1,546.52","63,824.57"
08/19/2025 11:00,"16,841.87","2,252.20","8,076.54","2,270.08","20,954.37","5,146.46","10,887.76","1,651.76","68,081.03"
08/19/2025 12:00,"18,000.35","2,463.09","8,155.34","2,375.53","22,854.68","5,593.56","11,686.00","1,773.72","72,902.28"
08/19/2025 13:00,"19,048.02","2,596.32","8,299.72","2,498.41","24,511.66","6,007.75","12,561.97","1,885.38","77,409.23"
08/19/2025 14:00,"19,713.65","2,799.53","8,332.30","2,593.12","25,869.26","6,182.02","13,238.98","1,947.65","80,676.50"
08/19/2025 15:00,"20,431.34","2,934.11","7,925.25","2,683.57","26,865.58","6,230.76","13,021.57","1,961.05","82,053.23"
08/19/2025 16:00,"21,007.64","2,913.80","7,480.44","2,719.00","27,364.84","6,065.96","12,541.23","1,923.24","82,016.15"
08/19/2025 17:00,"20,958.05","2,885.96","7,274.93","2,723.91","27,531.76","5,909.18","12,605.55","1,886.79","81,776.13"
08/19/2025 18:00,"20,151.26","2,898.06","7,319.46","2,732.09","27,428.60","5,593.99","12,380.75","1,843.78","80,347.97"
08/19/2025 19:00,"19,251.49","2,820.63","7,451.53","2,721.79","26,788.32","5,452.82","12,053.97","1,817.98","78,358.53"
08/19/2025 20:00,"18,485.62","2,711.79","7,435.82","2,611.40","25,448.72","5,347.02","11,766.01","1,753.79","75,560.17"
08/19/2025 21:00,"18,216.10","2,619.18","7,448.72","2,514.01","24,505.15","5,333.51","11,479.43","1,698.76","73,814.86"
08/19/2025 22:00,"17,729.24","2,467.70","7,520.41","2,411.40","23,441.54","5,108.22","11,020.64","1,639.77","71,338.90"
08/19/2025 23:00,"16,774.70","2,256.88","7,594.60","2,265.28","21,696.87","4,890.68","10,404.97","1,540.92","67,424.91"
08/19/2025 24:00,"15,811.93","2,074.81","7,676.75","2,150.26","19,902.63","4,619.99","9,676.83","1,439.24","63,352.44"
08/20/2025 01:00,"15,164.78","1,927.97","7,795.41","2,039.26","18,223.98","4,348.95","9,053.90","1,405.68","59,959.92"
08/20/2025 02:00,"14,668.78","1,848.82","7,754.05","1,948.81","17,285.30","4,140.35","8,571.36","1,354.13","57,571.60"
08/20/2025 03:00,"14,272.28","1,786.15","7,705.71","1,859.39","16,465.87","4,022.45","8,229.19","1,304.56","55,645.60"
08/20/2025 04:00,"14,071.30","1,741.34","7,668.87","1,816.41","15,923.28","3,939.57","8,033.67","1,273.70","54,468.13"
08/20/2025 05:00,"14,044.08","1,727.92","7,544.79","1,829.01","15,618.07","3,908.55","7,983.77","1,263.24","53,919.43"
08/20/2025 06:00,"14,252.53","1,767.95","7,545.80","1,877.88","15,822.88","4,023.41","8,126.56","1,277.08","54,694.08"
08/20/2025 07:00,"14,546.88","1,870.76","7,712.98","1,927.99","16,533.36","4,130.13","8,471.25","1,333.95","56,527.31"
08/20/2025 08:00,"14,542.42","1,867.48","7,691.91","1,918.90","16,596.48","4,113.81","8,594.00","1,357.78","56,682.78"
08/20/2025 09:00,"15,408.19","1,972.46","7,942.77","1,937.69","17,155.78","4,224.56","8,987.76","1,395.57","59,024.78"
08/20/2025 10:00,"16,538.68","2,129.32","8,107.61","1,998.84","17,654.34","4,513.08","9,597.80","1,454.15","61,993.83"
08/20/2025 11:00,"17,852.27","2,245.22","8,184.09","2,087.71","17,890.60","4,947.87","10,395.79","1,522.00","65,125.56"
08/20/2025 12:00,"19,138.77","2,374.53","8,162.92","2,199.15","18,064.24","5,336.92","11,260.01","1,580.30","68,116.84"
08/20/2025 13:00,"20,319.03","2,465.26","8,142.34","2,297.28","18,526.64","5,659.49","12,142.79","1,630.99","71,183.83"
08/20/2025 14:00,"21,354.69","2,463.84","8,022.18","2,393.01","19,270.81","5,892.87","12,865.62","1,685.74","73,948.76"
08/20/2025 15:00,"22,140.02","2,441.39","7,853.15","2,482.82","20,265.67","6,021.72","13,206.99","1,767.64","76,179.39"
08/20/2025 16:00,"22,748.73","2,424.80","7,918.21","2,537.46","21,249.34","5,994.88","13,418.69","1,816.35","78,108.46"
08/20/2025 17:00,"23,006.70","2,409.48","8,041.28","2,592.79","22,311.20","6,056.65","13,467.85","1,845.10","79,731.05"
08/20/2025 18:00,"22,377.23","2,394.41","8,023.68","2,579.13","22,721.40","6,092.00","13,420.50","1,847.57","79,455.92"
08/20/2025 19:00,"20,786.97","2,378.52","7,988.08","2,543.04","22,724.20","6,030.01","13,421.79","1,841.33","77,713.93"
08/20/2025 20:00,"19,575.15","2,297.64","7,799.77","2,467.95","21,962.89","5,959.92","12,986.59","1,784.21","74,834.12"
08/20/2025 21:00,"18,714.19","2,258.29","7,635.77","2,323.58","21,113.04","5,746.53","12,461.55","1,710.28","71,963.22"
08/20/2025 22:00,"17,530.07","2,125.63","7,185.82","2,178.65","19,538.49","5,495.47","12,181.57","1,630.71","67,866.41"
08/20/2025 23:00,"16,766.75","2,026.02","7,415.18","2,090.83","18,271.81","5,179.88","11,497.37","1,563.82","64,811.66"
08/20/2025 24:00,"15,975.07","1,898.86","7,698.45","2,057.36","17,124.20","4,886.26","10,640.26","1,480.77","61,761.23"
08/21/2025 01:00,"15,111.08","1,753.81","7,624.94","1,977.95","16,198.27","4,627.03","9,832.25","1,397.24","58,522.57"
08/21/2025 02:00,"14,488.31","1,696.00","7,474.93","1,918.92","15,345.47","4,399.41","9,246.46","1,356.33","55,925.81"
08/21/2025 03:00,"14,056.76","1,651.10","7,515.14","1,885.03","14,711.29","4,116.84","8,819.92","1,336.52","54,092.60"
08/21/2025 04:00,"13,820.73","1,630.53","7,597.66","1,853.66","14,351.48","3,990.33","8,560.16","1,323.29","53,127.85"
08/21/2025 05:00,"13,807.19","1,624.56","7,587.87","1,838.97","14,299.90","3,942.82","8,429.05","1,319.28","52,849.65"
08/21/2025 06:00,"14,107.61","1,695.03","7,586.33","1,858.62","14,711.42","3,986.29","8,542.45","1,318.26","53,806.01"
08/21/2025 07:00,"14,533.80","1,799.71","7,652.91","1,905.04","15,415.38","4,148.45","8,869.80","1,348.09","55,673.18"
08/21/2025 08:00,"14,663.83","1,790.19","7,526.78","1,924.27","15,676.15","4,142.14","9,009.03","1,351.81","56,084.20"
08/21/2025 09:00,"15,554.53","1,894.81","8,049.99","1,985.39","16,555.31","4,273.83","9,226.17","1,407.10","58,947.13"
08/21/2025 10:00,"16,619.51","2,011.02","8,175.94","2,079.64","17,787.19","4,609.64","9,664.94","1,480.37","62,428.25"
08/21/2025 11:00,"17,688.09","2,126.96","8,255.22","2,192.86","19,276.84","5,077.74","10,364.02","1,570.15","66,551.88"
08/21/2025 12:00,"18,872.58","2,235.32","8,346.68","2,307.04","20,972.08","5,520.55","11,123.55","1,653.97","71,031.76"
08/21/2025 13:00,"19,903.35","2,416.03","8,417.81","2,407.57","22,594.09","5,749.70","11,787.69","1,719.55","74,995.77"
08/21/2025 14:00,"20,733.31","2,571.68","8,409.92","2,510.04","23,820.01","6,010.18","12,085.49","1,785.46","77,926.09"
08/21/2025 15:00,"21,307.22","2,680.47","8,198.09","2,477.33","24,818.28","6,248.35","11,274.56","1,834.15","78,838.44"
08/21/2025 16:00,"21,597.25","2,712.75","8,250.53","2,118.74","25,309.35","6,348.60","10,874.15","1,868.75","79,080.13"
08/21/2025 17:00,"21,793.13","2,645.94","8,278.66","2,025.07","25,640.27","6,303.24","10,865.38","1,881.57","79,433.26"
08/21/2025 18:00,"21,656.10","2,599.78","8,345.70","2,010.97","25,510.13","6,248.24","10,633.60","1,891.71","78,896.22"
08/21/2025 19:00,"20,244.71","2,535.25","8,251.96","2,325.05","24,556.14","6,138.42","10,371.59","1,877.73","76,300.87"
08/21/2025 20:00,"18,711.33","2,411.20","8,087.84","2,462.18","22,964.77","5,818.75","10,507.75","1,807.68","72,771.49"
08/21/2025 21:00,"18,001.75","2,319.21","8,154.02","2,352.34","21,943.09","5,692.25","10,471.57","1,753.14","70,687.36"
08/21/2025 22:00,"17,322.21","2,193.24","8,083.77","2,222.93","20,875.53","5,470.25","10,121.31","1,681.33","67,970.57"
08/21/2025 23:00,"16,454.26","2,049.81","8,006.55","2,117.36","19,432.61","5,129.15","9,521.03","1,578.69","64,289.45"
08/21/2025 24:00,"15,551.46","1,913.13","7,991.90","2,056.74","17,876.38","4,769.42","8,816.74","1,473.93","60,449.72"
08/22/2025 01:00,"14,799.29","1,747.96","8,037.75","1,953.59","16,492.75","4,492.21","8,349.62","1,372.35","57,245.53"
08/22/2025 02:00,"14,318.63","1,671.63","7,955.54","1,889.49","15,591.11","4,297.94","7,982.24","1,313.85","55,020.43"
08/22/2025 03:00,"14,029.21","1,618.02","7,893.70","1,845.38","15,002.73","4,168.61","7,720.16","1,280.01","53,557.82"
08/22/2025 04:00,"13,844.11","1,591.23","7,916.59","1,807.07","14,605.65","4,005.91","7,559.33","1,262.29","52,592.18"
08/22/2025 05:00,"13,988.08","1,555.64","7,855.75","1,316.24","14,589.50","4,010.94","7,551.07","1,270.78","52,138.00"
08/22/2025 06:00,"14,342.24","1,639.15","7,707.48","1,206.32","14,965.77","4,063.48","7,734.11","1,305.41","52,963.97"
08/22/2025 07:00,"14,788.60","1,702.34","7,616.85","1,265.81","15,748.60","4,258.52","8,130.67","1,355.93","54,867.32"
08/22/2025 08:00,"14,861.60","1,741.55","7,711.75","1,286.15","15,988.65","4,270.59","8,292.71","1,365.42","55,518.43"
08/22/2025 09:00,"15,337.32","1,850.52","8,286.95","1,367.25","16,644.86","4,316.27","8,630.15","1,425.38","57,858.70"
08/22/2025 10:00,"16,108.61","1,985.22","8,447.96","1,449.49","17,538.23","4,499.76","9,163.56","1,501.90","60,694.73"
08/22/2025 11:00,"16,774.08","2,151.81","8,568.12","1,556.02","18,474.03","4,916.03","9,822.79","1,575.31","63,838.17"
08/22/2025 12:00,"17,581.97","2,323.63","8,646.46","1,665.10","19,626.18","5,186.74","10,494.09","1,655.78","67,179.95"
08/22/2025 13:00,"17,889.92","2,462.83","8,674.22","1,756.78","20,646.79","5,469.19","11,182.87","1,734.38","69,816.96"
08/22/2025 14:00,"18,330.97","2,546.22","8,610.71","1,849.79","21,742.69","5,855.25","11,961.59","1,817.93","72,715.15"
08/22/2025 15:00,"18,577.27","2,544.49","8,422.37","1,933.82","22,766.99","6,028.61","12,629.40","1,884.86","74,787.82"
08/22/2025 16:00,"18,826.46","2,534.72","8,514.73","1,927.87","23,366.84","6,117.63","13,037.58","1,925.81","76,251.63"
08/22/2025 17:00,"18,924.34","2,539.11","8,543.32","1,945.41","23,946.75","6,235.39","13,242.61","1,948.59","77,325.51"
08/22/2025 18:00,"18,746.01","2,533.15","8,593.76","1,936.88","23,998.28","6,078.95","13,340.58","1,941.67","77,169.28"
08/22/2025 19:00,"18,112.86","2,469.73","8,551.62","1,927.56","23,302.06","5,798.44","13,098.90","1,907.33","75,168.49"
08/22/2025 20:00,"17,544.05","2,374.65","8,231.32","1,807.72","22,228.69","5,463.64","12,695.16","1,858.88","72,204.10"
08/22/2025 21:00,"17,215.89","2,266.33","7,955.51","1,680.37","21,196.00","5,267.51","12,163.84","1,788.67","69,534.12"
08/22/2025 22:00,"16,760.60","2,185.86","7,835.59","1,590.49","20,193.85","5,157.46","11,560.88","1,705.88","66,990.62"
08/22/2025 23:00,"16,015.50","2,031.92","7,960.91","1,472.45","18,754.83","4,984.60","10,788.75","1,611.84","63,620.80"
08/22/2025 24:00,"15,311.39","1,878.55","7,857.86","1,378.35","17,403.30","4,751.99","10,011.33","1,520.62","60,113.38"
08/23/2025 01:00,"14,508.07","1,783.51","7,891.11","1,295.45","16,111.48","4,481.17","9,195.80","1,420.41","56,687.01"
08/23/2025 02:00,"13,783.64","1,662.41","7,854.78","1,521.37","14,948.69","4,310.55","8,570.42","1,343.98","53,995.82"
08/23/2025 03:00,"13,336.63","1,583.54","7,817.64","1,680.60","14,188.00","4,128.58","8,218.89","1,299.52","52,253.40"
08/23/2025 04:00,"13,073.09","1,529.20","7,876.20","1,650.75","13,711.87","4,015.96","7,900.79","1,262.33","51,020.19"
08/23/2025 05:00,"12,910.42","1,517.92","7,823.91","1,664.09","13,443.49","3,952.09","7,726.68","1,236.12","50,274.72"
08/23/2025 06:00,"12,956.15","1,521.61","7,763.27","1,660.06","13,416.59","3,921.95","7,609.00","1,239.40","50,088.03"
08/23/2025 07:00,"13,050.08","1,519.91","7,714.34","1,658.96","13,504.93","3,945.29","7,697.77","1,264.73","50,356.01"
08/23/2025 08:00,"13,175.41","1,537.46","7,720.50","1,658.46","13,634.96","3,981.35","7,749.74","1,271.64","50,729.52"
08/23/2025 09:00,"14,142.29","1,671.48","8,088.85","1,776.14","14,885.61","4,129.37","8,286.50","1,343.54","54,323.78"
08/23/2025 10:00,"15,206.41","1,850.61","8,248.72","1,894.26","16,428.24","4,446.80","8,990.58","1,421.05","58,486.68"
08/23/2025 11:00,"16,363.30","2,039.56","8,348.49","2,019.75","18,087.27","4,850.11","9,689.36","1,503.88","62,901.71"
08/23/2025 12:00,"17,607.87","2,229.93","8,435.13","2,137.52","19,910.13","5,295.31","10,538.89","1,571.75","67,726.52"
08/23/2025 13:00,"18,524.73","2,404.34","8,484.67","2,215.94","21,166.58","5,537.68","11,237.24","1,665.94","71,237.11"
08/23/2025 14:00,"19,268.92","2,529.59","8,515.66","2,296.43","22,012.10","5,644.24","11,815.04","1,745.46","73,827.45"
08/23/2025 15:00,"19,631.46","2,614.28","8,554.93","2,389.14","22,811.38","5,551.59","12,209.02","1,816.45","75,578.27"
08/23/2025 16:00,"19,729.38","2,661.54","8,525.28","2,451.53","23,452.53","5,629.30","12,593.62","1,863.40","76,906.58"
08/23/2025 17:00,"19,512.50","2,678.74","8,575.81","2,494.83","23,914.58","5,739.68","12,833.26","1,895.81","77,645.21"
08/23/2025 18:00,"19,046.09","2,696.45","8,476.47","2,520.30","23,946.07","5,537.92","12,965.66","1,899.65","77,088.62"
08/23/2025 19:00,"18,590.85","2,655.00","8,377.40","2,486.94","23,430.51","5,372.03","12,831.83","1,884.56","75,629.11"
08/23/2025 20:00,"18,054.31","2,518.73","7,947.43","2,400.43","22,243.35","5,245.40","12,441.33","1,808.84","72,659.82"
08/23/2025 21:00,"17,567.63","2,292.87","7,547.97","2,290.88","20,870.74","5,040.04","11,898.41","1,717.72","69,226.27"
08/23/2025 22:00,"16,974.46","2,168.60","7,640.16","2,203.18","19,610.86","5,007.35","11,367.24","1,640.75","66,612.62"
08/23/2025 23:00,"16,276.00","2,044.64","7,849.93","2,106.66","18,279.33","4,859.62","10,685.10","1,554.80","63,656.08"
08/23/2025 24:00,"15,470.79","1,922.03","7,809.49","1,985.11","16,928.63","4,633.75","9,944.20","1,456.81","60,150.80"
08/24/2025 01:00,"14,655.26","1,788.58","7,826.45","1,900.59","15,729.31","4,460.07","9,247.64","1,354.73","56,962.61"
08/24/2025 02:00,"14,079.74","1,685.10","7,721.75","1,852.04","14,910.51","4,289.69","8,752.46","1,298.58","54,589.88"
08/24/2025 03:00,"13,630.47","1,605.04","7,818.38","1,817.94","14,172.29","4,191.61","8,335.43","1,260.78","52,831.94"
08/24/2025 04:00,"13,300.58","1,551.17","7,831.61","1,782.89","13,630.27","4,071.08","8,023.44","1,246.32","51,437.37"
08/24/2025 05:00,"13,066.42","1,511.93","7,878.96","1,764.52","13,241.53","3,976.32","7,805.59","1,240.04","50,485.31"
08/24/2025 06:00,"13,034.18","1,507.43","7,707.69","1,749.71","13,077.97","3,947.60","7,657.71","1,233.41","49,915.72"
08/24/2025 07:00,"12,967.69","1,510.37","7,724.47","1,740.41","13,005.59","3,937.52","7,631.74","1,238.61","49,756.40"
08/24/2025 08:00,"12,921.94","1,518.83","7,587.84","1,706.59","12,932.64","3,869.86","7,666.68","1,227.84","49,432.21"
08/24/2025 09:00,"13,893.76","1,668.35","8,103.67","1,800.34","14,091.90","4,011.80","8,204.19","1,279.34","53,053.35"
08/24/2025 10:00,"15,207.54","1,876.81","8,260.45","1,912.33","15,504.26","4,285.99","9,098.65","1,370.91","57,516.94"
08/24/2025 11:00,"16,573.17","2,079.73","8,331.21","2,006.74","16,983.38","4,754.23","10,040.19","1,476.25","62,244.90"
08/24/2025 12:00,"18,046.62","2,299.91","8,442.67","2,109.54","18,860.52","5,182.70","11,031.37","1,591.11","67,564.43"
08/24/2025 13:00,"19,173.10","2,482.59","8,497.49","2,254.04","20,600.55","5,527.55","11,836.99","1,671.90","72,044.20"
08/24/2025 14:00,"20,023.79","2,621.58","8,540.67","2,358.32","22,117.38","5,806.64","12,487.78","1,757.23","75,713.40"
08/24/2025 15:00,"20,656.43","2,706.97","8,560.83","2,441.44","23,232.77","5,953.71","12,975.71","1,835.85","78,363.71"
08/24/2025 16:00,"21,112.27","2,792.02","8,513.25","2,508.65","24,052.69","6,069.73","13,378.77","1,912.98","80,340.36"
08/24/2025 17:00,"21,284.48","2,812.68","8,426.93","2,550.01","24,610.75","6,203.83","13,725.38","1,955.32","81,569.39"
08/24/2025 18:00,"21,143.84","2,830.56","8,334.56","2,567.21","24,856.79","6,137.09","13,903.41","1,973.50","81,746.96"
08/24/2025 19:00,"20,647.80","2,738.37","8,198.53","2,482.65","24,368.95","5,996.93","13,795.24","1,949.54","80,178.00"
08/24/2025 20:00,"19,574.52","2,561.86","7,668.36","2,374.38","23,014.22","5,723.33","13,217.36","1,864.10","75,998.13"
08/24/2025 21:00,"19,181.72","2,445.62","7,674.00","2,317.72","22,168.54","5,609.70","12,778.86","1,802.03","73,978.20"
08/24/2025 22:00,"18,291.73","2,290.31","7,567.21","2,213.66","20,924.55","5,405.95","12,187.50","1,708.98","70,589.89"
08/24/2025 23:00,"17,377.16","2,117.24","7,643.49","2,112.72","19,454.81","5,146.05","11,504.18","1,605.36","66,961.01"
08/24/2025 24:00,"16,288.50","1,920.80","7,674.46","2,000.30","17,868.46","4,873.61","10,593.84","1,501.59","62,721.57"
08/25/2025 01:00,"15,282.52","1,763.87","7,589.83","1,927.80","16,491.00","4,527.36","9,964.65","1,416.65","58,963.69"
08/25/2025 02:00,"14,547.70","1,670.99","7,577.96","1,860.12","15,399.22","4,276.45","9,334.86","1,354.50","56,021.81"
08/25/2025 03:00,"14,088.34","1,554.73","7,592.96","1,806.07","14,609.28","4,182.45","8,876.81","1,309.60","54,020.24"
08/25/2025 04:00,"13,918.39","1,481.77","7,741.34","1,775.35","14,209.13","4,047.79","8,565.18","1,277.47","53,016.41"
08/25/2025 05:00,"13,868.08","1,468.80","7,785.71","1,762.32","14,040.27","3,945.95","8,373.03","1,267.90","52,512.05"
08/25/2025 06:00,"14,153.04","1,565.11","7,753.47","1,817.24","14,465.07","4,110.18","8,455.50","1,284.34","53,603.96"
08/25/2025 07:00,"14,591.90","1,623.79","7,677.33","1,865.21","15,251.19","4,323.73","8,764.59","1,326.30","55,424.04"
08/25/2025 08:00,"14,706.17","1,700.69","7,713.03","1,925.43","15,456.39","4,232.49","8,837.08","1,334.40","55,905.69"
08/25/2025 09:00,"15,347.90","1,801.03","7,813.14","1,954.77","15,903.91","4,321.53","9,201.66","1,379.65","57,723.59"
08/25/2025 10:00,"16,502.66","1,963.39","7,952.76","2,026.15","17,063.36","4,648.13","9,878.63","1,456.44","61,491.52"
08/25/2025 11:00,"17,742.94","2,134.64","8,131.90","2,122.98","18,591.84","5,039.89","10,648.26","1,556.33","65,968.78"
08/25/2025 12:00,"18,989.38","2,347.38","8,281.10","2,241.05","20,122.41","5,408.55","11,475.35","1,663.38","70,528.60"
08/25/2025 13:00,"19,931.36","2,510.79","8,440.82","2,347.83","21,642.07","5,742.64","12,222.32","1,768.85","74,606.69"
08/25/2025 14:00,"20,741.65","2,671.48","8,430.78","2,377.34","23,026.17","5,951.00","12,885.15","1,870.76","77,954.34"
08/25/2025 15:00,"21,707.49","2,799.23","8,432.12","1,989.72","24,398.68","6,107.97","13,260.00","1,958.10","80,653.32"
08/25/2025 16:00,"22,231.15","2,903.62","8,122.23","1,954.20","25,314.05","6,213.12","13,561.02","2,012.46","82,311.84"
08/25/2025 17:00,"22,164.18","2,909.43","7,819.76","1,912.28","25,790.75","6,074.37","13,887.38","2,022.79","82,580.92"
08/25/2025 18:00,"22,006.43","2,883.17","7,940.97","1,838.22","25,777.55","5,895.80","14,069.57","2,007.38","82,419.11"
08/25/2025 19:00,"21,259.11","2,787.90","7,925.86","2,111.33","25,082.74","5,835.59","13,943.34","1,956.29","80,902.16"
08/25/2025 20:00,"20,304.10","2,653.45","7,911.86","1,871.02","23,676.47","5,628.54","13,770.35","1,875.54","77,691.33"
08/25/2025 21:00,"19,550.60","2,491.52","7,885.86","2,084.88","22,494.56","5,520.34","13,221.96","1,800.42","75,050.13"
08/25/2025 22:00,"18,791.65","2,368.91","7,993.83","1,897.03","21,407.77","5,386.00","12,550.53","1,753.36","72,149.07"
08/25/2025 23:00,"17,655.20","2,177.31","7,915.28","1,798.21","19,798.66","5,157.92","11,672.46","1,636.30","67,811.35"
08/25/2025 24:00,"16,406.37","1,973.51","7,891.48","1,879.78","18,158.29","4,820.50","10,765.13","1,515.79","63,410.85"
08/26/2025 01:00,"15,544.70","1,858.55","7,894.39","1,811.75","16,932.23","4,530.56","9,675.22","1,425.19","59,672.58"
08/26/2025 02:00,"14,814.57","1,730.79","7,766.63","1,768.62","15,983.67","4,368.85","9,097.63","1,365.86","56,896.61"
08/26/2025 03:00,"14,343.07","1,643.66","7,777.18","1,759.39","15,194.51","4,097.88","8,670.69","1,329.53","54,815.91"
08/26/2025 04:00,"14,022.84","1,613.40","7,680.10","1,735.35","14,623.01","4,149.53","8,362.35","1,297.26","53,483.86"
08/26/2025 05:00,"14,004.02","1,577.60","7,746.25","1,728.74","14,390.82","4,112.47","8,240.36","1,273.38","53,073.65"
08/26/2025 06:00,"14,371.53","1,623.53","7,675.09","1,762.55","14,710.06","4,154.12","8,350.01","1,271.06","53,917.94"
08/26/2025 07:00,"14,790.66","1,712.43","7,760.25","1,811.36","15,326.12","4,344.32","8,702.60","1,319.47","55,767.20"
08/26/2025 08:00,"14,857.48","1,727.39","7,864.31","1,827.53","15,391.66","4,335.38","8,718.79","1,334.56","56,057.10"
08/26/2025 09:00,"15,626.02","1,765.25","7,939.06","1,839.97","15,547.71","4,438.46","8,991.10","1,368.78","57,516.35"
08/26/2025 10:00,"16,714.42","1,912.97","8,009.28","1,872.21","16,075.75","4,659.04","9,588.03","1,427.46","60,259.16"
08/26/2025 11:00,"17,948.14","2,089.98","8,118.67","1,908.61","16,862.66","4,926.52","10,225.97","1,511.32","63,591.86"
08/26/2025 12:00,"18,990.65","2,223.02","8,147.86","1,938.12","17,808.69","5,191.15","11,039.19","1,622.26","66,960.93"
08/26/2025 13:00,"19,945.94","2,388.82","8,205.80","1,961.01","18,855.99","5,587.75","11,854.34","1,727.06","70,526.72"
08/26/2025 14:00,"20,810.65","2,535.17","8,270.13","1,995.23","19,926.69","5,772.35","12,557.14","1,810.95","73,678.31"
08/26/2025 15:00,"21,352.71","2,626.42","8,247.48","2,021.34","20,954.99","5,931.13","13,054.40","1,877.60","76,066.07"
08/26/2025 16:00,"21,661.52","2,665.92","8,132.46","2,072.17","21,672.62","5,894.21","13,192.97","1,928.39","77,220.26"
08/26/2025 17:00,"21,413.26","2,678.89","8,019.46","2,127.29","21,879.06","5,941.62","13,461.12","1,952.42","77,473.13"
08/26/2025 18:00,"21,036.33","2,710.32","7,973.61","2,139.84","21,915.38","5,973.78","13,493.22","1,947.29","77,189.78"
08/26/2025 19:00,"20,439.88","2,658.49","7,911.41","2,122.85","21,486.14","5,844.23","13,461.22","1,921.87","75,846.10"
08/26/2025 20:00,"19,717.68","2,553.73","7,901.16","2,087.34","20,452.71","5,793.08","13,015.51","1,863.49","73,384.71"
08/26/2025 21:00,"19,254.16","2,445.69","7,856.55","2,051.69","19,757.38","5,732.52","12,478.25","1,811.17","71,387.40"
08/26/2025 22:00,"18,477.50","2,297.41","7,798.22","1,980.29","18,719.73","5,422.38","12,006.54","1,734.76","68,436.84"
08/26/2025 23:00,"17,482.21","2,135.12","7,956.93","1,896.50","17,241.25","5,203.86","11,194.06","1,634.48","64,744.39"
08/26/2025 24:00,"16,460.76","1,956.13","7,917.04","1,810.53","15,844.69","4,883.61","10,359.01","1,529.72","60,761.49"
08/27/2025 01:00,"15,702.15","1,816.81","7,757.55","1,730.92","14,680.58","4,607.61","9,590.15","1,414.11","57,299.88"
08/27/2025 02:00,"15,075.04","1,721.96","7,712.05","1,695.48","13,819.94","4,372.77","9,061.70","1,357.41","54,816.36"
08/27/2025 03:00,"14,627.43","1,629.17","7,688.20","1,674.06","13,219.51","4,250.50","8,689.77","1,309.12","53,087.76"
08/27/2025 04:00,"14,461.91","1,596.68","7,697.06","1,666.25","12,958.51","4,161.40","8,504.85","1,278.81","52,325.48"
08/27/2025 05:00,"14,528.70","1,590.30","7,736.40","1,676.31","12,919.54","4,122.85","8,449.47","1,261.83","52,285.41"
08/27/2025 06:00,"14,776.49","1,621.39","7,744.01","1,708.40","13,333.76","4,238.52","8,597.33","1,259.42","53,279.32"
08/27/2025 07:00,"15,109.97","1,737.22","7,916.54","1,780.35","14,346.18","4,349.12","8,957.32","1,321.16","55,517.87"
08/27/2025 08:00,"14,999.44","1,746.01","7,884.84","1,790.54","14,451.27","4,348.64","9,028.58","1,334.06","55,583.39"
08/27/2025 09:00,"15,517.84","1,778.22","8,188.33","1,810.18","14,864.73","4,503.56","9,285.20","1,360.31","57,308.36"
08/27/2025 10:00,"16,462.53","1,867.42","8,176.99","1,859.83","15,792.75","4,786.64","9,824.74","1,429.34","60,200.24"
08/27/2025 11:00,"17,427.12","2,045.19","8,303.00","1,936.77","16,863.38","5,197.71","10,460.09","1,511.00","63,744.25"
08/27/2025 12:00,"18,626.02","2,180.64","8,437.48","2,013.68","18,202.55","5,538.54","11,120.27","1,597.61","67,716.79"
08/27/2025 13:00,"19,312.32","2,343.82","8,464.24","2,115.94","19,724.17","5,744.04","11,748.54","1,677.54","71,130.60"
08/27/2025 14:00,"19,481.08","2,512.82","8,405.65","2,218.72","21,355.45","6,000.29","12,406.46","1,752.65","74,133.12"
08/27/2025 15:00,"19,402.84","2,612.18","8,398.62","2,300.13","22,808.89","6,205.20","12,992.14","1,840.75","76,560.73"
08/27/2025 16:00,"19,787.42","2,686.45","8,444.62","2,374.50","23,854.03","6,236.84","13,140.71","1,879.20","78,403.77"
08/27/2025 17:00,"20,004.86","2,676.17","8,396.26","2,436.24","24,461.62","6,212.21","13,338.19","1,898.10","79,423.66"
08/27/2025 18:00,"20,144.22","2,664.04","8,245.49","2,455.49","24,726.75","6,175.39","13,370.72","1,894.49","79,676.58"
08/27/2025 19:00,"19,617.40","2,625.66","8,201.19","2,423.28","24,240.60","6,046.99","13,272.50","1,853.56","78,281.17"
08/27/2025 20:00,"18,944.89","2,555.78","7,893.55","2,326.27","23,208.13","6,009.38","12,858.17","1,795.15","75,591.33"
08/27/2025 21:00,"18,641.30","2,492.73","7,843.13","2,272.11","22,518.31","5,842.05","12,476.74","1,757.77","73,844.14"
08/27/2025 22:00,"17,928.85","2,333.12","7,776.33","2,180.04","21,409.77","5,636.55","12,194.87","1,689.74","71,149.27"
08/27/2025 23:00,"17,012.88","2,210.99","7,883.47","2,037.14","19,942.32","5,342.53","11,473.66","1,590.97","67,493.96"
08/27/2025 24:00,"16,108.64","2,018.60","7,877.79","1,966.87","18,428.88","5,003.57","10,655.34","1,501.62","63,561.31"
08/28/2025 01:00,"15,342.92","1,915.09","7,768.24","1,887.43","17,193.87","4,710.72","9,930.58","1,474.32","60,223.18"
08/28/2025 02:00,"14,751.66","1,825.57","7,707.56","1,837.75","16,306.67","4,516.67","9,392.76","1,428.22","57,766.85"
08/28/2025 03:00,"14,331.34","1,750.86","7,697.91","1,797.97","15,631.51","4,253.75","9,009.26","1,398.06","55,870.66"
08/28/2025 04:00,"14,153.30","1,711.48","7,672.53","1,764.11","15,234.14","4,138.70","8,798.19","1,356.77","54,829.22"
08/28/2025 05:00,"14,223.39","1,712.85","7,622.55","1,748.97","15,217.28","4,096.03","8,791.80","1,353.67","54,766.53"
08/28/2025 06:00,"14,605.89","1,747.65","7,700.06","1,779.85","15,660.76","4,149.76","8,968.39","1,364.27","55,976.63"
08/28/2025 07:00,"15,055.59","1,837.11","7,667.77","1,840.97","16,359.49","4,317.35","9,323.21","1,409.21","57,810.70"
08/28/2025 08:00,"15,140.10","1,859.78","7,672.35","1,865.67","16,515.14","4,262.87","9,356.36","1,413.98","58,086.26"
08/28/2025 09:00,"15,958.53","1,930.13","7,979.23","1,902.30","16,993.12","4,314.68","9,721.44","1,447.29","60,246.71"
08/28/2025 10:00,"17,263.55","2,111.16","8,091.85","1,989.98","18,144.60","4,681.05","10,342.19","1,528.87","64,153.25"
08/28/2025 11:00,"18,324.42","2,273.63","8,224.25","2,098.49","19,487.32","5,131.34","11,032.80","1,624.68","68,196.94"
08/28/2025 12:00,"19,351.01","2,434.09","8,350.38","2,214.19","20,972.78","5,546.62","11,732.17","1,729.75","72,331.00"
08/28/2025 13:00,"20,315.03","2,601.78","8,477.96","2,359.63","22,438.19","5,734.02","12,438.83","1,818.45","76,183.90"
08/28/2025 14:00,"21,134.31","2,714.72","8,579.67","2,495.02","23,894.66","6,029.79","13,128.51","1,926.93","79,903.61"
08/28/2025 15:00,"21,891.95","2,854.19","8,218.86","2,427.72","25,373.47","6,300.99","13,469.79","2,016.59","82,553.58"
08/28/2025 16:00,"22,221.87","2,892.67","7,738.53","1,941.91","25,945.83","6,402.82","13,652.50","2,062.85","82,858.99"
08/28/2025 17:00,"22,369.19","2,962.99","7,533.50","1,763.44","26,025.23","6,394.44","13,761.57","2,096.91","82,907.27"
08/28/2025 18:00,"22,069.76","2,917.00","7,540.15","1,720.63","24,908.25","6,394.41","14,149.27","2,093.93","81,793.39"
08/28/2025 19:00,"21,293.56","2,809.59","7,773.76","2,067.23","23,211.16","6,439.77","14,316.72","2,076.33","79,988.13"
08/28/2025 20:00,"20,503.99","2,669.56","7,761.57","2,224.94","21,482.48","6,249.92","14,149.80","2,010.63","77,052.88"
08/28/2025 21:00,"19,999.43","2,547.02","7,910.41","2,174.48","20,494.13","6,116.52","13,809.65","1,943.72","74,995.35"
08/28/2025 22:00,"19,242.21","2,404.33","7,886.14","2,080.94","19,563.05","5,910.14","13,196.59","1,845.23","72,128.63"
08/28/2025 23:00,"18,235.41","2,227.51","7,825.48","1,984.81","18,280.98","5,570.46","12,398.87","1,727.09","68,250.61"
08/28/2025 24:00,"17,226.85","2,099.73","7,902.19","1,931.56","16,849.99","5,206.32","11,505.02","1,623.72","64,345.39"
08/29/2025 01:00,"16,441.06","1,917.04","8,023.80","1,852.61","15,653.97","4,931.73","10,447.23","1,512.57","60,780.01"
08/29/2025 02:00,"15,836.61","1,819.17","7,967.32","1,817.66","14,828.01","4,731.48","9,867.72","1,434.50","58,302.48"
08/29/2025 03:00,"15,408.15","1,765.76","7,933.21","1,792.34","14,229.40","4,574.13","9,390.25","1,387.43","56,480.66"
08/29/2025 04:00,"15,143.16","1,715.51","8,027.41","1,773.59","13,787.99","4,382.17","9,090.97","1,362.48","55,283.28"
08/29/2025 05:00,"15,230.38","1,704.80","8,013.28","1,297.00","13,858.38","4,380.18","8,981.04","1,344.25","54,809.31"
08/29/2025 06:00,"15,533.37","1,761.46","7,992.82","1,202.64","14,192.49","4,419.11","9,035.96","1,346.91","55,484.76"
08/29/2025 07:00,"15,838.82","1,796.76","7,809.16","1,243.47","14,845.02","4,564.27","9,259.37","1,393.47","56,750.35"
08/29/2025 08:00,"15,786.56","1,783.85","7,882.35","1,254.52","15,116.13","4,562.62","9,325.94","1,401.22","57,113.18"
08/29/2025 09:00,"16,635.80","1,829.29","8,235.97","1,274.84","15,367.54","4,667.69","9,712.22","1,432.87","59,156.23"
08/29/2025 10:00,"17,940.07","1,949.76","8,315.03","1,303.40","15,831.34","4,953.52","10,322.40","1,510.14","62,125.67"
08/29/2025 11:00,"18,925.34","2,035.53","8,381.65","1,326.52","16,122.99","5,356.49","11,025.24","1,586.15","64,759.90"
08/29/2025 12:00,"20,028.96","2,083.99","8,581.55","1,364.43","16,510.39","5,605.26","11,871.33","1,691.20","67,737.11"
08/29/2025 13:00,"20,995.59","2,152.82","8,704.43","1,400.99","16,975.96","5,904.31","12,757.14","1,798.45","70,689.70"
08/29/2025 14:00,"21,964.59","2,220.79","8,702.54","1,442.97","17,370.49","6,355.47","13,551.08","1,894.45","73,502.39"
08/29/2025 15:00,"22,687.11","2,269.43","8,596.73","1,494.37","17,833.08","6,600.72","14,187.25","1,964.61","75,633.30"
08/29/2025 16:00,"22,465.88","2,286.76","8,628.40","1,487.54","18,376.77","6,714.59","14,473.84","2,007.13","76,440.91"
08/29/2025 17:00,"21,452.55","2,376.65","8,526.94","1,493.97","18,839.49","6,750.98","14,432.06","2,017.78","75,890.43"
08/29/2025 18:00,"20,695.01","2,415.49","8,425.09","1,478.76","18,918.08","6,673.14","14,378.32","1,996.95","74,980.85"
08/29/2025 19:00,"19,958.98","2,366.71","8,299.01","1,487.48","18,565.23","6,453.12","14,095.53","1,943.49","73,169.54"
08/29/2025 20:00,"19,538.60","2,310.11","7,950.10","1,417.93","18,124.65","6,192.52","13,444.01","1,870.31","70,848.24"
08/29/2025 21:00,"19,253.06","2,233.21","7,784.78","1,395.70","17,844.94","6,034.73","12,810.29","1,808.51","69,165.21"
08/29/2025 22:00,"18,784.33","2,134.56","7,754.96","1,333.98","17,323.24","5,834.55","12,326.38","1,723.81","67,215.81"
08/29/2025 23:00,"17,981.00","2,010.41","7,823.22","1,287.93","16,408.55","5,614.68","11,580.85","1,629.82","64,336.46"
08/29/2025 24:00,"17,145.02","1,908.68","7,871.38","1,217.21","15,474.78","5,341.94","10,851.15","1,539.25","61,349.41"
08/30/2025 01:00,"16,284.92","1,778.03","7,927.95","1,145.31","14,550.97","5,014.69","10,161.72","1,467.49","58,331.09"
08/30/2025 02:00,"15,471.58","1,689.96","7,897.75","1,405.59","13,706.04","4,813.00","9,568.64","1,399.87","55,952.43"
08/30/2025 03:00,"14,885.36","1,622.00","7,844.47","1,540.61","13,191.99","4,438.85","9,138.38","1,353.74","54,015.38"
08/30/2025 04:00,"14,509.92","1,599.64","7,841.87","1,497.27","12,877.16","4,294.52","8,772.23","1,319.80","52,712.40"
08/30/2025 05:00,"14,251.17","1,571.20","7,722.45","1,550.15","12,676.64","4,250.26","8,524.76","1,292.81","51,839.44"
08/30/2025 06:00,"14,181.82","1,577.93","7,474.05","1,563.96","12,746.26","4,272.13","8,397.72","1,233.92","51,447.78"
08/30/2025 07:00,"14,227.04","1,572.80","7,522.38","1,569.32","12,889.10","4,304.97","8,412.08","1,217.30","51,714.98"
08/30/2025 08:00,"14,238.64","1,610.98","7,547.40","1,604.97","13,047.52","4,211.86","8,445.87","1,226.93","51,934.16"
08/30/2025 09:00,"15,108.01","1,671.08","7,577.05","1,691.91","13,624.18","4,398.83","8,934.98","1,266.02","54,272.06"
08/30/2025 10:00,"16,422.64","1,771.79","7,768.90","1,724.14","14,312.98","4,792.16","9,675.41","1,347.38","57,815.41"
08/30/2025 11:00,"17,653.02","1,884.35","7,915.57","1,779.29","14,808.65","5,200.28","10,512.05","1,454.61","61,207.82"
08/30/2025 12:00,"18,849.61","1,957.54","8,132.14","1,816.13","15,061.73","5,590.89","11,336.94","1,572.82","64,317.80"
08/30/2025 13:00,"19,757.05","2,009.39","8,295.13","1,878.98","15,160.13","5,883.52","12,143.64","1,699.16","66,826.99"
08/30/2025 14:00,"20,356.14","2,044.66","8,382.05","1,934.22","15,176.49","6,191.30","12,824.78","1,784.21","68,693.86"
08/30/2025 15:00,"20,609.17","2,030.06","8,489.40","2,008.47","15,501.53","6,425.32","13,334.20","1,848.03","70,246.18"
08/30/2025 16:00,"20,641.07","2,036.05","8,501.12","2,049.54","15,711.29","6,538.64","13,916.21","1,892.01","71,285.93"
08/30/2025 17:00,"20,047.28","1,985.06","8,437.80","2,058.43","16,065.73","6,600.20","14,272.35","1,912.14","71,379.00"
08/30/2025 18:00,"19,067.99","1,944.22","8,253.23","2,019.12","16,280.21","6,577.79","14,250.44","1,920.24","70,313.25"
08/30/2025 19:00,"18,275.86","1,891.43","8,117.83","1,965.54","16,270.40","6,445.16","13,818.32","1,884.80","68,669.34"
08/30/2025 20:00,"17,798.34","1,880.73","7,930.91","1,971.74","16,091.85","6,309.23","13,202.08","1,814.68","66,999.56"
08/30/2025 21:00,"17,575.63","1,870.98","7,907.29","1,969.49","16,066.95","6,094.39","12,616.54","1,755.11","65,856.40"
08/30/2025 22:00,"17,073.72","1,843.85","7,945.74","1,924.92","15,682.76","5,830.59","11,901.21","1,669.74","63,872.54"
08/30/2025 23:00,"16,374.30","1,776.65","7,913.10","1,854.94","15,021.42","5,521.88","11,222.06","1,577.47","61,261.84"
08/30/2025 24:00,"15,625.91","1,671.27","7,928.55","1,791.00","14,235.54","5,211.82","10,548.82","1,493.03","58,505.94"
08/31/2025 01:00,"14,946.39","1,601.13","7,718.73","1,737.36","13,473.79","4,943.98","9,923.85","1,420.88","55,766.10"
08/31/2025 02:00,"14,389.07","1,527.22","7,590.58","1,705.04","12,906.94","4,728.90","9,431.74","1,345.21","53,624.70"
08/31/2025 03:00,"13,920.39","1,494.60","7,696.77","1,685.77","12,455.99","4,531.82","9,028.89","1,307.43","52,121.66"
08/31/2025 04:00,"13,621.74","1,439.32","7,585.43","1,674.39","12,091.36","4,321.79","8,734.41","1,279.24","50,747.69"
08/31/2025 05:00,"13,433.97","1,423.34","7,539.20","1,669.54","11,938.29","4,268.93","8,543.26","1,280.09","50,096.62"
08/31/2025 06:00,"13,394.92","1,400.62","7,480.41","1,670.34","11,939.23","4,086.29","8,409.09","1,299.49","49,680.37"
08/31/2025 07:00,"13,364.51","1,429.92","7,373.84","1,641.34","12,120.96","4,168.11","8,382.93","1,310.50","49,792.12"
08/31/2025 08:00,"13,375.86","1,430.73","7,265.84","1,664.68","12,268.90","4,151.56","8,405.26","1,300.06","49,862.88"
08/31/2025 09:00,"14,089.92","1,514.32","7,673.63","1,716.90","12,929.38","4,191.40","8,783.83","1,327.39","52,226.76"
08/31/2025 10:00,"14,985.87","1,593.11","8,015.08","1,785.55","13,730.51","4,591.02","9,359.69","1,395.29","55,456.13"
08/31/2025 11:00,"15,845.93","1,625.63","8,000.72","1,817.83","14,543.28","4,959.08","9,943.67","1,459.19","58,195.34"
08/31/2025 12:00,"16,721.39","1,700.48","8,082.44","1,851.31","15,122.55","5,388.89","10,526.12","1,530.44","60,923.63"
08/31/2025 13:00,"17,184.14","1,761.23","8,213.18","1,941.56","15,979.15","5,796.64","10,930.08","1,607.61","63,413.57"
08/31/2025 14:00,"16,709.88","1,807.42","8,293.42","2,008.10","16,907.24","6,063.25","11,317.40","1,661.54","64,768.25"
08/31/2025 15:00,"15,958.27","1,903.55","8,272.72","2,077.83","17,906.64","6,255.39","11,734.95","1,699.16","65,808.51"
08/31/2025 16:00,"15,497.84","1,982.44","8,187.09","2,123.52","18,388.42","6,336.61","11,989.13","1,706.25","66,211.30"
08/31/2025 17:00,"15,433.41","2,031.59","8,097.28","2,146.43","18,479.23","6,425.97","12,197.01","1,677.61","66,488.52"
08/31/2025 18:00,"15,462.62","2,048.23","8,041.99","2,138.12","18,515.75","6,418.87","12,049.00","1,632.99","66,307.56"
08/31/2025 19:00,"15,488.85","2,032.91","8,016.84","2,123.88","18,210.05","6,322.16","11,366.05","1,580.09","65,140.84"
08/31/2025 20:00,"15,522.86","1,896.36","7,859.25","2,082.94","17,651.11","6,104.23","10,703.78","1,525.04","63,345.56"
08/31/2025 21:00,"15,559.39","1,859.67","7,912.58","2,040.86","17,216.66","5,920.14","10,309.14","1,509.38","62,327.81"
08/31/2025 22:00,"15,438.36","1,802.58","7,958.46","1,996.34","16,654.74","5,685.23","9,955.51","1,465.44","60,956.66"
08/31/2025 23:00,"14,970.36","1,708.97","7,883.05","1,924.97","15,750.74","5,397.54","9,531.39","1,413.04","58,580.06"
08/31/2025 24:00,"14,315.26","1,614.76","7,914.30","1,845.37","14,678.95","5,103.59","9,009.70","1,348.45","55,830.37"
09/01/2025 01:00,"13,588.80","1,535.10","7,848.50","1,783.84","13,734.00","4,790.23","8,507.08","1,296.08","53,083.63"
09/01/2025 02:00,"13,233.48","1,463.46","7,739.32","1,737.70","13,068.08","4,560.91","8,086.79","1,242.81","51,132.54"
09/01/2025 03:00,"12,997.74","1,446.81","7,834.52","1,698.83","12,639.43","4,385.30","7,772.59","1,214.03","49,989.25"
09/01/2025 04:00,"12,961.76","1,433.28","7,810.14","1,666.17","12,379.04","4,237.79","7,566.04","1,200.27","49,254.50"
09/01/2025 05:00,"12,963.09","1,405.23","7,751.94","1,673.72","12,266.23","4,239.30","7,469.85","1,185.52","48,954.87"
09/01/2025 06:00,"13,104.99","1,418.39","7,610.20","1,678.78","12,417.53","4,138.31","7,496.99","1,193.18","49,058.35"
09/01/2025 07:00,"13,191.47","1,445.85","7,511.05","1,685.77","12,563.59","4,257.78","7,569.70","1,197.02","49,422.23"
09/01/2025 08:00,"13,328.08","1,465.24","7,530.35","1,676.81","12,609.43","4,249.49","7,607.31","1,189.38","49,656.08"
09/01/2025 09:00,"14,006.89","1,554.18","7,831.07","1,712.78","13,250.13","4,226.59","7,981.35","1,209.74","51,772.74"
09/01/2025 10:00,"14,887.62","1,708.44","8,041.22","1,801.12","14,302.79","4,560.23","8,587.00","1,288.05","55,176.47"
09/01/2025 11:00,"15,966.69","1,863.63","8,182.40","1,866.61","15,557.78","4,955.93","9,290.52","1,368.26","59,051.81"
09/01/2025 12:00,"17,276.40","2,021.07","8,169.81","1,938.62","16,797.78","5,385.33","10,008.23","1,454.26","63,051.50"
09/01/2025 13:00,"18,072.18","2,137.20","8,199.56","1,984.92","17,970.57","5,761.43","10,726.91","1,537.37","66,390.14"
09/01/2025 14:00,"18,468.83","2,227.39","8,169.37","2,061.90","19,086.78","6,028.00","11,328.66","1,610.21","68,981.14"
09/01/2025 15:00,"18,623.71","2,320.53","8,135.36","2,117.93","20,055.85","6,125.26","11,673.78","1,670.26","70,722.68"
09/01/2025 16:00,"18,996.54","2,412.60","8,067.76","2,165.55","20,382.08","6,207.82","11,812.10","1,713.29","71,757.75"
09/01/2025 17:00,"19,248.62","2,440.75","7,951.51","2,194.18","20,068.77","6,247.87","11,978.32","1,732.90","71,862.92"
09/01/2025 18:00,"19,233.33","2,409.76","7,930.72","2,213.70","20,046.97","6,190.34","11,958.91","1,758.96","71,742.70"
09/01/2025 19:00,"18,439.06","2,376.14","8,101.65","2,226.75","19,808.94","6,094.55","11,832.43","1,751.19","70,630.71"
09/01/2025 20:00,"17,652.62","2,275.49","8,071.57","2,202.17","18,986.52","5,971.94","11,626.02","1,687.49","68,473.82"
09/01/2025 21:00,"17,288.62","2,192.82","8,062.39","2,144.57","18,314.67","5,832.06","11,353.76","1,628.59","66,817.49"
09/01/2025 22:00,"16,898.25","2,095.59","8,015.08","2,053.59","17,463.04","5,615.28","10,921.56","1,551.47","64,613.88"
09/01/2025 23:00,"15,982.75","1,912.14","7,874.02","1,946.19","16,047.25","5,290.18","10,173.37","1,449.85","60,675.75"
09/01/2025 24:00,"15,064.41","1,767.88","7,763.90","1,841.19","14,606.12","4,963.94","9,362.75","1,350.62","56,720.82"
09/02/2025 01:00,"14,535.26","1,656.92","7,677.49","1,774.08","13,620.79","4,498.87","8,692.63","1,284.64","53,740.68"
09/02/2025 02:00,"14,065.53","1,538.20","7,624.87","1,733.13","12,839.43","4,311.30","8,212.92","1,234.71","51,560.09"
09/02/2025 03:00,"13,781.97","1,512.56","7,586.22","1,693.83","12,332.27","4,178.60","7,872.74","1,196.46","50,154.66"
09/02/2025 04:00,"13,686.60","1,467.49","7,514.55","1,676.86","12,098.08","4,053.34","7,666.08","1,171.76","49,334.76"
09/02/2025 05:00,"13,796.22","1,474.11","7,605.33","1,670.69","12,155.71","3,998.63","7,636.32","1,169.65","49,506.66"
09/02/2025 06:00,"14,211.14","1,545.92","7,575.79","1,698.05","12,636.96","4,079.16","7,821.68","1,182.51","50,751.20"
09/02/2025 07:00,"14,648.83","1,645.46","7,750.24","1,745.53","13,524.21","4,298.77","8,233.59","1,237.72","53,084.35"
09/02/2025 08:00,"14,704.48","1,656.97","7,639.64","1,749.79","13,840.12","4,263.12","8,370.51","1,258.13","53,482.75"
09/02/2025 09:00,"15,543.76","1,759.70","7,997.13","1,817.01","14,584.04","4,335.38","8,682.21","1,299.15","56,018.37"
09/02/2025 10:00,"16,407.57","1,883.97","8,161.04","1,900.69","15,630.19","4,674.73","9,273.40","1,377.66","59,309.25"
09/02/2025 11:00,"17,459.28","2,052.47","8,278.24","1,984.45","16,849.18","5,123.85","10,059.12","1,472.43","63,279.01"
09/02/2025 12:00,"18,577.34","2,219.42","8,362.08","2,076.22","18,210.73","5,499.62","10,802.94","1,553.80","67,302.15"
09/02/2025 13:00,"19,513.24","2,372.73","8,302.51","2,136.58","19,520.13","5,773.18","11,480.40","1,649.05","70,747.80"
09/02/2025 14:00,"20,239.46","2,487.85","8,115.08","2,178.77","20,622.06","5,979.85","12,123.11","1,720.92","73,467.09"
09/02/2025 15:00,"20,574.03","2,562.02","7,953.04","2,213.17","21,237.20","6,086.71","12,708.83","1,783.77","75,118.76"
09/02/2025 16:00,"20,764.22","2,555.33","7,643.71","2,237.79","21,621.72","6,085.37","13,062.19","1,823.50","75,793.83"
09/02/2025 17:00,"20,817.30","2,570.86","7,385.66","2,265.35","21,878.98","5,958.43","13,313.83","1,846.43","76,036.82"
09/02/2025 18:00,"20,711.39","2,556.23","7,434.21","2,265.47","21,897.61","5,800.42","13,446.65","1,853.08","75,965.07"
09/02/2025 19:00,"20,167.63","2,500.30","7,492.79","2,252.06","21,579.30","5,778.11","13,424.08","1,845.58","75,039.86"
09/02/2025 20:00,"19,746.76","2,420.71","7,834.16","2,226.99","21,153.45","5,704.21","12,959.75","1,793.58","73,839.61"
09/02/2025 21:00,"19,139.76","2,338.86","7,747.86","2,158.15","20,349.44","5,604.14","12,351.41","1,719.82","71,409.44"
09/02/2025 22:00,"18,467.42","2,196.48","7,595.16","2,079.58","19,291.22","5,355.11","11,672.33","1,640.07","68,297.38"
09/02/2025 23:00,"17,366.05","2,009.37","7,745.23","1,980.21","17,739.45","5,112.05","10,757.67","1,535.88","64,245.91"
09/02/2025 24:00,"16,397.98","1,860.64","7,821.42","1,890.04","16,308.57","4,812.86","9,818.91","1,435.06","60,345.46"
09/03/2025 01:00,"15,565.04","1,724.73","7,827.88","1,795.51","15,052.57","4,437.15","9,145.03","1,345.05","56,892.95"
09/03/2025 02:00,"14,944.96","1,656.15","7,842.08","1,748.72","14,172.26","4,220.52","8,678.58","1,289.05","54,552.34"
09/03/2025 03:00,"14,483.12","1,603.75","7,815.86","1,712.39","13,463.74","4,065.48","8,357.99","1,244.09","52,746.42"
09/03/2025 04:00,"14,214.44","1,550.83","7,784.46","1,677.41","13,030.96","4,013.88","8,187.87","1,215.64","51,675.50"
09/03/2025 05:00,"14,247.46","1,556.99","7,761.59","1,676.66","13,000.69","3,912.10","8,169.97","1,197.37","51,522.84"
09/03/2025 06:00,"14,581.04","1,624.66","7,788.59","1,691.53","13,406.59","3,963.79","8,350.33","1,208.21","52,614.75"
09/03/2025 07:00,"14,962.71","1,721.95","7,817.38","1,730.76","14,096.19","4,188.00","8,691.16","1,260.84","54,469.00"
09/03/2025 08:00,"14,930.66","1,735.69","7,630.12","1,713.11","14,166.40","4,200.63","8,761.83","1,279.10","54,417.55"
09/03/2025 09:00,"15,744.96","1,816.35","8,000.33","1,738.97","14,778.99","4,221.94","8,982.87","1,316.94","56,601.34"
09/03/2025 10:00,"16,990.61","1,935.06","8,113.49","1,825.53","15,608.50","4,579.94","9,516.77","1,392.50","59,962.40"
09/03/2025 11:00,"18,159.27","2,069.46","8,178.96","1,906.38","16,490.96","5,029.67","10,294.71","1,475.63","63,605.04"
09/03/2025 12:00,"19,153.76","2,194.09","8,286.17","2,003.34","17,367.97","5,460.45","11,128.94","1,535.94","67,130.67"
09/03/2025 13:00,"20,152.49","2,313.68","8,416.61","2,100.86","18,461.06","5,799.15","12,026.89","1,621.07","70,891.81"
09/03/2025 14:00,"20,971.49","2,469.97","8,486.03","2,195.27","19,485.44","6,108.49","12,631.15","1,715.16","74,063.00"
09/03/2025 15:00,"21,489.34","2,508.37","8,066.41","2,203.01","20,270.00","6,258.97","13,082.41","1,785.48","75,663.99"
09/03/2025 16:00,"21,398.21","2,466.65","7,533.78","2,213.68","20,621.24","6,260.90","13,261.36","1,818.42","75,574.23"
09/03/2025 17:00,"21,439.22","2,478.74","7,449.59","2,263.01","20,919.94","6,279.74","13,405.91","1,859.72","76,095.88"
09/03/2025 18:00,"21,100.72","2,470.19","7,302.90","2,265.74","20,989.22","6,195.33","13,628.01","1,863.32","75,815.43"
09/03/2025 19:00,"20,645.51","2,412.07","7,687.89","2,252.89","20,754.97","6,191.52","13,565.11","1,860.50","75,370.45"
09/03/2025 20:00,"20,095.74","2,312.90","7,914.43","2,208.50","19,824.83","6,003.29","13,003.88","1,785.24","73,148.82"
09/03/2025 21:00,"19,512.27","2,243.15","7,962.95","2,108.85","19,110.72","5,776.81","12,348.16","1,699.86","70,762.76"
09/03/2025 22:00,"18,698.99","2,090.94","7,967.55","2,024.35","18,073.32","5,656.37","11,514.64","1,611.02","67,637.18"
09/03/2025 23:00,"17,586.15","1,924.05","7,957.50","1,898.82","16,468.26","5,363.75","10,496.50","1,491.25","63,186.28"
09/03/2025 24:00,"16,512.67","1,758.51","7,803.08","1,817.15","14,924.77","4,962.86","9,482.48","1,496.81","58,758.33"
09/04/2025 01:00,"15,565.82","1,623.10","7,575.44","1,754.63","13,663.11","4,638.60","8,662.38","1,325.14","54,808.22"
09/04/2025 02:00,"14,855.79","1,530.18","7,583.02","1,693.77","12,775.10","4,444.12","8,072.11","1,323.89","52,277.98"
09/04/2025 03:00,"14,354.85","1,460.71","7,551.40","1,659.68","12,211.34","4,263.26","7,634.84","1,247.95","50,384.03"
09/04/2025 04:00,"14,070.44","1,407.56","7,560.03","1,635.95","11,877.65","4,164.85","7,366.90","1,157.80","49,241.18"
09/04/2025 05:00,"14,096.16","1,427.22","7,563.62","1,633.29","11,907.68","4,070.02","7,332.21","1,158.60","49,188.80"
09/04/2025 06:00,"14,358.41","1,476.60","7,627.58","1,692.81","12,357.63","4,187.80","7,464.26","1,177.60","50,342.69"
09/04/2025 07:00,"14,665.29","1,574.32","7,614.80","1,773.46","13,189.68","4,310.30","7,828.91","1,219.37","52,176.12"
09/04/2025 08:00,"14,650.54","1,583.42","7,665.63","1,790.05","13,475.41","4,282.46","7,930.06","1,226.78","52,604.34"
09/04/2025 09:00,"15,523.74","1,674.48","7,767.72","1,836.89","14,048.61","4,353.01","8,217.60","1,248.20","54,670.25"
09/04/2025 10:00,"16,737.66","1,802.02","7,905.23","1,925.54","15,094.93","4,682.82","8,898.68","1,314.77","58,361.64"
09/04/2025 11:00,"17,932.45","1,969.99","8,049.18","2,020.34","16,380.97","5,112.68","9,836.75","1,411.44","62,713.79"
09/04/2025 12:00,"19,027.40","2,136.61","8,186.83","2,118.64","17,834.32","5,542.35","10,773.11","1,534.51","67,153.77"
09/04/2025 13:00,"20,163.02","2,334.64","8,332.15","2,240.91","19,699.22","5,837.99","11,756.49","1,665.84","72,030.26"
09/04/2025 14:00,"20,889.45","2,474.18","8,103.99","2,310.15","21,352.28","6,094.85","12,565.17","1,762.93","75,553.00"
09/04/2025 15:00,"21,115.33","2,536.08","7,368.18","2,218.77","22,198.90","6,334.67","13,192.04","1,821.22","76,785.19"
09/04/2025 16:00,"21,505.52","2,583.54","7,166.73","1,879.37","23,282.44","6,448.44","13,537.56","1,896.30","78,299.91"
09/04/2025 17:00,"21,749.85","2,636.30","7,074.90","1,803.34","24,091.69","6,547.39","13,683.70","1,932.32","79,519.50"
09/04/2025 18:00,"21,682.38","2,631.82","7,042.07","1,799.45","24,233.09","6,521.43","14,066.00","1,941.28","79,917.52"
09/04/2025 19:00,"21,093.69","2,562.55","7,139.89","2,137.68","23,771.47","6,390.93","14,214.48","1,933.02","79,243.71"
09/04/2025 20:00,"20,542.11","2,487.16","7,186.47","2,307.14","22,756.50","6,321.46","13,526.45","1,887.25","77,014.56"
09/04/2025 21:00,"20,044.25","2,390.86","7,435.16","2,243.21","21,982.34","6,175.11","12,801.60","1,811.52","74,884.05"
09/04/2025 22:00,"19,399.81","2,239.49","7,648.73","2,140.54","20,716.53","5,936.34","12,095.74","1,713.79","71,890.98"
09/04/2025 23:00,"18,398.87","2,074.40","7,738.65","2,032.37","19,063.54","5,582.47","11,289.77","1,600.34","67,780.40"
09/04/2025 24:00,"17,354.42","1,910.29","7,769.64","1,966.38","17,372.15","5,240.21","10,477.90","1,498.95","63,589.94"
09/05/2025 01:00,"16,465.42","1,790.43","7,789.82","1,875.86","16,038.34","4,871.80","9,758.67","1,368.98","59,959.32"
09/05/2025 02:00,"15,749.83","1,687.80","7,792.63","1,815.23","15,001.88","4,705.05","9,237.43","1,317.77","57,307.62"
09/05/2025 03:00,"15,219.23","1,626.93","7,677.51","1,767.05","14,259.80","4,548.09","8,857.19","1,280.55","55,236.35"
09/05/2025 04:00,"14,913.88","1,590.22","7,635.31","1,734.01","13,869.09","4,419.06","8,608.42","1,248.72","54,018.72"
09/05/2025 05:00,"15,077.42","1,603.72","7,712.18","1,262.64","13,931.13","4,305.97","8,560.72","1,250.35","53,704.13"
09/05/2025 06:00,"15,332.22","1,661.27","7,768.04","1,154.31","14,234.20","4,361.51","8,664.58","1,262.00","54,438.13"
09/05/2025 07:00,"15,708.81","1,757.32","7,925.10","1,202.04","14,904.41","4,405.55","8,960.75","1,318.58","56,182.57"
09/05/2025 08:00,"15,696.50","1,785.61","7,902.23","1,229.11","15,044.94","4,420.71","9,069.69","1,334.26","56,483.05"
09/05/2025 09:00,"16,432.11","1,871.26","7,927.97","1,268.57","15,426.66","4,573.17","9,367.36","1,345.10","58,212.20"
09/05/2025 10:00,"17,665.87","2,023.07","8,129.18","1,308.22","16,427.22","4,886.13","9,957.80","1,414.83","61,812.33"
09/05/2025 11:00,"18,794.82","2,186.73","8,172.05","1,367.58","17,573.79","5,180.34","10,690.03","1,501.24","65,466.60"
09/05/2025 12:00,"19,704.34","2,351.10","8,040.63","1,436.33","18,663.68","5,511.04","11,381.96","1,591.09","68,680.17"
09/05/2025 13:00,"20,609.66","2,496.50","8,024.48","1,479.71","20,246.46","5,936.54","12,172.12","1,682.03","72,647.50"
09/05/2025 14:00,"21,502.75","2,644.43","8,039.67","1,555.78","21,844.88","6,290.18","12,875.84","1,765.78","76,519.32"
09/05/2025 15:00,"21,738.48","2,718.33","7,652.16","1,585.33","22,801.63","6,371.55","13,477.65","1,804.90","78,150.03"
09/05/2025 16:00,"21,802.20","2,754.60","7,440.33","1,518.47","23,430.48","6,453.57","13,787.28","1,799.21","78,986.15"
09/05/2025 17:00,"21,778.25","2,727.80","7,182.71","1,471.65","23,672.70","6,417.14","13,881.50","1,742.79","78,874.54"
09/05/2025 18:00,"21,603.54","2,695.09","7,211.71","1,474.99","23,266.81","6,420.56","14,013.18","1,677.78","78,363.66"
09/05/2025 19:00,"20,935.72","2,609.45","7,517.53","1,456.80","22,328.71","6,325.25","14,101.85","1,628.40","76,903.72"
09/05/2025 20:00,"20,294.88","2,524.97","7,476.11","1,348.13","21,030.85","6,149.57","13,549.27","1,603.29","73,977.06"
09/05/2025 21:00,"19,790.38","2,449.16","7,597.46","1,266.33","20,009.63","6,073.30","12,996.01","1,582.22","71,764.49"
09/05/2025 22:00,"19,026.55","2,364.36","7,644.23","1,212.82","18,931.34","5,836.34","12,429.26","1,528.95","68,973.86"
09/05/2025 23:00,"17,996.97","2,226.80","7,690.51","1,149.55","17,524.54","5,589.49","11,754.52","1,458.64","65,391.04"
09/05/2025 24:00,"17,080.80","2,076.59","7,760.75","1,077.49","15,914.21","5,295.07","11,043.58","1,396.09","61,644.58"
09/06/2025 01:00,"16,287.38","1,920.97","7,979.56","1,024.10","14,566.09","5,078.31","10,356.45","1,333.95","58,546.81"
09/06/2025 02:00,"15,487.04","1,811.61","7,949.75","1,292.94","13,573.76","4,909.08","9,810.08","1,284.35","56,118.61"
09/06/2025 03:00,"14,797.63","1,709.23","7,777.41","1,469.31","12,790.03","4,543.24","9,359.76","1,239.97","53,686.58"
09/06/2025 04:00,"14,330.40","1,654.39","7,646.38","1,450.92","12,284.68","4,405.84","9,027.96","1,212.82","52,013.40"
09/06/2025 05:00,"14,016.79","1,575.16","7,798.40","1,474.01","11,967.55","4,366.23","8,774.90","1,200.32","51,173.36"
09/06/2025 06:00,"13,950.98","1,575.41","7,755.16","1,474.25","11,849.20","4,398.76","8,637.26","1,195.51","50,836.53"
09/06/2025 07:00,"14,029.39","1,523.85","7,646.11","1,492.29","11,845.35","4,444.54","8,659.92","1,194.86","50,836.30"
09/06/2025 08:00,"14,190.61","1,517.57","7,739.32","1,516.08","11,943.85","4,389.74","8,739.86","1,195.10","51,232.12"
09/06/2025 09:00,"14,896.49","1,593.06","7,725.01","1,594.50","12,295.08","4,538.76","8,942.56","1,216.61","52,802.07"
09/06/2025 10:00,"15,837.31","1,704.48","7,940.30","1,641.20","12,799.15","4,893.78","9,297.43","1,243.85","55,357.51"
09/06/2025 11:00,"16,856.76","1,763.04","8,020.01","1,675.64","13,177.18","5,250.81","9,742.87","1,277.40","57,763.72"
09/06/2025 12:00,"17,927.58","1,895.16","8,100.74","1,688.07","13,324.89","5,624.69","10,053.23","1,304.96","59,919.31"
09/06/2025 13:00,"18,884.18","2,000.75","8,232.55","1,700.48","13,338.74","5,848.31","10,286.61","1,340.78","61,632.39"
09/06/2025 14:00,"19,610.69","2,085.82","8,285.00","1,738.77","13,474.76","6,033.87","10,646.87","1,367.92","63,243.70"
09/06/2025 15:00,"20,154.15","2,138.36","8,324.34","1,793.71","13,776.99","6,174.86","10,852.40","1,402.01","64,616.83"
09/06/2025 16:00,"20,279.11","2,174.72","8,354.28","1,861.45","14,490.02","6,131.26","10,589.92","1,436.44","65,317.19"
09/06/2025 17:00,"20,004.68","2,148.36","8,344.45","1,921.66","15,367.41","6,127.27","10,250.93","1,450.73","65,615.48"
09/06/2025 18:00,"19,355.19","2,175.72","8,246.60","1,983.91","16,017.62","6,073.92","10,043.18","1,470.31","65,366.45"
09/06/2025 19:00,"18,480.62","2,141.69","8,156.55","1,983.35","16,077.96","5,945.75","9,908.88","1,451.18","64,145.98"
09/06/2025 20:00,"17,698.14","2,064.29","7,984.93","1,943.34","15,633.99","5,809.19","9,778.74","1,427.47","62,340.10"
09/06/2025 21:00,"17,257.16","2,013.89","7,919.08","1,918.24","15,381.25","5,641.40","9,690.02","1,425.06","61,246.09"
09/06/2025 22:00,"16,853.54","1,923.57","7,879.44","1,849.48","14,916.97","5,471.94","9,508.06","1,377.36","59,780.36"
09/06/2025 23:00,"16,145.53","1,765.17","7,870.64","1,810.87","14,142.03","5,243.04","9,035.57","1,314.01","57,326.86"
09/06/2025 24:00,"15,432.67","1,638.99","7,773.00","1,741.67","13,281.11","4,974.11","8,601.68","1,249.55","54,692.79"
09/07/2025 01:00,"14,708.87","1,545.47","7,807.55","1,689.67","12,538.64","4,726.84","8,135.98","1,206.79","52,359.82"
09/07/2025 02:00,"14,229.91","1,472.33","7,772.87","1,647.68","11,959.43","4,563.23","7,778.18","1,159.88","50,583.52"
09/07/2025 03:00,"13,805.01","1,436.92","7,866.07","1,614.55","11,497.98","4,404.00","7,487.62","1,127.94","49,240.09"
09/07/2025 04:00,"13,584.76","1,434.17","7,740.92","1,588.52","11,257.11","4,245.79","7,325.03","1,124.37","48,300.66"
09/07/2025 05:00,"13,375.73","1,393.39","7,584.83","1,582.21","11,101.50","4,196.40","7,239.03","1,133.23","47,606.32"
09/07/2025 06:00,"13,379.65","1,414.93","7,510.03","1,583.13","11,180.31","4,025.77","7,227.84","1,149.07","47,470.74"
09/07/2025 07:00,"13,326.27","1,403.20","7,470.31","1,588.54","11,336.14","4,089.71","7,322.28","1,161.61","47,698.06"
09/07/2025 08:00,"13,235.57","1,425.13","7,433.03","1,597.66","11,533.32","4,071.11","7,437.07","1,159.59","47,892.47"
09/07/2025 09:00,"13,720.81","1,494.50","7,761.05","1,629.96","12,125.13","3,952.45","7,717.79","1,175.69","49,577.39"
09/07/2025 10:00,"14,415.70","1,576.58","8,192.62","1,693.22","12,746.49","4,097.28","8,077.23","1,219.65","52,018.77"
09/07/2025 11:00,"14,781.04","1,640.90","8,297.67","1,719.64","13,278.42","4,282.05","8,368.90","1,265.60","53,634.22"
09/07/2025 12:00,"14,897.82","1,734.96","8,332.01","1,749.53","13,804.18","4,515.98","8,552.98","1,318.79","54,906.26"
09/07/2025 13:00,"14,887.08","1,852.90","8,397.66","1,824.71","14,474.08","4,716.97","8,673.32","1,367.30","56,194.01"
09/07/2025 14:00,"14,863.92","1,929.94","8,371.62","1,879.71","15,295.79","4,947.42","8,690.19","1,422.13","57,400.73"
09/07/2025 15:00,"15,025.60","2,038.11","8,340.65","1,950.37","16,215.69","5,224.73","8,700.86","1,459.75","58,955.77"
09/07/2025 16:00,"15,376.62","2,122.90","8,318.52","2,025.48","16,939.14","5,441.10","8,825.98","1,498.54","60,548.27"
09/07/2025 17:00,"15,679.68","2,156.43","8,301.27","2,071.12","17,420.94","5,584.30","9,016.32","1,538.19","61,768.25"
09/07/2025 18:00,"15,789.16","2,154.61","8,272.73","2,111.52","17,605.80","5,546.91","9,202.43","1,556.39","62,239.56"
09/07/2025 19:00,"15,707.34","2,117.03","8,259.13","2,084.35","17,315.01","5,378.83","9,322.19","1,548.85","61,732.73"
09/07/2025 20:00,"15,827.96","2,021.02","8,146.65","2,051.31","16,825.86","5,302.61","9,390.62","1,513.51","61,079.53"
09/07/2025 21:00,"15,903.08","1,991.27","8,018.71","2,007.34","16,454.51","5,259.59","9,449.57","1,503.48","60,587.55"
09/07/2025 22:00,"15,697.64","1,893.82","7,891.70","1,925.24","15,691.81","5,081.00","9,183.74","1,444.72","58,809.67"
09/07/2025 23:00,"15,173.72","1,748.60","7,727.00","1,838.54","14,518.52","4,839.23","8,664.43","1,359.26","55,869.29"
09/07/2025 24:00,"14,437.48","1,606.64","7,706.03","1,727.53","13,211.35","4,577.15","8,049.40","1,277.71","52,593.29"
09/08/2025 01:00,"13,798.12","1,472.10","7,675.86","1,617.78","12,170.56","4,329.07","7,537.53","1,238.02","49,839.04"
09/08/2025 02:00,"13,353.54","1,408.26","7,597.26","1,566.34","11,458.50","4,054.12","7,209.61","1,193.23","47,840.86"
09/08/2025 03:00,"12,934.39","1,348.52","7,642.30","1,586.07","10,961.66","3,874.33","7,003.87","1,187.29","46,538.42"
09/08/2025 04:00,"12,779.91","1,316.25","7,788.87","1,577.42","10,739.29","3,781.10","6,932.31","1,144.92","46,060.08"
09/08/2025 05:00,"12,876.81","1,323.83","7,739.32","1,582.46","10,827.30","3,788.58","6,951.31","1,135.99","46,225.60"
09/08/2025 06:00,"13,182.39","1,368.68","7,744.40","1,620.97","11,339.86","3,969.18","7,182.72","1,154.85","47,563.05"
09/08/2025 07:00,"13,541.11","1,419.40","7,772.64","1,666.66","12,232.39","4,029.09","7,665.64","1,213.46","49,540.39"
09/08/2025 08:00,"13,460.41","1,467.27","7,719.15","1,678.67","12,476.55","4,025.12","7,849.54","1,226.20","49,902.91"
09/08/2025 09:00,"13,933.88","1,528.36","7,904.89","1,722.30","12,906.03","4,075.41","8,007.43","1,233.07","51,311.37"
09/08/2025 10:00,"14,693.42","1,637.75","7,989.65","1,738.19","13,466.58","4,297.03","8,226.50","1,266.12","53,315.25"
09/08/2025 11:00,"15,482.36","1,745.80","8,014.41","1,800.90","14,160.26","4,575.92","8,543.03","1,313.83","55,636.50"
09/08/2025 12:00,"16,096.45","1,831.57","8,091.87","1,876.28","14,896.53","4,926.84","8,959.90","1,364.99","58,044.43"
09/08/2025 13:00,"16,877.32","1,946.83","8,133.15","1,935.97","15,724.44","5,201.25","9,467.95","1,417.64","60,704.54"
09/08/2025 14:00,"17,765.38","2,050.07","8,109.13","1,947.95","16,676.10","5,412.55","10,062.70","1,485.35","63,509.23"
09/08/2025 15:00,"18,644.33","2,159.03","8,195.16","1,544.24","17,712.75","5,537.85","10,671.24","1,557.56","66,022.16"
09/08/2025 16:00,"19,282.02","2,190.82","8,190.90","1,541.19","18,478.94","5,653.61","11,218.04","1,614.45","68,169.98"
09/08/2025 17:00,"19,643.17","2,251.72","8,154.24","1,591.82","19,135.83","5,662.73","11,647.60","1,668.35","69,755.47"
09/08/2025 18:00,"19,532.54","2,244.58","8,095.91","1,592.59","19,296.81","5,675.00","11,854.01","1,687.49","69,978.94"
09/08/2025 19:00,"18,645.96","2,181.99","8,002.31","1,926.36","18,690.28","5,556.71","11,708.27","1,664.88","68,376.76"
09/08/2025 20:00,"17,786.73","2,089.48","7,759.94","1,739.47","17,837.12","5,450.81","11,263.44","1,608.19","65,535.18"
09/08/2025 21:00,"17,083.38","2,018.65","7,681.70","1,947.44","17,081.12","5,363.47","10,810.27","1,562.23","63,548.26"
09/08/2025 22:00,"16,308.28","1,888.34","7,728.96","1,740.39","16,043.46","5,151.78","10,139.41","1,579.10","60,579.72"
09/08/2025 23:00,"15,256.07","1,710.86","7,608.01","1,644.85","14,636.92","4,869.27","9,326.05","1,391.70","56,443.73"
09/08/2025 24:00,"14,208.92","1,555.88","7,657.07","1,732.63","13,175.42","4,459.86","8,486.83","1,296.30","52,572.91"
09/09/2025 01:00,"13,469.85","1,447.35","7,637.21","1,666.32","12,167.38","4,129.42","7,799.42","1,232.84","49,549.79"
09/09/2025 02:00,"12,860.15","1,347.03","7,560.19","1,657.51","11,404.16","3,973.09","7,285.17","1,183.96","47,271.26"
09/09/2025 03:00,"12,465.74","1,315.45","7,541.31","1,631.66","10,903.89","3,866.71","6,965.31","1,150.60","45,840.66"
09/09/2025 04:00,"12,303.00","1,286.07","7,490.16","1,582.76","10,644.91","3,766.83","6,746.70","1,137.86","44,958.28"
09/09/2025 05:00,"12,363.30","1,273.60","7,546.11","1,570.92","10,704.29","3,731.45","6,728.86","1,129.87","45,048.42"
09/09/2025 06:00,"12,676.68","1,348.67","7,488.35","1,588.43","11,168.96","3,824.55","6,810.19","1,142.11","46,047.94"
09/09/2025 07:00,"13,165.53","1,454.84","7,587.07","1,640.90","12,032.06","4,069.90","7,182.10","1,195.76","48,328.16"
09/09/2025 08:00,"13,239.44","1,441.03","7,669.97","1,658.85","12,312.63","4,045.08","7,342.55","1,195.97","48,905.52"
09/09/2025 09:00,"13,610.33","1,499.93","7,763.12","1,687.08","12,667.90","4,036.81","7,502.02","1,199.63","49,966.82"
09/09/2025 10:00,"14,435.56","1,594.15","7,887.68","1,743.86","13,321.77","4,341.94","7,869.15","1,244.22","52,438.35"
09/09/2025 11:00,"15,221.29","1,660.01","7,924.08","1,830.97","14,067.48","4,709.98","8,404.68","1,300.33","55,118.83"
09/09/2025 12:00,"15,898.43","1,807.16","8,100.53","1,929.73","14,877.60","5,050.81","8,920.31","1,383.84","57,968.40"
09/09/2025 13:00,"16,701.08","1,869.00","8,309.84","2,005.95","15,891.42","5,290.31","9,601.99","1,476.36","61,145.95"
09/09/2025 14:00,"17,679.22","2,005.48","8,365.17","2,089.55","17,053.91","5,436.41","10,320.15","1,559.25","64,509.13"
09/09/2025 15:00,"18,441.84","2,136.21","8,395.65","2,158.93","18,179.03","5,565.58","10,957.35","1,653.19","67,487.78"
09/09/2025 16:00,"19,157.67","2,244.59","8,329.05","2,206.43","19,232.95","5,737.93","11,602.01","1,721.27","70,231.89"
09/09/2025 17:00,"19,624.12","2,290.29","8,280.87","2,254.36","19,954.63","5,900.20","12,090.51","1,767.85","72,162.84"
09/09/2025 18:00,"19,596.99","2,309.61","8,082.04","2,229.23","20,129.13","5,801.41","12,337.81","1,770.35","72,256.58"
09/09/2025 19:00,"18,831.71","2,231.37","7,925.05","2,179.69","19,587.17","5,798.39","12,215.08","1,738.72","70,507.19"
09/09/2025 20:00,"17,891.45","2,096.80","7,810.68","2,147.50","18,580.86","5,599.21","11,661.32","1,680.25","67,468.07"
09/09/2025 21:00,"17,191.81","2,012.46","7,807.35","2,103.76","17,794.08","5,483.93","11,116.16","1,637.64","65,147.18"
09/09/2025 22:00,"16,409.54","1,881.11","7,707.56","2,050.62","16,795.43","5,219.60","10,442.12","1,595.23","62,101.20"
09/09/2025 23:00,"15,241.26","1,748.18","7,764.90","1,930.35","15,305.67","4,959.38","9,580.31","1,463.13","57,993.18"
09/09/2025 24:00,"14,162.62","1,580.56","7,680.20","1,801.33","13,883.62","4,635.81","8,739.82","1,364.06","53,848.02"
09/10/2025 01:00,"13,395.48","1,477.80","7,643.41","1,721.06","12,820.59","4,246.79","8,075.12","1,315.89","50,696.12"
09/10/2025 02:00,"12,846.98","1,422.02","7,562.33","1,673.12","12,075.96","4,041.85","7,601.39","1,269.19","48,492.84"
09/10/2025 03:00,"12,493.13","1,351.94","7,506.85","1,642.41","11,562.06","3,935.81","7,261.67","1,230.01","46,983.88"
09/10/2025 04:00,"12,228.48","1,317.22","7,514.54","1,610.43","11,215.76","3,923.16","7,063.73","1,200.45","46,073.78"
09/10/2025 05:00,"12,299.73","1,327.54","7,517.00","1,611.39","11,243.65","3,837.17","7,021.36","1,165.82","46,023.66"
09/10/2025 06:00,"12,660.00","1,324.86","7,453.13","1,635.93","11,742.40","3,916.15","7,142.63","1,163.32","47,038.43"
09/10/2025 07:00,"13,112.49","1,409.22","7,546.44","1,676.63","12,535.54","4,160.01","7,511.08","1,207.27","49,158.68"
09/10/2025 08:00,"13,220.24","1,434.87","7,508.91","1,691.32","12,820.25","4,211.91","7,649.28","1,241.82","49,778.61"
09/10/2025 09:00,"13,676.94","1,490.56","7,788.57","1,753.62","13,223.65","4,156.80","7,870.45","1,259.56","51,220.16"
09/10/2025 10:00,"14,577.11","1,583.66","7,843.66","1,814.45","13,998.41","4,516.74","8,306.57","1,324.07","53,964.67"
09/10/2025 11:00,"15,546.46","1,717.07","7,810.95","1,912.12","14,906.74","4,998.83","8,838.18","1,401.49","57,131.83"
09/10/2025 12:00,"16,579.42","1,864.51","8,006.04","2,019.16","15,968.82","5,384.42","9,418.59","1,483.29","60,724.24"
09/10/2025 13:00,"17,716.37","2,020.73","8,065.05","2,116.93","17,229.19","5,653.86","10,141.33","1,562.57","64,506.02"
09/10/2025 14:00,"18,895.55","2,173.21","8,121.76","2,189.88","18,462.19","5,938.83","10,855.15","1,660.04","68,296.61"
09/10/2025 15:00,"19,973.63","2,304.32","8,161.80","2,256.81","19,756.50","6,121.12","11,571.51","1,750.53","71,896.21"
09/10/2025 16:00,"20,740.14","2,386.13","8,207.50","2,281.49","20,734.54","6,290.92","12,140.40","1,812.59","74,593.70"
09/10/2025 17:00,"21,263.48","2,471.58","8,141.62","2,323.46","21,481.58","6,413.37","12,558.03","1,858.26","76,511.37"
09/10/2025 18:00,"21,191.97","2,461.01","7,991.12","2,330.89","21,636.48","6,340.82","12,920.25","1,872.78","76,745.32"
09/10/2025 19:00,"20,362.95","2,375.19","8,071.46","2,285.34","20,954.30","6,110.57","12,722.14","1,844.25","74,726.19"
09/10/2025 20:00,"19,440.63","2,200.87","7,618.59","2,216.16","19,714.16","5,787.01","12,083.06","1,765.47","70,825.94"
09/10/2025 21:00,"18,746.49","2,088.64","7,420.67","2,116.87","18,739.35","5,540.56","11,471.02","1,718.25","67,841.87"
09/10/2025 22:00,"18,090.04","1,978.99","7,530.75","2,057.83","17,649.39","5,456.97","10,798.21","1,620.85","65,183.03"
09/10/2025 23:00,"17,038.74","1,804.59","7,702.72","1,927.14","16,162.88","5,219.51","9,925.53","1,518.52","61,299.63"
09/10/2025 24:00,"16,024.00","1,648.03","7,653.75","1,814.20","14,721.06","4,875.28","9,071.02","1,418.50","57,225.85"
09/11/2025 01:00,"15,130.92","1,543.06","7,539.71","1,727.09","13,580.78","4,591.29","8,311.95","1,339.64","53,764.44"
09/11/2025 02:00,"14,464.84","1,454.38","7,519.98","1,668.28","12,704.02","4,427.72","7,816.44","1,285.08","51,340.73"
09/11/2025 03:00,"14,033.97","1,392.95","7,501.21","1,631.08","12,104.72","4,284.08","7,472.66","1,277.41","49,698.08"
09/11/2025 04:00,"13,787.77","1,356.60","7,486.41","1,595.34","11,704.95","4,213.74","7,282.20","1,254.15","48,681.18"
09/11/2025 05:00,"13,793.97","1,356.55","7,465.06","1,614.27","11,664.35","4,147.02","7,226.00","1,204.63","48,471.85"
09/11/2025 06:00,"14,143.93","1,413.77","7,521.61","1,648.55","12,111.05","4,290.18","7,350.00","1,215.13","49,694.19"
09/11/2025 07:00,"14,611.00","1,514.25","7,595.54","1,702.79","12,970.02","4,456.56","7,732.35","1,258.49","51,841.00"
09/11/2025 08:00,"14,652.68","1,536.49","7,672.82","1,715.86","13,257.23","4,436.43","7,822.64","1,267.23","52,361.39"
09/11/2025 09:00,"15,319.14","1,618.65","7,763.74","1,748.93","13,799.50","4,433.26","8,105.60","1,281.44","54,070.25"
09/11/2025 10:00,"16,669.57","1,777.44","7,906.90","1,830.57","14,812.58","4,707.35","8,681.36","1,344.44","57,730.21"
09/11/2025 11:00,"17,715.98","1,966.59","7,902.80","1,918.38","16,064.16","5,098.07","9,395.80","1,423.37","61,485.15"
09/11/2025 12:00,"18,754.54","2,155.94","8,001.69","2,027.09","17,484.80","5,519.74","10,077.40","1,524.03","65,545.23"
09/11/2025 13:00,"19,576.51","2,338.44","8,193.71","2,157.19","18,982.10","5,715.24","10,827.59","1,625.66","69,416.44"
09/11/2025 14:00,"20,187.34","2,460.46","8,265.74","2,283.55","20,383.33","5,923.25","11,562.37","1,733.08","72,799.12"
09/11/2025 15:00,"20,627.25","2,543.48","7,990.87","2,237.92","21,576.42","6,249.26","12,164.40","1,813.33","75,202.91"
09/11/2025 16:00,"21,036.22","2,637.45","7,876.82","1,901.13","22,674.12","6,436.05","12,654.53","1,884.03","77,100.36"
09/11/2025 17:00,"21,100.97","2,693.90","7,742.00","1,806.60","23,410.51","6,513.01","12,935.40","1,920.55","78,122.95"
09/11/2025 18:00,"20,925.94","2,676.91","7,656.04","1,798.73","23,443.98","6,347.43","13,260.68","1,911.62","78,021.34"
09/11/2025 19:00,"20,065.10","2,566.74","7,681.55","2,117.69","22,674.61","6,099.64","13,189.89","1,882.81","76,278.02"
09/11/2025 20:00,"19,195.51","2,404.40","7,469.78","2,234.73","21,506.51","5,967.81","12,690.60","1,819.35","73,288.69"
09/11/2025 21:00,"18,618.94","2,294.88","7,570.73","2,162.78","20,496.63","5,849.04","12,231.58","1,760.13","70,984.71"
09/11/2025 22:00,"17,862.70","2,141.94","7,594.94","2,107.26","19,317.27","5,643.88","11,664.49","1,663.17","67,995.66"
09/11/2025 23:00,"16,821.99","1,978.43","7,612.59","2,025.03","17,786.67","5,318.42","10,870.59","1,553.88","63,967.60"
09/11/2025 24:00,"15,685.11","1,856.49","7,655.46","1,920.73","16,191.43","4,989.41","9,985.54","1,445.65","59,729.82"
09/12/2025 01:00,"14,757.13","1,731.11","7,657.03","1,824.22","14,915.36","4,685.04","9,287.65","1,339.37","56,196.93"
09/12/2025 02:00,"14,072.16","1,664.37","7,574.95","1,761.52","13,964.93","4,555.30","8,749.34","1,282.20","53,624.76"
09/12/2025 03:00,"13,599.02","1,590.77","7,606.26","1,712.35","13,309.80","4,442.22","8,322.78","1,233.73","51,816.92"
09/12/2025 04:00,"13,359.86","1,567.88","7,587.03","1,681.95","12,947.96","4,346.72","8,040.71","1,202.54","50,734.66"
09/12/2025 05:00,"13,572.83","1,583.47","7,620.54","1,207.86","13,059.42","4,278.73","7,966.50","1,211.59","50,500.94"
09/12/2025 06:00,"13,862.17","1,610.99","7,544.88","1,105.78","13,424.75","4,357.84","8,070.94","1,226.11","51,203.47"
09/12/2025 07:00,"14,310.62","1,702.70","7,574.08","1,176.35","14,224.58","4,428.05","8,402.04","1,273.22","53,091.63"
09/12/2025 08:00,"14,376.57","1,730.51","7,583.52","1,190.33","14,499.13","4,488.09","8,538.05","1,289.34","53,695.54"
09/12/2025 09:00,"14,973.14","1,817.79","7,782.77","1,256.50","15,094.04","4,655.15","8,796.49","1,316.01","55,691.88"
09/12/2025 10:00,"16,339.60","1,962.53","7,970.52","1,348.89","16,384.14","4,870.91","9,395.30","1,394.82","59,666.72"
09/12/2025 11:00,"17,614.20","2,130.08","8,011.41","1,423.68","17,811.11","5,110.54","10,111.91","1,486.96","63,699.89"
09/12/2025 12:00,"18,737.85","2,337.00","8,113.29","1,542.63","19,251.83","5,338.08","10,757.54","1,581.47","67,659.69"
09/12/2025 13:00,"19,596.79","2,501.29","8,207.12","1,658.07","20,612.55","5,676.78","11,406.87","1,671.06","71,330.50"
09/12/2025 14:00,"20,382.59","2,656.30","8,261.08","1,740.87","21,853.27","6,010.78","12,027.37","1,748.77","74,681.03"
09/12/2025 15:00,"20,923.79","2,761.70","8,165.26","1,814.95","22,889.42","6,148.92","12,559.20","1,835.76","77,099.02"
09/12/2025 16:00,"20,992.37","2,800.11","8,039.91","1,849.06","23,368.21","6,091.17","12,860.62","1,887.05","77,888.50"
09/12/2025 17:00,"21,125.38","2,827.56","8,025.92","1,878.14","23,750.51","5,992.23","12,948.28","1,900.09","78,448.12"
09/12/2025 18:00,"20,910.55","2,782.82","7,984.00","1,863.12","23,738.97","5,949.10","13,051.49","1,889.23","78,169.29"
09/12/2025 19:00,"19,991.07","2,652.00","8,019.38","1,813.71","22,986.02","5,807.02","12,999.90","1,851.50","76,120.58"
09/12/2025 20:00,"19,062.29","2,504.16","7,874.63","1,712.36","21,678.12","5,611.70","12,435.48","1,776.82","72,655.56"
09/12/2025 21:00,"18,343.14","2,380.32","7,885.33","1,643.21","20,590.75","5,566.17","11,856.52","1,714.86","69,980.29"
09/12/2025 22:00,"17,642.63","2,258.25","7,932.53","1,536.98","19,483.94","5,368.80","11,303.01","1,630.10","67,156.23"
09/12/2025 23:00,"16,802.43","2,114.82","7,886.24","1,444.86","18,257.59","5,165.02","10,669.66","1,555.71","63,896.33"
09/12/2025 24:00,"15,928.04","1,987.02","7,783.41","1,356.15","16,979.40","4,906.82","9,958.51","1,489.76","60,389.11"
09/13/2025 01:00,"15,068.32","1,815.95","7,838.34","1,273.84","15,766.43","4,721.40","9,196.29","1,376.14","57,056.72"
09/13/2025 02:00,"14,201.56","1,691.14","7,597.12","1,507.11","14,610.72","4,600.00","8,549.84","1,314.08","54,071.58"
09/13/2025 03:00,"13,618.64","1,608.14","7,653.54","1,667.60","13,856.64","4,208.10","8,112.91","1,275.95","52,001.53"
09/13/2025 04:00,"13,155.80","1,530.10","7,681.88","1,633.06","13,262.80","4,078.06","7,748.61","1,249.14","50,339.45"
09/13/2025 05:00,"12,830.90","1,465.84","7,726.75","1,636.43","12,896.12","4,053.27","7,495.24","1,218.33","49,322.89"
09/13/2025 06:00,"12,865.80","1,477.71","7,717.21","1,624.24","12,818.03","4,101.42","7,355.09","1,207.30","49,166.80"
09/13/2025 07:00,"12,972.48","1,513.33","7,810.02","1,647.42","12,931.75","4,184.29","7,373.46","1,218.95","49,651.71"
09/13/2025 08:00,"13,066.88","1,509.21","7,901.04","1,670.65","13,034.54","4,135.99","7,434.85","1,214.20","49,967.35"
09/13/2025 09:00,"13,857.87","1,634.83","7,938.80","1,719.41","13,849.67","4,259.78","7,791.97","1,250.94","52,303.26"
09/13/2025 10:00,"15,162.25","1,809.03","7,972.35","1,814.61","15,236.03","4,570.87","8,506.30","1,324.67","56,396.10"
09/13/2025 11:00,"16,661.66","2,003.02","8,047.39","1,912.35","16,736.16","4,957.25","9,275.23","1,409.63","61,002.69"
09/13/2025 12:00,"17,861.82","2,184.08","8,097.05","2,014.23","18,142.29","5,314.28","9,949.08","1,489.33","65,052.16"
09/13/2025 13:00,"18,939.03","2,357.53","8,167.34","2,088.13","19,502.52","5,563.80","10,621.02","1,573.15","68,812.52"
09/13/2025 14:00,"19,705.78","2,509.99","8,239.54","2,171.07","20,495.40","5,807.14","11,217.82","1,648.69","71,795.43"
09/13/2025 15:00,"20,304.39","2,609.43","8,237.78","2,238.33","21,269.53","6,010.78","11,728.92","1,721.86","74,121.03"
09/13/2025 16:00,"20,565.13","2,675.22","8,199.49","2,236.04","21,830.07","6,079.75","12,141.45","1,776.74","75,503.88"
09/13/2025 17:00,"20,559.51","2,685.23","8,088.11","2,217.41","22,122.95","6,055.02","12,471.37","1,839.19","76,038.79"
09/13/2025 18:00,"20,284.17","2,658.54","7,812.37","2,207.39","21,977.83","5,995.89","12,565.66","1,810.54","75,312.39"
09/13/2025 19:00,"19,480.69","2,530.65","7,484.00","2,143.05","21,068.37","5,824.67","12,340.04","1,754.66","72,626.12"
09/13/2025 20:00,"18,498.33","2,381.60","7,093.53","2,059.98","19,731.69","5,641.57","11,850.76","1,658.50","68,915.96"
09/13/2025 21:00,"17,909.15","2,262.97","7,162.91","2,032.61","18,878.64","5,502.04","11,421.10","1,604.06","66,773.48"
09/13/2025 22:00,"17,090.39","2,098.57","7,191.46","2,000.15","17,794.21","5,294.81","10,846.47","1,530.71","63,846.77"
09/13/2025 23:00,"16,323.56","1,974.79","7,331.10","1,940.99","16,777.15","5,105.34","10,197.28","1,463.67","61,113.90"
09/13/2025 24:00,"15,532.74","1,839.60","7,423.28","1,869.35","15,702.28","4,840.77","9,555.88","1,393.46","58,157.36"
09/14/2025 01:00,"14,665.50","1,729.32","7,368.08","1,773.71","14,701.51","4,578.96","8,872.42","1,362.56","55,052.06"
09/14/2025 02:00,"14,115.71","1,644.97","7,348.56","1,725.60","13,998.31","4,452.76","8,356.16","1,303.03","52,945.09"
09/14/2025 03:00,"13,593.97","1,562.59","7,384.00","1,703.80","13,332.75","4,277.64","7,890.27","1,250.53","50,995.54"
09/14/2025 04:00,"13,250.37","1,489.65","7,303.17","1,661.43","12,877.04","4,102.96","7,570.77","1,233.83","49,489.23"
09/14/2025 05:00,"12,966.38","1,419.57","7,326.69","1,673.91","12,481.71","4,060.54","7,369.51","1,211.67","48,509.97"
09/14/2025 06:00,"12,937.67","1,421.21","7,368.43","1,670.39","12,367.20","3,927.71","7,253.45","1,219.09","48,165.15"
09/14/2025 07:00,"12,866.63","1,438.89","7,300.33","1,666.05","12,243.14","4,015.56","7,269.55","1,219.25","48,019.39"
09/14/2025 08:00,"12,821.30","1,459.59","7,348.93","1,674.48","12,241.89","4,019.29","7,276.99","1,226.54","48,069.01"
09/14/2025 09:00,"13,458.40","1,586.23","7,615.85","1,733.41","13,076.91","4,034.66","7,708.80","1,263.14","50,477.39"
09/14/2025 10:00,"14,726.88","1,765.82","7,745.32","1,793.40","14,378.65","4,408.38","8,438.50","1,324.67","54,581.63"
09/14/2025 11:00,"16,059.70","1,925.12","7,791.35","1,849.94","15,800.88","4,763.64","9,217.08","1,423.73","58,831.43"
09/14/2025 12:00,"17,300.25","2,103.20","7,856.20","1,934.09","17,292.26","5,166.16","10,008.07","1,493.09","63,153.32"
09/14/2025 13:00,"18,441.61","2,302.28","7,971.56","2,044.68","18,815.02","5,530.49","10,789.83","1,563.33","67,458.80"
09/14/2025 14:00,"19,266.99","2,461.05","8,144.64","2,131.24","20,080.49","5,770.32","11,472.39","1,629.90","70,957.02"
09/14/2025 15:00,"19,615.30","2,550.61","8,263.02","2,186.87","20,980.17","5,921.65","12,033.10","1,676.72","73,227.45"
09/14/2025 16:00,"19,700.48","2,590.65","8,287.18","2,241.39","21,621.24","5,981.01","12,471.58","1,710.34","74,603.85"
09/14/2025 17:00,"19,541.30","2,609.25","8,266.71","2,271.06","22,125.77","6,047.30","12,722.41","1,721.06","75,304.86"
09/14/2025 18:00,"19,231.41","2,598.38","8,194.39","2,299.07","22,056.61","5,974.26","12,771.03","1,719.64","74,844.79"
09/14/2025 19:00,"18,688.19","2,494.47","8,135.95","2,262.72","21,483.69","5,827.80","12,617.76","1,693.02","73,203.59"
09/14/2025 20:00,"18,244.20","2,369.57","7,947.88","2,210.07","20,580.90","5,704.56","12,182.01","1,641.14","70,880.32"
09/14/2025 21:00,"17,756.58","2,268.10","7,854.48","2,150.96","19,781.07","5,609.28","11,779.70","1,596.75","68,796.92"
09/14/2025 22:00,"17,067.16","2,137.62","7,706.65","2,068.94","18,731.47","5,379.73","11,230.54","1,520.00","65,842.11"
09/14/2025 23:00,"16,184.11","1,972.04","7,597.43","1,989.21","17,371.36","5,097.21","10,474.62","1,434.35","62,120.34"
09/14/2025 24:00,"15,269.79","1,809.62","7,545.90","1,880.21","15,999.13","4,802.30","9,683.77","1,343.27","58,333.98"
09/15/2025 01:00,"14,499.39","1,659.89","7,526.40","1,742.88","14,819.75","4,492.91","8,975.07","1,322.72","55,039.02"
09/15/2025 02:00,"14,003.86","1,583.55","7,519.41","1,708.36","14,018.05","4,182.88","8,457.32","1,275.64","52,749.08"
09/15/2025 03:00,"13,563.66","1,530.07","7,665.55","1,697.96","13,373.97","3,981.43","8,036.29","1,238.56","51,087.49"
09/15/2025 04:00,"13,376.10","1,505.60","7,747.59","1,670.87","12,994.52","3,885.51","7,784.48","1,206.00","50,170.67"
09/15/2025 05:00,"13,486.99","1,503.88","7,636.71","1,718.11","12,978.48","3,892.46","7,691.64","1,193.21","50,101.48"
09/15/2025 06:00,"13,843.55","1,553.53","7,585.77","1,753.80","13,402.10","4,069.82","7,764.22","1,208.76","51,181.54"
09/15/2025 07:00,"14,321.47","1,654.67","7,647.89","1,809.73","14,218.32","4,165.54","8,118.04","1,263.26","53,198.93"
09/15/2025 08:00,"14,374.94","1,668.59","7,738.06","1,825.60","14,400.99","4,193.94","8,232.28","1,270.60","53,705.00"
09/15/2025 09:00,"14,836.72","1,741.77","7,758.60","1,860.08","14,907.83","4,283.55","8,468.23","1,284.24","55,141.02"
09/15/2025 10:00,"15,810.56","1,859.35","7,867.83","1,940.43","16,023.09","4,536.67","9,021.20","1,351.26","58,410.40"
09/15/2025 11:00,"16,917.48","2,058.61","7,927.99","2,027.10","17,359.79","4,858.10","9,703.60","1,428.19","62,280.86"
09/15/2025 12:00,"17,956.96","2,228.62","8,028.07","2,124.38","18,865.88","5,223.47","10,451.23","1,525.24","66,403.85"
09/15/2025 13:00,"18,965.28","2,396.78","8,125.15","2,245.73","20,446.97","5,446.17","11,215.89","1,633.07","70,475.02"
09/15/2025 14:00,"19,860.06","2,529.66","8,095.70","2,295.13","21,752.86","5,723.16","11,853.55","1,728.62","73,838.74"
09/15/2025 15:00,"20,535.16","2,626.06","8,146.80","1,910.35","22,725.89","5,905.61","12,355.73","1,799.59","76,005.20"
09/15/2025 16:00,"20,893.54","2,663.08","8,161.69","1,899.15","23,313.31","5,968.25","12,718.33","1,849.29","77,466.65"
09/15/2025 17:00,"20,987.50","2,674.97","8,022.28","1,922.84","23,708.16","5,971.14","13,036.88","1,873.06","78,196.83"
09/15/2025 18:00,"20,655.42","2,657.69","7,970.15","1,902.40","23,617.62","5,893.41","12,982.68","1,872.45","77,551.81"
09/15/2025 19:00,"19,598.75","2,579.27","7,954.96","2,213.24","22,721.68","5,741.67","12,593.76","1,837.90","75,241.22"
09/15/2025 20:00,"18,838.75","2,465.59","7,678.42","1,999.50","21,736.90","5,624.42","12,153.49","1,780.91","72,277.99"
09/15/2025 21:00,"18,139.81","2,358.43","7,660.62","2,167.27","20,780.45","5,530.28","11,731.88","1,725.22","70,093.97"
09/15/2025 22:00,"17,338.18","2,192.60","7,697.03","1,936.93","19,523.92","5,300.36","11,093.45","1,633.28","66,715.75"
09/15/2025 23:00,"16,287.06","2,015.37","7,641.25","1,826.24","17,916.34","4,993.59","10,249.24","1,525.58","62,454.69"
09/15/2025 24:00,"15,142.91","1,855.07","7,728.52","1,893.74","16,212.71","4,565.96","9,415.77","1,424.77","58,239.46"
09/16/2025 01:00,"14,326.72","1,703.93","7,757.66","1,805.37","14,897.06","4,197.09","8,731.12","1,346.53","54,765.46"
09/16/2025 02:00,"13,708.00","1,616.44","7,696.62","1,761.03","13,934.85","4,007.42","8,213.71","1,327.62","52,265.67"
09/16/2025 03:00,"13,258.38","1,537.86","7,694.00","1,705.23","13,223.47","3,878.50","7,824.26","1,258.59","50,380.30"
09/16/2025 04:00,"13,031.16","1,522.73","7,565.32","1,672.84","12,792.21","3,779.16","7,572.03","1,233.50","49,168.96"
09/16/2025 05:00,"13,074.57","1,513.92","7,501.10","1,665.09","12,726.13","3,753.87","7,550.07","1,218.91","49,003.65"
09/16/2025 06:00,"13,467.67","1,557.50","7,503.21","1,682.61","13,163.05","3,874.25","7,685.48","1,222.45","50,156.23"
09/16/2025 07:00,"13,848.64","1,634.76","7,648.02","1,739.33","13,900.75","4,109.88","8,040.10","1,267.42","52,188.90"
09/16/2025 08:00,"13,890.87","1,610.83","7,668.30","1,760.85","14,106.36","4,071.48","8,133.54","1,279.26","52,521.50"
09/16/2025 09:00,"14,540.37","1,663.85","7,756.41","1,812.28","14,635.91","4,078.11","8,382.98","1,288.61","54,158.52"
09/16/2025 10:00,"15,534.93","1,839.75","7,898.32","1,905.22","15,708.36","4,381.55","8,878.09","1,323.64","57,469.87"
09/16/2025 11:00,"16,674.13","2,021.74","7,956.65","1,992.92","17,071.92","4,701.14","9,512.32","1,394.60","61,325.43"
09/16/2025 12:00,"17,814.42","2,209.16","7,981.53","2,112.90","18,486.81","5,018.26","10,196.03","1,488.62","65,307.74"
09/16/2025 13:00,"18,837.87","2,368.73","8,074.87","2,215.93","19,913.69","5,189.84","10,916.14","1,604.00","69,121.08"
09/16/2025 14:00,"19,803.61","2,502.17","8,120.26","2,297.45","21,226.71","5,418.05","11,552.36","1,699.71","72,620.31"
09/16/2025 15:00,"20,392.97","2,585.96","8,102.19","2,346.77","22,229.59","5,571.45","12,052.03","1,766.41","75,047.36"
09/16/2025 16:00,"20,950.19","2,678.29","8,071.31","2,372.36","23,014.41","5,645.74","12,448.25","1,804.12","76,984.66"
09/16/2025 17:00,"21,109.01","2,710.83","7,990.19","2,410.75","23,487.36","5,703.11","12,761.21","1,832.48","78,004.94"
09/16/2025 18:00,"20,726.88","2,683.47","7,972.72","2,392.52","23,510.98","5,600.17","12,846.87","1,834.81","77,568.41"
09/16/2025 19:00,"19,641.79","2,592.85","7,876.29","2,343.86","22,780.69","5,584.96","12,602.15","1,802.51","75,225.09"
09/16/2025 20:00,"18,960.28","2,461.23","7,697.59","2,303.24","21,582.82","5,424.72","12,112.10","1,728.75","72,270.72"
09/16/2025 21:00,"18,371.83","2,365.44","7,703.65","2,238.44","20,549.61","5,322.06","11,634.72","1,658.76","69,844.51"
09/16/2025 22:00,"17,646.39","2,185.53","7,566.37","2,150.25","19,364.38","5,054.86","11,097.49","1,568.00","66,633.27"
09/16/2025 23:00,"16,599.03","2,049.13","7,697.42","2,024.74","17,699.39","4,788.97","10,351.24","1,467.94","62,677.87"
09/16/2025 24:00,"15,628.18","1,878.34","7,703.83","1,919.11","16,101.84","4,481.18","9,548.06","1,375.56","58,636.10"
09/17/2025 01:00,"14,855.72","1,734.89","7,685.25","1,831.46","14,915.50","4,111.09","8,908.30","1,328.71","55,370.91"
09/17/2025 02:00,"14,220.82","1,647.31","7,648.27","1,763.90","14,009.56","3,916.49","8,319.52","1,295.66","52,821.53"
09/17/2025 03:00,"13,780.95","1,582.16","7,600.57","1,705.44","13,385.49","3,802.83","7,919.80","1,225.81","51,003.05"
09/17/2025 04:00,"13,444.58","1,554.54","7,549.26","1,657.80","12,967.06","3,780.95","7,653.71","1,297.68","49,905.59"
09/17/2025 05:00,"13,429.81","1,507.91","7,580.86","1,652.68","12,900.24","3,668.91","7,631.17","1,343.23","49,714.80"
09/17/2025 06:00,"13,780.13","1,582.50","7,456.43","1,676.98","13,375.48","3,714.66","7,754.60","1,258.40","50,599.18"
09/17/2025 07:00,"14,172.05","1,669.65","7,555.23","1,721.65","14,124.76","3,947.14","8,120.01","1,257.70","52,568.20"
09/17/2025 08:00,"14,228.06","1,682.40","7,452.51","1,756.69","14,351.66","4,021.70","8,185.71","1,279.01","52,957.75"
09/17/2025 09:00,"14,730.28","1,753.90","7,715.21","1,769.93","14,832.99","3,933.56","8,375.36","1,273.68","54,384.89"
09/17/2025 10:00,"15,807.97","1,902.42","7,857.48","1,857.21","15,931.06","4,253.64","8,926.38","1,343.18","57,879.33"
09/17/2025 11:00,"16,906.74","2,034.59","7,900.74","1,939.94","17,316.08","4,677.03","9,589.15","1,418.94","61,783.23"
09/17/2025 12:00,"18,072.68","2,195.65","7,947.33","2,053.23","18,802.29","5,000.83","10,298.59","1,508.67","65,879.27"
09/17/2025 13:00,"19,150.76","2,433.18","8,101.25","2,175.46","20,306.82","5,157.51","11,061.17","1,595.28","69,981.45"
09/17/2025 14:00,"20,124.93","2,565.12","8,222.68","2,278.11","21,667.23","5,391.11","11,742.63","1,674.00","73,665.80"
09/17/2025 15:00,"20,723.67","2,638.80","8,249.45","2,336.33","22,647.32","5,520.50","12,260.04","1,735.17","76,111.30"
09/17/2025 16:00,"21,115.70","2,672.32","8,310.32","2,356.68","23,204.58","5,492.05","12,658.60","1,769.92","77,580.17"
09/17/2025 17:00,"21,156.46","2,712.84","8,103.43","2,385.51","23,455.27","5,512.05","12,799.50","1,802.24","77,927.31"
09/17/2025 18:00,"20,773.58","2,674.73","7,884.76","2,400.35","23,156.32","5,473.39","13,036.91","1,799.64","77,199.68"
09/17/2025 19:00,"19,756.64","2,555.58","7,940.21","2,348.05","22,076.74","5,372.21","12,850.67","1,762.48","74,662.60"
09/17/2025 20:00,"19,148.88","2,419.13","7,518.48","2,252.00","21,030.56","5,154.04","12,368.16","1,703.71","71,594.96"
09/17/2025 21:00,"18,709.00","2,330.94","7,387.80","2,150.65","20,274.46","4,975.57","11,910.32","1,657.75","69,396.49"
09/17/2025 22:00,"17,951.83","2,191.09","7,305.53","2,066.63","19,141.21","4,909.68","11,341.93","1,581.67","66,489.57"
09/17/2025 23:00,"16,861.79","2,030.71","7,570.10","1,952.95","17,593.73","4,714.90","10,587.73","1,478.40","62,790.31"
09/17/2025 24:00,"15,806.56","1,869.49","7,587.95","1,857.55","16,103.36","4,394.46","9,771.83","1,386.14","58,777.34"
09/18/2025 01:00,"14,919.70","1,774.25","7,507.08","1,783.89","14,956.12","4,142.61","9,054.63","1,316.91","55,455.19"
09/18/2025 02:00,"14,230.53","1,671.02","7,511.82","1,703.32","14,041.95","3,993.82","8,487.75","1,271.67","52,911.87"
09/18/2025 03:00,"13,739.57","1,600.42","7,529.35","1,667.49","13,357.99","3,845.24","8,065.97","1,229.82","51,035.85"
09/18/2025 04:00,"13,501.40","1,537.96","7,417.40","1,659.36","12,932.82","3,790.27","7,797.91","1,206.12","49,843.23"
09/18/2025 05:00,"13,487.75","1,546.60","7,446.86","1,682.80","12,865.13","3,719.09","7,733.24","1,197.52","49,679.00"
09/18/2025 06:00,"13,771.18","1,589.59","7,404.53","1,684.87","13,253.09","3,868.35","7,838.39","1,208.16","50,618.16"
09/18/2025 07:00,"14,213.82","1,687.46","7,466.51","1,732.67","14,081.10","4,047.56","8,215.93","1,261.72","52,706.75"
09/18/2025 08:00,"14,273.65","1,688.92","7,651.85","1,749.68","14,302.51","4,049.88","8,324.78","1,270.02","53,311.30"
09/18/2025 09:00,"14,796.90","1,762.01","7,782.50","1,802.99","14,808.40","4,029.20","8,539.12","1,292.14","54,813.26"
09/18/2025 10:00,"15,759.81","1,912.30","7,881.48","1,889.72","15,849.51","4,251.08","9,103.47","1,360.10","58,007.47"
09/18/2025 11:00,"16,937.71","2,097.07","7,979.24","1,984.38","17,238.32","4,621.70","9,769.87","1,445.50","62,073.79"
09/18/2025 12:00,"17,993.36","2,271.22","8,030.50","2,096.87","18,770.99","4,950.16","10,482.11","1,542.73","66,137.96"
09/18/2025 13:00,"18,960.12","2,444.24","8,138.29","2,205.25","20,436.53","5,113.41","11,233.70","1,637.12","70,168.67"
09/18/2025 14:00,"19,845.32","2,570.72","8,225.00","2,299.85","21,837.14","5,315.19","11,927.94","1,734.48","73,755.64"
09/18/2025 15:00,"20,403.23","2,665.49","8,042.67","2,224.07","22,723.81","5,499.39","12,458.53","1,789.89","75,807.07"
09/18/2025 16:00,"20,831.76","2,680.79","7,951.11","1,866.97","23,443.15","5,515.21","12,736.45","1,848.03","76,873.48"
09/18/2025 17:00,"20,745.88","2,657.91","7,706.15","1,764.83","23,572.29","5,428.68","12,920.28","1,871.38","76,667.39"
09/18/2025 18:00,"20,409.53","2,588.75","7,685.15","1,737.92","23,102.94","5,380.51","13,097.33","1,853.95","75,856.07"
09/18/2025 19:00,"19,370.96","2,474.63","7,525.32","2,041.20","22,040.21","5,330.83","12,800.76","1,824.94","73,408.87"
09/18/2025 20:00,"18,785.05","2,402.80","7,250.56","2,172.43","21,155.50","5,238.53","12,334.74","1,774.49","71,114.08"
09/18/2025 21:00,"18,174.76","2,297.24","7,273.37","2,113.27","20,309.72","5,160.07","11,986.15","1,717.89","69,032.47"
09/18/2025 22:00,"17,427.69","2,163.00","7,270.63","2,067.64","19,202.12","4,949.78","11,455.68","1,631.51","66,168.05"
09/18/2025 23:00,"16,528.48","2,014.12","7,511.68","2,000.77","17,828.79","4,680.63","10,704.28","1,538.69","62,807.44"
09/18/2025 24:00,"15,502.53","1,835.87","7,581.39","1,876.75","16,308.13","4,367.83","9,876.81","1,435.09","58,784.40"
09/19/2025 01:00,"14,652.48","1,749.68","7,653.34","1,788.96","15,133.56","4,052.15","9,139.40","1,348.57","55,518.16"
09/19/2025 02:00,"13,946.82","1,655.32","7,676.12","1,736.34","14,244.33","3,958.57","8,579.29","1,289.80","53,086.59"
09/19/2025 03:00,"13,516.06","1,585.27","7,698.66","1,711.36","13,668.35","3,884.52","8,176.09","1,256.01","51,496.33"
09/19/2025 04:00,"13,260.15","1,553.61","7,692.64","1,704.20","13,281.54","3,822.75","7,885.35","1,225.31","50,425.56"
09/19/2025 05:00,"13,505.94","1,550.35","7,758.90","1,251.89","13,429.59","3,791.75","7,802.33","1,227.03","50,317.78"
09/19/2025 06:00,"13,858.54","1,604.91","7,715.72","1,152.79","13,868.07","3,935.31","7,892.44","1,238.95","51,266.71"
09/19/2025 07:00,"14,293.93","1,672.32","7,786.19","1,207.69","14,643.78","4,035.29","8,208.60","1,285.25","53,133.04"
09/19/2025 08:00,"14,356.84","1,712.26","7,802.76","1,228.67","14,877.18","4,113.34","8,332.67","1,306.04","53,729.76"
09/19/2025 09:00,"14,930.35","1,788.06","7,938.19","1,242.47","15,340.95","4,271.76","8,612.66","1,323.93","55,448.37"
09/19/2025 10:00,"15,993.98","1,933.72","8,139.22","1,303.40","16,260.59","4,477.55","9,157.73","1,386.91","58,653.08"
09/19/2025 11:00,"17,155.52","2,087.03","8,187.87","1,366.52","17,400.71","4,728.20","9,813.86","1,475.97","62,215.69"
09/19/2025 12:00,"18,326.76","2,236.51","8,181.31","1,421.90","18,624.44","5,045.30","10,534.72","1,580.66","65,951.60"
09/19/2025 13:00,"19,278.56","2,388.71","8,250.28","1,463.25","19,793.01","5,402.89","11,264.74","1,677.17","69,518.61"
09/19/2025 14:00,"20,185.91","2,507.44","8,288.50","1,530.13","20,931.35","5,716.49","11,992.73","1,771.41","72,923.95"
09/19/2025 15:00,"20,842.83","2,525.77","8,234.98","1,604.23","21,829.03","5,803.04","12,610.31","1,854.99","75,305.19"
09/19/2025 16:00,"21,179.55","2,572.99","8,249.36","1,661.37","22,436.86","5,843.84","13,027.22","1,911.43","76,882.62"
09/19/2025 17:00,"21,315.25","2,608.42","8,251.45","1,697.55","22,907.50","5,785.75","13,311.30","1,936.82","77,814.05"
09/19/2025 18:00,"20,961.83","2,512.25","8,146.58","1,714.94","22,663.16","5,705.29","13,351.62","1,909.84","76,965.52"
09/19/2025 19:00,"20,020.25","2,398.77","8,145.75","1,693.20","21,839.37","5,575.68","13,004.79","1,851.54","74,529.35"
09/19/2025 20:00,"19,046.62","2,251.50","7,955.26","1,606.87","20,635.92","5,338.58","12,403.42","1,772.50","71,010.66"
09/19/2025 21:00,"18,450.06","2,175.94","7,935.57","1,550.31","19,765.80","5,273.48","11,794.10","1,715.74","68,660.99"
09/19/2025 22:00,"17,728.43","2,086.05","7,915.20","1,488.77","18,769.93","5,056.94","11,112.08","1,634.76","65,792.14"
09/19/2025 23:00,"16,886.28","1,937.16","7,844.29","1,400.80","17,699.66","4,838.08","10,438.79","1,553.09","62,598.16"
09/19/2025 24:00,"16,032.07","1,829.47","7,805.40","1,333.46","16,587.25","4,569.37","9,761.38","1,488.65","59,407.04"
09/20/2025 01:00,"15,137.88","1,653.34","7,926.76","1,283.72","15,502.00","4,337.35","9,097.10","1,402.44","56,340.60"
09/20/2025 02:00,"14,296.96","1,549.63","7,896.38","1,510.03","14,432.13","4,183.18","8,519.66","1,342.69","53,730.67"
09/20/2025 03:00,"13,719.91","1,513.69","7,790.96","1,672.02","13,802.11","3,871.30","8,081.93","1,301.29","51,753.19"
09/20/2025 04:00,"13,335.02","1,483.57","7,759.44","1,641.35","13,271.81","3,767.30","7,760.03","1,264.90","50,283.43"
09/20/2025 05:00,"13,067.41","1,398.07","7,753.72","1,637.15","12,937.39","3,773.87","7,524.78","1,234.74","49,327.13"
09/20/2025 06:00,"12,982.29","1,415.18","7,740.12","1,596.42","12,850.77","3,834.00","7,430.59","1,224.08","49,073.45"
09/20/2025 07:00,"13,084.34","1,454.90","7,842.59","1,608.39","12,950.72","3,889.34","7,448.89","1,224.37","49,503.55"
09/20/2025 08:00,"13,200.44","1,468.69","7,817.94","1,615.61","13,038.70","3,832.46","7,499.08","1,229.72","49,702.65"
09/20/2025 09:00,"13,981.20","1,591.05","7,808.15","1,658.33","13,821.99","4,013.19","7,923.49","1,260.81","52,058.22"
09/20/2025 10:00,"15,266.37","1,757.67","8,045.27","1,781.58","15,220.33","4,395.01","8,613.45","1,326.38","56,406.07"
09/20/2025 11:00,"16,448.01","1,904.24","8,111.15","1,891.24","16,748.64","4,783.93","9,338.87","1,421.27","60,647.35"
09/20/2025 12:00,"17,564.31","2,067.58","8,166.98","2,000.27","18,211.36","5,166.49","10,121.14","1,523.04","64,821.18"
09/20/2025 13:00,"18,529.86","2,218.17","8,306.11","2,106.98","19,514.00","5,415.62","10,902.78","1,621.30","68,614.83"
09/20/2025 14:00,"19,319.88","2,345.03","8,423.78","2,189.65","20,517.30","5,707.42","11,578.06","1,716.79","71,797.91"
09/20/2025 15:00,"19,775.67","2,426.36","8,418.87","2,255.75","21,319.11","5,888.91","12,139.97","1,785.05","74,009.70"
09/20/2025 16:00,"19,928.62","2,538.96","8,474.78","2,277.65","21,918.86","5,937.01","12,590.47","1,827.14","75,493.50"
09/20/2025 17:00,"19,755.28","2,583.57","8,417.26","2,294.50","22,200.41","5,928.08","12,854.20","1,847.36","75,880.67"
09/20/2025 18:00,"19,456.62","2,554.31","8,223.85","2,310.97","22,142.57","5,845.63","12,828.44","1,853.48","75,215.88"
09/20/2025 19:00,"18,688.23","2,444.27","8,041.84","2,250.10","21,378.01","5,648.80","12,530.47","1,807.19","72,788.91"
09/20/2025 20:00,"18,077.23","2,300.15","7,971.26","2,188.25","20,237.92","5,502.79","12,042.38","1,741.30","70,061.27"
09/20/2025 21:00,"17,622.93","2,198.88","7,963.13","2,132.17","19,339.86","5,324.08","11,535.11","1,720.30","67,836.46"
09/20/2025 22:00,"17,062.39","2,074.20","7,940.61","2,027.03","18,332.06","5,133.36","11,001.00","1,634.91","65,205.57"
09/20/2025 23:00,"16,292.19","1,941.73","7,819.19","1,951.98","17,118.92","4,919.63","10,568.00","1,558.92","62,170.55"
09/20/2025 24:00,"15,560.08","1,790.18","7,753.33","1,881.83","15,930.71","4,670.60","10,077.20","1,465.69","59,129.63"
09/21/2025 01:00,"14,999.90","1,713.34","7,760.58","1,824.64","14,883.78","4,472.83","9,524.62","1,399.33","56,579.01"
09/21/2025 02:00,"14,417.56","1,627.19","7,578.63","1,791.59","13,999.27","4,284.57","9,039.90","1,322.16","54,060.87"
09/21/2025 03:00,"13,890.56","1,561.33","7,753.82","1,762.73","13,382.27","4,131.72","8,616.96","1,277.61","52,377.00"
09/21/2025 04:00,"13,577.43","1,521.95","7,637.38","1,704.51","13,024.98","3,975.23","8,284.49","1,260.02","50,985.98"
09/21/2025 05:00,"13,339.81","1,456.15","7,551.68","1,661.69","12,814.04","3,960.12","8,030.94","1,240.68","50,055.11"
09/21/2025 06:00,"13,263.69","1,450.15","7,501.68","1,688.24","12,798.49","3,823.72","7,918.22","1,246.27","49,690.46"
09/21/2025 07:00,"13,214.64","1,438.43","7,497.06","1,684.39","12,757.78","3,919.17","7,891.86","1,251.14","49,654.48"
09/21/2025 08:00,"13,209.23","1,437.09","7,541.91","1,690.34","12,864.46","3,959.14","7,915.83","1,250.49","49,868.49"
09/21/2025 09:00,"13,909.77","1,581.59","7,801.24","1,727.39","13,808.80","4,006.21","8,333.56","1,290.89","52,459.44"
09/21/2025 10:00,"15,130.64","1,764.40","8,088.40","1,833.73","15,221.20","4,378.07","9,064.43","1,377.90","56,858.77"
09/21/2025 11:00,"16,339.82","1,939.40","8,302.26","1,887.01","16,723.41","4,731.17","9,815.58","1,468.50","61,207.15"
09/21/2025 12:00,"17,420.05","2,073.42","8,442.81","1,934.01","18,257.63","5,105.64","10,591.79","1,565.73","65,391.08"
09/21/2025 13:00,"18,303.99","2,238.00","8,591.64","2,029.07","19,647.39","5,456.19","11,333.33","1,675.23","69,274.83"
09/21/2025 14:00,"18,955.31","2,365.57","8,692.07","2,102.63","20,546.97","5,685.04","12,061.60","1,775.41","72,184.61"
09/21/2025 15:00,"19,281.78","2,498.19","8,764.35","2,176.07","21,302.90","5,787.98","12,664.21","1,850.71","74,326.20"
09/21/2025 16:00,"19,348.58","2,566.62","8,745.46","2,251.27","22,037.97","5,763.80","13,114.58","1,902.71","75,730.99"
09/21/2025 17:00,"19,196.76","2,608.29","8,639.14","2,294.53","22,421.51","5,808.86","13,421.08","1,921.52","76,311.71"
09/21/2025 18:00,"18,917.95","2,591.77","8,621.03","2,268.18","22,256.92","5,807.90","13,571.46","1,908.36","75,943.57"
09/21/2025 19:00,"18,385.31","2,527.03","8,525.04","2,205.74","21,325.79","5,721.34","13,421.58","1,878.49","73,990.32"
09/21/2025 20:00,"17,953.98","2,402.69","8,327.06","2,149.14","20,220.68","5,629.06","13,010.36","1,801.20","71,494.17"
09/21/2025 21:00,"17,646.80","2,343.67","8,147.43","2,089.92","19,089.81","5,524.98","12,617.11","1,737.10","69,196.82"
09/21/2025 22:00,"17,173.89","2,174.07","7,958.90","1,992.02","18,179.66","5,307.45","12,026.44","1,657.68","66,470.10"
09/21/2025 23:00,"16,418.73","2,021.44","7,723.50","1,884.96","17,057.90","5,025.57","11,210.08","1,568.40","62,910.58"
09/21/2025 24:00,"15,574.53","1,911.49","7,606.17","1,821.61","15,991.46","4,755.22","10,324.79","1,479.06","59,464.33"
09/22/2025 01:00,"14,815.79","1,812.56","7,458.88","1,730.59","15,163.03","4,518.95","9,577.03","1,422.90","56,499.73"
09/22/2025 02:00,"14,307.05","1,729.99","7,400.29","1,704.90","14,575.18","4,223.57","9,058.56","1,380.76","54,380.30"
09/22/2025 03:00,"13,900.86","1,684.32","7,502.90","1,733.33","14,138.02","4,038.51","8,680.11","1,341.65","53,019.70"
09/22/2025 04:00,"13,706.82","1,618.31","7,613.40","1,703.94","13,854.96","3,935.31","8,460.94","1,305.32","52,199.00"
09/22/2025 05:00,"13,842.17","1,630.28","7,602.91","1,714.65","13,910.85","3,927.85","8,443.47","1,298.02","52,370.20"
09/22/2025 06:00,"14,223.53","1,694.14","7,606.58","1,747.43","14,318.23","4,101.45","8,645.00","1,310.85","53,647.22"
09/22/2025 07:00,"14,710.27","1,785.53","7,705.50","1,800.84","15,088.19","4,182.09","9,011.11","1,354.66","55,638.18"
09/22/2025 08:00,"14,814.48","1,781.31","7,867.52","1,822.24","15,377.19","4,220.14","9,179.89","1,367.56","56,430.34"
09/22/2025 09:00,"15,425.23","1,864.21","7,896.43","1,844.89","15,486.24","4,350.24","9,360.59","1,376.83","57,604.67"
09/22/2025 10:00,"16,623.44","1,992.51","8,066.29","1,908.23","16,179.23","4,690.04","9,864.47","1,439.98","60,764.19"
09/22/2025 11:00,"17,763.14","2,135.89","8,229.50","1,991.65","17,297.26","5,071.67","10,502.91","1,530.89","64,522.92"
09/22/2025 12:00,"18,661.06","2,275.69","8,349.95","2,074.81","18,345.10","5,433.77","11,170.35","1,636.39","67,947.12"
09/22/2025 13:00,"19,429.85","2,382.81","8,463.78","2,177.66","19,867.11","5,726.41","12,039.64","1,753.53","71,840.78"
09/22/2025 14:00,"20,040.15","2,528.43","8,435.04","2,307.96","21,562.60","5,947.39","12,811.50","1,868.01","75,501.08"
09/22/2025 15:00,"20,258.25","2,635.34","8,279.08","2,393.87","22,764.40","6,019.31","13,404.66","1,932.63","77,687.53"
09/22/2025 16:00,"20,533.79","2,717.32","7,699.57","2,454.80","23,489.36","6,103.84","13,745.72","1,980.38","78,724.78"
09/22/2025 17:00,"20,605.05","2,718.86","7,352.50","2,466.79","23,903.76","6,105.34","13,842.52","1,978.60","78,973.42"
09/22/2025 18:00,"20,468.48","2,699.93","7,241.63","2,463.69","23,983.58","6,121.08","14,015.68","1,960.41","78,954.47"
09/22/2025 19:00,"19,823.41","2,656.25","7,366.73","2,428.50","23,391.66","6,070.51","13,963.08","1,948.76","77,648.91"
09/22/2025 20:00,"19,374.08","2,593.64","7,382.51","2,375.84","22,555.08","5,994.70","13,570.08","1,892.69","75,738.62"
09/22/2025 21:00,"18,913.58","2,506.30","7,540.61","2,308.35","21,778.61","5,900.76","13,190.88","1,827.71","73,966.79"
09/22/2025 22:00,"18,187.58","2,357.17","7,641.02","2,203.56","20,554.36","5,641.60","12,643.82","1,733.00","70,962.10"
09/22/2025 23:00,"17,289.44","2,151.15","7,803.82","2,098.20","19,224.26","5,345.77","11,821.66","1,635.92","67,370.22"
09/22/2025 24:00,"16,340.79","1,957.65","7,881.32","1,989.14","17,851.36","4,949.03","10,928.71","1,542.18","63,440.17"
09/23/2025 01:00,"15,552.58","1,801.22","7,796.04","1,924.76","16,547.64","4,625.75","10,103.69","1,488.55","59,840.22"
09/23/2025 02:00,"15,021.35","1,732.09","7,769.61","1,895.88","15,770.13","4,446.66","9,504.21","1,434.09","57,574.02"
09/23/2025 03:00,"14,611.51","1,684.26","7,699.74","1,836.31","15,105.63","4,308.74","9,050.31","1,390.39","55,686.89"
09/23/2025 04:00,"14,447.94","1,660.14","7,645.67","1,796.82","14,716.30","4,184.59","8,844.45","1,361.45","54,657.35"
09/23/2025 05:00,"14,518.95","1,651.98","7,661.36","1,751.73","14,608.36","4,131.19","8,870.46","1,356.01","54,550.04"
09/23/2025 06:00,"14,894.30","1,730.18","7,537.30","1,758.86","14,957.35","4,215.64","9,074.07","1,401.12","55,568.81"
09/23/2025 07:00,"15,293.31","1,832.40","7,679.36","1,818.94","15,695.02","4,449.27","9,456.77","1,407.09","57,632.15"
09/23/2025 08:00,"15,338.12","1,867.72","7,698.00","1,848.97","15,921.64","4,427.92","9,571.48","1,408.11","58,081.96"
09/23/2025 09:00,"15,868.11","1,920.83","7,879.45","1,869.79","16,391.48","4,449.80","9,709.05","1,369.94","59,458.47"
09/23/2025 10:00,"16,992.41","2,022.34","8,033.06","1,932.51","17,511.30","4,795.60","10,189.49","1,417.54","62,894.25"
09/23/2025 11:00,"18,126.58","2,195.10","8,064.86","2,047.27","18,856.36","5,206.44","10,878.65","1,533.27","66,908.52"
09/23/2025 12:00,"19,080.20","2,364.60","8,180.67","2,134.83","20,257.86","5,574.99","11,569.59","1,636.43","70,799.18"
09/23/2025 13:00,"19,620.53","2,501.41","8,373.61","2,246.25","21,783.37","5,867.95","12,362.49","1,741.43","74,497.04"
09/23/2025 14:00,"20,311.09","2,637.97","8,414.01","2,361.90","23,234.66","6,112.91","13,079.26","1,839.91","77,991.73"
09/23/2025 15:00,"20,489.30","2,714.31","7,836.71","2,350.55","23,826.69","6,188.39","13,543.66","1,904.73","78,854.33"
09/23/2025 16:00,"20,415.96","2,730.69","7,385.52","2,368.42","24,169.79","6,251.56","13,855.99","1,941.92","79,119.85"
09/23/2025 17:00,"20,478.05","2,746.71","7,213.00","2,379.48","24,164.61","6,234.41","13,959.33","1,938.53","79,114.13"
09/23/2025 18:00,"20,240.19","2,722.47","7,211.09","2,363.92","24,082.25","6,126.31","14,175.92","1,926.39","78,848.55"
09/23/2025 19:00,"19,516.15","2,687.18","7,436.67","2,339.92","23,681.56","6,140.10","14,211.02","1,889.68","77,902.27"
09/23/2025 20:00,"19,105.24","2,578.68","7,484.32","2,242.14","22,493.48","6,026.40","13,781.02","1,773.46","75,484.75"
09/23/2025 21:00,"18,758.95","2,485.36","7,545.24","2,161.75","21,877.09","5,926.01","13,321.25","1,713.43","73,789.07"
09/23/2025 22:00,"18,180.29","2,337.37","7,363.12","2,057.39","20,752.65","5,649.17","12,705.28","1,655.76","70,701.02"
09/23/2025 23:00,"17,404.76","2,239.73","7,711.49","1,966.20","19,420.28","5,424.58","11,985.12","1,613.29","67,765.43"
09/23/2025 24:00,"16,468.12","2,094.47","7,634.38","1,889.30","17,917.83","5,116.71","11,187.43","1,427.04","63,735.28"
09/24/2025 01:00,"15,823.05","1,974.24","7,751.11","1,833.36","16,695.73","4,733.48","10,387.93","1,333.42","60,532.32"
09/24/2025 02:00,"15,339.26","1,885.31","7,723.85","1,780.39","15,775.44","4,527.31","9,760.04","1,292.66","58,084.26"
09/24/2025 03:00,"14,969.21","1,845.18","7,372.59","1,708.53","15,042.57","4,391.48","9,335.77","1,259.13","55,924.46"
09/24/2025 04:00,"14,727.96","1,799.92","6,914.46","1,676.64","14,484.91","4,349.84","9,108.78","1,241.80","54,304.31"
09/24/2025 05:00,"14,813.40","1,775.43","7,096.54","1,679.86","14,310.22","4,237.66","9,120.57","1,207.77","54,241.45"
09/24/2025 06:00,"15,253.96","1,840.15","7,094.78","1,694.36","14,704.94","4,285.84","9,314.16","1,212.95","55,401.14"
09/24/2025 07:00,"15,719.72","1,964.11","7,129.49","1,751.02","15,448.12","4,520.65","9,634.45","1,272.47","57,440.02"
09/24/2025 08:00,"15,744.58","1,978.19","7,030.06","1,775.16","15,744.86","4,572.30","9,701.76","1,309.35","57,856.27"
09/24/2025 09:00,"16,207.45","2,008.52","7,316.78","1,806.18","15,606.25","4,477.48","9,839.26","1,305.12","58,567.04"
09/24/2025 10:00,"17,337.48","2,103.82","7,433.96","1,790.25","15,479.92","4,812.86","10,252.47","1,331.01","60,541.75"
09/24/2025 11:00,"18,462.16","2,146.85","7,454.57","1,819.31","15,514.46","5,218.92","10,663.25","1,347.64","62,627.17"
09/24/2025 12:00,"19,379.11","2,120.93","7,463.67","1,856.38","15,914.24","5,565.41","10,983.26","1,377.69","64,660.69"
09/24/2025 13:00,"20,076.41","2,100.61","7,532.50","1,903.07","16,362.54","5,806.85","11,398.41","1,430.34","66,610.72"
09/24/2025 14:00,"20,550.81","2,122.56","7,709.57","1,964.43","17,116.75","6,093.08","11,796.10","1,476.46","68,829.76"
09/24/2025 15:00,"20,198.27","2,166.21","7,830.82","2,000.14","17,665.92","6,292.51","12,128.97","1,491.88","69,774.72"
09/24/2025 16:00,"20,086.39","2,203.25","7,882.91","2,038.35","18,239.09","6,442.51","12,483.64","1,535.46","70,911.59"
09/24/2025 17:00,"20,250.40","2,260.40","7,795.31","2,076.20","18,973.07","6,531.01","12,638.97","1,577.36","72,102.72"
09/24/2025 18:00,"20,197.66","2,255.47","7,616.48","2,067.41","19,260.15","6,510.10","12,756.00","1,583.48","72,246.73"
09/24/2025 19:00,"19,294.37","2,195.66","7,697.56","2,046.69","18,749.15","6,365.78","12,200.59","1,544.88","70,094.67"
09/24/2025 20:00,"18,648.40","2,109.77","7,448.98","2,036.20","18,148.11","6,121.28","11,736.46","1,518.26","67,767.45"
09/24/2025 21:00,"18,125.13","2,077.77","7,566.82","1,976.61","17,645.51","5,865.58","11,350.74","1,508.71","66,116.87"
09/24/2025 22:00,"17,382.85","1,997.92","7,462.18","1,909.90","16,752.56","5,698.26","10,749.04","1,440.81","63,393.52"
09/24/2025 23:00,"16,474.08","1,860.69","7,629.51","1,817.63","15,423.48","5,442.45","10,014.60","1,367.47","60,029.92"
09/24/2025 24:00,"15,580.89","1,705.40","7,630.92","1,734.07","14,170.34","5,047.06","9,229.70","1,291.68","56,390.05"
09/25/2025 01:00,"14,776.78","1,591.88","7,530.76","1,666.95","13,108.15","4,704.59","8,488.22","1,224.05","53,091.39"
09/25/2025 02:00,"14,200.73","1,505.17","7,497.03","1,613.89","12,341.93","4,503.84","7,978.47","1,184.25","50,825.31"
09/25/2025 03:00,"13,800.92","1,444.26","7,417.05","1,582.60","11,799.76","4,322.76","7,721.74","1,160.24","49,249.34"
09/25/2025 04:00,"13,562.86","1,392.81","7,194.49","1,552.28","11,463.62","4,199.20","7,640.63","1,146.41","48,152.30"
09/25/2025 05:00,"13,616.49","1,418.24","7,275.81","1,571.50","11,480.26","4,121.70","7,699.73","1,150.80","48,334.52"
09/25/2025 06:00,"13,970.32","1,469.07","7,260.14","1,593.93","11,870.62","4,255.21","7,871.27","1,161.46","49,452.01"
09/25/2025 07:00,"14,420.36","1,573.07","7,256.13","1,655.66","12,715.83","4,395.78","8,341.97","1,217.53","51,576.32"
09/25/2025 08:00,"14,416.40","1,594.99","7,428.03","1,673.24","13,023.75","4,365.39","8,551.89","1,234.25","52,287.95"
09/25/2025 09:00,"14,702.84","1,657.43","7,644.06","1,700.54","13,406.96","4,340.72","8,646.76","1,236.96","53,336.28"
09/25/2025 10:00,"15,591.94","1,755.58","8,003.25","1,778.32","14,252.23","4,509.64","9,003.57","1,291.09","56,185.61"
09/25/2025 11:00,"16,424.63","1,870.26","8,052.24","1,853.59","15,040.26","4,668.19","9,575.04","1,332.44","58,816.65"
09/25/2025 12:00,"17,337.40","1,983.09","8,079.03","1,931.19","15,908.67","4,918.85","10,206.16","1,387.49","61,751.88"
09/25/2025 13:00,"18,261.50","2,108.87","8,164.19","2,008.66","16,860.89","5,126.07","10,870.32","1,471.33","64,871.82"
09/25/2025 14:00,"19,102.95","2,176.41","8,263.64","2,071.52","17,740.83","5,345.53","11,289.76","1,542.87","67,533.51"
09/25/2025 15:00,"19,654.99","2,247.14","8,264.72","2,107.07","18,478.04","5,602.50","11,632.03","1,587.23","69,573.72"
09/25/2025 16:00,"20,148.46","2,252.96","8,229.45","2,137.02","19,084.80","5,687.62","11,866.01","1,642.64","71,048.97"
09/25/2025 17:00,"20,327.10","2,265.73","8,192.82","2,170.21","19,432.63","5,793.00","11,997.07","1,680.82","71,859.38"
09/25/2025 18:00,"19,964.81","2,257.85","8,109.10","2,164.46","19,227.72","5,720.66","12,178.85","1,681.72","71,305.17"
09/25/2025 19:00,"18,924.83","2,167.85","7,875.26","2,118.28","18,560.28","5,522.69","11,962.07","1,654.03","68,785.28"
09/25/2025 20:00,"18,129.04","2,080.32","7,363.06","1,998.05","17,733.94","5,398.07","11,476.67","1,613.32","65,792.48"
09/25/2025 21:00,"17,454.77","1,987.83","7,108.46","1,907.00","17,000.10","5,213.81","10,981.54","1,547.23","63,200.73"
09/25/2025 22:00,"16,812.35","1,871.90","7,116.19","1,873.76","16,130.28","5,037.45","10,265.58","1,477.16","60,584.68"
09/25/2025 23:00,"15,982.13","1,750.38","7,535.43","1,837.35","14,976.08","4,780.43","9,566.61","1,379.68","57,808.09"
09/25/2025 24:00,"14,981.85","1,610.35","7,520.25","1,731.11","13,620.55","4,487.34","8,855.51","1,287.71","54,094.67"
09/26/2025 01:00,"14,241.19","1,532.26","7,611.88","1,667.00","12,667.68","4,208.20","8,179.79","1,222.24","51,330.23"
09/26/2025 02:00,"13,589.69","1,458.58","7,454.59","1,617.69","11,886.32","4,104.31","7,678.12","1,181.37","48,970.68"
09/26/2025 03:00,"13,132.91","1,407.24","7,569.26","1,595.57","11,355.79","4,000.47","7,311.92","1,152.16","47,525.32"
09/26/2025 04:00,"12,843.91","1,363.69","7,577.66","1,589.81","11,093.21","3,913.81","7,097.69","1,128.16","46,607.94"
09/26/2025 05:00,"12,844.74","1,360.68","7,546.99","1,579.23","11,164.31","3,809.66","6,985.47","1,125.63","46,416.69"
09/26/2025 06:00,"13,115.50","1,416.39","7,510.30","1,594.95","11,640.99","3,911.31","7,124.33","1,143.74","47,457.50"
09/26/2025 07:00,"13,564.53","1,503.82","7,514.71","1,673.66","12,486.52","3,998.24","7,487.63","1,198.63","49,427.73"
09/26/2025 08:00,"13,588.37","1,529.10","7,451.70","1,692.90","12,913.75","4,079.84","7,646.80","1,229.75","50,132.20"
09/26/2025 09:00,"14,008.89","1,575.41","7,499.12","1,697.04","13,181.58","4,175.75","7,831.60","1,256.38","51,225.77"
09/26/2025 10:00,"14,911.90","1,688.60","7,757.29","1,757.50","13,957.67","4,414.28","8,310.37","1,301.10","54,098.72"
09/26/2025 11:00,"15,933.68","1,792.28","7,868.36","1,833.46","14,958.91","4,694.67","8,934.65","1,377.48","57,393.49"
09/26/2025 12:00,"16,889.79","1,923.12","7,934.62","1,910.73","16,068.22","5,050.23","9,532.97","1,456.54","60,766.23"
09/26/2025 13:00,"17,572.71","2,049.96","8,036.38","1,998.03","17,187.81","5,454.74","10,071.13","1,525.85","63,896.62"
09/26/2025 14:00,"18,197.92","2,164.89","8,184.37","2,093.37","18,231.34","5,794.37","10,663.93","1,602.84","66,933.04"
09/26/2025 15:00,"18,729.39","2,234.08","8,246.20","2,177.42","19,144.02","5,911.56","11,224.48","1,648.46","69,315.62"
09/26/2025 16:00,"19,015.17","2,269.12","8,284.41","2,245.41","19,726.86","6,025.58","11,725.73","1,707.12","70,999.40"
09/26/2025 17:00,"19,064.48","2,310.55","8,342.46","2,290.50","20,295.66","6,086.77","12,082.42","1,754.54","72,227.38"
09/26/2025 18:00,"18,737.38","2,298.22","8,262.24","2,273.19","20,123.83","6,008.46","12,180.51","1,753.35","71,637.17"
09/26/2025 19:00,"17,635.65","2,152.84","7,765.04","2,178.14","19,027.12","5,718.24","11,811.84","1,673.25","67,962.11"
09/26/2025 20:00,"16,758.98","2,006.83","7,467.27","2,039.20","17,771.28","5,454.23","11,105.49","1,569.99","64,173.27"
09/26/2025 21:00,"16,258.34","1,918.64","7,617.09","2,003.02","17,035.27","5,355.40","10,502.84","1,516.32","62,206.92"
09/26/2025 22:00,"15,515.86","1,815.32","7,484.20","1,937.14","16,177.59","5,112.35","9,815.26","1,437.05","59,294.78"
09/26/2025 23:00,"14,730.50","1,671.76","7,418.43","1,823.76","15,063.72","4,886.95","9,131.40","1,361.02","56,087.54"
09/26/2025 24:00,"14,055.32","1,553.82","7,491.87","1,744.54","14,082.05","4,617.90","8,449.30","1,300.79","53,295.59"
09/27/2025 01:00,"13,268.77","1,478.54","7,509.59","1,661.59","13,044.66","4,343.73","7,839.29","1,223.38","50,369.56"
09/27/2025 02:00,"12,619.55","1,380.13","7,472.98","1,598.38","12,117.50","4,203.16","7,322.88","1,180.37","47,894.96"
09/27/2025 03:00,"12,236.50","1,320.71","7,471.06","1,560.68","11,568.65","3,916.81","6,967.41","1,153.44","46,195.27"
09/27/2025 04:00,"11,895.08","1,284.06","7,420.37","1,527.04","11,168.68","3,800.12","6,732.63","1,126.37","44,954.35"
09/27/2025 05:00,"11,730.97","1,254.65","7,463.09","1,515.83","10,937.12","3,818.05","6,596.22","1,116.62","44,432.56"
09/27/2025 06:00,"11,719.62","1,254.75","7,490.36","1,522.65","10,946.37","3,878.47","6,549.16","1,119.91","44,481.28"
09/27/2025 07:00,"11,841.74","1,238.55","7,504.39","1,533.89","11,199.23","3,921.50","6,613.19","1,132.05","44,984.55"
09/27/2025 08:00,"11,940.61","1,325.10","7,538.06","1,540.61","11,325.59","3,840.72","6,756.39","1,122.08","45,389.16"
09/27/2025 09:00,"12,501.11","1,413.40","7,614.96","1,596.82","12,022.82","3,971.61","7,094.00","1,158.93","47,373.66"
09/27/2025 10:00,"13,503.04","1,536.13","7,823.65","1,713.47","13,082.57","4,297.33","7,721.50","1,192.46","50,870.15"
09/27/2025 11:00,"14,584.28","1,667.62","7,944.37","1,780.07","14,213.26","4,709.04","8,466.19","1,265.29","54,630.12"
09/27/2025 12:00,"15,578.43","1,810.53","8,045.74","1,849.72","15,351.51","5,042.80","9,159.18","1,352.43","58,190.34"
09/27/2025 13:00,"16,370.60","1,933.93","8,256.85","1,946.37","16,549.18","5,267.23","9,855.45","1,438.77","61,618.39"
09/27/2025 14:00,"17,084.99","2,091.44","8,393.36","2,053.93","17,675.12","5,513.92","10,521.43","1,534.90","64,869.09"
09/27/2025 15:00,"17,720.12","2,180.39","8,400.22","2,158.18","18,697.62","5,708.19","11,116.02","1,614.23","67,594.97"
09/27/2025 16:00,"18,212.59","2,295.02","8,437.03","2,229.02","19,484.04","5,782.71","11,643.44","1,686.15","69,770.00"
09/27/2025 17:00,"18,398.36","2,324.23","8,470.83","2,268.11","19,942.49","5,814.79","12,027.96","1,728.78","70,975.56"
09/27/2025 18:00,"18,169.26","2,314.97","8,276.47","2,266.19","19,857.13","5,746.26","12,113.65","1,750.57","70,494.50"
09/27/2025 19:00,"17,466.53","2,183.73","8,050.42","2,198.81","19,020.46","5,551.26","11,787.41","1,707.53","67,966.14"
09/27/2025 20:00,"16,636.56","2,044.26","7,802.37","2,076.30","17,857.70","5,324.51","11,176.33","1,613.29","64,531.32"
09/27/2025 21:00,"16,024.22","1,888.49","7,967.83","2,001.85","17,000.82","5,100.27","10,530.09","1,549.02","62,062.59"
09/27/2025 22:00,"15,294.87","1,818.11","7,909.10","1,905.83","15,974.38","4,870.27","9,888.77","1,463.94","59,125.27"
09/27/2025 23:00,"14,531.06","1,691.82","7,851.38","1,809.33","14,892.25","4,637.51","9,238.49","1,394.46","56,046.30"
09/27/2025 24:00,"13,751.03","1,555.61","7,851.14","1,715.63","13,765.87","4,365.27","8,559.99","1,364.67","52,929.21"
09/28/2025 01:00,"13,051.02","1,451.76","7,822.09","1,678.24","12,785.67","4,144.57","7,893.74","1,263.18","50,090.26"
09/28/2025 02:00,"12,506.97","1,372.39","7,687.57","1,638.75","11,965.11","3,941.09","7,368.46","1,199.88","47,680.23"
09/28/2025 03:00,"12,072.59","1,278.28","7,729.31","1,616.88","11,341.44","3,799.75","6,979.34","1,187.65","46,005.25"
09/28/2025 04:00,"11,787.71","1,220.50","7,645.67","1,595.94","10,930.35","3,709.28","6,695.91","1,130.29","44,715.66"
09/28/2025 05:00,"11,562.60","1,239.09","7,590.83","1,569.29","10,683.07","3,644.29","6,511.41","1,108.05","43,908.63"
09/28/2025 06:00,"11,496.21","1,247.31","7,511.00","1,556.37","10,649.55","3,572.69","6,426.76","1,103.15","43,563.05"
09/28/2025 07:00,"11,503.67","1,264.75","7,461.52","1,553.19","10,760.48","3,599.66","6,483.05","1,114.29","43,740.61"
09/28/2025 08:00,"11,489.66","1,294.57","7,460.98","1,565.78","10,896.00","3,533.05","6,550.74","1,138.29","43,929.07"
09/28/2025 09:00,"12,000.77","1,372.39","7,613.83","1,607.56","11,630.86","3,637.60","6,920.46","1,167.89","45,951.35"
09/28/2025 10:00,"12,914.09","1,505.02","8,008.21","1,685.73","12,668.34","3,915.16","7,525.69","1,211.66","49,433.91"
09/28/2025 11:00,"13,972.40","1,643.71","8,146.24","1,758.82","13,779.45","4,265.56","8,228.54","1,269.13","53,063.86"
09/28/2025 12:00,"15,034.53","1,795.79","8,197.27","1,851.30","14,940.05","4,564.77","8,952.02","1,345.00","56,680.72"
09/28/2025 13:00,"15,997.95","1,924.92","8,310.73","1,948.49","16,141.32","4,726.51","9,580.03","1,440.17","60,070.10"
09/28/2025 14:00,"16,864.15","2,020.66","8,400.71","2,046.45","17,195.00","5,026.46","10,250.91","1,518.51","63,322.84"
09/28/2025 15:00,"17,589.52","2,102.78","8,467.73","2,132.60","18,015.44","5,241.95","10,836.65","1,598.43","65,985.11"
09/28/2025 16:00,"18,201.61","2,195.85","8,461.73","2,194.05","18,624.27","5,350.63","11,448.89","1,655.76","68,132.79"
09/28/2025 17:00,"18,462.55","2,248.44","8,238.72","2,222.31","19,033.72","5,426.73","11,868.91","1,674.98","69,176.35"
09/28/2025 18:00,"18,230.51","2,237.81","8,014.81","2,213.54","18,943.68","5,409.43","12,030.74","1,666.52","68,747.03"
09/28/2025 19:00,"17,569.48","2,181.56","8,022.02","2,141.07","18,309.37","5,253.13","11,785.64","1,632.33","66,894.60"
09/28/2025 20:00,"16,843.78","2,096.76","7,972.42","2,052.44","17,642.93","5,092.94","11,287.45","1,573.47","64,562.19"
09/28/2025 21:00,"16,269.14","2,002.98","8,040.37","1,992.99","17,018.16","4,977.10","10,724.19","1,524.79","62,549.71"
09/28/2025 22:00,"15,425.12","1,871.47","7,805.75","1,889.43","16,018.78","4,778.66","10,037.86","1,436.15","59,263.21"
09/28/2025 23:00,"14,499.32","1,722.57","7,721.61","1,822.96","14,758.62","4,598.39","9,244.17","1,355.19","55,722.83"
09/28/2025 24:00,"13,528.29","1,579.40","7,670.71","1,735.91","13,566.80","4,236.03","8,475.05","1,286.14","52,078.33"
09/29/2025 01:00,"12,815.68","1,453.20","7,725.13","1,628.71","12,528.81","4,041.50","7,794.38","1,223.06","49,210.47"
09/29/2025 02:00,"12,225.99","1,359.53","7,686.30","1,580.06","11,713.69","3,832.53","7,259.62","1,235.78","46,893.51"
09/29/2025 03:00,"11,838.97","1,322.56","7,716.94","1,590.89","11,170.37","3,672.91","6,918.19","1,241.57","45,472.40"
09/29/2025 04:00,"11,662.43","1,294.24","7,752.47","1,564.97","10,879.97","3,645.99","6,709.89","1,189.88","44,699.86"
09/29/2025 05:00,"11,770.61","1,271.90","7,410.94","1,572.53","10,936.27","3,610.98","6,619.73","1,127.59","44,320.55"
09/29/2025 06:00,"12,064.20","1,360.58","7,260.46","1,599.12","11,422.25","3,670.25","6,799.29","1,141.86","45,318.01"
09/29/2025 07:00,"12,524.00","1,451.33","7,367.31","1,664.93","12,232.69","3,844.13","7,232.73","1,193.75","47,510.87"
09/29/2025 08:00,"12,641.56","1,480.79","7,534.43","1,697.25","12,655.38","3,780.40","7,437.09","1,200.60","48,427.50"
09/29/2025 09:00,"13,085.51","1,550.53","7,594.18","1,731.04","13,071.08","3,705.57","7,643.22","1,210.36","49,591.50"
09/29/2025 10:00,"13,753.68","1,639.29","7,455.17","1,749.75","13,744.87","3,872.55","8,031.30","1,252.89","51,499.51"
09/29/2025 11:00,"14,914.50","1,786.47","7,927.82","1,853.45","14,918.49","4,323.64","8,624.74","1,322.54","55,671.64"
09/29/2025 12:00,"16,008.38","1,938.15","8,085.02","1,917.02","15,919.76","4,707.20","9,217.87","1,384.18","59,177.58"
09/29/2025 13:00,"16,972.57","2,046.72","8,151.50","1,974.99","16,822.64","4,984.92","9,782.39","1,456.01","62,191.74"
09/29/2025 14:00,"18,005.19","2,149.83","8,157.69","2,045.68","17,900.33","5,254.18","10,374.28","1,529.65","65,416.86"
09/29/2025 15:00,"18,777.69","2,318.01","8,167.10","2,092.37","18,809.39","5,452.17","10,885.30","1,570.80","68,072.83"
09/29/2025 16:00,"19,378.29","2,323.34","8,091.89","2,129.06","19,470.09","5,627.22","11,167.37","1,586.56","69,773.82"
09/29/2025 17:00,"19,653.77","2,391.53","8,052.73","2,148.53","19,775.77","5,645.72","11,367.49","1,586.95","70,622.50"
09/29/2025 18:00,"19,242.18","2,352.50","7,894.73","2,135.15","19,583.65","5,541.41","11,350.02","1,552.63","69,652.27"
09/29/2025 19:00,"18,325.28","2,269.28","7,832.88","2,088.18","18,804.19","5,363.75","11,120.32","1,519.94","67,323.82"
09/29/2025 20:00,"17,785.17","2,203.05","7,665.68","2,061.31","18,330.58","5,366.68","10,875.52","1,519.38","65,807.36"
09/29/2025 21:00,"17,101.61","2,108.61","7,622.14","2,025.82","17,721.19","5,189.58","10,473.16","1,505.22","63,747.32"
09/29/2025 22:00,"16,258.39","1,969.27","7,640.70","1,961.39","16,761.59","4,869.64","9,953.20","1,441.62","60,855.80"
09/29/2025 23:00,"15,218.56","1,829.84","7,764.20","1,869.86","15,516.55","4,504.05","9,278.85","1,360.72","57,342.65"
09/29/2025 24:00,"14,187.88","1,602.59","7,857.56","1,772.84","14,213.39","4,294.91","8,551.51","1,271.32","53,752.01"
09/30/2025 01:00,"13,453.07","1,559.38","7,549.91","1,702.92","13,266.44","4,067.33","7,960.33","1,231.02","50,790.40"
09/30/2025 02:00,"12,910.16","1,499.14","7,468.42","1,655.82","12,584.12","3,891.99","7,543.71","1,186.20","48,739.57"
09/30/2025 03:00,"12,546.84","1,456.35","7,399.07","1,619.63","12,149.25","3,741.06","7,255.38","1,160.06","47,327.64"
09/30/2025 04:00,"12,355.05","1,445.14","7,443.96","1,597.15","11,909.80","3,589.79","7,062.21","1,138.72","46,541.83"
09/30/2025 05:00,"12,374.46","1,446.39","7,465.42","1,599.97","11,938.41","3,592.76","7,025.43","1,131.66","46,574.50"
09/30/2025 06:00,"12,721.52","1,498.07","7,538.38","1,641.88","12,417.61","3,660.46","7,165.38","1,145.96","47,789.27"
09/30/2025 07:00,"13,225.85","1,592.26","7,620.08","1,706.31","13,336.90","3,885.83","7,578.42","1,205.19","50,150.86"
09/30/2025 08:00,"13,350.71","1,619.89","7,708.72","1,734.97","13,696.31","3,905.21","7,705.46","1,236.46","50,957.73"
09/30/2025 09:00,"13,571.28","1,653.91","7,799.07","1,749.10","13,908.01","3,929.79","7,838.08","1,226.24","51,675.48"
09/30/2025 10:00,"14,141.44","1,720.30","8,066.27","1,799.17","14,734.65","4,112.48","8,271.35","1,258.41","54,104.07"
09/30/2025 11:00,"15,002.23","1,837.65","8,118.59","1,868.49","15,753.01","4,413.12","8,882.19","1,331.87","57,207.15"
09/30/2025 12:00,"16,162.29","1,979.47","8,144.78","1,941.51","16,898.66","4,732.49","9,609.69","1,417.90","60,886.78"
09/30/2025 13:00,"17,432.26","2,130.67","8,263.53","2,022.56","18,129.99","5,031.06","10,342.75","1,511.54","64,864.36"
09/30/2025 14:00,"18,632.45","2,268.13","8,376.48","2,117.22","19,140.86","5,351.47","11,023.67","1,592.36","68,502.64"
09/30/2025 15:00,"19,443.33","2,356.40","8,434.45","2,175.48","19,988.90","5,457.64","11,426.90","1,668.20","70,951.28"
09/30/2025 16:00,"19,957.62","2,396.78","8,476.53","2,208.62","20,573.53","5,627.73","11,829.12","1,719.51","72,789.45"
09/30/2025 17:00,"20,256.55","2,392.05","8,514.75","2,250.48","21,044.74","5,778.86","11,966.63","1,772.99","73,977.06"
09/30/2025 18:00,"19,992.80","2,374.06","8,505.89","2,238.46","21,006.81","5,821.85","12,064.38","1,768.82","73,773.07"
09/30/2025 19:00,"19,039.00","2,267.20","8,251.12","2,181.69","20,151.40","5,680.52","11,965.64","1,732.23","71,268.81"
09/30/2025 20:00,"18,180.05","2,177.40","7,793.76","2,134.16","19,131.70","5,542.76","11,515.73","1,636.43","68,111.99"
09/30/2025 21:00,"17,406.34","2,105.38","7,858.78","2,072.97","18,239.02","5,388.76","11,090.45","1,561.47","65,723.17"
09/30/2025 22:00,"16,560.30","1,974.64","7,682.47","1,976.27","17,136.82","5,105.30","10,373.64","1,492.33","62,301.77"
09/30/2025 23:00,"15,460.25","1,827.92","7,543.57","1,840.49","15,666.42","4,745.03","9,498.69","1,518.85","58,101.22"
09/30/2025 24:00,"14,433.33","1,669.44","7,544.62","1,733.97","14,283.97","4,411.97","8,646.01","1,340.77","54,064.09"
10/01/2025 01:00,"13,764.55","1,592.49","7,436.95","1,670.29","13,234.06","4,008.20","7,992.82","1,212.19","50,911.55"
10/01/2025 02:00,"13,149.50","1,489.99","7,604.97","1,622.91","12,416.21","3,804.92","7,463.93","1,212.76","48,765.19"
10/01/2025 03:00,"12,675.45","1,440.28","7,486.70","1,579.99","11,849.78","3,807.11","7,152.34","1,135.89","47,127.54"
10/01/2025 04:00,"12,420.05","1,405.14","7,600.35","1,576.43","11,490.57","3,719.51","6,925.19","1,118.42","46,255.67"
10/01/2025 05:00,"12,440.91","1,407.89","7,657.99","1,554.77","11,422.24","3,672.78","6,879.15","1,114.41","46,150.15"
10/01/2025 06:00,"12,761.03","1,446.05","7,611.64","1,570.51","11,885.50","3,733.71","7,029.76","1,128.26","47,166.46"
10/01/2025 07:00,"13,166.99","1,558.15","7,702.06","1,623.57","12,709.15","3,921.70","7,390.94","1,168.40","49,240.95"
10/01/2025 08:00,"13,245.06","1,575.41","7,603.21","1,651.94","13,065.35","3,938.74","7,551.11","1,220.91","49,851.75"
10/01/2025 09:00,"13,687.48","1,639.79","7,401.82","1,692.82","13,443.08","3,914.82","7,720.03","1,237.84","50,737.68"
10/01/2025 10:00,"14,741.45","1,750.35","7,652.64","1,776.26","14,334.00","4,147.62","8,192.32","1,287.26","53,881.89"
10/01/2025 11:00,"15,896.43","1,911.37","7,793.48","1,844.62","15,387.23","4,523.24","8,860.90","1,365.34","57,582.61"
10/01/2025 12:00,"17,065.26","2,074.01","7,948.14","1,924.20","16,582.95","4,920.70","9,615.88","1,447.27","61,578.41"
10/01/2025 13:00,"18,128.24","2,232.31","8,122.04","2,028.82","17,819.42","5,226.80","10,379.92","1,555.96","65,493.53"
10/01/2025 14:00,"19,045.12","2,363.17","8,280.82","2,155.23","19,142.03","5,548.74","11,130.53","1,665.50","69,331.14"
10/01/2025 15:00,"19,699.81","2,433.22","8,311.83","2,228.63","20,198.69","5,785.46","11,830.10","1,746.33","72,234.08"
10/01/2025 16:00,"20,116.23","2,485.10","8,431.92","2,272.88","20,948.61","5,886.00","12,392.95","1,801.17","74,334.88"
10/01/2025 17:00,"20,170.09","2,521.22","8,373.62","2,309.21","21,482.65","6,063.35","12,780.96","1,842.79","75,543.90"
10/01/2025 18:00,"19,835.27","2,475.55","8,333.07","2,285.31","21,418.21","6,019.14","12,935.13","1,808.42","75,110.11"
10/01/2025 19:00,"18,998.35","2,377.36","8,184.93","2,219.43","20,560.79","5,798.61","12,638.33","1,751.60","72,529.40"
10/01/2025 20:00,"18,322.73","2,241.25","7,680.50","2,156.58","19,514.72","5,640.84","12,063.41","1,656.80","69,276.83"
10/01/2025 21:00,"17,695.84","2,129.37","7,723.25","2,052.12","18,544.02","5,474.36","11,462.63","1,611.89","66,693.48"
10/01/2025 22:00,"17,061.87","2,026.01","7,651.73","1,963.46","17,459.07","5,110.73","10,750.62","1,498.24","63,521.72"
10/01/2025 23:00,"16,052.31","1,849.30","7,673.28","1,847.56","16,015.23","4,729.99","9,914.23","1,400.32","59,482.22"
10/01/2025 24:00,"14,997.82","1,722.70","7,536.71","1,740.50","14,529.37","4,372.55","9,074.94","1,329.78","55,304.36"
10/02/2025 01:00,"14,162.67","1,597.78","7,385.12","1,669.22","13,556.81","4,132.65","8,384.92","1,260.62","52,149.78"
10/02/2025 02:00,"13,516.47","1,479.13","7,310.30","1,619.56","12,756.43","3,956.27","7,851.01","1,209.26","49,698.44"
10/02/2025 03:00,"13,071.92","1,449.22","7,403.91","1,585.10","12,133.07","3,833.49","7,440.30","1,220.27","48,137.29"
10/02/2025 04:00,"12,834.08","1,391.09","7,343.29","1,550.57","11,755.96","3,720.36","7,168.95","1,158.60","46,922.89"
10/02/2025 05:00,"12,817.93","1,380.53","7,402.19","1,568.18","11,670.85","3,749.98","7,087.01","1,150.91","46,827.58"
10/02/2025 06:00,"13,167.84","1,437.96","7,434.75","1,602.67","12,144.44","3,821.46","7,242.75","1,164.97","48,016.85"
10/02/2025 07:00,"13,694.45","1,541.37","7,436.97","1,660.50","13,011.03","4,014.85","7,625.54","1,213.14","50,197.84"
10/02/2025 08:00,"13,806.22","1,549.20","7,526.50","1,689.60","13,375.77","3,954.26","7,767.77","1,235.29","50,904.60"
10/02/2025 09:00,"14,189.72","1,625.23","7,534.66","1,713.91","13,724.35","3,946.88","7,920.07","1,224.14","51,878.96"
10/02/2025 10:00,"15,111.36","1,711.80","8,049.62","1,808.98","14,511.82","4,234.66","8,377.31","1,267.81","55,073.36"
10/02/2025 11:00,"16,381.66","1,886.42","8,060.68","1,912.65","15,697.92","4,584.16","9,072.03","1,336.45","58,931.95"
10/02/2025 12:00,"17,525.74","2,019.58","8,117.72","2,004.92","16,971.27","4,967.89","9,817.41","1,431.86","62,856.39"
10/02/2025 13:00,"18,445.78","2,180.30","8,282.83","2,090.85","18,161.81","5,221.75","10,635.17","1,564.31","66,582.82"
10/02/2025 14:00,"19,125.46","2,335.75","8,392.06","2,208.32","19,310.60","5,521.64","11,455.84","1,663.83","70,013.52"
10/02/2025 15:00,"19,718.24","2,410.15","8,575.23","2,284.04","20,414.80","5,774.74","12,173.36","1,740.56","73,091.14"
10/02/2025 16:00,"20,126.95","2,439.98","8,618.33","2,322.35","21,094.99","5,919.62","12,624.02","1,803.55","74,949.80"
10/02/2025 17:00,"20,222.17","2,477.45","8,594.69","2,348.62","21,503.70","5,991.96","12,899.62","1,850.94","75,889.16"
10/02/2025 18:00,"19,836.22","2,450.84","8,585.31","2,321.28","21,341.21","5,863.41","12,952.28","1,837.10","75,187.66"
10/02/2025 19:00,"18,904.64","2,368.55","8,036.02","2,253.36","20,548.00","5,715.95","12,607.74","1,788.76","72,223.02"
10/02/2025 20:00,"18,106.08","2,209.23","7,353.13","2,141.31","19,600.41","5,510.30","12,071.05","1,729.27","68,720.79"
10/02/2025 21:00,"17,456.34","2,112.99","7,250.87","2,075.44","18,766.53","5,307.31","11,490.55","1,693.23","66,153.26"
10/02/2025 22:00,"16,701.21","1,980.98","7,343.42","2,001.90","17,669.17","5,164.36","10,809.74","1,627.77","63,298.56"
10/02/2025 23:00,"15,678.55","1,835.36","7,529.77","1,897.01","16,220.55","4,849.40","10,063.47","1,450.35","59,524.45"
10/02/2025 24:00,"14,755.10","1,688.73","7,615.95","1,802.02","14,817.94","4,501.55","9,266.19","1,397.58","55,845.05"
10/03/2025 01:00,"13,966.54","1,598.29","7,648.62","1,732.48","13,689.10","4,229.74","8,571.18","1,313.17","52,749.14"
10/03/2025 02:00,"13,410.06","1,499.61","7,629.20","1,676.44","12,859.01","3,980.59","8,046.56","1,240.87","50,342.34"
10/03/2025 03:00,"13,017.38","1,429.20","7,703.03","1,632.62","12,319.45","3,859.67","7,613.02","1,197.94","48,772.33"
10/03/2025 04:00,"12,794.46","1,386.24","7,677.87","1,605.30","11,974.97","3,784.65","7,371.86","1,184.38","47,779.73"
10/03/2025 05:00,"13,027.36","1,390.41","7,636.17","1,130.39","12,118.92","3,754.52","7,310.85","1,173.26","47,541.87"
10/03/2025 06:00,"13,420.84","1,439.80","7,665.42","1,036.66","12,634.89","3,832.69","7,461.93","1,192.29","48,684.52"
10/03/2025 07:00,"13,816.81","1,527.27","7,688.87","1,092.29","13,382.33","4,065.86","7,834.31","1,240.48","50,648.22"
10/03/2025 08:00,"13,918.59","1,556.66","7,775.15","1,112.60","13,734.55","4,075.11","7,951.63","1,260.35","51,384.63"
10/03/2025 09:00,"14,395.90","1,630.32","7,900.20","1,171.16","14,193.82","4,071.69","8,109.38","1,257.64","52,730.10"
10/03/2025 10:00,"15,357.19","1,751.84","8,082.03","1,262.63","15,152.13","4,318.09","8,622.99","1,315.17","55,862.08"
10/03/2025 11:00,"16,437.45","1,901.60","8,179.70","1,345.54","16,270.37","4,647.26","9,295.44","1,401.25","59,478.61"
10/03/2025 12:00,"17,399.04","2,070.29","8,179.68","1,443.87","17,562.01","4,999.29","10,035.50","1,502.56","63,192.23"
10/03/2025 13:00,"18,251.65","2,233.65","8,303.23","1,542.35","19,010.41","5,278.91","10,826.20","1,600.32","67,046.72"
10/03/2025 14:00,"19,009.76","2,363.17","8,361.83","1,641.08","20,357.56","5,561.72","11,498.21","1,669.72","70,463.06"
10/03/2025 15:00,"19,499.10","2,487.11","8,384.83","1,721.37","21,275.40","5,785.04","11,998.05","1,726.88","72,877.76"
10/03/2025 16:00,"19,882.07","2,534.29","8,413.48","1,770.60","21,832.18","5,792.61","12,397.10","1,788.31","74,410.65"
10/03/2025 17:00,"19,900.35","2,535.87","8,434.33","1,789.19","22,041.03","5,824.17","12,612.23","1,824.15","74,961.33"
10/03/2025 18:00,"19,390.14","2,495.56","8,265.67","1,747.19","21,721.55","5,782.79","12,619.73","1,811.64","73,834.26"
10/03/2025 19:00,"18,332.59","2,396.97","7,903.44","1,675.20","20,742.85","5,625.80","12,273.93","1,757.98","70,708.76"
10/03/2025 20:00,"17,636.59","2,244.86","7,839.40","1,575.98","19,573.09","5,390.44","11,743.91","1,683.15","67,687.41"
10/03/2025 21:00,"17,040.25","2,124.24","7,906.83","1,476.90","18,567.95","5,269.89","11,254.71","1,626.59","65,267.37"
10/03/2025 22:00,"16,437.94","2,014.77","7,852.32","1,388.05","17,632.22","5,088.87","10,710.85","1,571.28","62,696.31"
10/03/2025 23:00,"15,682.49","1,873.72","7,780.48","1,302.92","16,504.32","4,827.50","10,080.46","1,490.78","59,542.66"
10/03/2025 24:00,"14,759.85","1,730.80","7,822.60","1,210.67","15,278.27","4,598.42","9,397.62","1,424.23","56,222.45"
10/04/2025 01:00,"14,051.45","1,622.52","7,800.79","1,144.21","14,307.99","4,389.56","8,487.15","1,369.94","53,173.60"
10/04/2025 02:00,"13,336.65","1,499.54","7,776.24","1,386.43","13,342.33","4,066.95","7,898.39","1,319.08","50,625.60"
10/04/2025 03:00,"12,714.30","1,430.20","7,678.26","1,545.87","12,517.11","3,945.47","7,451.58","1,277.38","48,560.18"
10/04/2025 04:00,"12,406.11","1,383.94","7,695.56","1,526.61","12,028.94","3,730.81","7,147.91","1,251.94","47,171.81"
10/04/2025 05:00,"12,175.70","1,313.30","7,654.65","1,545.35","11,738.16","3,772.51","6,950.66","1,234.78","46,385.11"
10/04/2025 06:00,"12,120.86","1,308.15","7,567.02","1,541.23","11,665.19","3,812.71","6,864.48","1,220.80","46,100.44"
10/04/2025 07:00,"12,257.83","1,332.89","7,591.45","1,555.59","11,865.50","3,812.52","6,929.12","1,224.98","46,569.89"
10/04/2025 08:00,"12,339.95","1,369.22","7,610.81","1,588.50","12,021.65","3,712.42","7,041.95","1,222.46","46,906.97"
10/04/2025 09:00,"12,846.87","1,431.88","7,690.08","1,611.66","12,585.90","3,781.27","7,355.80","1,243.37","48,546.83"
10/04/2025 10:00,"13,845.93","1,549.37","7,813.16","1,696.09","13,617.82","4,095.73","7,979.13","1,301.91","51,899.14"
10/04/2025 11:00,"14,895.58","1,698.89","7,768.39","1,729.53","14,700.10","4,563.47","8,675.26","1,380.79","55,412.01"
10/04/2025 12:00,"15,863.09","1,876.46","7,760.69","1,806.12","15,793.67","4,907.38","9,326.42","1,465.14","58,798.97"
10/04/2025 13:00,"16,691.46","2,019.96","7,822.86","1,881.25","16,758.85","5,166.18","9,943.96","1,543.82","61,828.32"
10/04/2025 14:00,"17,437.32","2,114.79","7,865.80","1,966.75","17,762.78","5,416.77","10,512.82","1,616.32","64,693.35"
10/04/2025 15:00,"17,996.02","2,240.62","7,869.14","2,043.35","18,607.36","5,594.88","10,993.74","1,678.53","67,023.63"
10/04/2025 16:00,"18,455.74","2,318.37","7,928.20","2,086.31","19,319.20","5,708.34","11,400.80","1,734.70","68,951.67"
10/04/2025 17:00,"18,555.09","2,349.25","7,969.05","2,121.77","19,676.24","5,717.99","11,710.52","1,768.12","69,868.03"
10/04/2025 18:00,"18,258.57","2,305.51","7,935.45","2,136.88","19,478.09","5,655.87","11,753.07","1,774.42","69,297.87"
10/04/2025 19:00,"17,619.26","2,195.06","7,869.64","2,074.94","18,649.48","5,542.31","11,467.62","1,732.22","67,150.54"
10/04/2025 20:00,"17,026.25","2,052.03","7,661.68","2,003.93","17,637.33","5,341.51","10,886.75","1,662.74","64,272.23"
10/04/2025 21:00,"16,446.70","1,959.26","7,777.45","1,942.12","16,851.34","5,195.48","10,421.02","1,600.81","62,194.18"
10/04/2025 22:00,"15,900.66","1,865.72","7,742.92","1,879.15","16,057.59","5,001.47","9,825.28","1,537.99","59,810.77"
10/04/2025 23:00,"15,246.72","1,784.29","7,703.98","1,809.71","15,244.82","4,758.52","9,337.84","1,475.70","57,361.59"
10/04/2025 24:00,"14,553.06","1,655.94","7,638.17","1,732.71","14,317.25","4,538.69","8,724.11","1,411.65","54,571.57"
10/05/2025 01:00,"13,885.97","1,564.21","7,567.88","1,664.42","13,305.86","4,309.32","8,352.94","1,322.55","51,973.14"
10/05/2025 02:00,"13,384.58","1,483.26","7,542.48","1,624.92","12,631.56","4,110.13","7,863.90","1,270.63","49,911.44"
10/05/2025 03:00,"12,980.68","1,395.06","7,527.07","1,598.36","12,021.64","3,983.43","7,494.88","1,242.56","48,243.68"
10/05/2025 04:00,"12,675.58","1,374.79","7,506.98","1,576.71","11,612.57","3,889.36","7,200.31","1,219.01","47,055.31"
10/05/2025 05:00,"12,431.82","1,341.30","7,507.95","1,567.22","11,376.31","3,814.43","6,995.54","1,199.56","46,234.13"
10/05/2025 06:00,"12,313.31","1,338.33","7,490.88","1,560.61","11,275.96","3,744.38","6,902.15","1,193.38","45,819.00"
10/05/2025 07:00,"12,311.87","1,363.33","7,492.94","1,567.68","11,388.25","3,789.93","6,914.04","1,201.94","46,029.98"
10/05/2025 08:00,"12,279.84","1,385.00","7,545.50","1,576.19","11,523.96","3,747.12","7,001.13","1,216.08","46,274.82"
10/05/2025 09:00,"12,773.55","1,467.40","7,644.70","1,605.52","12,230.15","3,873.92","7,381.84","1,246.41","48,223.48"
10/05/2025 10:00,"13,709.35","1,617.23","7,635.34","1,681.88","13,323.49","4,170.22","8,042.66","1,313.68","51,493.84"
10/05/2025 11:00,"14,762.78","1,735.41","7,640.43","1,749.22","14,496.31","4,481.86","8,769.41","1,388.61","55,024.03"
10/05/2025 12:00,"15,829.45","1,891.33","7,777.08","1,809.64","15,852.09","4,817.62","9,500.89","1,462.19","58,940.29"
10/05/2025 13:00,"16,860.48","2,054.16","7,937.21","1,921.77","17,124.96","4,992.23","10,190.57","1,542.35","62,623.74"
10/05/2025 14:00,"17,798.73","2,189.23","8,036.32","2,005.62","18,207.05","5,315.80","10,807.82","1,619.11","65,979.69"
10/05/2025 15:00,"18,608.45","2,322.50","8,118.08","2,082.52","19,088.74","5,535.48","11,360.97","1,691.44","68,808.19"
10/05/2025 16:00,"19,235.70","2,405.24","8,179.40","2,134.59","19,725.40","5,639.02","11,775.49","1,743.52","70,838.36"
10/05/2025 17:00,"19,515.79","2,465.87","8,130.51","2,176.98","20,165.74","5,738.71","12,077.94","1,771.56","72,043.10"
10/05/2025 18:00,"19,387.01","2,456.75","7,954.99","2,196.83","20,191.55","5,777.91","12,153.84","1,774.31","71,893.19"
10/05/2025 19:00,"18,637.50","2,358.63","7,916.90","2,142.65","19,526.06","5,601.77","11,901.04","1,732.88","69,817.43"
10/05/2025 20:00,"18,098.64","2,265.87","7,771.28","2,081.00","18,671.59","5,408.07","11,438.34","1,684.18","67,418.98"
10/05/2025 21:00,"17,558.88","2,140.64","7,825.92","2,019.34","17,917.99","5,281.01","10,921.46","1,622.50","65,287.72"
10/05/2025 22:00,"16,929.60","2,032.90","7,705.88","1,948.65","17,019.73","5,126.18","10,301.82","1,539.37","62,604.13"
10/05/2025 23:00,"15,951.35","1,887.23","7,688.03","1,854.94","15,734.96","4,924.51","9,538.49","1,513.38","59,092.89"
10/05/2025 24:00,"15,039.29","1,728.82","7,662.65","1,764.41","14,442.53","4,539.01","8,773.23","1,364.55","55,314.48"
10/06/2025 01:00,"14,123.06","1,565.14","7,657.39","1,684.24","13,203.25","4,311.11","8,278.56","1,302.17","52,124.91"
10/06/2025 02:00,"13,566.75","1,457.43","7,581.17","1,638.58","12,448.84","4,101.01","7,814.34","1,261.34","49,869.47"
10/06/2025 03:00,"13,185.16","1,428.96","7,531.71","1,601.73","11,995.72","3,916.12","7,490.31","1,227.96","48,377.67"
10/06/2025 04:00,"12,986.57","1,411.81","7,556.99","1,576.73","11,729.08","3,873.41","7,340.04","1,204.41","47,679.06"
10/06/2025 05:00,"13,117.46","1,441.30","7,449.24","1,580.78","11,889.19","3,851.64","7,302.14","1,200.68","47,832.43"
10/06/2025 06:00,"13,475.25","1,505.91","7,347.21","1,655.86","12,417.26","3,942.82","7,476.27","1,216.04","49,036.63"
10/06/2025 07:00,"13,905.74","1,600.49","7,399.42","1,690.36","13,310.83","4,136.08","7,857.30","1,270.49","51,170.71"
10/06/2025 08:00,"14,027.04","1,630.53","7,332.11","1,732.52","13,758.74","4,092.91","7,962.91","1,291.34","51,828.08"
10/06/2025 09:00,"14,512.02","1,697.55","7,318.32","1,793.41","14,149.20","4,071.98","8,154.34","1,298.11","52,994.93"
10/06/2025 10:00,"15,496.26","1,845.17","7,350.37","1,830.23","15,130.83","4,284.83","8,697.46","1,362.34","55,997.50"
10/06/2025 11:00,"16,542.38","2,016.66","7,389.29","1,925.14","16,303.61","4,734.74","9,312.89","1,435.12","59,659.84"
10/06/2025 12:00,"17,495.74","2,157.70","7,549.64","2,012.33","17,581.81","5,127.57","10,015.48","1,516.61","63,456.88"
10/06/2025 13:00,"18,270.72","2,299.93","7,767.72","2,089.80","18,990.83","5,483.10","10,735.20","1,588.34","67,225.65"
10/06/2025 14:00,"19,268.68","2,439.69","7,983.09","2,107.50","20,147.47","5,760.12","11,371.03","1,650.12","70,727.69"
10/06/2025 15:00,"20,022.95","2,530.98","8,130.97","1,707.03","21,127.34","6,046.44","11,938.91","1,713.33","73,217.94"
10/06/2025 16:00,"20,385.31","2,583.29","8,206.06","1,683.68","21,679.86","6,178.55","12,376.54","1,757.36","74,850.65"
10/06/2025 17:00,"20,201.61","2,599.49","8,224.65","1,713.97","22,051.55","6,130.00","12,635.72","1,793.65","75,350.64"
10/06/2025 18:00,"19,616.12","2,582.90","8,136.32","1,694.76","21,968.84","6,070.88","12,637.75","1,798.21","74,505.79"
10/06/2025 19:00,"18,715.78","2,461.66","7,640.62","1,995.64","20,944.17","5,863.48","12,329.21","1,753.66","71,704.21"
10/06/2025 20:00,"18,378.29","2,302.03","7,496.53","1,805.46","19,904.91","5,838.41","11,925.28","1,712.00","69,362.92"
10/06/2025 21:00,"17,812.67","2,197.28","7,566.48","1,982.36","18,885.47","5,633.09","11,468.86","1,656.50","67,202.72"
10/06/2025 22:00,"17,303.57","2,073.03","7,856.32","1,782.61","17,824.51","5,342.04","10,869.30","1,579.98","64,631.36"
10/06/2025 23:00,"16,395.67","1,914.27","7,800.24","1,682.73","16,411.20","4,988.88","10,118.09","1,484.20","60,795.28"
10/06/2025 24:00,"15,365.47","1,746.83","7,636.46","1,766.05","14,938.10","4,770.36","9,363.55","1,382.74","56,969.57"
10/07/2025 01:00,"14,597.91","1,635.62","7,621.20","1,705.47","13,896.61","4,540.32","8,599.26","1,325.72","53,922.11"
10/07/2025 02:00,"13,971.37","1,551.88","7,497.65","1,671.21","13,086.53","4,343.25","8,081.21","1,271.60","51,474.71"
10/07/2025 03:00,"13,504.61","1,541.36","7,457.95","1,629.54","12,450.01","4,178.19","7,840.49","1,216.15","49,818.29"
10/07/2025 04:00,"13,309.50","1,490.30","7,444.51","1,619.74","12,185.15","4,030.22","7,735.45","1,194.95","49,009.82"
10/07/2025 05:00,"13,334.07","1,513.72","7,464.18","1,635.44","12,185.38","4,034.06","7,742.76","1,184.84","49,094.47"
10/07/2025 06:00,"13,693.02","1,576.50","7,465.99","1,647.55","12,671.81","4,086.88","7,979.11","1,201.84","50,322.68"
10/07/2025 07:00,"14,181.21","1,670.65","7,646.90","1,712.49","13,587.01","4,289.15","8,390.08","1,259.17","52,736.64"
10/07/2025 08:00,"14,278.53","1,697.22","7,728.42","1,737.83","13,879.85","4,290.42","8,619.24","1,285.79","53,517.30"
10/07/2025 09:00,"14,767.41","1,736.18","7,790.90","1,761.13","14,296.78","4,282.14","8,731.22","1,277.13","54,642.90"
10/07/2025 10:00,"15,731.77","1,889.01","7,865.40","1,811.87","15,188.07","4,528.42","9,159.09","1,305.58","57,479.20"
10/07/2025 11:00,"16,716.27","2,052.58","7,938.76","1,867.90","16,444.00","4,909.52","9,684.24","1,365.02","60,978.30"
10/07/2025 12:00,"17,701.48","2,241.02","7,963.31","1,916.48","17,895.11","5,106.33","10,342.05","1,436.31","64,602.09"
10/07/2025 13:00,"18,661.19","2,380.65","8,058.04","1,967.97","19,268.20","5,369.41","11,059.30","1,511.32","68,276.09"
10/07/2025 14:00,"19,500.25","2,464.70","7,985.51","2,026.85","20,332.69","5,530.65","11,622.27","1,589.31","71,052.21"
10/07/2025 15:00,"20,296.96","2,578.39","7,881.42","2,092.64","21,160.15","5,499.78","11,920.04","1,650.55","73,079.93"
10/07/2025 16:00,"20,747.28","2,626.95","7,901.25","2,154.09","21,412.38","5,557.55","12,151.63","1,678.95","74,230.08"
10/07/2025 17:00,"20,907.08","2,631.44","8,240.77","2,203.86","21,545.06","5,610.77","12,019.31","1,720.13","74,878.43"
10/07/2025 18:00,"20,403.70","2,588.75","8,207.53","2,195.78","21,247.27","5,655.45","11,931.00","1,710.86","73,940.35"
10/07/2025 19:00,"19,355.10","2,473.04","7,861.72","2,146.23","20,421.20","5,576.28","11,782.96","1,669.13","71,285.65"
10/07/2025 20:00,"18,806.17","2,380.91","7,797.03","2,104.96","19,813.78","5,539.80","11,511.72","1,631.85","69,586.21"
10/07/2025 21:00,"18,082.50","2,273.22","7,711.28","2,046.11","19,031.90","5,412.41","11,262.78","1,576.98","67,397.18"
10/07/2025 22:00,"17,428.24","2,150.02","7,588.20","1,968.59","18,088.06","5,217.11","10,520.39","1,500.75","64,461.36"
10/07/2025 23:00,"16,527.41","1,998.71","7,728.90","1,871.23","16,716.50","4,954.05","9,781.24","1,414.36","60,992.39"
10/07/2025 24:00,"15,619.00","1,826.05","7,670.24","1,769.18","15,236.99","4,646.22","9,076.58","1,328.47","57,172.73"
10/08/2025 01:00,"14,748.15","1,685.73","7,648.81","1,695.80","14,049.63","4,226.53","8,675.26","1,268.30","53,998.21"
10/08/2025 02:00,"14,078.96","1,585.06","7,670.88","1,651.35","13,219.47","4,046.76","8,186.16","1,289.10","51,727.76"
10/08/2025 03:00,"13,653.01","1,524.35","7,644.04","1,628.96","12,618.18","4,096.67","7,835.22","1,266.68","50,267.11"
10/08/2025 04:00,"13,451.60","1,477.32","7,633.82","1,606.83","12,211.86","4,046.85","7,624.31","1,258.23","49,310.82"
10/08/2025 05:00,"13,491.81","1,473.86","7,645.98","1,623.27","12,250.36","3,999.52","7,579.27","1,196.24","49,260.32"
10/08/2025 06:00,"13,822.32","1,488.32","7,587.91","1,653.51","12,699.35","4,061.08","7,718.65","1,200.55","50,231.68"
10/08/2025 07:00,"14,256.07","1,567.83","7,710.21","1,706.77","13,323.05","4,279.51","8,092.67","1,232.69","52,168.80"
10/08/2025 08:00,"14,318.63","1,591.72","7,779.99","1,740.65","13,807.02","4,320.93","8,288.90","1,257.39","53,105.24"
10/08/2025 09:00,"14,638.86","1,638.30","7,618.48","1,697.13","13,925.35","4,293.58","8,453.47","1,252.68","53,517.86"
10/08/2025 10:00,"15,552.20","1,754.64","7,942.09","1,748.81","14,615.44","4,392.15","8,899.08","1,273.43","56,177.84"
10/08/2025 11:00,"16,663.52","1,903.62","8,002.72","1,809.92","15,568.22","4,696.92","9,583.97","1,328.08","59,556.97"
10/08/2025 12:00,"17,767.28","2,041.62","8,028.15","1,869.12","16,640.64","5,019.75","10,311.05","1,385.01","63,062.62"
10/08/2025 13:00,"18,773.04","2,189.23","8,102.04","1,958.08","17,919.53","5,235.23","10,957.68","1,446.68","66,581.50"
10/08/2025 14:00,"19,625.68","2,322.59","8,197.11","2,031.53","19,188.27","5,410.12","11,429.20","1,530.24","69,734.73"
10/08/2025 15:00,"20,091.63","2,412.61","8,021.73","2,040.10","20,099.87","5,448.15","11,908.89","1,578.62","71,601.61"
10/08/2025 16:00,"20,339.14","2,475.98","7,979.39","2,098.59","20,748.29","5,499.91","12,332.18","1,617.62","73,091.10"
10/08/2025 17:00,"20,282.16","2,498.47","7,837.20","2,149.89","21,141.07","5,689.07","12,629.97","1,647.45","73,875.28"
10/08/2025 18:00,"19,778.63","2,449.04","7,614.42","2,146.04","20,974.54","5,653.55","12,648.00","1,646.30","72,910.53"
10/08/2025 19:00,"18,929.58","2,351.40","7,290.49","2,114.87","20,215.63","5,487.49","12,359.06","1,596.29","70,344.80"
10/08/2025 20:00,"18,337.10","2,250.49","7,205.61","2,014.89","19,426.57","5,425.68","11,926.69","1,541.46","68,128.48"
10/08/2025 21:00,"17,843.29","2,148.35","7,354.78","2,020.50","18,725.40","5,348.72","11,403.84","1,490.54","66,335.42"
10/08/2025 22:00,"17,307.98","2,040.38","7,544.06","1,975.70","17,949.88","5,060.74","10,855.25","1,431.79","64,165.79"
10/08/2025 23:00,"16,443.31","1,882.21","7,667.86","1,892.22","16,719.00","4,761.67","10,174.40","1,364.29","60,904.97"
10/08/2025 24:00,"15,531.97","1,734.69","7,708.82","1,793.69","15,378.28","4,454.10","9,415.53","1,290.28","57,307.35"
10/09/2025 01:00,"14,848.96","1,612.24","7,588.74","1,713.30","14,363.55","4,231.07","8,634.57","1,263.88","54,256.31"
10/09/2025 02:00,"14,353.95","1,525.26","7,616.20","1,661.77","13,552.30","4,077.17","8,115.72","1,218.53","52,120.90"
10/09/2025 03:00,"13,976.12","1,458.12","7,567.44","1,633.19","12,964.03","3,964.05","7,783.25","1,230.49","50,576.69"
10/09/2025 04:00,"13,671.59","1,413.11","7,466.80","1,604.87","12,471.31","3,857.35","7,584.13","1,248.65","49,317.81"
10/09/2025 05:00,"13,635.36","1,399.53","7,521.75","1,591.99","12,381.93","3,920.53","7,567.99","1,303.47","49,322.55"
10/09/2025 06:00,"13,838.85","1,437.72","7,449.49","1,633.46","12,775.92","4,009.95","7,712.07","1,277.88","50,135.33"
10/09/2025 07:00,"14,210.21","1,523.01","7,466.29","1,713.59","13,626.57","4,222.89","8,134.21","1,231.10","52,127.88"
10/09/2025 08:00,"14,210.09","1,546.69","7,546.68","1,746.39","13,902.78","4,196.51","8,324.10","1,255.82","52,729.06"
10/09/2025 09:00,"14,459.27","1,600.73","7,679.24","1,744.42","14,119.54","4,196.93","8,465.41","1,253.86","53,519.40"
10/09/2025 10:00,"15,212.46","1,680.36","8,016.44","1,795.49","14,714.87","4,457.67","8,805.38","1,302.74","55,985.41"
10/09/2025 11:00,"16,175.43","1,799.43","8,090.55","1,847.45","15,531.69","4,724.50","9,387.55","1,363.27","58,919.88"
10/09/2025 12:00,"17,167.21","1,943.33","8,149.63","1,912.84","16,505.38","4,990.97","10,080.50","1,443.62","62,193.48"
10/09/2025 13:00,"18,128.12","2,095.83","8,248.14","1,999.92","17,541.50","5,147.75","10,832.37","1,528.81","65,522.43"
10/09/2025 14:00,"18,977.30","2,247.19","8,322.55","2,102.34","18,636.99","5,264.05","11,344.57","1,598.43","68,493.42"
10/09/2025 15:00,"19,628.79","2,401.04","8,325.14","2,078.00","19,650.11","5,460.88","11,786.68","1,671.00","71,001.64"
10/09/2025 16:00,"20,196.26","2,485.17","8,356.94","1,750.91","20,491.45","5,653.74","12,242.58","1,737.90","72,914.96"
10/09/2025 17:00,"20,324.23","2,523.46","8,405.77","1,659.19","20,956.81","5,715.01","12,539.16","1,783.60","73,907.24"
10/09/2025 18:00,"19,949.33","2,480.41","8,400.93","1,643.31","20,800.91","5,644.88","12,560.33","1,779.75","73,259.84"
10/09/2025 19:00,"18,757.32","2,348.74","7,748.85","1,941.33","19,755.53","5,485.23","12,174.09","1,729.56","69,940.65"
10/09/2025 20:00,"18,125.53","2,196.20","7,323.11","2,100.20","18,957.85","5,360.27","11,747.91","1,675.32","67,486.39"
10/09/2025 21:00,"17,521.66","2,157.90","7,504.54","2,037.96","18,176.45","5,172.96","11,202.82","1,620.66","65,394.95"
10/09/2025 22:00,"16,696.96","2,018.48","7,565.02","1,966.56","17,159.69","5,094.12","10,567.32","1,543.10","62,611.25"
10/09/2025 23:00,"15,686.23","1,854.73","7,635.21","1,882.95","15,810.24","4,841.49","9,866.18","1,456.17","59,033.20"
10/09/2025 24:00,"14,772.13","1,708.27","7,615.14","1,780.29","14,500.16","4,549.81","9,118.78","1,418.47","55,463.05"
10/10/2025 01:00,"14,054.00","1,593.20","7,573.77","1,706.06","13,428.07","4,281.34","8,432.92","1,382.82","52,452.17"
10/10/2025 02:00,"13,450.32","1,486.47","7,621.58","1,646.64","12,562.51","4,041.46","7,884.59","1,263.99","49,957.56"
10/10/2025 03:00,"12,990.84","1,433.74","7,650.88","1,593.81","11,979.09","3,926.69","7,511.74","1,248.07","48,334.86"
10/10/2025 04:00,"12,664.96","1,388.40","7,634.64","1,587.19","11,557.16","3,859.51","7,246.23","1,201.47","47,139.55"
10/10/2025 05:00,"12,753.80","1,362.54","7,686.67","1,131.23","11,661.20","3,847.89","7,185.39","1,251.43","46,880.15"
10/10/2025 06:00,"12,935.53","1,410.58","7,699.32","1,023.45","11,985.98","3,920.29","7,303.76","1,217.15","47,496.07"
10/10/2025 07:00,"13,196.03","1,461.15","7,688.09","1,062.56","12,620.91","4,131.36","7,605.29","1,258.99","49,024.37"
10/10/2025 08:00,"13,228.35","1,449.20","7,863.70","1,096.76","12,971.01","4,180.86","7,748.45","1,277.62","49,815.95"
10/10/2025 09:00,"13,499.46","1,504.51","7,859.80","1,122.02","13,330.98","4,166.42","7,960.46","1,306.46","50,750.10"
10/10/2025 10:00,"14,117.93","1,593.49","8,016.89","1,171.39","14,004.12","4,325.71","8,351.61","1,346.52","52,927.67"
10/10/2025 11:00,"14,869.61","1,742.08","8,063.15","1,222.15","14,742.05","4,592.66","8,906.02","1,400.45","55,538.17"
10/10/2025 12:00,"15,632.22","1,844.07","8,145.39","1,293.00","15,480.34","4,884.76","9,521.26","1,475.13","58,276.16"
10/10/2025 13:00,"16,478.89","1,952.15","8,218.79","1,383.30","16,393.70","4,999.06","10,217.93","1,583.25","61,227.08"
10/10/2025 14:00,"17,480.36","2,099.20","8,330.01","1,483.19","17,535.66","5,172.37","10,956.98","1,682.24","64,740.01"
10/10/2025 15:00,"18,308.02","2,228.10","8,233.44","1,558.00","18,546.44","5,437.60","11,546.86","1,729.20","67,587.67"
10/10/2025 16:00,"18,968.89","2,318.89","8,242.18","1,622.23","19,371.18","5,537.02","12,005.58","1,768.90","69,834.87"
10/10/2025 17:00,"19,166.61","2,363.38","8,160.98","1,648.60","19,842.76","5,537.46","12,265.72","1,786.47","70,771.97"
10/10/2025 18:00,"18,896.74","2,319.56","7,951.38","1,626.63","19,777.61","5,470.40","12,261.39","1,774.01","70,077.73"
10/10/2025 19:00,"17,808.70","2,177.01","7,237.50","1,507.23","18,653.01","5,297.93","11,670.65","1,709.23","66,061.26"
10/10/2025 20:00,"16,754.03","2,004.87","7,007.14","1,396.58","17,138.76","5,048.43","10,959.30","1,623.83","61,932.93"
10/10/2025 21:00,"16,186.18","1,906.84","7,250.23","1,341.25","16,391.76","4,952.53","10,336.32","1,561.97","59,927.08"
10/10/2025 22:00,"15,675.75","1,824.74","7,441.12","1,320.65","15,739.05","4,785.61","9,890.34","1,491.46","58,168.72"
10/10/2025 23:00,"15,054.60","1,717.59","7,700.60","1,240.53","14,826.01","4,558.63","9,279.95","1,423.42","55,801.34"
10/10/2025 24:00,"14,159.74","1,595.13","7,827.88","1,122.03","13,709.98","4,365.97","8,622.66","1,352.53","52,755.92"
10/11/2025 01:00,"13,186.12","1,484.99","7,802.55","1,073.98","12,789.26","4,132.17","7,982.83","1,326.61","49,778.51"
10/11/2025 02:00,"12,506.67","1,368.56","7,758.05","1,329.84","11,927.74","3,836.19","7,430.36","1,261.05","47,418.46"
10/11/2025 03:00,"11,956.78","1,260.89","7,693.66","1,479.10","11,236.32","3,733.05","7,016.76","1,212.42","45,588.98"
10/11/2025 04:00,"11,613.90","1,260.52","7,671.00","1,476.46","10,926.81","3,527.64","6,719.65","1,188.31","44,384.28"
10/11/2025 05:00,"11,334.76","1,255.18","7,630.58","1,505.15","10,652.27","3,554.18","6,559.99","1,205.21","43,697.32"
10/11/2025 06:00,"11,275.34","1,235.81","7,553.68","1,476.73","10,650.60","3,577.23","6,479.36","1,192.74","43,441.50"
10/11/2025 07:00,"11,395.68","1,303.45","7,538.16","1,497.68","10,906.30","3,585.41","6,553.23","1,175.36","43,955.28"
10/11/2025 08:00,"11,475.26","1,317.74","7,496.46","1,534.16","11,143.92","3,496.53","6,666.71","1,194.42","44,325.21"
10/11/2025 09:00,"11,964.06","1,392.54","7,578.30","1,555.46","11,727.90","3,572.55","6,925.65","1,219.83","45,936.30"
10/11/2025 10:00,"12,764.50","1,478.87","7,702.30","1,631.81","12,605.02","3,842.70","7,449.99","1,264.31","48,739.51"
10/11/2025 11:00,"13,674.96","1,618.70","7,623.22","1,721.10","13,490.76","4,311.20","8,111.02","1,331.05","51,882.03"
10/11/2025 12:00,"14,604.86","1,737.36","7,591.12","1,785.22","14,595.03","4,684.27","8,777.25","1,424.02","55,199.12"
10/11/2025 13:00,"15,468.68","1,894.86","7,675.69","1,833.28","15,731.28","4,986.82","9,509.55","1,512.67","58,612.83"
10/11/2025 14:00,"16,273.11","2,038.64","7,717.99","1,928.32","16,881.03","5,225.53","10,215.59","1,599.23","61,879.45"
10/11/2025 15:00,"16,990.41","2,152.00","7,756.04","1,991.02","18,007.70","5,402.02","10,811.60","1,670.57","64,781.35"
10/11/2025 16:00,"17,547.26","2,260.65","7,828.83","2,045.91","18,924.05","5,505.34","11,286.24","1,722.59","67,120.87"
10/11/2025 17:00,"17,812.98","2,325.34","7,886.78","2,087.99","19,483.13","5,508.07","11,555.23","1,758.04","68,417.56"
10/11/2025 18:00,"17,536.88","2,271.26","7,867.63","2,109.91","19,355.78","5,427.20","11,613.01","1,755.08","67,936.75"
10/11/2025 19:00,"16,627.40","2,138.88","7,626.12","2,035.22","18,338.01","5,253.51","11,242.62","1,695.77","64,957.53"
10/11/2025 20:00,"15,820.21","2,008.97","6,882.13","1,948.90","17,180.17","4,994.88","10,448.85","1,612.89","60,897.01"
10/11/2025 21:00,"15,313.69","1,874.48","7,398.15","1,933.42","16,352.42","4,867.26","9,906.48","1,575.91","59,221.82"
10/11/2025 22:00,"14,810.84","1,808.61","7,646.93","1,861.31","15,606.77","4,679.18","9,499.00","1,491.79","57,404.43"
10/11/2025 23:00,"14,157.46","1,734.77","7,645.44","1,779.37","14,701.31","4,428.98","8,972.25","1,426.68","54,846.28"
10/11/2025 24:00,"13,396.22","1,619.22","7,568.55","1,709.85","13,713.55","4,216.70","8,403.90","1,353.26","51,981.24"
10/12/2025 01:00,"12,835.32","1,489.12","7,528.66","1,642.62","12,802.14","3,996.69","7,876.55","1,304.90","49,476.01"
10/12/2025 02:00,"12,310.02","1,415.04","7,502.42","1,603.68","12,099.93","3,803.45","7,416.41","1,255.33","47,406.27"
10/12/2025 03:00,"11,875.51","1,360.97","7,471.72","1,578.45","11,521.16","3,665.72","7,042.68","1,226.07","45,742.27"
10/12/2025 04:00,"11,567.02","1,325.69","7,472.93","1,557.26","11,166.54","3,571.25","6,778.69","1,204.67","44,644.05"
10/12/2025 05:00,"11,378.63","1,298.53","7,457.75","1,547.63","10,946.43","3,522.71","6,584.24","1,257.09","43,993.00"
10/12/2025 06:00,"11,322.93","1,293.09","7,477.08","1,539.22","10,935.85","3,444.87","6,500.92","1,208.13","43,722.10"
10/12/2025 07:00,"11,365.18","1,315.69","7,511.69","1,546.17","11,024.99","3,487.71","6,513.59","1,185.05","43,950.06"
10/12/2025 08:00,"11,367.44","1,319.30","7,568.96","1,556.58","11,139.53","3,451.84","6,597.63","1,195.58","44,196.86"
10/12/2025 09:00,"11,792.90","1,403.60","7,673.23","1,577.13","11,758.91","3,543.25","6,866.28","1,222.09","45,837.38"
10/12/2025 10:00,"12,705.50","1,528.69","7,755.97","1,648.00","12,736.79","3,789.45","7,418.79","1,277.39","48,860.57"
10/12/2025 11:00,"13,766.34","1,645.70","7,784.20","1,728.82","13,856.09","4,131.83","8,020.21","1,342.06","52,275.26"
10/12/2025 12:00,"14,782.16","1,773.10","7,928.97","1,800.83","15,097.17","4,423.41","8,648.42","1,415.53","55,869.59"
10/12/2025 13:00,"15,740.01","1,941.13","8,088.15","1,922.84","16,363.55","4,623.93","9,306.66","1,497.37","59,483.65"
10/12/2025 14:00,"16,465.71","2,029.23","8,189.32","1,974.96","17,458.83","4,928.45","9,919.60","1,571.76","62,537.86"
10/12/2025 15:00,"17,058.88","2,167.96","8,224.74","2,053.37","18,395.41","5,154.40","10,482.11","1,644.47","65,181.34"
10/12/2025 16:00,"17,456.22","2,254.39","8,003.81","2,102.80","19,170.11","5,250.51","10,995.00","1,717.76","66,950.61"
10/12/2025 17:00,"17,567.78","2,302.58","7,896.14","2,125.29","19,637.12","5,339.58","11,392.01","1,747.55","68,008.06"
10/12/2025 18:00,"17,285.12","2,247.18","7,554.43","2,093.10","19,541.61","5,324.15","11,517.93","1,747.60","67,311.11"
10/12/2025 19:00,"16,387.82","2,087.08","7,287.01","2,009.18","18,537.37","5,068.35","11,165.22","1,688.75","64,230.79"
10/12/2025 20:00,"15,693.08","1,961.24","7,011.52","1,931.59","17,570.19","4,852.85","10,641.55","1,623.02","61,285.04"
10/12/2025 21:00,"15,144.65","1,840.66","7,039.73","1,890.81","16,594.81","4,688.58","9,971.36","1,627.57","58,798.17"
10/12/2025 22:00,"14,890.46","1,787.05","7,443.10","1,906.43","16,297.09","4,625.99","9,547.10","1,526.44","58,023.66"
10/12/2025 23:00,"14,105.33","1,675.92","7,500.83","1,845.28","15,317.27","4,512.47","9,107.55","1,479.21","55,543.86"
10/12/2025 24:00,"13,267.15","1,571.72","7,430.79","1,754.08","14,226.40","4,163.19","8,450.73","1,382.69","52,246.75"
10/13/2025 01:00,"12,551.60","1,433.58","7,581.12","1,724.00","13,158.76","3,980.64","7,809.97","1,312.28","49,551.94"
10/13/2025 02:00,"12,032.70","1,381.45","7,626.65","1,691.55","12,445.47","3,784.06","7,332.43","1,306.48","47,600.79"
10/13/2025 03:00,"11,715.08","1,332.50","7,672.18","1,639.71","11,988.28","3,628.38","6,974.83","1,339.86","46,290.83"
10/13/2025 04:00,"11,549.05","1,335.42","7,637.27","1,631.62","11,659.77","3,594.71","6,773.52","1,307.94","45,489.30"
10/13/2025 05:00,"11,650.35","1,305.68","7,648.00","1,612.54","11,688.39","3,562.38","6,747.91","1,283.56","45,498.82"
10/13/2025 06:00,"11,954.75","1,317.13","7,609.38","1,649.92","12,093.70","3,639.07","6,880.58","1,217.30","46,361.83"
10/13/2025 07:00,"12,323.51","1,394.83","7,559.94","1,727.43","12,639.31","3,745.72","7,162.49","1,253.77","47,806.99"
10/13/2025 08:00,"12,538.96","1,494.21","7,517.49","1,751.39","13,053.39","3,749.26","7,362.75","1,285.93","48,753.37"
10/13/2025 09:00,"13,013.78","1,541.63","7,490.92","1,790.56","13,545.87","3,748.16","7,618.78","1,298.17","50,047.86"
10/13/2025 10:00,"13,887.95","1,651.19","7,453.14","1,819.77","14,408.72","3,988.02","8,075.60","1,339.63","52,624.02"
10/13/2025 11:00,"14,740.96","1,799.58","7,578.38","1,893.74","15,358.36","4,407.54","8,705.34","1,376.43","55,860.32"
10/13/2025 12:00,"15,503.13","1,935.58","7,664.57","1,950.43","16,509.05","4,794.08","9,290.95","1,445.75","59,093.54"
10/13/2025 13:00,"16,261.20","2,061.98","7,658.81","1,996.65","17,721.41","5,080.71","9,857.93","1,521.54","62,160.23"
10/13/2025 14:00,"17,113.29","2,188.52","7,698.80","1,996.16","18,798.74","5,315.15","10,469.46","1,587.56","65,167.67"
10/13/2025 15:00,"17,921.71","2,303.40","7,869.44","1,588.06","19,943.73","5,550.52","11,063.30","1,653.97","67,894.13"
10/13/2025 16:00,"18,435.11","2,334.75","7,873.18","1,560.16","20,642.72","5,682.20","11,553.93","1,704.42","69,786.47"
10/13/2025 17:00,"18,579.43","2,400.22","7,702.12","1,565.15","21,059.30","5,667.95","11,880.71","1,734.39","70,589.28"
10/13/2025 18:00,"18,164.39","2,365.72","7,488.55","1,514.80","20,892.36","5,586.49","11,975.24","1,728.46","69,716.01"
10/13/2025 19:00,"17,132.69","2,226.12","7,316.89","1,839.67","19,871.24","5,416.70","11,625.48","1,680.75","67,109.54"
10/13/2025 20:00,"16,613.57","2,149.86","7,339.03","1,691.25","19,152.96","5,419.07","11,181.02","1,638.78","65,185.55"
10/13/2025 21:00,"15,878.83","2,050.29","7,442.09","1,912.68","18,124.58","5,221.81","10,651.77","1,583.79","62,865.83"
10/13/2025 22:00,"15,227.04","1,903.00","7,671.41","1,721.02","17,165.99","4,925.49","10,060.98","1,510.73","60,185.66"
10/13/2025 23:00,"14,325.28","1,774.63","7,662.33","1,639.28","15,876.77","4,587.84","9,353.89","1,421.01","56,641.03"
10/13/2025 24:00,"13,323.19","1,599.94","7,487.76","1,718.19","14,381.09","4,366.90","8,596.06","1,316.41","52,789.55"
10/14/2025 01:00,"12,549.84","1,459.02","7,445.17","1,657.33","13,219.77","4,131.44","8,017.86","1,268.15","49,748.57"
10/14/2025 02:00,"12,020.12","1,367.30","7,399.65","1,619.77","12,406.43","3,960.40","7,510.22","1,225.59","47,509.48"
10/14/2025 03:00,"11,632.40","1,358.63","7,389.35","1,594.68","11,892.32","3,820.58","7,153.65","1,246.89","46,088.50"
10/14/2025 04:00,"11,451.16","1,336.88","7,361.48","1,574.49","11,579.83","3,679.85","6,955.84","1,204.87","45,144.39"
10/14/2025 05:00,"11,448.15","1,347.34","7,375.99","1,584.88","11,560.35","3,696.70","6,892.67","1,150.75","45,056.83"
10/14/2025 06:00,"11,763.99","1,403.70","7,443.27","1,625.38","11,959.25","3,783.67","7,045.24","1,167.75","46,192.26"
10/14/2025 07:00,"12,200.14","1,481.14","7,490.61","1,680.14","12,726.97","3,999.37","7,398.88","1,213.17","48,190.41"
10/14/2025 08:00,"12,398.60","1,514.76","7,445.74","1,716.18","13,097.58","4,034.32","7,573.30","1,241.74","49,022.24"
10/14/2025 09:00,"12,800.41","1,549.85","7,396.64","1,743.10","13,430.55","4,041.92","7,710.94","1,232.02","49,905.43"
10/14/2025 10:00,"13,515.29","1,651.16","7,459.57","1,805.23","14,195.94","4,133.20","8,077.58","1,278.35","52,116.33"
10/14/2025 11:00,"14,386.27","1,767.53","7,544.64","1,871.77","15,279.80","4,386.81","8,567.88","1,336.72","55,141.43"
10/14/2025 12:00,"15,280.16","1,913.20","7,598.55","1,942.03","16,294.50","4,630.67","9,037.18","1,419.94","58,116.22"
10/14/2025 13:00,"16,192.55","2,031.21","7,675.65","2,014.77","17,369.45","4,868.68","9,584.94","1,489.32","61,226.57"
10/14/2025 14:00,"17,105.10","2,202.63","7,760.80","2,084.85","18,367.33","5,039.47","10,139.45","1,590.00","64,289.65"
10/14/2025 15:00,"17,994.55","2,315.08","7,918.64","2,143.86","19,364.61","5,041.85","10,513.82","1,685.34","66,977.75"
10/14/2025 16:00,"18,601.40","2,387.08","8,005.36","2,194.72","20,021.26","5,133.46","10,979.13","1,736.87","69,059.28"
10/14/2025 17:00,"18,887.43","2,430.95","8,012.44","2,236.75","20,409.24","5,201.22","11,195.79","1,773.00","70,146.83"
10/14/2025 18:00,"18,544.58","2,382.26","7,947.15","2,215.97","20,229.87","5,260.55","11,359.99","1,770.79","69,711.15"
10/14/2025 19:00,"17,476.72","2,246.35","7,409.95","2,136.00","19,179.91","5,136.83","11,234.23","1,712.70","66,532.69"
10/14/2025 20:00,"16,754.96","2,111.04","7,084.03","2,057.53","18,319.64","5,129.93","10,909.24","1,608.32","63,974.70"
10/14/2025 21:00,"15,891.08","1,978.12","7,032.10","1,950.75","17,231.56","5,008.10","10,470.58","1,565.71","61,128.00"
10/14/2025 22:00,"15,323.69","1,849.97","7,430.44","1,907.80","16,398.80","4,881.47","9,916.62","1,453.48","59,162.26"
10/14/2025 23:00,"14,444.11","1,706.86","7,430.60","1,811.41","15,090.00","4,616.40","9,230.03","1,389.74","55,719.16"
10/14/2025 24:00,"13,497.91","1,613.47","7,411.39","1,706.92","13,741.24","4,335.59","8,498.13","1,376.37","52,181.02"
10/15/2025 01:00,"12,745.28","1,515.96","7,367.50","1,632.23","12,706.45","3,946.36","7,990.34","1,374.37","49,278.50"
10/15/2025 02:00,"12,213.26","1,443.64","7,449.29","1,587.99","11,917.19","3,769.66","7,506.20","1,237.35","47,124.59"
10/15/2025 03:00,"11,803.53","1,344.39","7,447.33","1,560.93","11,378.19","3,786.24","7,141.71","1,237.38","45,699.70"
10/15/2025 04:00,"11,600.85","1,302.48","7,381.72","1,549.13","11,048.80","3,732.56","6,897.69","1,147.94","44,661.16"
10/15/2025 05:00,"11,641.54","1,311.09","7,404.44","1,549.98","11,068.77","3,728.96","6,842.46","1,143.07","44,690.32"
10/15/2025 06:00,"11,933.06","1,376.46","7,436.98","1,596.19","11,504.31","3,836.43","6,980.00","1,159.94","45,823.37"
10/15/2025 07:00,"12,385.53","1,483.24","7,528.77","1,654.25","12,291.83","4,033.82","7,373.93","1,213.90","47,965.27"
10/15/2025 08:00,"12,510.29","1,495.54","7,608.57","1,681.21","12,679.96","4,070.95","7,548.37","1,248.63","48,843.52"
10/15/2025 09:00,"12,793.85","1,558.65","7,667.67","1,678.41","13,000.45","4,022.17","7,711.91","1,249.15","49,682.27"
10/15/2025 10:00,"13,426.65","1,624.32","7,703.26","1,740.72","13,610.83","4,127.52","8,111.35","1,287.03","51,631.68"
10/15/2025 11:00,"14,211.33","1,735.68","7,658.71","1,793.40","14,338.28","4,348.28","8,609.25","1,326.94","54,021.88"
10/15/2025 12:00,"15,044.11","1,824.23","7,652.96","1,861.63","15,129.35","4,669.19","9,239.03","1,376.66","56,797.16"
10/15/2025 13:00,"15,943.39","1,967.27","7,666.34","1,954.26","16,045.83","4,907.03","9,890.60","1,454.45","59,829.19"
10/15/2025 14:00,"16,812.71","2,099.77","7,795.28","2,026.44","17,069.03","5,177.17","10,538.37","1,554.94","63,073.70"
10/15/2025 15:00,"17,530.76","2,206.50","7,856.38","2,092.99","17,990.62","5,402.42","11,123.44","1,630.07","65,833.18"
10/15/2025 16:00,"18,049.20","2,277.89","7,854.94","2,150.58","18,703.22","5,491.89","11,629.36","1,689.29","67,846.36"
10/15/2025 17:00,"18,207.31","2,346.41","7,815.23","2,187.90","19,271.51","5,672.34","11,995.38","1,732.07","69,228.17"
10/15/2025 18:00,"17,900.01","2,309.31","7,711.16","2,172.92","19,249.64","5,637.37","12,051.45","1,736.61","68,768.46"
10/15/2025 19:00,"16,986.63","2,198.31","7,193.88","2,119.50","18,399.08","5,405.51","11,650.28","1,695.71","65,648.90"
10/15/2025 20:00,"16,377.36","2,084.34","7,178.18","2,059.67","17,633.90","5,284.65","11,116.83","1,635.62","63,370.55"
10/15/2025 21:00,"15,690.70","1,935.99","7,390.38","1,975.37","16,797.48","5,133.55","10,564.13","1,574.57","61,062.18"
10/15/2025 22:00,"15,048.83","1,855.19","7,358.02","1,879.98","15,869.20","4,769.58","9,931.10","1,535.07","58,246.97"
10/15/2025 23:00,"14,124.30","1,717.10","7,430.34","1,786.84","14,601.78","4,421.99","9,204.39","1,458.73","54,745.47"
10/15/2025 24:00,"13,218.84","1,565.76","7,429.43","1,695.35","13,339.87","4,103.06","8,457.48","1,368.61","51,178.41"
10/16/2025 01:00,"12,495.91","1,481.99","7,393.66","1,637.37","12,376.06","3,867.50","7,757.33","1,245.79","48,255.62"
10/16/2025 02:00,"11,965.75","1,386.19","7,337.90","1,591.85","11,633.71","3,710.80","7,330.90","1,204.16","46,161.26"
10/16/2025 03:00,"11,594.53","1,348.78","7,284.75","1,558.48","11,111.79","3,583.82","6,986.83","1,156.85","44,625.84"
10/16/2025 04:00,"11,480.00","1,321.53","7,224.90","1,541.50","10,804.57","3,493.07","6,785.09","1,143.01","43,793.65"
10/16/2025 05:00,"11,527.38","1,287.34","7,202.00","1,530.47","10,746.13","3,549.69","6,768.88","1,146.75","43,758.64"
10/16/2025 06:00,"11,919.54","1,326.59","7,149.69","1,566.38","11,202.95","3,642.20","6,927.03","1,160.30","44,894.68"
10/16/2025 07:00,"12,455.26","1,440.08","7,151.41","1,622.75","12,024.68","3,847.92","7,344.40","1,215.10","47,101.59"
10/16/2025 08:00,"12,629.22","1,513.45","7,243.12","1,654.32","12,445.26","3,813.27","7,572.26","1,239.26","48,110.15"
10/16/2025 09:00,"12,948.53","1,538.56","7,240.67","1,666.83","12,721.37","3,807.97","7,646.95","1,233.69","48,804.57"
10/16/2025 10:00,"13,693.36","1,625.42","7,477.79","1,692.34","13,244.14","4,024.18","7,895.61","1,259.90","50,912.74"
10/16/2025 11:00,"14,620.18","1,733.33","7,499.39","1,749.59","14,062.73","4,262.32","8,268.78","1,305.01","53,501.34"
10/16/2025 12:00,"15,515.64","1,854.85","7,555.76","1,817.11","14,937.16","4,623.34","8,677.78","1,368.66","56,350.30"
10/16/2025 13:00,"16,293.66","1,973.52","7,646.62","1,887.18","15,655.21","4,867.30","9,130.83","1,435.20","58,889.52"
10/16/2025 14:00,"17,074.37","2,070.96","7,722.89","1,955.67","16,479.01","5,120.38","9,660.64","1,497.69","61,581.61"
10/16/2025 15:00,"17,659.37","2,195.42","7,765.76","1,904.07","17,131.91","5,345.29","10,073.63","1,573.37","63,648.82"
10/16/2025 16:00,"17,978.69","2,235.33","7,869.45","1,562.95","17,695.79","5,548.29","10,504.27","1,643.27","65,038.03"
10/16/2025 17:00,"17,658.08","2,278.69","7,979.71","1,472.65","17,764.87","5,628.67","10,838.56","1,691.09","65,312.33"
10/16/2025 18:00,"17,105.78","2,225.73","7,968.30","1,454.10","17,501.59","5,584.96","10,963.66","1,691.24","64,495.35"
10/16/2025 19:00,"16,459.21","2,117.64","7,766.81","1,764.56","17,000.21","5,451.42","10,745.09","1,638.61","62,943.56"
10/16/2025 20:00,"16,367.56","2,025.50","7,458.04","1,955.43","16,887.07","5,319.35","10,559.10","1,604.50","62,176.55"
10/16/2025 21:00,"16,049.95","1,946.94","7,407.99","1,909.64","16,511.07","5,103.99","10,213.13","1,557.18","60,699.90"
10/16/2025 22:00,"15,556.29","1,898.26","7,375.04","1,860.65","15,923.13","5,019.30","9,777.24","1,497.33","58,907.24"
10/16/2025 23:00,"14,702.72","1,801.81","7,500.30","1,796.06","14,909.43","4,733.85","9,210.73","1,411.61","56,066.50"
10/16/2025 24:00,"13,866.31","1,697.71","7,411.09","1,721.68","13,856.43","4,422.26","8,511.83","1,335.04","52,822.36"
10/17/2025 01:00,"13,211.83","1,571.59","7,340.98","1,660.19","12,973.37","4,159.59","7,864.34","1,287.48","50,069.36"
10/17/2025 02:00,"12,714.68","1,501.62","7,380.75","1,618.33","12,264.57","3,922.91","7,389.73","1,241.25","48,033.84"
10/17/2025 03:00,"12,370.89","1,442.25","7,404.39","1,598.09","11,768.85","3,807.92","7,050.43","1,215.03","46,657.84"
10/17/2025 04:00,"12,256.99","1,395.14","7,390.53","1,566.10","11,575.07","3,727.13","6,829.36","1,184.08","45,924.40"
10/17/2025 05:00,"12,595.13","1,413.35","7,518.10","1,092.93","11,815.51","3,693.31","6,813.82","1,186.02","46,128.18"
10/17/2025 06:00,"13,011.13","1,458.90","7,599.14",998.24,"12,253.45","3,791.09","7,004.61","1,208.45","47,325.01"
10/17/2025 07:00,"13,517.73","1,535.07","7,643.66","1,056.79","12,983.27","4,022.02","7,410.38","1,256.23","49,425.14"
10/17/2025 08:00,"13,790.77","1,526.64","7,731.63","1,087.61","13,417.03","4,025.17","7,643.86","1,282.36","50,505.07"
10/17/2025 09:00,"14,047.05","1,631.06","7,636.57","1,098.30","13,690.96","4,018.35","7,807.72","1,280.27","51,210.29"
10/17/2025 10:00,"14,691.25","1,717.08","7,759.97","1,163.63","14,560.10","4,245.07","8,159.32","1,331.33","53,627.77"
10/17/2025 11:00,"15,530.85","1,889.77","7,944.54","1,241.22","15,611.80","4,568.71","8,667.55","1,395.92","56,850.35"
10/17/2025 12:00,"16,483.21","2,022.80","8,158.27","1,327.03","16,545.01","4,919.10","9,177.75","1,468.52","60,101.70"
10/17/2025 13:00,"17,276.60","2,146.86","8,266.61","1,403.18","17,535.80","5,153.35","9,763.16","1,537.23","63,082.79"
10/17/2025 14:00,"17,990.86","2,259.21","8,338.41","1,491.16","18,535.48","5,379.73","10,353.04","1,624.58","65,972.46"
10/17/2025 15:00,"18,372.75","2,370.46","8,347.38","1,545.37","19,416.60","5,668.62","10,863.50","1,702.55","68,287.24"
10/17/2025 16:00,"18,499.49","2,437.63","8,410.12","1,604.90","20,079.70","5,795.29","11,304.58","1,768.78","69,900.50"
10/17/2025 17:00,"18,403.05","2,477.59","8,461.98","1,637.25","20,463.29","5,861.24","11,622.54","1,813.31","70,740.24"
10/17/2025 18:00,"17,882.70","2,430.25","8,309.17","1,609.00","20,268.66","5,814.08","11,653.96","1,803.94","69,771.76"
10/17/2025 19:00,"17,146.37","2,308.97","7,670.59","1,542.16","19,351.27","5,670.24","11,313.56","1,753.98","66,757.13"
10/17/2025 20:00,"16,802.26","2,206.39","7,469.35","1,460.64","18,444.21","5,415.41","10,892.99","1,693.26","64,384.50"
10/17/2025 21:00,"16,458.19","2,098.73","7,576.69","1,412.58","17,600.04","5,262.09","10,507.14","1,623.28","62,538.74"
10/17/2025 22:00,"16,097.42","1,974.82","7,614.34","1,352.52","16,818.18","5,050.04","10,131.11","1,561.60","60,600.03"
10/17/2025 23:00,"15,665.34","1,887.13","7,624.92","1,295.80","16,054.56","4,805.35","9,613.16","1,479.20","58,425.46"
10/17/2025 24:00,"14,951.22","1,801.58","7,606.79","1,230.28","15,147.19","4,599.90","8,985.18","1,394.37","55,716.51"
10/18/2025 01:00,"14,199.78","1,689.50","7,704.32","1,186.80","14,328.45","4,358.10","8,569.38","1,334.54","53,370.85"
10/18/2025 02:00,"13,628.74","1,620.65","7,714.44","1,439.71","13,626.85","4,048.40","8,124.89","1,296.36","51,500.04"
10/18/2025 03:00,"13,167.00","1,561.26","7,680.64","1,600.59","12,974.76","3,923.77","7,830.38","1,260.89","49,999.30"
10/18/2025 04:00,"12,949.47","1,526.40","7,648.61","1,600.74","12,624.09","3,703.28","7,630.83","1,230.25","48,913.67"
10/18/2025 05:00,"12,754.73","1,502.85","7,681.06","1,602.25","12,383.66","3,721.90","7,513.49","1,271.45","48,431.39"
10/18/2025 06:00,"12,763.52","1,488.96","7,628.33","1,598.28","12,467.73","3,742.15","7,503.58","1,260.60","48,453.17"
10/18/2025 07:00,"12,936.96","1,560.33","7,351.10","1,574.20","12,751.28","3,735.21","7,595.39","1,276.14","48,780.63"
10/18/2025 08:00,"13,091.41","1,596.97","7,581.64","1,598.40","13,141.15","3,649.49","7,698.27","1,250.00","49,607.33"
10/18/2025 09:00,"13,604.76","1,643.86","7,485.89","1,615.89","13,625.98","3,698.47","7,983.55","1,298.55","50,956.95"
10/18/2025 10:00,"14,675.09","1,738.02","7,751.77","1,651.80","14,461.82","4,004.53","8,497.39","1,296.23","54,076.65"
10/18/2025 11:00,"15,603.43","1,863.95","7,790.36","1,695.27","15,337.16","4,487.87","9,142.15","1,351.60","57,271.79"
10/18/2025 12:00,"16,573.34","1,988.42","7,729.86","1,704.69","15,868.92","4,860.05","9,831.67","1,411.78","59,968.72"
10/18/2025 13:00,"17,538.36","2,109.76","7,668.86","1,713.09","15,837.85","5,210.09","10,531.40","1,500.89","62,110.29"
10/18/2025 14:00,"18,378.85","2,212.98","7,646.05","1,756.58","15,373.16","5,506.19","11,136.69","1,578.15","63,588.67"
10/18/2025 15:00,"18,892.81","2,246.26","7,661.32","1,779.28","15,131.31","5,706.01","11,599.64","1,636.87","64,653.50"
10/18/2025 16:00,"19,177.15","2,265.73","7,736.44","1,818.79","15,197.60","5,855.47","12,108.44","1,680.19","65,839.79"
10/18/2025 17:00,"19,164.28","2,273.51","7,768.29","1,866.44","15,603.72","5,887.57","12,388.98","1,702.76","66,655.56"
10/18/2025 18:00,"18,795.41","2,226.39","7,775.27","1,907.93","16,101.41","5,846.43","12,452.34","1,704.74","66,809.93"
10/18/2025 19:00,"17,778.05","2,113.85","7,691.18","1,855.95","15,824.68","5,702.61","12,073.16","1,652.89","64,692.37"
10/18/2025 20:00,"17,169.66","2,081.37","7,310.49","1,819.83","15,479.89","5,535.29","11,574.20","1,574.72","62,545.44"
10/18/2025 21:00,"16,508.75","1,954.95","7,402.54","1,780.39","14,817.26","5,343.82","11,019.35","1,511.04","60,338.09"
10/18/2025 22:00,"15,885.74","1,871.51","7,216.84","1,726.96","14,192.22","5,114.85","10,437.13","1,406.11","57,851.36"
10/18/2025 23:00,"15,233.46","1,749.06","7,167.55","1,673.67","13,467.31","4,870.45","9,858.02","1,333.76","55,353.28"
10/18/2025 24:00,"14,624.73","1,667.32","7,114.99","1,620.95","12,706.82","4,696.23","9,173.20","1,269.68","52,873.93"
10/19/2025 01:00,"14,007.50","1,570.09","7,064.09","1,565.45","11,976.38","4,502.56","8,366.58","1,188.86","50,241.50"
10/19/2025 02:00,"13,522.41","1,503.01","7,166.80","1,531.54","11,346.97","4,294.75","7,701.53","1,154.14","48,221.16"
10/19/2025 03:00,"13,181.59","1,440.11","7,302.34","1,515.20","10,834.48","4,152.60","7,223.23","1,138.89","46,788.43"
10/19/2025 04:00,"12,812.97","1,387.60","7,378.09","1,498.79","10,437.89","4,014.50","6,824.79","1,110.21","45,464.84"
10/19/2025 05:00,"12,507.55","1,351.44","7,407.09","1,518.02","10,181.12","3,907.01","6,579.32","1,094.49","44,546.04"
10/19/2025 06:00,"12,306.39","1,273.22","7,393.53","1,514.38","10,025.77","3,814.60","6,442.65","1,089.58","43,860.13"
10/19/2025 07:00,"12,214.55","1,325.60","7,368.00","1,533.48","10,101.02","3,830.34","6,470.80","1,089.93","43,933.71"
10/19/2025 08:00,"12,192.70","1,349.62","7,373.28","1,560.76","10,291.44","3,796.69","6,550.11","1,107.63","44,222.23"
10/19/2025 09:00,"12,635.57","1,401.29","7,468.20","1,573.37","10,704.63","3,887.09","6,765.91","1,131.79","45,567.84"
10/19/2025 10:00,"13,638.06","1,471.94","7,637.15","1,622.25","11,227.93","4,159.35","7,116.32","1,165.75","48,038.75"
10/19/2025 11:00,"14,484.28","1,512.73","7,802.44","1,628.48","11,582.07","4,574.65","7,462.35","1,183.63","50,230.64"
10/19/2025 12:00,"15,366.19","1,579.31","7,812.64","1,628.15","11,943.65","4,885.97","7,825.00","1,225.51","52,266.41"
10/19/2025 13:00,"16,225.11","1,655.59","7,833.21","1,661.22","12,454.86","5,102.25","8,291.09","1,289.87","54,513.19"
10/19/2025 14:00,"16,842.32","1,726.01","7,887.62","1,666.97","12,906.63","5,444.27","8,777.82","1,357.42","56,609.07"
10/19/2025 15:00,"17,236.16","1,780.43","7,991.08","1,668.74","13,461.60","5,691.07","9,286.66","1,403.53","58,519.28"
10/19/2025 16:00,"17,542.88","1,870.21","8,070.18","1,702.50","14,065.42","5,801.78","9,750.82","1,467.04","60,270.83"
10/19/2025 17:00,"17,609.33","1,903.68","8,035.89","1,745.56","14,519.06","5,863.98","10,130.12","1,501.23","61,308.85"
10/19/2025 18:00,"17,355.74","1,900.07","7,849.72","1,776.31","14,741.33","5,807.37","10,278.05","1,516.10","61,224.67"
10/19/2025 19:00,"16,443.68","1,819.27","7,410.50","1,757.08","14,342.96","5,559.37","10,006.32","1,483.13","58,822.30"
10/19/2025 20:00,"15,791.17","1,788.70","7,238.45","1,754.58","14,198.44","5,400.85","9,617.49","1,447.13","57,236.80"
10/19/2025 21:00,"15,126.54","1,708.75","7,275.33","1,728.65","13,708.11","5,228.66","9,131.43","1,417.21","55,324.70"
10/19/2025 22:00,"14,436.86","1,619.67","7,085.99","1,684.55","13,042.63","5,062.54","8,617.56","1,340.49","52,890.28"
10/19/2025 23:00,"13,579.80","1,489.50","7,146.95","1,622.89","12,159.43","4,893.10","8,000.37","1,272.76","50,164.79"
10/19/2025 24:00,"12,698.81","1,381.93","7,323.27","1,560.78","11,207.14","4,515.07","7,316.69","1,210.34","47,214.03"
10/20/2025 01:00,"11,881.15","1,289.10","7,364.77","1,516.87","10,475.01","4,331.07","6,776.97","1,170.55","44,805.49"
10/20/2025 02:00,"11,383.95","1,227.73","7,395.63","1,492.84","10,072.28","4,146.73","6,426.73","1,141.03","43,286.92"
10/20/2025 03:00,"11,056.52","1,213.53","7,382.14","1,478.81","9,782.75","3,988.58","6,221.09","1,123.13","42,246.54"
10/20/2025 04:00,"10,897.32","1,166.30","7,171.12","1,468.04","9,661.15","3,961.92","6,137.77","1,111.18","41,574.80"
10/20/2025 05:00,"11,070.65","1,236.15","7,147.89","1,483.26","9,912.56","3,955.13","6,240.61","1,114.89","42,161.15"
10/20/2025 06:00,"11,504.74","1,307.18","7,138.61","1,529.03","10,529.69","4,050.11","6,553.32","1,147.13","43,759.81"
10/20/2025 07:00,"12,047.10","1,362.77","7,146.09","1,588.22","11,541.17","4,255.17","7,070.16","1,213.16","46,223.85"
10/20/2025 08:00,"12,280.30","1,411.91","7,208.68","1,631.51","12,056.12","4,244.37","7,392.01","1,249.74","47,474.63"
10/20/2025 09:00,"12,696.51","1,436.75","7,237.57","1,645.90","12,368.32","4,149.95","7,569.44","1,276.44","48,380.88"
10/20/2025 10:00,"13,477.64","1,527.58","7,334.94","1,643.52","12,767.67","4,369.45","7,878.58","1,294.72","50,294.09"
10/20/2025 11:00,"14,276.26","1,624.03","7,513.35","1,701.21","13,104.47","4,758.55","8,361.86","1,334.37","52,674.10"
10/20/2025 12:00,"15,192.13","1,693.49","7,654.34","1,750.63","13,750.20","5,160.25","9,004.87","1,401.26","55,607.17"
10/20/2025 13:00,"16,138.36","1,791.65","7,796.44","1,799.42","14,677.58","5,526.70","9,688.97","1,475.37","58,894.49"
10/20/2025 14:00,"16,999.28","1,926.59","7,962.69","1,806.93","15,633.57","5,792.59","10,422.61","1,560.53","62,104.79"
10/20/2025 15:00,"17,852.86","2,083.63","7,975.19","1,407.77","16,954.72","6,059.27","11,169.44","1,637.50","65,140.38"
10/20/2025 16:00,"18,300.87","2,197.20","7,958.40","1,456.67","18,049.47","6,183.97","11,790.67","1,684.92","67,622.18"
10/20/2025 17:00,"18,519.42","2,278.51","8,044.18","1,459.53","19,061.04","6,220.50","12,277.12","1,748.31","69,608.62"
10/20/2025 18:00,"18,327.93","2,305.85","7,976.48","1,476.51","19,530.99","6,174.66","12,449.72","1,753.92","69,996.08"
10/20/2025 19:00,"17,291.64","2,219.70","7,389.81","1,798.91","18,926.57","5,949.65","12,133.49","1,699.12","67,408.88"
10/20/2025 20:00,"16,793.45","2,173.05","7,051.98","1,607.20","18,322.89","5,881.96","11,687.94","1,634.18","65,152.65"
10/20/2025 21:00,"16,278.59","2,080.16","7,067.27","1,816.64","17,614.71","5,657.53","11,101.97","1,587.93","63,204.79"
10/20/2025 22:00,"15,776.54","2,009.74","7,010.83","1,621.52","16,774.52","5,335.57","10,468.88","1,516.65","60,514.24"
10/20/2025 23:00,"15,076.63","1,860.72","7,252.27","1,541.65","15,732.93","5,005.04","9,923.71","1,389.21","57,782.16"
10/20/2025 24:00,"14,166.78","1,733.55","7,339.97","1,638.49","14,473.05","4,785.92","9,310.69","1,280.53","54,728.97"
10/21/2025 01:00,"13,509.90","1,644.90","7,292.20","1,592.37","13,477.46","4,595.56","8,778.53","1,219.45","52,110.38"
10/21/2025 02:00,"13,026.18","1,577.52","7,306.57","1,540.31","12,653.53","4,409.58","8,323.41","1,187.86","50,024.96"
10/21/2025 03:00,"12,671.12","1,541.18","7,173.60","1,510.54","11,941.05","4,254.83","7,982.49","1,144.09","48,218.90"
10/21/2025 04:00,"12,556.16","1,540.24","7,325.70","1,514.57","11,558.82","4,113.05","7,783.08","1,125.66","47,517.27"
10/21/2025 05:00,"12,601.24","1,537.93","7,361.18","1,538.35","11,457.62","4,100.42","7,771.77","1,114.62","47,483.14"
10/21/2025 06:00,"12,957.10","1,591.96","7,348.94","1,579.31","11,789.23","4,140.32","7,950.11","1,137.29","48,494.25"
10/21/2025 07:00,"13,441.39","1,713.59","7,425.51","1,642.42","12,581.51","4,334.02","8,288.11","1,196.06","50,622.60"
10/21/2025 08:00,"13,644.05","1,751.87","7,440.30","1,674.29","12,799.03","4,333.75","8,463.99","1,229.13","51,336.41"
10/21/2025 09:00,"13,959.99","1,725.02","7,416.10","1,687.50","12,829.47","4,271.38","8,467.28","1,207.03","51,563.76"
10/21/2025 10:00,"14,897.58","1,779.51","7,560.84","1,722.08","13,249.74","4,485.10","8,614.85","1,235.60","53,545.30"
10/21/2025 11:00,"15,862.65","1,842.19","7,581.95","1,763.58","13,718.24","4,815.11","8,862.43","1,270.33","55,716.49"
10/21/2025 12:00,"16,725.13","1,891.76","7,604.85","1,786.46","14,075.44","5,143.77","9,209.05","1,304.88","57,741.34"
10/21/2025 13:00,"17,543.68","2,005.03","7,685.78","1,799.15","14,546.04","5,453.91","9,655.84","1,342.26","60,031.68"
10/21/2025 14:00,"18,387.96","2,056.06","7,783.96","1,830.18","14,996.94","5,751.24","10,233.16","1,387.91","62,427.42"
10/21/2025 15:00,"19,251.26","2,121.14","7,920.23","1,885.85","15,623.51","5,861.56","10,596.80","1,436.18","64,696.53"
10/21/2025 16:00,"19,648.04","2,163.50","7,993.19","1,921.40","16,119.01","6,018.80","10,936.45","1,465.55","66,265.94"
10/21/2025 17:00,"19,623.91","2,182.14","8,093.30","1,959.34","16,494.31","6,149.25","10,989.03","1,494.57","66,985.85"
10/21/2025 18:00,"18,946.09","2,110.80","7,897.72","1,959.23","16,430.27","6,160.25","10,984.29","1,497.42","65,986.08"
10/21/2025 19:00,"17,566.85","1,991.46","7,071.46","1,836.09","15,406.74","5,885.66","10,687.60","1,444.45","61,890.31"
10/21/2025 20:00,"16,830.94","1,897.50","6,648.08","1,766.65","14,658.40","5,730.86","10,420.50","1,431.09","59,384.02"
10/21/2025 21:00,"16,321.82","1,799.73","6,691.98","1,716.28","14,203.54","5,550.73","9,979.95","1,359.53","57,623.56"
10/21/2025 22:00,"15,813.75","1,732.44","6,766.69","1,691.12","13,779.06","5,335.49","9,426.30","1,300.22","55,845.06"
10/21/2025 23:00,"15,067.76","1,609.30","7,215.35","1,679.82","12,879.90","5,099.61","8,841.52","1,237.41","53,630.67"
10/21/2025 24:00,"13,986.43","1,476.37","7,277.44","1,585.62","11,758.53","4,778.59","8,039.80","1,222.19","50,124.98"
10/22/2025 01:00,"13,069.69","1,351.35","7,218.47","1,514.68","10,878.80","4,358.72","7,507.39","1,194.98","47,094.08"
10/22/2025 02:00,"12,339.34","1,249.02","7,262.24","1,483.99","10,297.67","4,145.50","7,026.26","1,141.08","44,945.10"
10/22/2025 03:00,"11,768.93","1,194.88","7,235.04","1,453.94","9,853.95","4,117.01","6,714.33","1,085.16","43,423.25"
10/22/2025 04:00,"11,484.35","1,212.69","7,241.81","1,447.80","9,717.79","4,043.54","6,525.16","1,055.81","42,728.96"
10/22/2025 05:00,"11,474.56","1,240.04","7,226.48","1,455.39","9,842.27","3,999.10","6,507.49","1,065.09","42,810.42"
10/22/2025 06:00,"11,769.77","1,306.34","7,232.17","1,488.29","10,442.43","4,066.08","6,717.49","1,091.60","44,114.16"
10/22/2025 07:00,"12,287.38","1,442.14","7,235.06","1,558.19","11,390.66","4,277.82","7,158.15","1,142.47","46,491.86"
10/22/2025 08:00,"12,439.84","1,460.13","7,244.80","1,602.33","11,921.41","4,326.57","7,388.31","1,195.72","47,579.11"
10/22/2025 09:00,"12,491.43","1,433.32","7,275.04","1,617.07","12,025.39","4,261.94","7,468.23","1,176.83","47,749.24"
10/22/2025 10:00,"12,874.17","1,512.82","7,321.45","1,639.54","12,289.48","4,382.90","7,634.10","1,184.51","48,838.97"
10/22/2025 11:00,"13,340.24","1,566.66","7,231.57","1,659.31","12,532.50","4,673.94","7,908.19","1,207.82","50,120.23"
10/22/2025 12:00,"13,764.83","1,607.72","7,250.58","1,676.60","12,777.60","5,014.97","8,217.38","1,238.66","51,548.35"
10/22/2025 13:00,"14,263.26","1,652.88","7,415.25","1,692.02","13,146.79","5,273.40","8,688.08","1,276.64","53,408.33"
10/22/2025 14:00,"14,942.55","1,722.91","7,683.70","1,578.65","13,624.74","5,528.04","9,279.94","1,360.25","55,720.77"
10/22/2025 15:00,"15,363.53","1,797.99","7,848.33","1,749.52","14,084.32","5,736.64","9,874.25","1,409.97","57,864.54"
10/22/2025 16:00,"15,824.07","1,878.01","7,997.57","1,816.41","14,649.62","5,832.60","10,463.82","1,476.91","59,939.01"
10/22/2025 17:00,"16,090.69","1,920.60","8,034.27","1,877.53","15,236.09","5,994.34","10,880.22","1,545.56","61,579.29"
10/22/2025 18:00,"15,828.87","1,906.86","7,837.11","1,897.90","15,397.34","5,936.57","11,075.35","1,569.71","61,449.70"
10/22/2025 19:00,"15,094.07","1,855.14","7,213.18","1,876.95","15,051.72","5,662.52","10,849.73","1,539.02","59,142.33"
10/22/2025 20:00,"14,652.78","1,787.33","7,059.51","1,785.70","14,685.73","5,554.53","10,568.90","1,514.66","57,609.16"
10/22/2025 21:00,"14,346.76","1,718.14","7,461.42","1,796.44","14,269.11","5,459.74","10,236.80","1,468.94","56,757.35"
10/22/2025 22:00,"13,818.94","1,657.36","7,300.13","1,729.55","13,598.02","5,127.64","9,747.06","1,425.44","54,404.15"
10/22/2025 23:00,"13,102.32","1,527.26","7,351.26","1,654.55","12,666.18","4,801.57","9,136.61","1,442.37","51,682.13"
10/22/2025 24:00,"12,341.35","1,404.37","7,367.29","1,590.43","11,640.13","4,491.77","8,458.58","1,359.29","48,653.22"
10/23/2025 01:00,"11,748.23","1,315.45","7,168.91","1,562.06","10,901.82","4,321.78","7,883.57","1,202.11","46,103.93"
10/23/2025 02:00,"11,310.52","1,274.82","7,180.91","1,541.48","10,408.06","4,163.73","7,495.81","1,163.29","44,538.63"
10/23/2025 03:00,"11,013.43","1,239.63","7,310.47","1,511.18","10,100.02","4,037.61","7,253.90","1,142.66","43,608.91"
10/23/2025 04:00,"10,885.96","1,234.38","7,337.60","1,501.29","9,945.70","3,927.84","7,127.41","1,134.37","43,094.55"
10/23/2025 05:00,"10,984.65","1,246.54","7,368.79","1,481.24","9,970.09","3,970.44","7,178.62","1,140.24","43,340.62"
10/23/2025 06:00,"11,397.51","1,294.56","7,287.42","1,510.65","10,575.98","4,054.89","7,381.14","1,155.37","44,657.52"
10/23/2025 07:00,"11,968.20","1,415.37","7,263.17","1,582.13","11,549.67","4,251.19","7,851.15","1,218.93","47,099.81"
10/23/2025 08:00,"12,236.60","1,465.84","7,334.09","1,627.35","12,118.52","4,219.45","8,114.58","1,252.34","48,368.76"
10/23/2025 09:00,"12,409.16","1,505.23","7,340.12","1,643.01","12,286.95","4,188.77","8,184.89","1,242.23","48,800.37"
10/23/2025 10:00,"12,996.93","1,532.46","7,532.28","1,666.29","12,561.28","4,495.80","8,380.42","1,268.33","50,433.79"
10/23/2025 11:00,"13,904.28","1,598.51","7,556.34","1,724.12","12,978.00","4,791.31","8,815.14","1,309.36","52,677.07"
10/23/2025 12:00,"15,002.04","1,668.78","7,741.17","1,771.65","13,509.94","5,084.54","9,348.71","1,380.19","55,507.03"
10/23/2025 13:00,"15,899.64","1,773.63","7,768.50","1,833.95","14,107.01","5,285.57","9,908.88","1,460.01","58,037.19"
10/23/2025 14:00,"16,724.26","1,856.14","7,862.30","1,870.42","14,806.35","5,535.57","10,454.76","1,529.66","60,639.46"
10/23/2025 15:00,"17,301.91","1,915.50","7,898.45","1,917.59","15,423.13","5,745.98","10,949.96","1,617.67","62,770.19"
10/23/2025 16:00,"17,432.64","1,972.34","7,814.04","1,956.00","16,001.43","5,873.26","11,353.34","1,687.50","64,090.55"
10/23/2025 17:00,"17,037.81","2,019.52","7,781.53","1,978.94","16,584.70","5,882.17","11,655.03","1,732.73","64,672.43"
10/23/2025 18:00,"16,430.89","1,989.09","7,314.28","1,924.61","16,651.27","5,787.07","11,699.65","1,708.93","63,505.79"
10/23/2025 19:00,"15,951.33","1,964.39","7,181.98","1,874.06","16,416.09","5,655.38","11,394.00","1,658.53","62,095.75"
10/23/2025 20:00,"15,939.53","1,936.65","6,877.24","1,876.82","16,441.22","5,550.01","11,108.75","1,641.17","61,371.40"
10/23/2025 21:00,"15,670.32","1,916.83","6,992.70","1,834.56","16,042.28","5,337.95","10,763.98","1,533.56","60,092.17"
10/23/2025 22:00,"15,247.18","1,816.71","6,946.50","1,778.85","15,345.47","5,234.69","10,274.40","1,417.32","58,061.13"
10/23/2025 23:00,"14,507.16","1,690.14","7,265.08","1,707.30","14,277.21","4,938.61","9,668.72","1,336.40","55,390.62"
10/23/2025 24:00,"13,662.12","1,569.75","7,017.49","1,635.77","13,137.40","4,606.07","8,947.88","1,257.50","51,833.97"
10/24/2025 01:00,"13,187.69","1,469.72","7,038.13","1,183.20","12,438.67","4,363.58","8,154.62","1,201.63","49,037.23"
10/24/2025 02:00,"12,634.71","1,423.29","7,326.89","1,148.67","11,724.32","4,133.22","7,750.00","1,173.60","47,314.71"
10/24/2025 03:00,"12,252.08","1,380.12","7,376.02","1,124.62","11,291.09","4,021.41","7,446.05","1,159.16","46,050.56"
10/24/2025 04:00,"12,086.72","1,360.23","7,334.12","1,106.03","10,990.85","3,949.86","7,280.44","1,147.84","45,256.09"
10/24/2025 05:00,"12,139.81","1,371.27","7,421.81","1,116.94","10,968.31","3,884.13","7,295.03","1,155.87","45,353.18"
10/24/2025 06:00,"12,468.46","1,415.26","7,421.06","1,145.18","11,428.01","3,962.47","7,463.30","1,170.77","46,474.51"
10/24/2025 07:00,"12,913.35","1,521.31","7,431.50","1,199.80","12,360.65","4,214.39","7,896.62","1,231.03","48,768.66"
10/24/2025 08:00,"13,041.79","1,543.15","7,455.06","1,295.70","12,832.92","4,255.22","8,135.18","1,268.62","49,827.64"
10/24/2025 09:00,"13,312.27","1,584.92","7,408.88","1,330.31","13,128.99","4,228.25","8,226.01","1,283.89","50,503.53"
10/24/2025 10:00,"14,152.66","1,663.93","7,447.64","1,361.14","13,534.63","4,491.45","8,511.25","1,304.83","52,467.52"
10/24/2025 11:00,"15,131.68","1,748.15","7,559.98","1,387.43","13,960.27","4,772.12","8,957.69","1,328.32","54,845.64"
10/24/2025 12:00,"15,965.52","1,804.62","7,487.42","1,392.21","14,301.79","5,055.79","9,382.89","1,359.52","56,749.75"
10/24/2025 13:00,"16,708.17","1,850.34","7,390.25","1,395.69","14,689.53","5,271.81","9,874.84","1,403.27","58,583.92"
10/24/2025 14:00,"17,343.71","1,940.97","7,032.14","1,407.70","15,030.80","5,449.23","10,339.45","1,427.71","59,971.72"
10/24/2025 15:00,"17,797.22","2,019.31","7,075.47","1,398.78","15,372.08","5,681.47","10,691.10","1,441.32","61,476.75"
10/24/2025 16:00,"17,962.95","2,054.84","7,066.21","1,361.15","15,462.56","5,764.00","10,907.36","1,440.90","62,019.98"
10/24/2025 17:00,"17,677.58","2,067.14","7,277.69","1,348.09","15,569.64","5,806.82","11,015.22","1,442.43","62,204.62"
10/24/2025 18:00,"16,935.28","2,036.85","7,295.27","1,352.80","15,514.48","5,752.80","10,976.79","1,413.89","61,278.16"
10/24/2025 19:00,"16,297.56","1,994.27","7,194.14","1,292.13","15,486.03","5,652.47","10,663.00","1,395.53","59,975.12"
10/24/2025 20:00,"16,138.34","1,979.77","7,300.04","1,201.21","15,469.70","5,466.78","10,455.68","1,377.62","59,389.14"
10/24/2025 21:00,"15,697.60","1,906.50","7,403.00","1,333.86","15,107.90","5,308.97","10,152.33","1,336.69","58,246.84"
10/24/2025 22:00,"15,275.09","1,843.15","7,252.33","1,335.62","14,211.72","5,098.42","9,758.66","1,291.88","56,066.86"
10/24/2025 23:00,"14,892.61","1,756.83","7,185.56","1,300.29","13,178.35","4,891.17","9,323.50","1,231.77","53,760.07"
10/24/2025 24:00,"14,319.31","1,613.09","7,360.28","1,247.66","12,273.97","4,730.76","8,706.27","1,182.56","51,433.89"
10/25/2025 01:00,"13,791.17","1,552.01","7,287.37","1,206.29","11,651.88","4,528.90","7,438.67","1,172.01","48,628.31"
10/25/2025 02:00,"13,347.80","1,468.78","7,431.66","1,167.37","11,159.57","4,213.23","6,881.25","1,165.42","46,835.07"
10/25/2025 03:00,"13,045.47","1,395.68","7,390.40","1,150.62","10,734.69","4,095.49","6,556.84","1,135.50","45,504.69"
10/25/2025 04:00,"12,357.97","1,333.92","7,380.41","1,152.16","10,539.49","3,878.47","6,383.19","1,141.80","44,167.41"
10/25/2025 05:00,"11,356.78","1,341.95","7,411.56","1,141.25","10,426.99","3,886.96","6,265.48","1,159.70","42,990.68"
10/25/2025 06:00,"11,134.35","1,352.79","7,459.47","1,165.27","10,565.71","3,917.06","6,296.43","1,183.98","43,075.06"
10/25/2025 07:00,"11,180.65","1,359.78","7,481.50","1,194.93","10,810.65","3,919.44","6,442.96","1,210.59","43,600.49"
10/25/2025 08:00,"11,359.35","1,391.65","7,457.73","1,224.94","11,180.64","3,841.04","6,611.41","1,240.75","44,307.51"
10/25/2025 09:00,"11,649.59","1,443.42","7,154.07","1,226.52","11,515.25","3,835.79","6,849.96","1,224.59","44,899.18"
10/25/2025 10:00,"12,236.85","1,516.28","7,459.61","1,282.45","12,307.50","4,092.79","7,104.54","1,230.65","47,230.66"
10/25/2025 11:00,"12,804.92","1,584.44","7,657.18","1,300.22","12,896.66","4,424.67","7,374.88","1,237.90","49,280.88"
10/25/2025 12:00,"13,309.69","1,631.71","7,669.23","1,316.15","13,198.07","4,670.60","7,571.37","1,221.67","50,588.50"
10/25/2025 13:00,"13,932.26","1,682.99","7,698.72","1,331.45","13,607.72","4,914.04","7,862.16","1,229.24","52,258.56"
10/25/2025 14:00,"14,425.08","1,723.78","7,799.46","1,345.78","13,979.44","5,134.09","8,212.27","1,252.86","53,872.77"
10/25/2025 15:00,"14,759.12","1,785.48","7,914.20","1,372.32","14,387.31","5,245.62","8,481.52","1,285.16","55,230.72"
10/25/2025 16:00,"14,991.38","1,795.81","7,974.98","1,383.51","14,504.76","5,397.25","8,817.48","1,326.26","56,191.43"
10/25/2025 17:00,"14,857.55","1,745.27","8,010.01","1,379.00","14,152.84","5,421.28","9,071.13","1,345.35","55,982.42"
10/25/2025 18:00,"14,596.00","1,715.99","8,046.82","1,403.51","13,659.23","5,368.92","9,087.94","1,357.71","55,236.13"
10/25/2025 19:00,"14,319.31","1,720.46","7,665.43","1,389.32","13,259.09","5,243.19","8,971.52","1,360.21","53,928.53"
10/25/2025 20:00,"14,435.68","1,675.77","7,366.12","1,394.87","13,334.49","5,174.79","8,828.56","1,369.93","53,580.21"
10/25/2025 21:00,"14,168.12","1,602.58","7,515.09","1,369.46","12,981.39","5,031.16","8,565.22","1,340.61","52,573.65"
10/25/2025 22:00,"13,921.13","1,549.52","7,498.66","1,340.25","12,561.54","4,869.02","8,251.15","1,300.94","51,292.22"
10/25/2025 23:00,"13,273.85","1,494.20","7,422.40","1,302.84","12,038.19","4,674.91","7,870.14","1,266.75","49,343.28"
10/25/2025 24:00,"12,444.79","1,412.02","7,398.09","1,256.76","11,364.71","4,525.65","7,425.25","1,220.54","47,047.82"
10/26/2025 01:00,"11,728.02","1,345.32","7,368.20","1,194.65","10,700.94","4,307.95","7,453.24","1,182.67","45,280.98"
10/26/2025 02:00,"11,292.92","1,302.86","7,424.40","1,165.96","10,240.03","4,166.51","7,053.98","1,150.17","43,796.82"
10/26/2025 03:00,"11,012.06","1,260.49","7,516.97","1,147.70","9,885.31","4,046.85","6,740.61","1,141.48","42,751.46"
10/26/2025 04:00,"10,820.12","1,244.27","7,459.12","1,141.64","9,651.94","3,937.83","6,515.64","1,150.90","41,921.45"
10/26/2025 05:00,"10,727.62","1,242.09","7,613.38","1,126.93","9,620.46","3,870.32","6,386.28","1,126.78","41,713.86"
10/26/2025 06:00,"10,763.69","1,230.19","7,601.85","1,134.54","9,736.51","3,793.22","6,317.67","1,127.47","41,705.13"
10/26/2025 07:00,"10,895.87","1,271.71","7,629.49","1,137.07","9,948.44","3,821.86","6,350.61","1,136.46","42,191.51"
10/26/2025 08:00,"11,052.63","1,320.76","7,651.73","1,150.09","10,299.83","3,783.57","6,488.29","1,161.42","42,908.32"
10/26/2025 09:00,"11,306.70","1,381.60","7,657.24","1,170.49","10,786.13","3,849.81","6,677.77","1,169.31","43,999.05"
10/26/2025 10:00,"11,830.02","1,434.91","7,644.60","1,199.21","11,338.72","4,066.91","6,967.06","1,191.95","45,673.39"
10/26/2025 11:00,"12,409.27","1,468.52","7,755.83","1,218.66","11,759.27","4,396.61","7,342.50","1,230.07","47,580.73"
10/26/2025 12:00,"13,092.61","1,495.91","7,812.95","1,227.95","12,086.35","4,732.83","7,830.27","1,259.89","49,538.76"
10/26/2025 13:00,"13,900.73","1,513.39","7,878.08","1,273.07","12,562.20","4,970.19","8,342.17","1,324.32","51,764.14"
10/26/2025 14:00,"14,688.51","1,592.07","7,954.18","1,314.81","12,949.83","5,304.61","8,858.00","1,388.06","54,050.07"
10/26/2025 15:00,"15,322.54","1,639.39","8,022.64","1,352.39","13,436.60","5,553.39","9,349.17","1,443.00","56,119.13"
10/26/2025 16:00,"15,913.47","1,727.30","8,089.82","1,278.66","14,029.66","5,683.65","9,807.29","1,506.70","58,036.54"
10/26/2025 17:00,"16,204.50","1,774.69","8,036.31","1,235.72","14,433.62","5,772.95","10,183.28","1,541.40","59,182.47"
10/26/2025 18:00,"16,091.69","1,788.86","7,764.61","1,310.38","14,610.06","5,743.06","10,304.48","1,553.32","59,166.46"
10/26/2025 19:00,"15,339.60","1,764.69","7,305.03","1,371.90","14,389.37","5,465.10","10,016.76","1,506.15","57,158.62"
10/26/2025 20:00,"14,919.42","1,750.36","7,137.84","1,321.73","14,418.99","5,305.73","9,667.28","1,470.95","55,992.29"
10/26/2025 21:00,"14,527.94","1,687.34","7,129.94","1,319.39","14,081.39","5,165.46","9,238.70","1,421.05","54,571.21"
10/26/2025 22:00,"14,071.81","1,623.89","7,122.74","1,282.00","13,613.92","5,045.14","8,708.32","1,353.96","52,821.77"
10/26/2025 23:00,"13,325.35","1,535.51","7,327.53","1,249.74","12,784.50","4,894.14","8,080.70","1,296.06","50,493.53"
10/26/2025 24:00,"12,613.64","1,429.88","7,423.74","1,206.50","11,892.36","4,531.80","7,366.13","1,238.51","47,702.55"
10/27/2025 01:00,"11,877.59","1,363.08","7,443.12","1,142.01","11,026.23","4,327.60","6,871.92","1,180.37","45,231.91"
10/27/2025 02:00,"11,435.70","1,302.28","7,319.87","1,111.54","10,460.59","4,138.31","6,503.74","1,147.41","43,419.44"
10/27/2025 03:00,"11,129.78","1,269.23","7,319.16","1,100.19","10,117.47","3,972.10","6,302.35","1,119.62","42,329.90"
10/27/2025 04:00,"11,068.77","1,240.24","7,269.62","1,098.00","9,988.90","3,953.17","6,229.05","1,108.88","41,956.63"
10/27/2025 05:00,"11,297.95","1,238.57","7,184.43","1,114.89","10,213.59","3,943.39","6,253.41","1,111.98","42,358.19"
10/27/2025 06:00,"11,728.79","1,367.38","7,129.86","1,167.70","10,797.89","4,029.56","6,577.01","1,128.33","43,926.53"
10/27/2025 07:00,"12,297.19","1,480.47","7,205.38","1,247.20","11,808.69","4,235.87","7,109.95","1,193.64","46,578.38"
10/27/2025 08:00,"12,602.39","1,538.34","7,308.61","1,298.87","12,390.98","4,207.73","7,447.14","1,233.50","48,027.57"
10/27/2025 09:00,"12,849.02","1,562.20","7,305.03","1,325.53","12,635.99","4,102.53","7,590.69","1,229.83","48,600.80"
10/27/2025 10:00,"13,383.42","1,601.30","7,439.41","1,318.52","12,991.98","4,241.72","7,826.86","1,253.06","50,056.26"
10/27/2025 11:00,"13,864.99","1,674.71","7,606.80","1,359.24","13,385.12","4,673.24","8,189.81","1,269.88","52,023.80"
10/27/2025 12:00,"14,492.00","1,753.46","7,742.95","1,364.31","13,861.16","5,033.43","8,623.74","1,314.13","54,185.19"
10/27/2025 13:00,"15,309.91","1,803.19","7,763.57","1,380.93","14,548.56","5,393.53","9,060.60","1,377.81","56,638.10"
10/27/2025 14:00,"16,232.30","1,884.47","7,788.93","1,414.12","15,278.08","5,685.83","9,654.44","1,447.15","59,385.32"
10/27/2025 15:00,"17,010.91","1,947.60","7,966.87","1,449.51","15,975.14","5,894.90","10,269.63","1,501.61","62,016.17"
10/27/2025 16:00,"17,591.00","2,048.07","8,065.77","1,476.31","16,646.93","6,029.15","10,829.51","1,541.76","64,228.50"
10/27/2025 17:00,"17,846.40","2,118.28","8,104.32","1,500.83","17,148.14","6,104.78","11,277.12","1,590.85","65,690.73"
10/27/2025 18:00,"17,451.98","2,105.07","7,771.83","1,471.43","17,120.37","6,006.08","11,430.14","1,585.86","64,942.76"
10/27/2025 19:00,"16,300.60","2,035.96","6,979.50","1,368.07","16,246.93","5,720.52","11,068.06","1,529.83","61,249.47"
10/27/2025 20:00,"15,888.50","2,003.92","6,896.30","1,362.46","16,044.70","5,663.54","10,698.21","1,477.92","60,035.54"
10/27/2025 21:00,"15,755.99","1,947.91","7,357.43","1,401.40","16,195.81","5,564.86","10,232.46","1,440.53","59,896.37"
10/27/2025 22:00,"15,317.70","1,840.18","7,496.54","1,356.47","15,648.04","5,292.39","9,707.86","1,385.86","58,045.04"
10/27/2025 23:00,"14,499.04","1,740.55","7,418.50","1,293.31","14,596.03","4,927.96","9,089.45","1,314.16","54,879.00"
10/27/2025 24:00,"13,658.29","1,650.02","7,594.15","1,226.79","13,390.79","4,710.83","8,475.86","1,232.32","51,939.05"
10/28/2025 01:00,"13,014.41","1,504.93","7,593.05","1,191.50","12,487.23","4,479.00","8,004.37","1,170.41","49,444.89"
10/28/2025 02:00,"12,512.82","1,429.22","7,477.93","1,168.54","11,841.45","4,287.20","7,662.16","1,140.93","47,520.24"
10/28/2025 03:00,"12,143.20","1,390.71","7,366.95","1,169.76","11,364.41","4,141.78","7,437.47","1,116.49","46,130.77"
10/28/2025 04:00,"11,969.62","1,378.41","7,372.06","1,156.98","11,128.95","3,993.14","7,245.54","1,105.46","45,350.16"
10/28/2025 05:00,"12,049.08","1,386.10","7,300.02","1,120.61","11,210.70","3,998.06","7,287.17","1,107.09","45,458.82"
10/28/2025 06:00,"12,524.08","1,476.06","7,206.88","1,125.46","11,880.53","4,061.20","7,520.38","1,128.98","46,923.56"
10/28/2025 07:00,"13,137.42","1,608.04","7,211.00","1,199.75","13,000.15","4,271.33","8,021.53","1,192.15","49,641.38"
10/28/2025 08:00,"13,441.54","1,643.63","7,209.11","1,247.33","13,756.78","4,293.28","8,278.73","1,236.60","51,107.01"
10/28/2025 09:00,"13,693.06","1,683.61","7,095.47","1,265.18","13,848.25","4,237.79","8,343.05","1,222.27","51,388.69"
10/28/2025 10:00,"14,288.28","1,719.15","7,184.21","1,275.04","14,291.61","4,426.57","8,529.31","1,233.89","52,948.07"
10/28/2025 11:00,"15,151.89","1,779.54","7,265.97","1,279.90","14,693.31","4,746.58","8,932.13","1,259.65","55,108.95"
10/28/2025 12:00,"16,072.12","1,866.11","7,297.74","1,269.74","14,994.26","5,043.97","9,555.98","1,286.04","57,385.95"
10/28/2025 13:00,"16,934.87","1,938.52","7,360.52","1,269.45","15,087.86","5,374.86","10,163.98","1,307.68","59,437.75"
10/28/2025 14:00,"17,635.76","1,966.22","7,410.17","1,260.92","14,743.70","5,713.13","10,647.92","1,320.05","60,697.85"
10/28/2025 15:00,"18,317.06","2,034.18","7,565.96","1,264.42","14,578.06","5,907.12","10,603.31","1,328.92","61,599.03"
10/28/2025 16:00,"18,502.15","2,015.80","7,599.85","1,268.46","14,458.96","6,103.14","10,308.69","1,340.07","61,597.12"
10/28/2025 17:00,"18,062.35","1,969.03","7,661.77","1,284.84","14,535.45","6,244.23","9,836.14","1,360.13","60,953.95"
10/28/2025 18:00,"17,277.91","1,912.62","7,662.39","1,247.20","14,349.70","6,259.34","9,530.46","1,373.16","59,612.76"
10/28/2025 19:00,"16,503.55","1,863.48","7,629.46","1,268.70","14,112.46","6,013.01","9,244.81","1,362.22","57,997.68"
10/28/2025 20:00,"16,114.40","1,822.92","7,306.25","1,314.69","14,229.14","5,813.37","9,101.40","1,361.57","57,063.74"
10/28/2025 21:00,"15,388.87","1,766.39","7,449.41","1,292.74","13,773.26","5,562.65","8,913.35","1,336.24","55,482.90"
10/28/2025 22:00,"14,492.33","1,678.66","7,143.27","1,254.42","13,015.44","5,278.57","8,410.98","1,265.39","52,539.05"
10/28/2025 23:00,"13,475.34","1,555.09","7,057.31","1,201.09","12,249.68","4,917.49","7,752.99","1,192.37","49,401.37"
10/28/2025 24:00,"12,460.32","1,433.45","7,075.56","1,150.73","11,582.79","4,586.12","7,093.79","1,150.07","46,532.84"
10/29/2025 01:00,"11,674.58","1,337.59","7,154.40","1,102.55","10,918.04","4,150.76","6,579.33","1,135.22","44,052.46"
10/29/2025 02:00,"11,140.80","1,297.35","7,192.56","1,078.54","10,427.76","3,881.49","6,222.19","1,107.78","42,348.47"
10/29/2025 03:00,"10,733.16","1,280.75","7,164.69","1,066.97","10,076.79","3,825.16","6,012.40","1,099.05","41,258.96"
10/29/2025 04:00,"10,562.73","1,270.16","7,174.95","1,066.23","10,018.21","3,701.78","5,882.24","1,104.68","40,780.98"
10/29/2025 05:00,"10,661.79","1,291.72","7,197.31","1,085.30","10,233.22","3,596.74","5,936.03","1,106.92","41,109.02"
10/29/2025 06:00,"11,033.83","1,367.06","7,156.29","1,134.71","10,843.17","3,612.50","6,188.99","1,123.82","42,460.36"
10/29/2025 07:00,"11,626.10","1,501.59","7,207.61","1,142.58","11,969.62","3,756.26","6,635.86","1,188.85","45,028.47"
10/29/2025 08:00,"11,822.32","1,570.77","7,179.26","1,172.54","12,613.73","3,755.03","6,920.20","1,243.14","46,276.99"
10/29/2025 09:00,"11,939.25","1,599.12","7,408.00","1,280.77","12,762.47","3,590.32","6,944.26","1,233.10","46,757.31"
10/29/2025 10:00,"12,229.86","1,583.17","7,679.94","1,285.95","12,892.96","3,607.64","6,927.56","1,216.54","47,423.61"
10/29/2025 11:00,"12,364.65","1,572.30","7,642.48","1,285.62","12,956.26","3,655.50","6,864.66","1,239.43","47,580.89"
10/29/2025 12:00,"12,360.15","1,548.93","7,624.00","1,281.92","12,896.59","3,748.42","6,801.82","1,217.41","47,479.24"
10/29/2025 13:00,"12,342.66","1,561.95","7,629.42","1,277.24","12,784.97","3,753.97","6,771.00","1,202.78","47,323.99"
10/29/2025 14:00,"12,428.00","1,550.88","7,648.53","1,261.17","12,732.16","3,837.72","6,787.29","1,207.15","47,452.91"
10/29/2025 15:00,"12,482.94","1,565.64","7,744.82","1,246.55","12,456.12","3,962.55","6,825.88","1,199.07","47,483.58"
10/29/2025 16:00,"12,540.37","1,537.10","7,775.43","1,257.54","12,448.18","3,971.03","6,933.62","1,201.89","47,665.17"
10/29/2025 17:00,"12,537.32","1,535.50","7,736.98","1,273.50","12,495.92","4,102.56","7,134.34","1,221.49","48,037.61"
10/29/2025 18:00,"12,493.44","1,573.12","7,740.21","1,180.16","12,755.88","4,144.04","7,352.24","1,251.15","48,490.23"
10/29/2025 19:00,"12,423.75","1,614.91","7,333.17","1,154.62","13,011.11","4,074.83","7,497.13","1,263.51","48,373.03"
10/29/2025 20:00,"12,658.33","1,668.52","7,294.82","1,204.38","13,373.39","4,163.81","7,716.04","1,303.64","49,382.93"
10/29/2025 21:00,"12,405.29","1,641.63","7,573.20","1,327.90","13,147.58","4,101.82","7,605.68","1,311.42","49,114.52"
10/29/2025 22:00,"12,109.11","1,577.42","7,594.51","1,350.82","12,732.92","3,856.40","7,357.42","1,281.95","47,860.56"
10/29/2025 23:00,"11,555.55","1,480.47","7,657.17","1,306.22","11,948.86","3,605.32","6,978.48","1,250.44","45,782.51"
10/29/2025 24:00,"11,052.01","1,410.20","7,580.32","1,259.79","11,184.95","3,380.57","6,542.77","1,224.21","43,634.82"
10/30/2025 01:00,"10,764.07","1,335.24","7,316.91","1,231.65","10,614.73","3,253.94","6,257.44","1,210.84","41,984.81"
10/30/2025 02:00,"10,507.68","1,311.86","7,195.48","1,202.51","10,274.13","3,183.66","6,055.68","1,200.18","40,931.18"
10/30/2025 03:00,"10,349.81","1,305.54","7,260.11","1,180.13","10,074.49","3,140.23","5,937.78","1,199.61","40,447.71"
10/30/2025 04:00,"10,352.08","1,307.17","7,281.61","1,162.90","10,110.09","3,105.10","5,950.10","1,211.37","40,480.42"
10/30/2025 05:00,"10,484.46","1,331.01","7,318.33","1,209.70","10,276.04","3,202.28","6,094.97","1,244.82","41,161.60"
10/30/2025 06:00,"11,016.44","1,384.08","7,290.27","1,277.53","11,060.04","3,346.99","6,456.06","1,292.46","43,123.87"
10/30/2025 07:00,"11,681.84","1,503.42","7,289.26","1,357.66","12,258.23","3,615.53","7,115.24","1,382.42","46,203.59"
10/30/2025 08:00,"12,062.06","1,585.63","7,398.87","1,411.00","13,036.80","3,640.55","7,537.05","1,419.16","48,091.12"
10/30/2025 09:00,"12,176.19","1,630.31","7,380.81","1,427.02","13,092.79","3,506.72","7,548.76","1,390.43","48,153.02"
10/30/2025 10:00,"12,274.23","1,596.73","7,753.76","1,402.32","12,891.46","3,516.87","7,336.95","1,330.01","48,102.34"
10/30/2025 11:00,"12,370.95","1,588.33","7,695.08","1,385.13","12,696.45","3,496.98","7,103.92","1,280.91","47,617.75"
10/30/2025 12:00,"12,419.02","1,537.76","7,559.28","1,352.53","12,508.63","3,488.52","6,934.86","1,242.24","47,042.84"
10/30/2025 13:00,"12,386.40","1,540.84","7,473.31","1,320.42","12,317.24","3,450.11","6,822.45","1,219.63","46,530.40"
10/30/2025 14:00,"12,511.12","1,521.03","7,473.05","1,303.68","12,268.03","3,534.45","6,812.03","1,219.12","46,642.51"
10/30/2025 15:00,"12,613.28","1,526.71","7,532.69","1,289.61","12,209.72","3,680.07","6,871.96","1,220.96","46,945.00"
10/30/2025 16:00,"12,752.55","1,509.12","7,672.83","1,307.22","12,265.99","3,861.92","7,024.43","1,241.72","47,635.78"
10/30/2025 17:00,"12,848.95","1,539.25","7,818.28","1,324.94","12,491.32","3,991.32","7,240.70","1,270.77","48,525.52"
10/30/2025 18:00,"12,851.41","1,559.97","7,703.48","1,330.58","12,690.64","4,068.68","7,462.74","1,304.56","48,972.06"
10/30/2025 19:00,"12,666.47","1,589.36","7,397.26","1,336.85","12,838.39","4,061.45","7,612.53","1,302.01","48,804.32"
10/30/2025 20:00,"12,808.12","1,579.97","7,114.35","1,383.20","13,300.74","4,050.46","7,725.37","1,320.32","49,282.52"
10/30/2025 21:00,"12,548.46","1,588.84","6,981.55","1,356.22","13,053.31","3,933.45","7,589.09","1,310.61","48,361.53"
10/30/2025 22:00,"12,288.15","1,512.85","6,981.90","1,269.83","12,665.92","3,904.24","7,342.31","1,285.47","47,250.66"
10/30/2025 23:00,"11,762.66","1,429.01","7,204.76","1,228.92","11,903.16","3,765.91","6,994.91","1,235.03","45,524.37"
10/30/2025 24:00,"11,272.79","1,356.45","7,194.52","1,199.82","11,297.87","3,590.36","6,615.01","1,192.58","43,719.41"
10/31/2025 01:00,"10,775.15","1,290.86","7,476.03","1,155.77","10,708.07","3,293.79","6,443.15","1,162.08","42,304.90"
10/31/2025 02:00,"10,532.25","1,263.05","7,574.87","1,145.04","10,411.73","3,177.75","6,246.50","1,149.24","41,500.42"
10/31/2025 03:00,"10,403.36","1,246.43","7,650.39","1,156.77","10,243.47","3,096.84","6,112.42","1,159.97","41,069.65"
10/31/2025 04:00,"10,404.71","1,292.01","7,691.88","1,181.29","10,250.51","3,110.68","6,103.15","1,159.97","41,194.19"
10/31/2025 05:00,"10,602.29","1,322.99","7,704.94","1,217.03","10,518.58","3,140.44","6,214.51","1,174.50","41,895.27"
10/31/2025 06:00,"11,046.67","1,394.90","7,731.82","1,268.12","11,215.80","3,254.53","6,543.08","1,218.53","43,673.46"
10/31/2025 07:00,"11,644.85","1,585.98","7,500.63","1,346.40","12,293.82","3,514.15","7,123.51","1,297.58","46,306.91"
10/31/2025 08:00,"12,024.07","1,644.50","7,458.20","1,405.97","13,029.90","3,595.63","7,495.03","1,347.71","48,001.01"
10/31/2025 09:00,"12,153.71","1,669.99","7,363.41","1,414.17","13,219.41","3,484.74","7,535.15","1,348.45","48,189.03"
10/31/2025 10:00,"12,294.46","1,636.35","7,701.45","1,386.30","13,120.34","3,425.67","7,428.45","1,323.80","48,316.81"
10/31/2025 11:00,"12,378.62","1,585.01","7,738.26","1,358.11","12,895.87","3,344.25","7,275.24","1,282.95","47,858.31"
10/31/2025 12:00,"12,375.10","1,528.34","7,687.49","1,314.61","12,553.54","3,389.05","7,156.73","1,253.56","47,258.42"
10/31/2025 13:00,"12,409.41","1,503.31","7,614.47","1,258.30","12,398.17","3,468.87","7,125.75","1,242.97","47,021.26"
10/31/2025 14:00,"12,632.90","1,508.73","7,569.20","1,227.54","12,386.17","3,557.20","7,200.97","1,247.90","47,330.62"
10/31/2025 15:00,"12,819.91","1,535.49","7,626.21","1,239.50","12,454.67","3,713.89","7,309.68","1,266.44","47,965.79"
10/31/2025 16:00,"13,045.98","1,541.39","7,673.61","1,248.58","12,572.45","3,897.22","7,520.48","1,282.07","48,781.78"
10/31/2025 17:00,"13,190.62","1,564.29","7,694.66","1,279.18","12,761.02","4,057.11","7,766.32","1,290.60","49,603.80"
10/31/2025 18:00,"13,049.64","1,546.26","7,678.05","1,227.11","12,780.18","4,103.80","7,900.09","1,293.03","49,578.17"
10/31/2025 19:00,"12,542.61","1,505.60","7,447.65","1,173.72","12,438.66","4,005.88","7,773.28","1,272.63","48,160.04"
10/31/2025 20:00,"12,293.10","1,502.12","7,154.66","1,083.19","12,213.67","3,843.45","7,634.02","1,275.26","46,999.46"
10/31/2025 21:00,"12,089.18","1,488.12","7,008.94","1,075.06","12,023.48","3,813.36","7,540.27","1,267.33","46,305.74"
10/31/2025 22:00,"11,972.81","1,484.75","6,995.80","1,067.42","11,886.81","3,664.43","7,389.26","1,233.59","45,694.87"
10/31/2025 23:00,"11,760.87","1,459.20","6,861.80","1,063.42","11,545.07","3,515.97","7,096.21","1,199.21","44,501.75"
10/31/2025 24:00,"11,291.19","1,374.25","6,912.01","1,144.12","11,018.69","3,345.24","6,753.96","1,159.51","42,998.98"
,,,,,,,,,
,,,,,,,,,
,,,,,,,,,
,,,,,,,,,
,,,,,,,,,
,,,,,,,,,
,,,,,,,,,
,,,,,,,,,
,,,,,,,,,
,,,,,,,,,
,,,,,,,,,
,,,,,,,,,
,,,,,,,,,
,,,,,,,,,
,,,,,,,,,
,,,,,,,,,
,,,,,,,,,
,,,,,,,,,
,,,,,,,,,
,,,,,,,,,
,,,,,,,,,
,,,,,,,,,
,,,,,,,,,
,,,,,,,,,
,,,,,,,,,
,,,,,,,,,
,,,,,,,,,
,,,,,,,,,
,,,,,,,,,
,,,,,,,,,
,,,,,,,,,
,,,,,,,,,
,,,,,,,,,
,,,,,,,,,
,,,,,,,,,
,,,,,,,,,
,,,,,,,,,
,,,,,,,,,
,,,,,,,,,
,,,,,,,,,
,,,,,,,,,
,,,,,,,,,
,,,,,,,,,
,,,,,,,,,
,,,,,,,,,
,,,,,,,,,
,,,,,,,,,
,,,,,,,,,
,,,,,,,,,
,,,,,,,,,
,,,,,,,,,
,,,,,,,,,
,,,,,,,,,
,,,,,,,,,
,,,,,,,,,
,,,,,,,,,
,,,,,,,,,
,,,,,,,,,
,,,,,,,,,
,,,,,,,,,
,,,,,,,,,
,,,,,,,,,
,,,,,,,,,
,,,,,,,,,
,,,,,,,,,
,,,,,,,,,
,,,,,,,,,
,,,,,,,,,
,,,,,,,,,
,,,,,,,,,
,,,,,,,,,
,,,,,,,,,
,,,,,,,,,
,,,,,,,,,
,,,,,,,,,
,,,,,,,,,
,,,,,,,,,
,,,,,,,,,
,,,,,,,,,
,,,,,,,,,
,,,,,,,,,
,,,,,,,,,
,,,,,,,,,
,,,,,,,,,
,,,,,,,,,
,,,,,,,,,
,,,,,,,,,
,,,,,,,,,
,,,,,,,,,
,,,,,,,,,
,,,,,,,,,
,,,,,,,,,
,,,,,,,,,
,,,,,,,,,
,,,,,,,,,
,,,,,,,,,
,,,,,,,,,
,,,,,,,,,
,,,,,,,,,
,,,,,,,,,
,,,,,,,,,
,,,,,,,,,
,,,,,,,,,
,,,,,,,,,
,,,,,,,,,
,,,,,,,,,
,,,,,,,,,
,,,,,,,,,
,,,,,,,,,
,,,,,,,,,
,,,,,,,,,
,,,,,,,,,
,,,,,,,,,
,,,,,,,,,
,,,,,,,,,
,,,,,,,,,
,,,,,,,,,
,,,,,,,,,
,,,,,,,,,
,,,,,,,,,
,,,,,,,,,
,,,,,,,,,
,,,,,,,,,
,,,,,,,,,
,,,,,,,,,
,,,,,,,,,
,,,,,,,,,
,,,,,,,,,
,,,,,,,,,
,,,,,,,,,
,,,,,,,,,
,,,,,,,,,
,,,,,,,,,
,,,,,,,,,
,,,,,,,,,
,,,,,,,,,
,,,,,,,,,
,,,,,,,,,
,,,,,,,,,
,,,,,,,,,
,,,,,,,,,
,,,,,,,,,
,,,,,,,,,
,,,,,,,,,
,,,,,,,,,
,,,,,,,,,
,,,,,,,,,
,,,,,,,,,
,,,,,,,,,
,,,,,,,,,
,,,,,,,,,
,,,,,,,,,
,,,,,,,,,
,,,,,,,,,
,,,,,,,,,
,,,,,,,,,
,,,,,,,,,
,,,,,,,,,
,,,,,,,,,
,,,,,,,,,
,,,,,,,,,
,,,,,,,,,
,,,,,,,,,
,,,,,,,,,
,,,,,,,,,
,,,,,,,,,
,,,,,,,,,
,,,,,,,,,
,,,,,,,,,
,,,,,,,,,
,,,,,,,,,
,,,,,,,,,
,,,,,,,,,
,,,,,,,,,
,,,,,,,,,
,,,,,,,,,
,,,,,,,,,
,,,,,,,,,
,,,,,,,,,
,,,,,,,,,
,,,,,,,,,
,,,,,,,,,
,,,,,,,,,
,,,,,,,,,
,,,,,,,,,
,,,,,,,,,
,,,,,,,,,
,,,,,,,,,
,,,,,,,,,
,,,,,,,,,
,,,,,,,,,
,,,,,,,,,
,,,,,,,,,
,,,,,,,,,
,,,,,,,,,
,,,,,,,,,
,,,,,,,,,
,,,,,,,,,
,,,,,,,,,
,,,,,,,,,
,,,,,,,,,
,,,,,,,,,
,,,,,,,,,
,,,,,,,,,
,,,,,,,,,
,,,,,,,,,
,,,,,,,,,
,,,,,,,,,
,,,,,,,,,
,,,,,,,,,
,,,,,,,,,
,,,,,,,,,
,,,,,,,,,
,,,,,,,,,
,,,,,,,,,
,,,,,,,,,
,,,,,,,,,
,,,,,,,,,
,,,,,,,,,
,,,,,,,,,
,,,,,,,,,
,,,,,,,,,
,,,,,,,,,
,,,,,,,,,
,,,,,,,,,
,,,,,,,,,
,,,,,,,,,
,,,,,,,,,
,,,,,,,,,
,,,,,,,,,
,,,,,,,,,
,,,,,,,,,
,,,,,,,,,
,,,,,,,,,
,,,,,,,,,
,,,,,,,,,
,,,,,,,,,
,,,,,,,,,
,,,,,,,,,
,,,,,,,,,
,,,,,,,,,
,,,,,,,,,
,,,,,,,,,
,,,,,,,,,
,,,,,,,,,
,,,,,,,,,
,,,,,,,,,
,,,,,,,,,
,,,,,,,,,
,,,,,,,,,
,,,,,,,,,
,,,,,,,,,
,,,,,,,,,
,,,,,,,,,
,,,,,,,,,
,,,,,,,,,
,,,,,,,,,
,,,,,,,,,
,,,,,,,,,
,,,,,,,,,
,,,,,,,,,
,,,,,,,,,
,,,,,,,,,
,,,,,,,,,
,,,,,,,,,
,,,,,,,,,
,,,,,,,,,
,,,,,,,,,
,,,,,,,,,
,,,,,,,,,
,,,,,,,,,
,,,,,,,,,
,,,,,,,,,
,,,,,,,,,
,,,,,,,,,
,,,,,,,,,
,,,,,,,,,
,,,,,,,,,
,,,,,,,,,
,,,,,,,,,
,,,,,,,,,
,,,,,,,,,
,,,,,,,,,
,,,,,,,,,
,,,,,,,,,
,,,,,,,,,
,,,,,,,,,
,,,,,,,,,
,,,,,,,,,
,,,,,,,,,
,,,,,,,,,
,,,,,,,,,
,,,,,,,,,
,,,,,,,,,
,,,,,,,,,
,,,,,,,,,
,,,,,,,,,
,,,,,,,,,
,,,,,,,,,
,,,,,,,,,
,,,,,,,,,
,,,,,,,,,
,,,,,,,,,
,,,,,,,,,
,,,,,,,,,
,,,,,,,,,
,,,,,,,,,
,,,,,,,,,
,,,,,,,,,
,,,,,,,,,
,,,,,,,,,
,,,,,,,,,
,,,,,,,,,
,,,,,,,,,
,,,,,,,,,
,,,,,,,,,
,,,,,,,,,
,,,,,,,,,
,,,,,,,,,
,,,,,,,,,
,,,,,,,,,
,,,,,,,,,
,,,,,,,,,
,,,,,,,,,
,,,,,,,,,
,,,,,,,,,
,,,,,,,,,
,,,,,,,,,
,,,,,,,,,
,,,,,,,,,
,,,,,,,,,
,,,,,,,,,
,,,,,,,,,
,,,,,,,,,
,,,,,,,,,
,,,,,,,,,
,,,,,,,,,
,,,,,,,,,
,,,,,,,,,
,,,,,,,,,
,,,,,,,,,
,,,,,,,,,
,,,,,,,,,
,,,,,,,,,
,,,,,,,,,
,,,,,,,,,
,,,,,,,,,
,,,,,,,,,
,,,,,,,,,
,,,,,,,,,
,,,,,,,,,
,,,,,,,,,
,,,,,,,,,
,,,,,,,,,
,,,,,,,,,
,,,,,,,,,
,,,,,,,,,
,,,,,,,,,
,,,,,,,,,
,,,,,,,,,
,,,,,,,,,
,,,,,,,,,
,,,,,,,,,
,,,,,,,,,
,,,,,,,,,
,,,,,,,,,
,,,,,,,,,
,,,,,,,,,
,,,,,,,,,
,,,,,,,,,
,,,,,,,,,
,,,,,,,,,
,,,,,,,,,
,,,,,,,,,
,,,,,,,,,
,,,,,,,,,
,,,,,,,,,
,,,,,,,,,
,,,,,,,,,
,,,,,,,,,
,,,,,,,,,
,,,,,,,,,
,,,,,,,,,
,,,,,,,,,
,,,,,,,,,
,,,,,,,,,
,,,,,,,,,
,,,,,,,,,
,,,,,,,,,
,,,,,,,,,
,,,,,,,,,
,,,,,,,,,
,,,,,,,,,
,,,,,,,,,
,,,,,,,,,
,,,,,,,,,
,,,,,,,,,
,,,,,,,,,
,,,,,,,,,
,,,,,,,,,
,,,,,,,,,
,,,,,,,,,
,,,,,,,,,
,,,,,,,,,
,,,,,,,,,
,,,,,,,,,
,,,,,,,,,
,,,,,,,,,
,,,,,,,,,
,,,,,,,,,
,,,,,,,,,
,,,,,,,,,
,,,,,,,,,
,,,,,,,,,
,,,,,,,,,
,,,,,,,,,
,,,,,,,,,
,,,,,,,,,
,,,,,,,,,
,,,,,,,,,
,,,,,,,,,
,,,,,,,,,
,,,,,,,,,
,,,,,,,,,
,,,,,,,,,
,,,,,,,,,
,,,,,,,,,
,,,,,,,,,
,,,,,,,,,
,,,,,,,,,
,,,,,,,,,
,,,,,,,,,
,,,,,,,,,
,,,,,,,,,
,,,,,,,,,
,,,,,,,,,
,,,,,,,,,
,,,,,,,,,
,,,,,,,,,
,,,,,,,,,
,,,,,,,,,
,,,,,,,,,
,,,,,,,,,
,,,,,,,,,
,,,,,,,,,
,,,,,,,,,
,,,,,,,,,
,,,,,,,,,
,,,,,,,,,
,,,,,,,,,
,,,,,,,,,
,,,,,,,,,
,,,,,,,,,
,,,,,,,,,
,,,,,,,,,
,,,,,,,,,
,,,,,,,,,
,,,,,,,,,
,,,,,,,,,
,,,,,,,,,
,,,,,,,,,
,,,,,,,,,
,,,,,,,,,
,,,,,,,,,
,,,,,,,,,
,,,,,,,,,
,,,,,,,,,
,,,,,,,,,
,,,,,,,,,
,,,,,,,,,
,,,,,,,,,
,,,,,,,,,
,,,,,,,,,
,,,,,,,,,
,,,,,,,,,
,,,,,,,,,
,,,,,,,,,
,,,,,,,,,
,,,,,,,,,
,,,,,,,,,
,,,,,,,,,
,,,,,,,,,
,,,,,,,,,
,,,,,,,,,
,,,,,,,,,
,,,,,,,,,
,,,,,,,,,
,,,,,,,,,
,,,,,,,,,
,,,,,,,,,
,,,,,,,,,
,,,,,,,,,
,,,,,,,,,
,,,,,,,,,
,,,,,,,,,
,,,,,,,,,
,,,,,,,,,
,,,,,,,,,
,,,,,,,,,
,,,,,,,,,
,,,,,,,,,
,,,,,,,,,
,,,,,,,,,
,,,,,,,,,
,,,,,,,,,
,,,,,,,,,
,,,,,,,,,
,,,,,,,,,
,,,,,,,,,
,,,,,,,,,
,,,,,,,,,
,,,,,,,,,
,,,,,,,,,
,,,,,,,,,
,,,,,,,,,
,,,,,,,,,
,,,,,,,,,
,,,,,,,,,
,,,,,,,,,
,,,,,,,,,
,,,,,,,,,
,,,,,,,,,
,,,,,,,,,
,,,,,,,,,
,,,,,,,,,
,,,,,,,,,
,,,,,,,,,
,,,,,,,,,
,,,,,,,,,
,,,,,,,,,
,,,,,,,,,
,,,,,,,,,
,,,,,,,,,
,,,,,,,,,
,,,,,,,,,
,,,,,,,,,
,,,,,,,,,
,,,,,,,,,
,,,,,,,,,
,,,,,,,,,
,,,,,,,,,
,,,,,,,,,
,,,,,,,,,
,,,,,,,,,
,,,,,,,,,
,,,,,,,,,
,,,,,,,,,
,,,,,,,,,
,,,,,,,,,
,,,,,,,,,
,,,,,,,,,
,,,,,,,,,
,,,,,,,,,
,,,,,,,,,
,,,,,,,,,
,,,,,,,,,
,,,,,,,,,
,,,,,,,,,
,,,,,,,,,
,,,,,,,,,
,,,,,,,,,
,,,,,,,,,
,,,,,,,,,
,,,,,,,,,
,,,,,,,,,
,,,,,,,,,
,,,,,,,,,
,,,,,,,,,
,,,,,,,,,
,,,,,,,,,
,,,,,,,,,
,,,,,,,,,
,,,,,,,,,
,,,,,,,,,
,,,,,,,,,
,,,,,,,,,
,,,,,,,,,
,,,,,,,,,
,,,,,,,,,
,,,,,,,,,
,,,,,,,,,
,,,,,,,,,
,,,,,,,,,
,,,,,,,,,
,,,,,,,,,
,,,,,,,,,
,,,,,,,,,
,,,,,,,,,
,,,,,,,,,
,,,,,,,,,
,,,,,,,,,
,,,,,,,,,
,,,,,,,,,
,,,,,,,,,
,,,,,,,,,
,,,,,,,,,
,,,,,,,,,
,,,,,,,,,
,,,,,,,,,
,,,,,,,,,
,,,,,,,,,
,,,,,,,,,
,,,,,,,,,
,,,,,,,,,
,,,,,,,,,
,,,,,,,,,
,,,,,,,,,
,,,,,,,,,
,,,,,,,,,
,,,,,,,,,
,,,,,,,,,
,,,,,,,,,
,,,,,,,,,
,,,,,,,,,
,,,,,,,,,
,,,,,,,,,
,,,,,,,,,
,,,,,,,,,
,,,,,,,,,
,,,,,,,,,
,,,,,,,,,
,,,,,,,,,
,,,,,,,,,
,,,,,,,,,
,,,,,,,,,
,,,,,,,,,
,,,,,,,,,
,,,,,,,,,
,,,,,,,,,
,,,,,,,,,
,,,,,,,,,
,,,,,,,,,
,,,,,,,,,
,,,,,,,,,
,,,,,,,,,
,,,,,,,,,
,,,,,,,,,
,,,,,,,,,
,,,,,,,,,
,,,,,,,,,
,,,,,,,,,
,,,,,,,,,
,,,,,,,,,
,,,,,,,,,
,,,,,,,,,
,,,,,,,,,
,,,,,,,,,
,,,,,,,,,
,,,,,,,,,
,,,,,,,,,
,,,,,,,,,
,,,,,,,,,
,,,,,,,,,
,,,,,,,,,
,,,,,,,,,
,,,,,,,,,
,,,,,,,,,
,,,,,,,,,
,,,,,,,,,
,,,,,,,,,
,,,,,,,,,
,,,,,,,,,
,,,,,,,,,
,,,,,,,,,
,,,,,,,,,
,,,,,,,,,
,,,,,,,,,
,,,,,,,,,
,,,,,,,,,
,,,,,,,,,
,,,,,,,,,
,,,,,,,,,
,,,,,,,,,
,,,,,,,,,
,,,,,,,,,
,,,,,,,,,
,,,,,,,,,
,,,,,,,,,
,,,,,,,,,
,,,,,,,,,
,,,,,,,,,
,,,,,,,,,
,,,,,,,,,
,,,,,,,,,
,,,,,,,,,
,,,,,,,,,
,,,,,,,,,
,,,,,,,,,
,,,,,,,,,
,,,,,,,,,
,,,,,,,,,
,,,,,,,,,
,,,,,,,,,
,,,,,,,,,
,,,,,,,,,
,,,,,,,,,
,,,,,,,,,
,,,,,,,,,
,,,,,,,,,
,,,,,,,,,
,,,,,,,,,
,,,,,,,,,
,,,,,,,,,
,,,,,,,,,
,,,,,,,,,
,,,,,,,,,
,,,,,,,,,
,,,,,,,,,
,,,,,,,,,
,,,,,,,,,
,,,,,,,,,
,,,,,,,,,
,,,,,,,,,
,,,,,,,,,
,,,,,,,,,
,,,,,,,,,
,,,,,,,,,
,,,,,,,,,
,,,,,,,,,
,,,,,,,,,
,,,,,,,,,
,,,,,,,,,
,,,,,,,,,
,,,,,,,,,
,,,,,,,,,
,,,,,,,,,
,,,,,,,,,
,,,,,,,,,
,,,,,,,,,
,,,,,,,,,
,,,,,,,,,
,,,,,,,,,
,,,,,,,,,
,,,,,,,,,
,,,,,,,,,
,,,,,,,,,
,,,,,,,,,
,,,,,,,,,
,,,,,,,,,
,,,,,,,,,
,,,,,,,,,
,,,,,,,,,
,,,,,,,,,
,,,,,,,,,
,,,,,,,,,
,,,,,,,,,
,,,,,,,,,
,,,,,,,,,
,,,,,,,,,
,,,,,,,,,
,,,,,,,,,
,,,,,,,,,
,,,,,,,,,
,,,,,,,,,
,,,,,,,,,
,,,,,,,,,
,,,,,,,,,
,,,,,,,,,
,,,,,,,,,
,,,,,,,,,
,,,,,,,,,
,,,,,,,,,
,,,,,,,,,
,,,,,,,,,
,,,,,,,,,
,,,,,,,,,
,,,,,,,,,
,,,,,,,,,
,,,,,,,,,
,,,,,,,,,
,,,,,,,,,
,,,,,,,,,
,,,,,,,,,
,,,,,,,,,
,,,,,,,,,
,,,,,,,,,
,,,,,,,,,
,,,,,,,,,
,,,,,,,,,
,,,,,,,,,
,,,,,,,,,
,,,,,,,,,
,,,,,,,,,
,,,,,,,,,
,,,,,,,,,
,,,,,,,,,
,,,,,,,,,
,,,,,,,,,
,,,,,,,,,
,,,,,,,,,
,,,,,,,,,
,,,,,,,,,
,,,,,,,,,
,,,,,,,,,
,,,,,,,,,
,,,,,,,,,
,,,,,,,,,
,,,,,,,,,
,,,,,,,,,
,,,,,,,,,
,,,,,,,,,
,,,,,,,,,
,,,,,,,,,
,,,,,,,,,
,,,,,,,,,
,,,,,,,,,
,,,,,,,,,
,,,,,,,,,
,,,,,,,,,
,,,,,,,,,
,,,,,,,,,
,,,,,,,,,
,,,,,,,,,
,,,,,,,,,
,,,,,,,,,
,,,,,,,,,
,,,,,,,,,
,,,,,,,,,
,,,,,,,,,
,,,,,,,,,
,,,,,,,,,
,,,,,,,,,
,,,,,,,,,
,,,,,,,,,
,,,,,,,,,
,,,,,,,,,
,,,,,,,,,
,,,,,,,,,
,,,,,,,,,
,,,,,,,,,
,,,,,,,,,
,,,,,,,,,
,,,,,,,,,
,,,,,,,,,
,,,,,,,,,
,,,,,,,,,
,,,,,,,,,
,,,,,,,,,
,,,,,,,,,
,,,,,,,,,
,,,,,,,,,
,,,,,,,,,
,,,,,,,,,
,,,,,,,,,
,,,,,,,,,
,,,,,,,,,
,,,,,,,,,
,,,,,,,,,
,,,,,,,,,
,,,,,,,,,
,,,,,,,,,
,,,,,,,,,
,,,,,,,,,
,,,,,,,,,
,,,,,,,,,
,,,,,,,,,
,,,,,,,,,
,,,,,,,,,
,,,,,,,,,
,,,,,,,,,
,,,,,,,,,
,,,,,,,,,
,,,,,,,,,
,,,,,,,,,
,,,,,,,,,
,,,,,,,,,
,,,,,,,,,
,,,,,,,,,
,,,,,,,,,
,,,,,,,,,
,,,,,,,,,
,,,,,,,,,
,,,,,,,,,
,,,,,,,,,
,,,,,,,,,
,,,,,,,,,
,,,,,,,,,
,,,,,,,,,
,,,,,,,,,
,,,,,,,,,
,,,,,,,,,
,,,,,,,,,
,,,,,,,,,
,,,,,,,,,
,,,,,,,,,
,,,,,,,,,
,,,,,,,,,
,,,,,,,,,
,,,,,,,,,
,,,,,,,,,
,,,,,,,,,
,,,,,,,,,
,,,,,,,,,
,,,,,,,,,
,,,,,,,,,
,,,,,,,,,
,,,,,,,,,
,,,,,,,,,
,,,,,,,,,
,,,,,,,,,
,,,,,,,,,
,,,,,,,,,
,,,,,,,,,
,,,,,,,,,
,,,,,,,,,
,,,,,,,,,
,,,,,,,,,
,,,,,,,,,
,,,,,,,,,
,,,,,,,,,
,,,,,,,,,
,,,,,,,,,
,,,,,,,,,
,,,,,,,,,
,,,,,,,,,
,,,,,,,,,
,,,,,,,,,
,,,,,,,,,
,,,,,,,,,
,,,,,,,,,
,,,,,,,,,
,,,,,,,,,
,,,,,,,,,
,,,,,,,,,
,,,,,,,,,
,,,,,,,,,
,,,,,,,,,
,,,,,,,,,
,,,,,,,,,
,,,,,,,,,
,,,,,,,,,
,,,,,,,,,
,,,,,,,,,
,,,,,,,,,
,,,,,,,,,
,,,,,,,,,
,,,,,,,,,
,,,,,,,,,
,,,,,,,,,
,,,,,,,,,
,,,,,,,,,
,,,,,,,,,
,,,,,,,,,
,,,,,,,,,
,,,,,,,,,
,,,,,,,,,
,,,,,,,,,
,,,,,,,,,
,,,,,,,,,
,,,,,,,,,
,,,,,,,,,
,,,,,,,,,
,,,,,,,,,
,,,,,,,,,
,,,,,,,,,
,,,,,,,,,
,,,,,,,,,
,,,,,,,,,
,,,,,,,,,
,,,,,,,,,
,,,,,,,,,
,,,,,,,,,
,,,,,,,,,
,,,,,,,,,
,,,,,,,,,
,,,,,,,,,
,,,,,,,,,
,,,,,,,,,
,,,,,,,,,
,,,,,,,,,
,,,,,,,,,
,,,,,,,,,
,,,,,,,,,
,,,,,,,,,
,,,,,,,,,
,,,,,,,,,
,,,,,,,,,
,,,,,,,,,
,,,,,,,,,
,,,,,,,,,
,,,,,,,,,
,,,,,,,,,
,,,,,,,,,
,,,,,,,,,
,,,,,,,,,
,,,,,,,,,
,,,,,,,,,
,,,,,,,,,
,,,,,,,,,
,,,,,,,,,
,,,,,,,,,
,,,,,,,,,
,,,,,,,,,
,,,,,,,,,
,,,,,,,,,
,,,,,,,,,
,,,,,,,,,
,,,,,,,,,
,,,,,,,,,
,,,,,,,,,
,,,,,,,,,
,,,,,,,,,
,,,,,,,,,
,,,,,,,,,
,,,,,,,,,
,,,,,,,,,
,,,,,,,,,
,,,,,,,,,
,,,,,,,,,
,,,,,,,,,
,,,,,,,,,
,,,,,,,,,
,,,,,,,,,
,,,,,,,,,
,,,,,,,,,
,,,,,,,,,
,,,,,,,,,
,,,,,,,,,
,,,,,,,,,
,,,,,,,,,
,,,,,,,,,
,,,,,,,,,
,,,,,,,,,
,,,,,,,,,
,,,,,,,,,
,,,,,,,,,
,,,,,,,,,
,,,,,,,,,
,,,,,,,,,
,,,,,,,,,
,,,,,,,,,
,,,,,,,,,
,,,,,,,,,
,,,,,,,,,
,,,,,,,,,
,,,,,,,,,
,,,,,,,,,
,,,,,,,,,
,,,,,,,,,
,,,,,,,,,
,,,,,,,,,
,,,,,,,,,
,,,,,,,,,
,,,,,,,,,
,,,,,,,,,
,,,,,,,,,
,,,,,,,,,
,,,,,,,,,
,,,,,,,,,
,,,,,,,,,
,,,,,,,,,
,,,,,,,,,
,,,,,,,,,
,,,,,,,,,
,,,,,,,,,
,,,,,,,,,
,,,,,,,,,
,,,,,,,,,
,,,,,,,,,
,,,,,,,,,
,,,,,,,,,
,,,,,,,,,
,,,,,,,,,
,,,,,,,,,
,,,,,,,,,
,,,,,,,,,
,,,,,,,,,
,,,,,,,,,
,,,,,,,,,
,,,,,,,,,
,,,,,,,,,
,,,,,,,,,
,,,,,,,,,
,,,,,,,,,
,,,,,,,,,
,,,,,,,,,
,,,,,,,,,
,,,,,,,,,
,,,,,,,,,
,,,,,,,,,
,,,,,,,,,
,,,,,,,,,
,,,,,,,,,
,,,,,,,,,
,,,,,,,,,
,,,,,,,,,
,,,,,,,,,
,,,,,,,,,
,,,,,,,,,
,,,,,,,,,
,,,,,,,,,
,,,,,,,,,
,,,,,,,,,
,,,,,,,,,
,,,,,,,,,
,,,,,,,,,
,,,,,,,,,
,,,,,,,,,
,,,,,,,,,
,,,,,,,,,
,,,,,,,,,
,,,,,,,,,
,,,,,,,,,
,,,,,,,,,
,,,,,,,,,
,,,,,,,,,
,,,,,,,,,
,,,,,,,,,
,,,,,,,,,
,,,,,,,,,
,,,,,,,,,
,,,,,,,,,
,,,,,,,,,
,,,,,,,,,
,,,,,,,,,
,,,,,,,,,
,,,,,,,,,
,,,,,,,,,
,,,,,,,,,
,,,,,,,,,
,,,,,,,,,
,,,,,,,,,
,,,,,,,,,
,,,,,,,,,
,,,,,,,,,
,,,,,,,,,
,,,,,,,,,
,,,,,,,,,
,,,,,,,,,
,,,,,,,,,
,,,,,,,,,
,,,,,,,,,
,,,,,,,,,
,,,,,,,,,
,,,,,,,,,
,,,,,,,,,
,,,,,,,,,
,,,,,,,,,
,,,,,,,,,
,,,,,,,,,
,,,,,,,,,
,,,,,,,,,
,,,,,,,,,
,,,,,,,,,
,,,,,,,,,
,,,,,,,,,
,,,,,,,,,
,,,,,,,,,
,,,,,,,,,
,,,,,,,,,
,,,,,,,,,
,,,,,,,,,
,,,,,,,,,
,,,,,,,,,
,,,,,,,,,
,,,,,,,,,
,,,,,,,,,
,,,,,,,,,
,,,,,,,,,
,,,,,,,,,
,,,,,,,,,
,,,,,,,,,
,,,,,,,,,
,,,,,,,,,
,,,,,,,,,
,,,,,,,,,
,,,,,,,,,
,,,,,,,,,
,,,,,,,,,
,,,,,,,,,
,,,,,,,,,
,,,,,,,,,
,,,,,,,,,
,,,,,,,,,
,,,,,,,,,
,,,,,,,,,
,,,,,,,,,
,,,,,,,,,
,,,,,,,,,
,,,,,,,,,
,,,,,,,,,
,,,,,,,,,
,,,,,,,,,
,,,,,,,,,
,,,,,,,,,
,,,,,,,,,
,,,,,,,,,
,,,,,,,,,
,,,,,,,,,
,,,,,,,,,
,,,,,,,,,
,,,,,,,,,
,,,,,,,,,
,,,,,,,,,
,,,,,,,,,
,,,,,,,,,
,,,,,,,,,
,,,,,,,,,
,,,,,,,,,
,,,,,,,,,
,,,,,,,,,
,,,,,,,,,
,,,,,,,,,
,,,,,,,,,
,,,,,,,,,
,,,,,,,,,
,,,,,,,,,
,,,,,,,,,
,,,,,,,,,
,,,,,,,,,
,,,,,,,,,
,,,,,,,,,
,,,,,,,,,
,,,,,,,,,
,,,,,,,,,
,,,,,,,,,
,,,,,,,,,
,,,,,,,,,
,,,,,,,,,
,,,,,,,,,
,,,,,,,,,
,,,,,,,,,
,,,,,,,,,
,,,,,,,,,
,,,,,,,,,
,,,,,,,,,
,,,,,,,,,
,,,,,,,,,
,,,,,,,,,
,,,,,,,,,
,,,,,,,,,
,,,,,,,,,
,,,,,,,,,
,,,,,,,,,
,,,,,,,,,
,,,,,,,,,
,,,,,,,,,
,,,,,,,,,
,,,,,,,,,
,,,,,,,,,
,,,,,,,,,
,,,,,,,,,
,,,,,,,,,
,,,,,,,,,
,,,,,,,,,
,,,,,,,,,
,,,,,,,,,
,,,,,,,,,
,,,,,,,,,
,,,,,,,,,
,,,,,,,,,
,,,,,,,,,
,,,,,,,,,
,,,,,,,,,
,,,,,,,,,
,,,,,,,,,
,,,,,,,,,
,,,,,,,,,
,,,,,,,,,
,,,,,,,,,
,,,,,,,,,
,,,,,,,,,
,,,,,,,,,
,,,,,,,,,
,,,,,,,,,
,,,,,,,,,
,,,,,,,,,
,,,,,,,,,
,,,,,,,,,
,,,,,,,,,
,,,,,,,,,
,,,,,,,,,
,,,,,,,,,
,,,,,,,,,
,,,,,,,,,
,,,,,,,,,
,,,,,,,,,
,,,,,,,,,
,,,,,,,,,
,,,,,,,,,
,,,,,,,,,
,,,,,,,,,
,,,,,,,,,
,,,,,,,,,
,,,,,,,,,
,,,,,,,,,
,,,,,,,,,
,,,,,,,,,
,,,,,,,,,
,,,,,,,,,
,,,,,,,,,
,,,,,,,,,
,,,,,,,,,
,,,,,,,,,
,,,,,,,,,
,,,,,,,,,
,,,,,,,,,
,,,,,,,,,
,,,,,,,,,
,,,,,,,,,
,,,,,,,,,
,,,,,,,,,
,,,,,,,,,
,,,,,,,,,
,,,,,,,,,
,,,,,,,,,
,,,,,,,,,
,,,,,,,,,
,,,,,,,,,
,,,,,,,,,
,,,,,,,,,
,,,,,,,,,
,,,,,,,,,
,,,,,,,,,
,,,,,,,,,
,,,,,,,,,
,,,,,,,,,
,,,,,,,,,
,,,,,,,,,
,,,,,,,,,
,,,,,,,,,
,,,,,,,,,
,,,,,,,,,
,,,,,,,,,
,,,,,,,,,
,,,,,,,,,
,,,,,,,,,
,,,,,,,,,
,,,,,,,,,
,,,,,,,,,
,,,,,,,,,
,,,,,,,,,
,,,,,,,,,
,,,,,,,,,
,,,,,,,,,
,,,,,,,,,
,,,,,,,,,
,,,,,,,,,
,,,,,,,,,
,,,,,,,,,
,,,,,,,,,
,,,,,,,,,
,,,,,,,,,
,,,,,,,,,
,,,,,,,,,
,,,,,,,,,
,,,,,,,,,
,,,,,,,,,
,,,,,,,,,
,,,,,,,,,
,,,,,,,,,
,,,,,,,,,
,,,,,,,,,
,,,,,,,,,
,,,,,,,,,
,,,,,,,,,
,,,,,,,,,
,,,,,,,,,
,,,,,,,,,
,,,,,,,,,
,,,,,,,,,
,,,,,,,,,
,,,,,,,,,
,,,,,,,,,
,,,,,,,,,
,,,,,,,,,
,,,,,,,,,
,,,,,,,,,
,,,,,,,,,
,,,,,,,,,
,,,,,,,,,
,,,,,,,,,
,,,,,,,,,
,,,,,,,,,
,,,,,,,,,
,,,,,,,,,
,,,,,,,,,
,,,,,,,,,
,,,,,,,,,
,,,,,,,,,
,,,,,,,,,
,,,,,,,,,
,,,,,,,,,
,,,,,,,,,
,,,,,,,,,
,,,,,,,,,
,,,,,,,,,
,,,,,,,,,
,,,,,,,,,
,,,,,,,,,
,,,,,,,,,
,,,,,,,,,
,,,,,,,,,
,,,,,,,,,
,,,,,,,,,
,,,,,,,,,
,,,,,,,,,
,,,,,,,,,
,,,,,,,,,
,,,,,,,,,
,,,,,,,,,
,,,,,,,,,
,,,,,,,,,
,,,,,,,,,
,,,,,,,,,
,,,,,,,,,
,,,,,,,,,
,,,,,,,,,
,,,,,,,,,
,,,,,,,,,
,,,,,,,,,
,,,,,,,,,
,,,,,,,,,
,,,,,,,,,
,,,,,,,,,
,,,,,,,,,
,,,,,,,,,
,,,,,,,,,
,,,,,,,,,
,,,,,,,,,
,,,,,,,,,
,,,,,,,,,
,,,,,,,,,
,,,,,,,,,
,,,,,,,,,
,,,,,,,,,
,,,,,,,,,
,,,,,,,,,
,,,,,,,,,
,,,,,,,,,
,,,,,,,,,
,,,,,,,,,
,,,,,,,,,
,,,,,,,,,
,,,,,,,,,
,,,,,,,,,
,,,,,,,,,
,,,,,,,,,
,,,,,,,,,
,,,,,,,,,
,,,,,,,,,
,,,,,,,,,
,,,,,,,,,
,,,,,,,,,
,,,,,,,,,
,,,,,,,,,
,,,,,,,,,
,,,,,,,,,
,,,,,,,,,
,,,,,,,,,
,,,,,,,,,
,,,,,,,,,
,,,,,,,,,
,,,,,,,,,
,,,,,,,,,
,,,,,,,,,
,,,,,,,,,
,,,,,,,,,
,,,,,,,,,
,,,,,,,,,
,,,,,,,,,
,,,,,,,,,
,,,,,,,,,
,,,,,,,,,
,,,,,,,,,
,,,,,,,,,
,,,,,,,,,
,,,,,,,,,
,,,,,,,,,
,,,,,,,,,
,,,,,,,,,
,,,,,,,,,
,,,,,,,,,
,,,,,,,,,
,,,,,,,,,
,,,,,,,,,
,,,,,,,,,
,,,,,,,,,
,,,,,,,,,
,,,,,,,,,
,,,,,,,,,
,,,,,,,,,
,,,,,,,,,
,,,,,,,,,
,,,,,,,,,
,,,,,,,,,
,,,,,,,,,
,,,,,,,,,