interval_start_local,HB_NORTH,time_hour,time_dayofweek,time_is_weekend,time_hour_sin,time_hour_cos,weather_temp_7d_mean,weather_temp_anom,weather_temp_f_lag1,weather_CDD65_lag1,weather_HDD65_lag1,weather_dewpoint_C_lag1,weather_deltaT_dew_C_lag1,weather_slp_hPa_lag1,weather_windspd_ms_lag1,weather_temp_f_lag2,weather_CDD65_lag2,weather_HDD65_lag2,weather_dewpoint_C_lag2,weather_deltaT_dew_C_lag2,weather_slp_hPa_lag2,weather_windspd_ms_lag2,weather_temp_f_lag4,weather_CDD65_lag4,weather_HDD65_lag4,weather_dewpoint_C_lag4,weather_deltaT_dew_C_lag4,weather_slp_hPa_lag4,weather_windspd_ms_lag4,weather_temp_f_lag12,weather_CDD65_lag12,weather_HDD65_lag12,weather_dewpoint_C_lag12,weather_deltaT_dew_C_lag12,weather_slp_hPa_lag12,weather_windspd_ms_lag12,weather_temp_f_lag24,weather_CDD65_lag24,weather_HDD65_lag24,weather_dewpoint_C_lag24,weather_deltaT_dew_C_lag24,weather_slp_hPa_lag24,weather_windspd_ms_lag24,load_ramp_hist,load_rolling_6h_hist,load_rolling_24h_hist,load_vol_24h_hist,load_system_lag1,load_system_lag2,load_system_lag4,load_system_lag12,load_system_lag24,solar_share_centerwest,solar_share_northwest,solar_share_fareast,solar_share_southeast,solar_share_centereast,solar_system_wide_lag1,solar_centerwest_lag1,solar_northwest_lag1,solar_fareast_lag1,solar_southeast_lag1,solar_centereast_lag1,solar_total_regions_lag1,solar_system_wide_lag2,solar_centerwest_lag2,solar_northwest_lag2,solar_fareast_lag2,solar_southeast_lag2,solar_centereast_lag2,solar_total_regions_lag2,solar_system_wide_lag4,solar_centerwest_lag4,solar_northwest_lag4,solar_fareast_lag4,solar_southeast_lag4,solar_centereast_lag4,solar_total_regions_lag4,solar_system_wide_lag12,solar_centerwest_lag12,solar_northwest_lag12,solar_fareast_lag12,solar_southeast_lag12,solar_centereast_lag12,solar_total_regions_lag12,solar_system_wide_lag24,solar_centerwest_lag24,solar_northwest_lag24,solar_fareast_lag24,solar_southeast_lag24,solar_centereast_lag24,solar_total_regions_lag24,wind_share_lz_south_houston,wind_share_lz_west,wind_share_lz_north,wind_system_wide_lag1,wind_lz_south_houston_lag1,wind_lz_west_lag1,wind_lz_north_lag1,wind_total_regions_lag1,wind_system_wide_lag2,wind_lz_south_houston_lag2,wind_lz_west_lag2,wind_lz_north_lag2,wind_total_regions_lag2,wind_system_wide_lag4,wind_lz_south_houston_lag4,wind_lz_west_lag4,wind_lz_north_lag4,wind_total_regions_lag4,wind_system_wide_lag12,wind_lz_south_houston_lag12,wind_lz_west_lag12,wind_lz_north_lag12,wind_total_regions_lag12,wind_system_wide_lag24,wind_lz_south_houston_lag24,wind_lz_west_lag24,wind_lz_north_lag24,wind_total_regions_lag24,price_ramp_hist,price_rolling_6h_hist,price_rolling_24h_hist,price_vol_24h_hist,price_lag1,price_lag2,price_lag4,price_lag12,price_lag24,is_90th_percentile
2023-01-16 22:00:00,312.8,22,0,0,-0.5000000000000004,0.8660254037844384,58.01607142857144,17.453928571428563,75.47,10.47,0.0,8.05,16.099999999999998,1004.25,7.2,75.92,10.920000000000002,0.0,7.8,16.599999999999998,1004.4,6.7,71.50999999999999,6.509999999999991,0.0,10.85,11.1,1006.55,6.7,64.04,0.0,0.9599999999999936,13.3,4.5,1005.7,8.8,69.08,4.079999999999998,0.0,10.6,10.000000000000002,1006.1,9.3,-69.66666666666424,36441.23611111112,40463.496527777774,3820.70611253429,34583.333333333336,34653.0,36193.75,44431.666666666664,34517.5,0.0,0.0,0.6756756756756757,0.0,0.3243243243243243,0.29,0.0,0.0,0.2,0.0,0.09,0.29,0.27,0.0,0.0,0.2,0.0,0.06,0.26,2.5,0.0,0.0,0.19,0.07,0.02,0.28,4823.89,895.35,263.55,882.74,485.83,507.8,3035.2700000000004,0.26,0.0,0.0,0.2,0.0,0.04,0.24,0.1222743370320886,0.7633677051732141,0.1143579577946972,15820.56,1771.33,12219.51,1829.72,15820.56,15460.81,1873.03,11860.38,1727.4,15460.81,13793.46,1542.42,11077.67,1173.37,13793.46,12275.99,3178.34,7883.83,1213.82,12275.99,24718.82,6142.1,15597.3,2979.42,24718.82,-4.939999999999998,21.495,33.419583333333335,49.23313990632969,20.37,25.31,28.41,62.09,2.04,1
2023-01-30 08:00:00,760.61,8,0,0,0.8660254037844387,-0.4999999999999998,44.864017857142855,-16.824017857142856,28.04,0.0,36.96,-4.4,2.2,1023.7,8.2,29.3,0.0,35.7,-3.9,2.4,1023.85,7.2,30.92,0.0,34.08,-3.9,3.3,1023.8,6.7,34.52,0.0,30.479999999999997,-1.4,2.8,1018.6,9.0,57.92,0.0,7.079999999999998,13.3,1.0999999999999996,1013.7,4.1,413.41666666666424,58776.291666666664,51059.3125,5339.739308750622,60147.416666666664,59734.0,58559.833333333336,44909.166666666664,46474.583333333336,0.140333091962346,0.0619840695148443,0.5234612599565531,0.1591600289645184,0.1150615496017378,7.76,0.21,0.03,4.44,2.43,0.33,7.440000000000001,0.23,0.0,0.0,0.2,0.0,0.02,0.22,0.23,0.0,0.0,0.2,0.0,0.02,0.22,0.21,0.0,0.0,0.19,0.0,0.02,0.21,548.76,68.7,9.72,230.84,73.09,27.9,410.25,0.4043555811954742,0.5008241402451229,0.0948202785594028,7906.47,2691.66,4365.01,849.8,7906.47,9470.62,2807.89,5644.73,1018.0,9470.62,12915.38,2887.99,8519.27,1508.12,12915.38,12972.04,2885.44,8967.06,1119.54,12972.04,15179.04,2958.82,10810.77,1409.45,15179.04,133.07,69.68,39.09458333333333,38.04001782781632,199.34,66.27,26.26,32.33,15.5,1
2023-01-30 10:00:00,276.76,10,0,0,0.4999999999999999,-0.8660254037844387,44.79008928571428,-16.75008928571428,28.04,0.0,36.96,-4.4,2.2,1024.1,7.449999999999999,28.04,0.0,36.96,-4.4,2.2,1023.7,8.2,29.3,0.0,35.7,-3.9,2.4,1023.85,7.2,33.98,0.0,31.020000000000003,-1.7,2.8,1019.1,6.7,53.96,0.0,11.04,11.7,0.5,1013.6,4.1,75.66666666666424,59639.708333333336,52166.322916666664,5725.807705153593,60146.416666666664,60070.75,59734.0,47144.416666666664,47710.416666666664,0.2724817837585047,0.0882827703772987,0.3812813975590991,0.1598201759017605,0.098133872403337,610.09,78.42,29.46,155.19,49.8,40.8,353.67,213.62,19.38,8.56,72.29,21.98,15.89,138.10000000000002,0.23,0.0,0.0,0.2,0.0,0.02,0.22,0.21,0.0,0.0,0.19,0.0,0.02,0.21,2979.66,199.68,46.88,614.94,331.35,126.8,1319.65,0.5562473412117586,0.3678663359554693,0.0758863228327721,6166.53,3015.46,2683.76,467.31,6166.530000000001,6794.96,2747.58,3403.08,644.3,6794.96,9470.62,2807.89,5644.73,1018.0,9470.62,12606.24,2999.51,8531.34,1075.39,12606.24,14491.21,3177.68,9565.25,1748.28,14491.21,-609.51,214.40333333333336,75.47583333333334,152.34851309662864,151.1,760.61,66.27,29.94,19.06,1
2023-01-30 18:00:00,256.32,18,0,0,-1.0,-1.8369701987210294e-16,44.24464285714286,-15.529642857142855,28.715,0.0,36.285,-4.15,2.325,1027.2,6.075,28.67,0.0,36.33,-4.2,2.35,1028.1,5.4,28.04,0.0,36.96,-4.4,2.2,1026.8,8.8,29.3,0.0,35.7,-3.9,2.4,1023.85,7.2,36.5,0.0,28.5,0.0,2.5,1019.55,8.25,-1967.166666666664,60830.597222222226,56162.354166666664,6258.904399650701,57300.5,59267.666666666664,61975.666666666664,59734.0,44956.416666666664,0.4246575342465754,0.1917808219178082,0.273972602739726,0.0821917808219178,0.0273972602739726,168.51,39.65,11.26,7.56,14.11,1.97,74.55,703.16,132.48,51.64,68.05,118.57,23.22,393.96,1832.24,378.73,117.25,234.22,95.62,86.97,912.79,0.23,0.0,0.0,0.2,0.0,0.02,0.22,26.27,0.46,0.25,0.19,1.29,0.0,2.19,0.6573345960674113,0.2692515195503839,0.0734138843822047,5045.59,3238.04,1347.34,460.21,5045.59,5042.43,3335.79,1195.12,511.52,5042.43,5249.11,3566.63,1241.27,441.21,5249.11,9470.62,2807.89,5644.73,1018.0,9470.62,11936.75,3097.86,7537.17,1301.72,11936.75,12.78,108.315,110.37166666666668,152.2140023458582,141.44,128.66,94.46,66.27,48.45,1
2023-03-09 07:00:00,250.07,7,3,0,0.9659258262890684,-0.2588190451025206,62.37392857142857,-5.353928571428568,57.02,0.0,7.979999999999997,11.95,1.950000000000001,1017.2,2.8,57.11,0.0,7.890000000000001,11.85,2.0999999999999996,1017.1,4.1,55.040000000000006,0.0,9.959999999999994,10.766666666666666,2.0333333333333368,1018.75,4.1,56.03,0.0,8.969999999999999,9.15,4.199999999999999,1020.0,4.35,60.08,0.0,4.920000000000002,11.1,4.5,1016.7,4.6,1310.0,45061.027777777774,44190.73611111112,5028.130291055809,48343.416666666664,47033.416666666664,44415.0,37445.083333333336,48977.833333333336,0.0223764479241275,0.0042727654424658,0.6985354046778137,0.2371261330237842,0.0376892489318086,4.11,0.0,0.0,4.07,0.0,0.04,4.11,0.26,0.0,0.0,0.23,0.0,0.03,0.26,0.26,0.0,0.0,0.23,0.0,0.03,0.26,0.23,0.0,0.0,0.21,0.0,0.02,0.2299999999999999,299.72,16.16,7.92,157.58,49.67,20.39,251.72000000000003,0.7504109047178454,0.1893230699981586,0.0602660252839959,4754.54,3593.63,935.16,225.75,4754.54,4878.65,3769.35,1029.2,80.1,4878.650000000001,5904.28,4615.89,1202.34,86.05,5904.280000000001,8060.44,4976.67,2510.22,573.55,8060.44,14594.41,2737.14,10707.69,1149.58,14594.41,20.72,28.015,30.63625,11.950233329539328,49.59,28.87,22.27,29.38,14.6,1
2023-03-21 07:00:00,356.33,7,1,0,0.9659258262890684,-0.2588190451025206,50.62201530612246,1.0579846938775432,51.68,0.0,13.32,3.866666666666667,7.066666666666665,1017.6,8.933333333333334,51.98,0.0,13.020000000000003,3.9,7.199999999999999,1017.7,8.8,51.98,0.0,13.020000000000003,1.7,9.4,1018.05,6.95,53.06,0.0,11.939999999999998,-1.1,12.8,1021.1,11.3,41.0,0.0,24.0,-3.9,8.9,1026.0,3.1,-269.4166666666715,45435.819444444445,44827.73263888888,3160.0676199902064,45451.166666666664,45720.583333333336,45634.416666666664,40714.0,48549.75,0.0156006240249609,0.0561622464898595,0.9032761310452418,0.0,0.0249609984399376,0.25,0.0,0.0,0.21,0.0,0.03,0.24,0.23,0.0,0.0,0.19,0.0,0.03,0.22,0.21,0.0,0.0,0.17,0.0,0.03,0.2,129.64,45.14,3.34,8.43,2.07,3.42,62.400000000000006,37.17,2.04,0.37,31.95,0.03,2.63,37.02,0.254660598953971,0.6235784614811919,0.121760939564837,23164.25,5264.74,15242.41,2657.1,23164.25,24683.44,5067.39,16787.98,2828.07,24683.44,24625.11,5233.54,16690.66,2700.91,24625.11,24032.05,4295.89,16792.57,2943.59,24032.05,17516.69,1358.2,14295.23,1863.26,17516.69,125.92,34.32,19.929583333333333,30.38454090332435,145.59,19.67,9.39,13.03,80.32,1
2023-03-25 20:00:00,434.4,20,5,1,-0.8660254037844386,0.5000000000000001,60.78017857142857,14.239821428571425,75.02,10.019999999999996,0.0,-2.8,26.7,1009.4,5.1,72.5,7.5,0.0,-1.7,24.2,1010.9,6.2,69.98,4.980000000000004,0.0,-1.7,22.8,1011.5,7.2,57.02,0.0,7.979999999999997,1.1,12.8,1006.7,3.1,66.47,1.4699999999999989,0.0,12.8,6.349999999999998,1004.2,4.35,-1857.5,41147.819444444445,41235.027777777774,3720.460409169794,36944.416666666664,38801.916666666664,42232.083333333336,43635.0,37849.833333333336,0.0,0.0,1.0,0.0,0.0,1497.19,250.57,43.76,111.61,89.22,71.87,567.03,7785.03,1384.4,258.89,1423.41,594.01,705.7,4366.41,11739.8,1967.3,374.65,2986.12,875.98,1260.48,7464.529999999999,3545.49,685.27,27.72,1283.46,128.33,482.36,2607.1400000000003,1.49,0.0,0.0,0.19,0.0,0.01,0.2,0.6192288301993597,0.3628031522527463,0.017968017547894,5267.37,2813.33,2354.83,99.21,5267.37,6883.06,2728.33,3940.0,214.73,6883.0599999999995,7306.95,2218.03,4476.33,612.59,7306.950000000001,21320.2,4045.35,14948.8,2326.05,21320.199999999997,20280.41,2969.38,15093.51,2217.52,20280.41,50.349999999999994,28.295,16.844583333333333,15.016990661064067,71.21,20.86,19.01,8.19,15.71,1
2023-03-27 19:00:00,661.7,19,0,0,-0.9659258262890684,0.2588190451025203,65.56089285714286,0.9091071428571382,66.47,1.4699999999999989,0.0,3.5999999999999996,15.55,1018.55,3.1,64.94,0.0,0.0600000000000022,3.9,14.4,1019.0,3.6,53.51,0.0,11.490000000000002,3.5999999999999996,8.35,1019.45,2.85,51.98,0.0,13.020000000000003,1.7,9.4,1014.5,4.1,73.94,8.939999999999998,0.0,6.7,16.6,1009.7,1.5,-2583.0833333333285,45073.25,42874.42013888889,3678.891126737953,41529.833333333336,44112.916666666664,46504.833333333336,44207.25,39048.0,0.4697543859649123,0.144187134502924,0.1572397660818713,0.0912748538011696,0.1375438596491228,3491.36,645.26,213.43,414.26,153.46,178.35,1604.76,6779.06,1132.88,337.73,1274.66,371.78,348.26,3465.3100000000004,9214.74,1213.96,289.78,2285.31,405.67,855.73,5050.450000000001,74.84,7.72,1.41,46.23,1.89,11.62,68.87,1524.86,283.23,46.99,79.32,51.54,76.93,538.01,0.2828474663073598,0.565789433573447,0.1513631001191931,5107.13,1807.94,2771.25,527.94,5107.130000000001,4624.71,1671.67,2602.8,350.24,4624.71,4367.45,1895.64,2211.29,260.52,4367.450000000001,9889.27,875.76,7442.14,1571.37,9889.27,5566.47,2153.73,2587.04,825.7,5566.47,33.16000000000001,51.291666666666664,40.8175,53.183940306466,120.93,87.77,28.32,31.36,132.73,1
2023-03-27 20:00:00,610.09,20,0,0,-0.8660254037844386,0.5000000000000001,65.66160714285714,4.318392857142868,69.98,4.980000000000004,0.0,3.9,17.200000000000003,1017.0,2.1,66.47,1.4699999999999989,0.0,3.5999999999999996,15.55,1018.55,3.1,60.08,0.0,4.920000000000002,3.9,11.7,1019.3,3.1,50.0,0.0,15.0,1.1,8.9,1014.6,2.1,75.92,10.920000000000002,0.0,6.1,18.299999999999997,1009.4,3.6,-1956.75,43937.0,42896.29861111112,3656.639962887629,39573.083333333336,41529.833333333336,45881.083333333336,44867.416666666664,37538.583333333336,0.94320987654321,0.0,0.0543209876543209,0.0,0.0024691358024691,565.6,100.41,30.82,33.61,19.51,29.4,213.74999999999997,3491.36,645.26,213.43,414.26,153.46,178.35,1604.76,8649.76,1241.35,352.57,2060.7,446.26,584.83,4685.71,2725.33,423.42,59.27,639.58,72.28,248.82,1443.37,1.98,0.01,0.0,0.19,0.0,0.0,0.2,0.2056595672808522,0.643863451464466,0.1504769812546818,6560.78,1855.7,3712.02,993.06,6560.780000000001,5107.13,1807.94,2771.25,527.94,5107.130000000001,4741.1,1837.35,2598.54,305.21,4741.099999999999,8456.57,986.32,6105.48,1364.77,8456.57,9344.81,2431.74,5432.63,1480.44,9344.81,540.77,157.84833333333333,62.857916666666675,136.80272635788106,661.7,120.93,24.75,24.07,236.88,1
2023-04-21 20:00:00,425.48,20,4,0,-0.8660254037844386,0.5000000000000001,69.2319642857143,5.788035714285698,75.02,10.019999999999996,0.0,2.8,21.1,1015.0,4.1,74.48,9.480000000000004,0.0,3.85,19.75,1016.2,6.45,71.96,6.959999999999994,0.0,4.4,17.799999999999997,1017.2,8.8,60.08,0.0,4.920000000000002,14.4,1.1999999999999993,1011.4,3.6,80.96,15.959999999999994,0.0,13.9,13.3,1010.9,7.2,-1759.5833333333285,43542.583333333336,43578.82638888888,4776.024578149163,39005.583333333336,40765.166666666664,45213.833333333336,47050.083333333336,38283.416666666664,0.8003502626970227,0.1366024518388791,0.0262697022767075,0.021015761821366,0.0157618213660245,2976.31,584.56,97.27,299.49,132.23,191.28,1304.83,8717.07,1737.51,314.38,1769.34,513.4,837.49,5172.119999999999,11757.33,2029.51,376.57,3046.91,635.4,1299.57,7387.959999999999,6331.54,1341.45,255.18,1231.1,144.34,742.78,3714.85,50.69,3.71,1.08,0.17,0.03,0.04,5.03,0.4551191463123206,0.4555203818818538,0.0893604718058255,2950.78,1847.11,941.64,162.03,2950.78,3819.73,2119.47,1562.35,137.91,3819.73,6169.86,3310.03,2628.59,231.24,6169.860000000001,9384.83,705.83,6970.48,1708.52,9384.83,9036.18,3433.02,4882.09,721.07,9036.18,26.74,26.133333333333336,23.70041666666667,17.17577527625973,49.24,22.5,20.1,18.9,97.9,1
2023-05-01 20:00:00,587.41,20,0,0,-0.8660254037844386,0.5000000000000001,63.00905357142857,12.010946428571422,75.02,10.019999999999996,0.0,1.1,22.799999999999997,1013.1,0.0,74.03,9.03,0.0,1.4,21.950000000000003,1013.9,2.35,73.04,8.040000000000006,0.0,1.7,21.1,1014.6,2.6,57.02,0.0,7.979999999999997,3.9,10.0,1012.6,3.6,82.04,17.040000000000006,0.0,8.9,18.9,1010.1,3.6,-2384.666666666664,46066.583333333336,44107.791666666664,6244.544433484551,39927.833333333336,42312.5,48501.25,47938.25,36219.083333333336,0.7861596009975063,0.1128428927680798,0.0174563591022443,0.0336658354114713,0.0498753117206982,1774.52,553.22,96.17,392.32,90.79,211.62,1344.12,5495.86,1234.31,284.77,1670.88,283.04,767.89,4240.89,10422.55,1832.17,339.34,3093.13,642.85,1194.74,7102.2300000000005,8000.05,1518.24,271.75,2949.61,474.38,925.99,6139.97,76.38,11.31,2.17,0.47,0.6,1.06,15.61,0.4106245730585705,0.5080575262269426,0.0813179007144867,8942.9,4353.14,4101.41,488.35,8942.9,8914.19,4603.31,3873.35,437.53,8914.19,7846.82,3996.69,3396.61,453.52,7846.82,11856.65,3661.19,6534.67,1660.79,11856.65,22006.29,3966.4,15838.24,2201.65,22006.29,93.07,68.85333333333334,28.53,36.574427630815194,180.15,87.08,42.67,13.09,23.15,1
2023-05-04 20:00:00,278.55,20,3,0,-0.8660254037844386,0.5000000000000001,66.81196428571428,16.128035714285716,82.94,17.939999999999998,0.0,18.3,10.0,1009.8,7.2,82.04,17.040000000000006,0.0,15.3,12.5,1011.25,6.95,78.08,13.079999999999998,0.0,16.1,9.5,1012.1,6.2,64.94,0.0,0.0600000000000022,12.8,5.5,1010.6,4.1,82.04,17.040000000000006,0.0,11.1,16.700000000000003,1012.2,4.1,-2236.083333333336,49692.51388888888,47347.447916666664,6343.897713818294,44321.5,46557.583333333336,51713.0,52143.916666666664,39349.666666666664,0.7444444444444445,0.1444444444444444,0.0077777777777777,0.0111111111111111,0.0922222222222222,2968.23,612.06,106.18,144.37,42.55,69.92,975.08,6389.08,1376.37,303.41,802.13,217.2,337.87,3036.9799999999996,7794.8,1413.9,281.4,1764.39,481.4,578.17,4519.26,1323.82,162.4,19.05,437.51,78.31,123.02,820.29,15.49,2.65,1.09,0.27,0.0,0.2,4.21,0.2165627528797008,0.6565623374134012,0.1268749097068979,11782.43,2081.61,8151.52,1549.3,11782.43,13307.58,2039.82,9496.4,1771.36,13307.58,13736.41,2263.85,9842.54,1630.02,13736.410000000002,10521.37,844.25,8576.87,1100.25,10521.37,14854.57,2937.61,10493.01,1423.95,14854.570000000002,14.799999999999995,22.545,23.898749999999996,11.44549515045666,35.08,20.28,21.83,40.03,19.69,1
2023-05-05 17:00:00,300.77,17,4,0,-0.9659258262890684,-0.2588190451025206,68.81910714285713,18.26089285714288,87.08000000000001,22.080000000000013,0.0,21.1,9.5,1008.8,3.6,83.03,18.03,0.0,21.1,7.25,1009.25,5.9,77.24000000000001,12.240000000000007,0.0,21.266666666666666,3.8666666666666702,1009.0,6.333333333333333,73.04,8.040000000000006,0.0,20.0,2.8000000000000007,1008.2,5.1,82.04,17.040000000000006,0.0,15.0,12.8,1011.8,7.7,-2542.8333333333285,64446.56944444444,53604.71527777778,9894.604781218894,58656.333333333336,61199.166666666664,66811.91666666667,52984.833333333336,49352.166666666664,0.2631937608843794,0.0478622154213498,0.4684918674205539,0.1029774555776446,0.117474700696072,10638.46,1719.36,155.44,3074.33,741.6,741.03,6431.76,11383.15,1699.52,264.19,3273.77,773.79,1031.86,7043.129999999999,11783.93,1952.03,373.31,2985.6,786.68,1312.17,7409.790000000001,0.24,0.0,0.0,0.22,0.0,0.01,0.23,7542.12,1585.76,216.38,1213.53,418.03,533.79,3967.49,0.2491799225192425,0.6726952509907188,0.0781248264900387,12438.13,2865.49,8846.56,726.08,12438.13,11618.13,2378.78,8535.29,704.06,11618.13,7400.79,1529.18,5143.88,727.73,7400.790000000001,20291.11,3578.6,14096.14,2616.37,20291.109999999997,13375.73,1759.51,9749.19,1867.03,13375.73,23.54,40.475,42.52375,59.930457293541906,48.47,24.93,77.64,8.41,22.51,1
2023-05-11 20:00:00,411.98,20,3,0,-0.8660254037844386,0.5000000000000001,76.77917346938776,9.220826530612245,86.0,21.0,0.0,22.2,7.800000000000001,1007.2,6.7,83.93,18.930000000000007,0.0,21.1,7.75,1007.9,5.9,77.66,12.659999999999997,0.0,22.03333333333333,3.333333333333332,1008.2,5.5,66.02,1.019999999999996,0.0,18.3,0.5999999999999979,1008.2,3.1,72.68,7.680000000000007,0.0,19.4,3.200000000000003,1010.8,1.2,-2598.0,54720.7638888889,52009.89236111112,8354.69160266564,48179.5,50777.5,56759.083333333336,57951.833333333336,41279.0,0.7241052382081061,0.1543019672908271,0.0514339890969424,0.0144584024650391,0.055700402939085,3712.09,802.03,130.21,380.68,110.55,171.5,1594.97,8707.18,1818.89,334.19,1700.82,394.13,572.98,4821.01,11313.33,2093.03,289.7,2729.29,655.96,1169.81,6937.790000000001,5511.2,1156.24,120.49,804.93,129.34,307.72,2518.7200000000003,211.1,22.93,3.89,1.54,0.83,4.39,33.58,0.323513941527185,0.5079054586189543,0.1685805998538606,12580.51,3741.51,7206.42,1632.58,12580.51,14312.38,3859.93,8677.26,1775.19,14312.38,13715.49,3095.94,9031.88,1587.67,13715.49,13149.1,3334.61,8470.12,1344.37,13149.100000000002,19789.5,4447.54,14603.51,738.45,19789.5,52.529999999999994,26.58,18.562916666666663,13.111272441537778,74.99,22.46,14.59,18.79,18.79,1
2023-05-11 21:00:00,346.84,21,3,0,-0.7071067811865477,0.7071067811865474,76.81560204081633,10.264397959183682,87.08000000000001,22.080000000000013,0.0,22.2,8.400000000000002,1006.4,9.3,86.0,21.0,0.0,22.2,7.800000000000001,1007.2,6.7,82.94,17.939999999999998,0.0,21.4,6.900000000000002,1008.0,6.4,66.02,1.019999999999996,0.0,18.3,0.5999999999999979,1008.05,2.4333333333333336,73.46,8.459999999999994,0.0,19.266666666666666,3.7666666666666657,1010.35,1.0,-1938.333333333336,52332.180555555555,52216.64930555556,8136.125115787368,46241.166666666664,48179.5,54002.416666666664,60504.0,40335.083333333336,0.1,0.0,0.8875000000000001,0.0,0.0125,192.38,30.55,6.51,2.17,0.61,2.35,42.190000000000005,3712.09,802.03,130.21,380.68,110.55,171.5,1594.97,10632.73,2051.79,303.98,2425.14,606.4,957.36,6344.669999999999,8171.28,1784.52,182.39,1343.36,213.94,533.69,4057.9,0.26,0.08,0.0,0.16,0.0,0.01,0.25,0.3106019919355673,0.4815145407157912,0.2078834673486413,10551.57,3413.58,5359.2,1778.79,10551.57,12580.51,3741.51,7206.42,1632.58,12580.51,14404.56,3431.0,9165.26,1808.3,14404.56,12511.37,3907.48,7244.0,1359.89,12511.37,20970.13,4247.29,15658.52,1064.32,20970.13,336.99,92.62166666666668,34.94583333333333,81.37117761899144,411.98,74.99,17.52,15.86,17.69,1
2023-06-02 21:00:00,465.26,21,4,0,-0.7071067811865477,0.7071067811865474,77.68151785714286,11.378482142857138,89.06,24.06,0.0,18.3,13.4,1008.9,5.7,87.98,22.980000000000004,0.0,17.8,13.3,1010.2,5.7,87.08000000000001,22.080000000000013,0.0,18.9,11.700000000000005,1011.5,5.7,73.04,8.040000000000006,0.0,19.15,3.650000000000002,1011.15,2.35,87.53,22.53,0.0,18.05,12.8,1010.5,6.45,-2906.416666666664,52857.229797979795,54778.76925505051,9194.88651353683,45041.833333333336,47948.25,54949.916666666664,66329.16666666667,43635.583333333336,0.0,0.0,0.819672131147541,0.0,0.180327868852459,272.62,6.63,5.75,9.03,1.72,3.82,26.949999999999996,2778.57,69.19,11.36,667.35,132.91,137.68,1018.49,6600.41,327.25,12.16,2745.86,444.91,768.58,4298.76,7707.91,984.07,187.54,3314.2,413.17,1125.07,6024.049999999999,0.63,0.0,0.0,0.6,0.0,0.01,0.61,0.3664595641977612,0.5018101445713219,0.1317302912309167,14696.46,4271.77,9309.83,1114.86,14696.46,16075.7,4855.3,9849.14,1371.26,16075.7,21304.38,4975.54,14681.81,1647.03,21304.379999999997,10634.58,2090.33,8014.1,530.15,10634.58,16559.58,3936.87,11234.97,1387.74,16559.58,-16.06,22.663333333333338,21.88125,7.006276262410642,25.13,41.19,17.66,22.54,40.41,1
2023-06-14 20:00:00,405.93,20,2,0,-0.8660254037844386,0.5000000000000001,80.25983928571429,6.700160714285701,86.96,21.959999999999994,0.0,25.0,5.533333333333331,1004.4,4.6,86.27,21.269999999999996,0.0,25.450000000000003,4.699999999999996,1005.15,3.475,82.64,17.64,0.0,25.0,3.1333333333333364,1005.6,0.0,75.56,10.560000000000002,0.0,23.95,0.25,1005.2,3.1,78.08,13.079999999999998,0.0,22.8,2.8000000000000007,1007.7,1.8,-3774.86363636364,62232.56060606061,59708.1470959596,9110.460513430133,54337.5,58112.36363636364,64649.166666666664,67416.75,49440.0,0.6719500718212889,0.1236812125414829,0.0638466491653871,0.0390311555797711,0.1014909108920699,4029.5,1023.89,181.68,328.68,106.61,271.76,1912.62,6994.33,1816.84,318.62,1140.27,280.22,595.61,4151.5599999999995,10162.51,1987.11,367.94,2627.39,554.72,955.34,6492.5,5427.44,655.81,162.67,1387.47,156.95,184.71,2547.6099999999997,681.48,129.27,23.51,10.56,4.48,10.18,178.0,0.7315246523684689,0.2064226550388733,0.0620526925926577,4707.53,4013.89,490.41,203.23,4707.53,4934.51,3994.53,704.02,235.96,4934.51,5367.24,4169.14,1057.18,140.92,5367.240000000001,6132.07,4580.86,1221.14,330.07,6132.07,10666.85,5405.04,4907.0,354.81,10666.85,-58.7,71.88666666666667,34.76083333333333,29.43830393222079,82.86,141.56,56.85,22.51,27.33,1
2023-06-20 14:00:00,361.41,14,1,0,-0.4999999999999998,-0.8660254037844388,83.12285714285716,-0.1828571428571592,82.94,17.939999999999998,0.0,25.3,3.0,1007.6,5.4,81.5,16.5,0.0,25.0,2.5,1007.3,5.15,82.04,17.040000000000006,0.0,25.0,2.8000000000000007,1007.1,4.6,91.04,26.039999999999992,0.0,25.6,7.199999999999996,1006.0,4.6,84.02,19.019999999999996,0.0,24.4,4.5,1008.8,4.6,-1556.0,78181.90277777777,66506.09974747476,9577.402548254002,77584.75,79140.75,78776.25,56081.833333333336,76050.66666666667,0.2655699413812443,0.0444906179226194,0.4380432647594075,0.0943378589126777,0.1575583170240509,12036.35,2331.65,377.25,3685.42,805.98,1350.13,8550.43,12158.52,2380.3,382.33,3638.07,810.5,1367.22,8578.42,10965.4,2320.25,360.42,3122.54,789.05,1150.12,7742.38,0.09,0.0,0.0,0.09,0.0,0.0,0.09,12266.28,2199.51,380.06,3716.56,774.65,1338.49,8409.27,0.5805373565319671,0.3694765682493204,0.0499860752187124,7401.48,4062.44,2881.64,457.4,7401.48,8418.32,4135.82,3768.17,514.33,8418.32,8638.79,4419.4,3504.64,714.75,8638.789999999999,16830.39,4182.95,11369.05,1278.39,16830.39,7169.79,3988.98,2544.19,636.62,7169.79,36.77,28.763333333333332,37.461666666666666,25.9790845081976,61.9,25.13,22.39,19.49,75.2,1
2023-06-20 15:00:00,346.19,15,1,0,-0.7071067811865471,-0.7071067811865479,83.20267857142856,-0.262678571428566,82.94,17.939999999999998,0.0,25.0,3.3000000000000007,1007.6,6.7,82.94,17.939999999999998,0.0,25.3,3.0,1007.6,5.4,80.96,15.959999999999994,0.0,25.0,2.1999999999999993,1007.2,5.7,90.5,25.5,0.0,25.6,6.899999999999999,1006.05,3.85,86.0,21.0,0.0,25.0,5.0,1008.6,4.85,-2397.9166666666715,77984.48611111111,66470.1066919192,9541.529355248344,75186.83333333333,77584.75,79223.66666666667,58191.75,74122.58333333333,0.2603039579022458,0.0369931083005767,0.448224306371585,0.0960916906284125,0.1583869367971798,11794.66,2244.39,376.0,3702.0,797.27,1331.56,8451.22,12036.35,2331.65,377.25,3685.42,805.98,1350.13,8550.43,11787.74,2390.47,370.53,3536.89,809.66,1342.91,8450.46,0.08,0.0,0.0,0.08,0.0,0.0,0.08,11482.79,2117.68,367.1,3618.37,754.13,1286.43,8143.71,0.5932490544153424,0.3697865185341887,0.0369644270504688,6427.39,3731.34,2374.77,321.28,6427.39,7401.48,4062.44,2881.64,457.4,7401.48,9130.81,4243.68,4257.55,629.58,9130.81,16539.42,4156.08,11016.66,1366.68,16539.42,7605.32,3741.44,3276.72,587.16,7605.32,299.51000000000005,85.56333333333333,49.38708333333333,70.9035359686831,361.41,61.9,21.06,17.99,99.65,1
2023-06-20 16:00:00,2301.9,16,1,0,-0.8660254037844384,-0.5000000000000004,83.28982142857143,1.3301785714285757,84.62,19.620000000000005,0.0,25.0,4.233333333333334,1007.45,6.366666666666667,82.94,17.939999999999998,0.0,25.0,3.3000000000000007,1007.6,6.7,81.5,16.5,0.0,25.0,2.5,1007.3,5.15,87.08000000000001,22.080000000000013,0.0,26.1,4.5,1006.4,4.1,91.04,26.039999999999992,0.0,26.1,6.699999999999996,1008.3,3.6,-2627.916666666657,77078.52777777777,66404.95391414141,9492.214949715504,72558.91666666667,75186.83333333333,79140.75,61127.333333333336,72072.66666666667,0.2575387467385654,0.0418103746264873,0.4407692760703522,0.0999349633464686,0.1599466392181262,11742.03,2131.02,302.85,3669.46,786.67,1296.66,8186.66,11794.66,2244.39,376.0,3702.0,797.27,1331.56,8451.22,12158.52,2380.3,382.33,3638.07,810.5,1367.22,8578.42,0.08,0.0,0.0,0.08,0.0,0.0,0.08,11236.5,2043.93,359.29,3449.2,755.17,1064.23,7671.82,0.592006849358082,0.3613538786164799,0.046639272025438,5483.38,3253.01,2027.68,202.69,5483.38,6427.39,3731.34,2374.77,321.28,6427.39,8418.32,4135.82,3768.17,514.33,8418.32,16111.77,4167.23,10671.67,1272.87,16111.77,8337.75,3772.47,3957.17,608.11,8337.75,-15.220000000000027,139.67999999999998,59.65958333333333,92.93784526460443,346.19,361.41,25.13,17.21,54.81,1
2023-06-20 17:00:00,4583.64,17,1,0,-0.9659258262890684,-0.2588190451025206,83.39,4.5,87.89,22.89,0.0,25.3,5.75,1007.1,5.15,84.62,19.620000000000005,0.0,25.0,4.233333333333334,1007.45,6.366666666666667,82.94,17.939999999999998,0.0,25.3,3.0,1007.6,5.4,87.08000000000001,22.080000000000013,0.0,25.0,5.600000000000001,1006.3,2.6,93.02,28.019999999999996,0.0,26.1,7.799999999999997,1007.8,6.7,-966.4166666666716,75881.23611111111,66384.94696969696,9480.248086248455,71592.5,72558.91666666667,77584.75,64632.75,68473.08333333333,0.2740823642907394,0.040207602836003,0.4300639350454763,0.1001349474603618,0.1555111503674194,11453.75,2011.63,326.58,3442.84,780.59,1249.34,7810.98,11742.03,2131.02,302.85,3669.46,786.67,1296.66,8186.66,12036.35,2331.65,377.25,3685.42,805.98,1350.13,8550.43,0.08,0.0,0.0,0.08,0.0,0.0,0.08,10271.29,1941.14,328.26,3012.75,701.95,776.79,6760.889999999999,0.6358072895915343,0.3199435829601416,0.0442491274483242,4777.09,2828.07,1726.22,222.8,4777.09,5483.38,3253.01,2027.68,202.69,5483.38,7401.48,4062.44,2881.64,457.4,7401.48,15447.23,4337.8,9915.72,1193.71,15447.23,9019.28,3912.18,4330.19,776.91,9019.28,1955.71,519.5983333333334,153.28833333333333,466.99257655087325,2301.9,346.19,61.9,17.89,38.32,1
2023-06-20 18:00:00,1244.35,18,1,0,-1.0,-1.8369701987210294e-16,83.49767857142858,7.542321428571412,91.04,26.039999999999992,0.0,26.1,6.699999999999996,1006.9,4.1,87.89,22.89,0.0,25.3,5.75,1007.1,5.15,82.94,17.939999999999998,0.0,25.0,3.3000000000000007,1007.6,6.7,86.53999999999999,21.539999999999992,0.0,25.0,5.300000000000001,1006.2,4.15,94.55,29.549999999999997,0.0,26.1,8.649999999999999,1007.4,6.95,-3013.75,74107.08333333333,66389.34974747476,9481.28449356616,68578.75,71592.5,75186.83333333333,68773.58333333333,64364.72727272727,0.2849598270594379,0.04481742174908,0.4130517381671562,0.1019374270233507,0.155233586000975,10336.4,1951.82,286.33,3062.61,713.09,1107.44,7121.290000000001,11453.75,2011.63,326.58,3442.84,780.59,1249.34,7810.98,11794.66,2244.39,376.0,3702.0,797.27,1331.56,8451.22,36.89,7.72,3.03,19.73,1.04,2.61,34.13,7862.19,1637.38,223.73,1730.06,491.74,576.44,4659.35,0.6349767059988306,0.317096813698011,0.0479264803031583,5019.76,3191.6,1606.04,222.12,5019.759999999999,4777.09,2828.07,1726.22,222.8,4777.09,6427.39,3731.34,2374.77,321.28,6427.39,14478.06,4115.83,9237.19,1125.04,14478.06,9715.01,4343.81,4119.51,1251.69,9715.01,2281.74,1280.0283333333334,342.6766666666667,1016.5982303343052,4583.64,2301.9,361.41,20.0,75.96,1
2023-06-20 19:00:00,5131.89,19,1,0,-0.9659258262890684,0.2588190451025203,83.60017857142857,8.879821428571418,92.48,27.47999999999999,0.0,26.1,7.499999999999993,1006.7,4.1,91.04,26.039999999999992,0.0,26.1,6.699999999999996,1006.9,4.1,84.62,19.620000000000005,0.0,25.0,4.233333333333334,1007.45,6.366666666666667,84.91999999999999,19.919999999999987,0.0,25.0,4.399999999999999,1006.3,4.1,96.08,31.080000000000013,0.0,25.6,10.0,1006.5,7.7,-4053.568181818184,71671.1553030303,66396.03535353535,9479.851248764282,64525.181818181816,68578.75,72558.91666666667,72790.33333333333,60402.5,0.3909783963864532,0.0581315020336419,0.3349438960083389,0.0904408608743638,0.1255053446972019,8307.87,1642.46,258.32,2380.76,587.55,894.74,5763.83,10336.4,1951.82,286.33,3062.61,713.09,1107.44,7121.290000000001,11742.03,2131.02,302.85,3669.46,786.67,1296.66,8186.66,1975.2,608.0,95.73,557.73,120.29,180.24,1561.99,4205.82,1049.35,164.79,422.44,104.78,218.94,1960.3,0.6015308843801304,0.3388906976260901,0.0595784179937794,5797.63,3681.36,1838.41,277.86,5797.63,5019.76,3191.6,1606.04,222.12,5019.759999999999,5483.38,3253.01,2027.68,202.69,5483.38,13266.86,3950.68,8285.71,1030.47,13266.86,11601.79,5227.27,4887.43,1487.09,11601.79,-3339.2900000000004,1483.2316666666668,391.3595833333334,1031.1422857769,1244.35,4583.64,346.19,20.19,79.86,1
2023-06-20 20:00:00,5037.58,20,1,0,-0.8660254037844386,0.5000000000000001,83.70946428571429,11.29053571428571,95.0,30.0,0.0,26.1,8.899999999999999,1005.9,5.1,92.48,27.47999999999999,0.0,26.1,7.499999999999993,1006.7,4.1,87.89,22.89,0.0,25.3,5.75,1007.1,5.15,84.02,19.019999999999996,0.0,25.0,3.8999999999999986,1006.2,3.6,98.06,33.06,0.0,25.0,11.700000000000005,1006.0,5.1,-4117.765151515152,68808.26641414141,66396.24021464646,9479.716148303743,60407.416666666664,64525.181818181816,71592.5,76371.33333333333,57492.333333333336,0.636761366782965,0.0975245057318491,0.1350722711413856,0.0565985490391537,0.0740433073046463,3922.24,956.47,142.21,819.39,221.25,307.03,2446.3500000000004,8307.87,1642.46,258.32,2380.76,587.55,894.74,5763.83,11453.75,2011.63,326.58,3442.84,780.59,1249.34,7810.98,6299.52,1606.52,247.2,1403.71,485.13,529.47,4272.030000000001,590.98,163.69,23.45,14.45,3.04,17.32,221.94999999999996,0.5313394287143427,0.3934923551224767,0.0751682161631804,7218.05,4341.88,2446.13,430.04,7218.05,5797.63,3681.36,1838.41,277.86,5797.63,4777.09,2828.07,1726.22,222.8,4777.09,10784.15,3762.59,6143.16,878.4,10784.15,13807.89,5029.33,7006.82,1771.74,13807.89,3887.54,2328.23,601.8608333333333,1410.6272043466176,5131.89,1244.35,2301.9,20.61,77.69,1
2023-07-03 16:00:00,639.32,16,0,0,-0.8660254037844384,-0.5000000000000004,87.98446428571428,1.9755357142857264,89.96000000000001,24.960000000000008,0.0,21.4,10.800000000000004,1012.7,3.85,87.98,22.980000000000004,0.0,21.7,9.400000000000002,1012.6,3.6,79.52,14.519999999999996,0.0,22.5,3.8999999999999986,1012.25,2.6,82.94,17.939999999999998,0.0,22.8,5.5,1011.3,2.6,84.02,19.019999999999996,0.0,20.0,8.899999999999999,1013.5,5.1,-3027.25,73089.11111111111,60994.378787878784,10552.543497105598,67857.66666666667,70884.91666666667,75188.25,57201.416666666664,62435.333333333336,0.3841353322402351,0.0618159137362362,0.3234476479094928,0.0730930245014107,0.1575080816126251,10574.79,2263.49,331.18,2424.16,646.63,960.44,6625.9,11413.21,2324.89,323.33,3209.69,649.89,1024.51,7532.31,11737.61,2413.85,364.46,3298.83,585.56,1075.27,7737.969999999999,0.13,0.0,0.0,0.03,0.09,0.0,0.12,9432.35,2322.04,361.81,1521.98,520.97,747.2,5474.0,0.593466507251045,0.3336754581834262,0.0728580345655287,5106.62,2515.78,2075.75,515.09,5106.620000000001,3707.98,1518.65,1898.56,290.77,3707.98,2966.02,929.47,1706.86,329.69,2966.02,3617.59,1118.34,1679.11,820.14,3617.59,3369.72,2420.08,842.27,107.37,3369.72,-63.919999999999995,38.00666666666667,31.407916666666665,15.19609760521338,11.88,75.8,29.48,25.14,32.19,1
2023-07-08 01:00:00,286.51,1,5,1,0.2588190451025207,0.9659258262890684,86.3649107142857,6.5650892857142935,92.93,27.929999999999993,0.0,20.0,13.849999999999994,1007.65,8.0,93.92,28.919999999999987,0.0,20.0,14.4,1007.5,8.8,94.46,29.460000000000008,0.0,20.85,13.85,1010.1,8.25,82.04,17.040000000000006,0.0,21.7,6.100000000000001,1013.8,5.7,91.67,26.669999999999987,0.0,21.85,11.299999999999995,1011.3,4.85,-2.4166666666642413,49829.583333333336,59255.524305555555,8687.973303948453,47687.833333333336,47690.25,49565.0,71044.33333333333,48881.416666666664,0.0,0.0,0.4666666666666666,0.5333333333333332,0.0,0.1,0.0,0.0,0.02,0.08,0.0,0.1,0.09,0.0,0.0,0.02,0.07,0.0,0.09,0.05,0.0,0.0,0.04,0.0,0.0,0.04,11231.85,2338.2,198.75,2933.42,502.19,1155.39,7127.95,0.32,0.0,0.0,0.0,0.09,0.0,0.09,0.2689623325152052,0.6126103311973208,0.118427336287474,15015.34,3393.01,10152.27,1470.06,15015.34,14130.74,2937.9,10113.57,1079.27,14130.74,13452.55,3102.81,9014.69,1335.05,13452.55,16127.5,3682.76,11222.5,1222.24,16127.5,15574.34,1868.96,12194.35,1511.03,15574.340000000002,-8.71,49.72666666666667,32.084583333333335,20.55709059501172,21.93,30.64,96.6,18.71,21.07,1
2023-07-10 16:00:00,450.48,16,0,0,-0.8660254037844384,-0.5000000000000004,86.79626785714287,-4.696267857142871,82.1,17.099999999999994,0.0,23.933333333333337,3.899999999999995,1013.7,3.933333333333333,80.66,15.659999999999997,0.0,23.5,3.533333333333331,1013.8,3.1,78.08000000000001,13.080000000000013,0.0,22.6,3.0000000000000036,1013.25,2.6,80.96,15.959999999999994,0.0,21.7,5.5,1012.6,3.1,80.06,15.060000000000002,0.0,22.8,3.8999999999999986,1012.9,3.1,-2551.4166666666715,77747.02777777778,64178.90214646465,11068.09367482286,73792.75,76344.16666666667,79688.5,58471.666666666664,67533.58333333333,0.2710182318078732,0.0380064727356858,0.4234597660022652,0.1039027421693618,0.1636127872848138,11697.07,2399.15,206.44,3174.9,792.55,1226.55,7799.59,12311.79,2477.4,355.05,3416.25,789.32,1249.33,8287.35,12517.9,2504.67,372.94,3599.47,807.27,1179.26,8463.61,0.09,0.0,0.0,0.01,0.08,0.0,0.09,11453.18,2407.13,299.78,3436.51,759.34,1143.25,8046.01,0.6484941354977001,0.3307528118301582,0.0207530526721418,6275.32,3799.4,2347.32,128.6,6275.320000000001,5996.65,3382.57,2487.69,126.39,5996.650000000001,5069.61,2781.65,2126.47,161.49,5069.61,8417.7,2940.64,4966.9,510.16,8417.699999999999,8846.76,4885.83,3539.94,420.99,8846.76,39.14,52.575,32.099583333333335,21.4576605311634,78.22,39.08,32.85,21.61,26.76,1
2023-07-10 19:00:00,3547.61,19,0,0,-0.9659258262890684,0.2588190451025203,86.677875,3.822125,90.5,25.5,0.0,25.0,7.5,1012.35,1.5,89.06,24.06,0.0,25.0,6.699999999999999,1012.7,1.8,82.1,17.099999999999994,0.0,23.933333333333337,3.899999999999995,1013.7,3.933333333333333,80.06,15.060000000000002,0.0,21.7,5.0,1011.8,2.6,87.08000000000001,22.080000000000013,0.0,22.2,8.400000000000002,1011.4,3.6,-3953.13636363636,72381.10227272728,64760.27556818182,11159.552341789498,64708.36363636364,68661.5,73792.75,70783.0,56178.916666666664,0.2392023369788271,0.0523840563965138,0.420438907800391,0.1304459090799353,0.1575287897443325,8826.36,1370.44,294.38,2610.12,614.08,916.81,5805.83,10602.8,1936.05,320.33,3157.39,718.35,1192.32,7324.44,11697.07,2399.15,206.44,3174.9,792.55,1226.55,7799.59,2189.19,488.7,38.25,743.06,118.43,184.79,1573.23,5136.35,1321.34,178.14,901.35,283.1,455.14,3139.0699999999997,0.5325781803090595,0.4065650709176574,0.0608567487732832,8282.9,5291.9,2647.97,343.03,8282.9,7172.54,4811.11,2169.47,191.96,7172.54,6275.32,3799.4,2347.32,128.6,6275.320000000001,4640.83,1731.27,2464.04,445.52,4640.83,12422.87,5323.37,6462.68,636.82,12422.87,18.5,143.92166666666665,54.79833333333334,88.4484751836824,98.57,80.07,78.22,26.66,31.78,1
2023-07-12 16:00:00,520.78,16,2,0,-0.8660254037844384,-0.5000000000000004,86.87189285714285,3.6281071428571465,90.5,25.5,0.0,20.85,11.65,1010.9,7.2,89.06,24.06,0.0,21.7,10.0,1010.9,6.7,82.49000000000001,17.49000000000001,0.0,21.7,6.350000000000001,1010.2,6.95,86.0,21.0,0.0,24.4,5.600000000000001,1010.3,3.6,80.06,15.060000000000002,0.0,21.1,5.599999999999998,1014.0,6.7,-2896.8611111111095,79824.04629629629,67262.36605639731,10499.409818683656,76080.25,78977.11111111111,81351.91666666667,61982.583333333336,71276.41666666667,0.2803761160367891,0.0368628373974487,0.4166166627008348,0.1028616062653244,0.1632827775996027,11692.46,2237.09,287.14,3351.02,813.58,1294.72,7983.55,12512.17,2418.98,364.6,3711.64,826.03,1326.61,8647.859999999999,12296.35,2152.5,349.84,3841.35,832.4,1347.76,8523.85,0.11,0.0,0.0,0.01,0.09,0.0,0.0999999999999999,10888.35,2177.36,361.95,2783.04,787.65,1078.84,7188.84,0.3878034730859686,0.5124581274100817,0.0997383995039496,14025.44,5009.94,7585.67,1429.83,14025.44,14847.63,4877.67,8535.73,1434.23,14847.63,17179.24,4605.81,10859.69,1713.74,17179.24,22484.86,5013.14,15130.31,2341.41,22484.86,12197.31,4703.26,6524.68,969.37,12197.31,32.839999999999996,30.584999999999994,32.57125000000001,27.170297451197968,63.98,31.14,22.1,15.74,41.18,1
2023-07-12 17:00:00,511.39,17,2,0,-0.9659258262890684,-0.2588190451025206,86.90189285714285,9.178107142857158,96.08,31.080000000000013,0.0,20.6,15.0,1010.6,7.7,90.5,25.5,0.0,20.85,11.65,1010.9,7.2,86.0,21.0,0.0,21.7,8.3,1010.9,7.7,84.91999999999999,19.919999999999987,0.0,24.4,5.0,1010.1,4.1,84.02,19.019999999999996,0.0,21.1,7.799999999999997,1012.6,6.7,-1649.4166666666715,78807.49074074074,67393.80008417509,10571.340817319611,74430.83333333333,76080.25,80848.0,65992.41666666667,67675.25,0.2915615034735823,0.0434450183269999,0.3986684488883325,0.1026137007617516,0.1637113285493335,11028.94,2168.07,285.05,3221.58,795.4,1262.62,7732.72,11692.46,2237.09,287.14,3351.02,813.58,1294.72,7983.55,12771.83,2324.29,369.44,3796.67,834.39,1343.21,8668.0,0.11,0.0,0.0,0.02,0.09,0.0,0.11,10723.37,2166.68,342.45,2832.11,759.9,1117.12,7218.259999999999,0.3906819106214009,0.5110921411487385,0.0982259482298605,13627.65,5284.85,6983.6,1359.2,13627.65,14025.44,5009.94,7585.67,1429.83,14025.44,15605.41,4713.38,9437.82,1454.21,15605.41,22050.31,4629.52,15167.11,2253.68,22050.31,12143.02,4971.03,6286.9,885.09,12143.02,456.7999999999999,114.22333333333331,52.55458333333335,103.35015256205996,520.78,63.98,27.84,16.31,46.77,1
2023-07-12 19:00:00,258.22,19,2,0,-0.9659258262890684,0.2588190451025203,86.95385714285715,12.096142857142851,99.05,34.05,0.0,21.4,15.85,1009.6,6.15,98.06,33.06,0.0,21.1,15.6,1010.0,7.2,90.5,25.5,0.0,20.85,11.65,1010.9,7.2,84.02,19.019999999999996,0.0,24.4,4.5,1009.4,4.6,91.04,26.039999999999992,0.0,23.3,9.499999999999996,1010.9,4.6,-3813.67424242424,74605.9478114478,67637.09806397306,10562.914783787466,66742.90909090909,70556.58333333333,76080.25,73707.0,59974.166666666664,0.2991866582532315,0.050643201957285,0.368822028747624,0.1002489189639086,0.1810991920779507,9245.49,1892.57,238.18,2662.55,642.93,1012.48,6448.710000000001,10538.62,2165.99,322.75,2961.68,762.31,1216.2,7428.929999999999,11692.46,2237.09,287.14,3351.02,813.58,1294.72,7983.55,2191.02,471.85,67.32,720.11,107.89,330.3,1697.4700000000005,5413.74,1278.26,171.83,848.3,278.98,451.95,3029.3199999999997,0.3430678734131644,0.5693015868789759,0.0876305397078596,16094.91,6003.25,8605.38,1486.28,16094.91,14186.17,5542.28,7250.44,1393.45,14186.17,14025.44,5009.94,7585.67,1429.83,14025.44,20284.6,3601.44,14214.57,2468.59,20284.6,13149.66,5738.03,6609.37,802.26,13149.66,-443.73,203.79833333333332,73.18000000000002,139.2448716720158,67.66,511.39,63.98,17.35,84.58,1
2023-07-12 20:00:00,427.78,20,2,0,-0.8660254037844386,0.5000000000000001,86.98385714285715,15.036142857142847,102.02,37.02,0.0,21.1,17.799999999999997,1008.3,5.7,99.05,34.05,0.0,21.4,15.85,1009.6,6.15,96.08,31.080000000000013,0.0,20.6,15.0,1010.6,7.7,84.91999999999999,19.919999999999987,0.0,23.3,6.099999999999998,1009.1,6.2,93.92,28.919999999999987,0.0,25.0,9.4,1009.9,5.7,-4090.159090909088,71573.40614478114,67748.70570286196,10492.343250616432,62652.75,66742.90909090909,74430.83333333333,77606.66666666667,57078.25,0.4080838323353293,0.1464670658682634,0.1810179640718563,0.088443113772455,0.1759880239520958,4472.91,772.85,130.82,952.73,258.96,467.81,2583.17,9245.49,1892.57,238.18,2662.55,642.93,1012.48,6448.710000000001,11028.94,2168.07,285.05,3221.58,795.4,1262.62,7732.72,7708.22,1616.84,235.88,2159.03,435.35,957.14,5404.240000000001,623.61,152.05,24.71,42.28,13.89,31.06,263.99,0.3120392217825914,0.6004107873744106,0.0875499908429978,17277.31,5927.29,9836.0,1514.02,17277.31,16094.91,6003.25,8605.38,1486.28,16094.91,13627.65,5284.85,6983.6,1359.2,13627.65,19572.05,3880.9,13194.94,2496.21,19572.05,14526.24,5617.85,8002.82,905.57,14526.24,190.56000000000003,242.19499999999996,80.415,144.282881084045,258.22,67.66,520.78,16.69,130.59,1
2023-07-31 19:00:00,2287.38,19,0,0,-0.9659258262890684,0.2588190451025203,91.73696428571428,10.193035714285712,101.93,36.92999999999999,0.0,18.05,20.799999999999994,1015.5,4.6,100.94,35.94,0.0,17.8,20.499999999999996,1015.9,4.6,95.0,30.0,0.0,19.15,15.85,1017.1,2.85,84.91999999999999,19.919999999999987,0.0,17.8,11.599999999999998,1014.9,2.1,102.02,37.02,0.0,16.1,22.799999999999997,1015.5,2.1,-4337.5,75350.91666666667,68235.03472222223,11931.542053562029,66972.33333333333,71309.83333333333,76981.25,77284.75,60175.583333333336,0.3821468207121287,0.065402998669125,0.3490650713853038,0.0517670570861354,0.1516180521473071,7885.32,1651.16,313.29,2639.6,397.07,938.37,5939.49,10313.0,2009.66,387.16,3407.08,492.6,1114.63,7411.13,11931.03,2207.17,415.93,4049.09,570.09,1263.14,8505.42,1722.77,322.29,49.13,770.48,71.72,201.1,1414.72,4267.77,986.02,170.11,721.19,105.88,364.09,2347.2900000000004,0.4306343528193009,0.4964217499332303,0.0729438972474688,8996.29,4122.24,4321.51,552.54,8996.29,7914.41,3476.5,4014.89,423.02,7914.41,7053.76,2710.92,3969.42,373.42,7053.76,9022.5,936.92,7412.9,672.68,9022.5,8436.84,3862.87,4284.8,289.17,8436.84,6.1200000000000045,78.14,49.423333333333346,35.33059268834539,81.68,75.56,74.88,22.0,157.02,1
2023-08-01 22:00:00,300.35,22,1,0,-0.5000000000000004,0.8660254037844384,92.20196428571428,14.318035714285728,106.52,41.52000000000001,0.0,17.5,23.90000000000001,1013.35,4.15,107.06,42.06,0.0,17.2,24.500000000000004,1013.7,5.7,102.02,37.02,0.0,19.15,19.75,1015.55,2.35,82.94,17.939999999999998,0.0,21.7,6.600000000000001,1015.1,2.1,104.0,39.0,0.0,17.2,22.8,1012.8,4.6,-2553.75,65592.68055555556,69335.29861111111,11189.345328579311,57133.25,59687.0,66990.66666666667,83447.5,55586.166666666664,0.0,0.0,0.2249999999999999,0.0999999999999999,0.675,0.29,0.0,0.0,0.05,0.0,0.24,0.29,127.05,35.13,9.03,11.85,3.01,10.01,69.03,8478.54,2018.55,346.04,2565.9,418.84,897.36,6246.69,11771.44,2454.78,373.42,3738.98,549.35,1338.05,8454.58,10.07,0.0,0.0,0.04,0.04,0.23,0.31,0.215515067858207,0.6960375085634536,0.0884474235783393,14714.55,3695.58,9644.41,1374.56,14714.55,15522.12,4422.78,9958.17,1141.17,15522.12,14523.67,5017.04,8663.18,843.45,14523.670000000002,9897.68,882.19,8848.04,167.45,9897.680000000002,14826.51,3406.3,10069.99,1350.22,14826.51,0.75,37.695,33.39666666666668,19.69648272874277,43.45,42.7,30.61,22.73,34.46,1
2023-08-03 20:00:00,524.57,20,3,0,-0.8660254037844386,0.5000000000000001,93.11160714285714,8.908392857142857,102.02,37.02,0.0,17.2,21.7,1012.2,2.6,100.49,35.489999999999995,0.0,17.2,20.85,1013.15,4.1,98.06,33.06,0.0,17.2,19.500000000000004,1013.8,5.7,87.98,22.980000000000004,0.0,18.3,12.8,1013.1,8.2,105.98,40.98,0.0,15.6,25.5,1012.7,4.6,-3785.916666666664,72681.0,69555.46527777777,10711.533679406042,63767.166666666664,67553.08333333333,75565.83333333333,80247.16666666667,59666.083333333336,0.2731384952468459,0.0462239813407781,0.643990529031346,0.0107785277591264,0.0258684666219033,4448.23,1025.43,189.3,944.96,131.24,394.41,2685.34,9359.18,1680.82,290.71,2862.76,398.59,1058.94,6291.82,12098.06,2388.38,434.83,3771.3,566.86,1344.76,8506.13,8161.93,1513.31,217.61,2579.78,395.54,964.82,5671.06,267.57,70.51,12.21,10.7,3.15,9.81,106.38,0.4134801330479849,0.4974795657891344,0.0890403011628806,11534.82,5359.49,5121.51,1053.82,11534.82,10610.55,5415.25,4302.03,893.27,10610.55,9115.66,4899.16,3621.86,594.64,9115.66,13723.89,1042.17,11440.41,1241.31,13723.89,12654.83,4539.72,6830.97,1284.14,12654.83,41.21,103.05333333333331,51.59083333333336,53.52607352590936,82.94,41.73,190.03,19.33,199.73,1
2023-08-04 14:00:00,497.56,14,4,0,-0.4999999999999998,-0.8660254037844388,93.55196428571428,-5.571964285714273,87.98,22.980000000000004,0.0,21.7,9.400000000000002,1012.4,5.7,85.46000000000001,20.460000000000008,0.0,21.1,8.599999999999998,1011.55,5.65,86.0,21.0,0.0,20.6,9.4,1010.8,7.2,96.08,31.080000000000013,0.0,17.8,17.8,1010.5,4.1,91.04,26.039999999999992,0.0,19.4,13.4,1014.5,6.2,-1564.916666666657,82268.81944444444,69989.15625,10206.72603919602,81472.91666666667,83037.83333333333,83001.75,57624.916666666664,80205.41666666667,0.2764772620819585,0.0481508852643302,0.4476341485698953,0.06570235365006,0.1620353504337558,12742.87,2423.08,408.1,3852.05,566.98,1407.47,8657.679999999998,13083.51,2440.02,403.76,4061.74,602.26,1402.32,8910.1,13073.64,2472.48,396.27,4041.34,604.96,1411.91,8926.960000000001,0.39,0.0,0.0,0.03,0.08,0.27,0.38,12857.99,2450.11,403.06,3969.69,606.95,1406.55,8836.36,0.7519461179740119,0.2177709748270532,0.0302829071989348,5739.76,4086.05,1487.84,165.87,5739.76,6467.56,3871.47,2362.97,233.12,6467.5599999999995,12980.61,4362.13,7707.9,910.58,12980.61,21274.61,3872.35,15150.66,2251.6,21274.609999999997,7223.87,3229.98,3608.91,384.98,7223.869999999999,45.790000000000006,36.59666666666665,67.165,107.07144709308972,90.84,45.05,21.71,17.08,84.71,1
2023-08-04 15:00:00,382.23,15,4,0,-0.7071067811865471,-0.7071067811865479,93.56375,-2.523750000000007,91.04,26.039999999999992,0.0,21.7,11.099999999999998,1012.7,5.7,87.98,22.980000000000004,0.0,21.7,9.400000000000002,1012.4,5.7,84.91999999999999,19.919999999999987,0.0,21.1,8.299999999999997,1011.2,6.2,95.0,30.0,0.0,18.05,16.95,1010.75,4.1,93.02,28.019999999999996,0.0,19.15,14.75,1014.3,6.7,-2657.75,81981.79166666667,69931.22916666667,10150.011454155034,78815.16666666667,81472.91666666667,83356.25,60777.083333333336,77500.16666666667,0.2758540419223276,0.0486425033477432,0.4486716601632076,0.0636288713608355,0.1632029232058859,12523.89,2390.58,416.34,3870.5,568.1,1401.05,8646.57,12742.87,2423.08,408.1,3852.05,566.98,1407.47,8657.679999999998,13209.69,2462.28,398.31,4122.75,609.34,1419.3,9011.98,0.39,0.0,0.0,0.03,0.09,0.27,0.39,12755.19,2436.28,424.76,3915.73,594.21,1393.67,8764.650000000001,0.7475980375860218,0.2189019283772723,0.0335000340367058,6023.53,4529.37,1311.75,182.41,6023.53,5739.76,4086.05,1487.84,165.87,5739.76,9401.75,4121.95,4780.52,499.28,9401.750000000002,20271.79,3399.25,14722.91,2149.63,20271.79,8173.57,4058.12,3635.8,479.65,8173.57,406.72,116.13833333333332,84.36708333333335,138.5497758452715,497.56,90.84,24.6,16.1,76.04,1
2023-08-04 16:00:00,981.21,16,4,0,-0.8660254037844384,-0.5000000000000004,93.57232142857144,-1.092321428571438,92.48,27.47999999999999,0.0,21.95,11.649999999999997,1012.8,5.4,91.04,26.039999999999992,0.0,21.7,11.099999999999998,1012.7,5.7,85.46000000000001,20.460000000000008,0.0,21.1,8.599999999999998,1011.55,5.65,93.02,28.019999999999996,0.0,19.4,14.5,1010.9,5.1,98.06,33.06,0.0,17.2,19.500000000000004,1013.8,5.7,-2441.083333333343,81009.66666666667,69884.30902777777,10116.047447100267,76374.08333333333,78815.16666666667,83037.83333333333,64807.0,75565.83333333333,0.2667377797119685,0.0467997947024723,0.4688044730263173,0.0589603619669773,0.1586975905922644,12487.85,2346.34,413.74,3816.28,541.21,1388.16,8505.730000000001,12523.89,2390.58,416.34,3870.5,568.1,1401.05,8646.57,13083.51,2440.02,403.76,4061.74,602.26,1402.32,8910.1,0.39,0.0,0.0,0.03,0.09,0.27,0.39,12098.06,2388.38,434.83,3771.3,566.86,1344.76,8506.13,0.7328048527675376,0.229195021046085,0.0380001261863772,6316.71,4722.36,1382.74,211.61,6316.709999999999,6023.53,4529.37,1311.75,182.41,6023.53,6467.56,3871.47,2362.97,233.12,6467.5599999999995,19205.06,3140.08,14137.33,1927.65,19205.06,9115.66,4899.16,3621.86,594.64,9115.66,-115.32999999999998,176.9983333333333,97.125,151.26359934550064,382.23,497.56,45.05,16.3,190.03,1
2023-08-04 17:00:00,2221.13,17,4,0,-0.9659258262890684,-0.2588190451025206,93.5905357142857,4.469464285714295,98.06,33.06,0.0,21.1,15.6,1012.6,5.7,92.48,27.47999999999999,0.0,21.95,11.649999999999997,1012.8,5.4,87.98,22.980000000000004,0.0,21.7,9.400000000000002,1012.4,5.7,91.94,26.94,0.0,20.0,13.299999999999995,1010.9,4.6,100.04,35.03999999999999,0.0,17.2,20.6,1013.5,3.1,-1654.416666666657,79629.31944444445,69849.05208333333,10096.841302682593,74719.66666666667,76374.08333333333,81472.91666666667,69082.16666666667,71494.33333333333,0.2728206166854247,0.0422724604092264,0.4677313083093835,0.0563090144159896,0.1608666001799755,12119.38,2255.54,395.74,3964.22,498.57,1341.95,8456.02,12487.85,2346.34,413.74,3816.28,541.21,1388.16,8505.730000000001,12742.87,2423.08,408.1,3852.05,566.98,1407.47,8657.679999999998,0.39,0.0,0.0,0.03,0.09,0.27,0.39,11459.92,2254.67,311.99,3615.66,525.98,1296.22,8004.52,0.6875383006031649,0.2629799167587859,0.049481782638049,6656.82,4878.15,1525.71,252.96,6656.82,6316.71,4722.36,1382.74,211.61,6316.709999999999,5739.76,4086.05,1487.84,165.87,5739.76,17871.13,3151.1,13040.81,1679.22,17871.13,9614.81,5113.37,3776.53,724.91,9614.81,598.98,336.91499999999996,130.09083333333334,235.2749177658124,981.21,382.23,90.84,17.91,142.87,1
2023-08-04 18:00:00,637.29,18,4,0,-1.0,-1.8369701987210294e-16,93.60232142857144,5.357678571428579,98.96,33.96000000000001,0.0,21.1,16.1,1012.1,3.6,98.06,33.06,0.0,21.1,15.6,1012.6,5.7,91.04,26.039999999999992,0.0,21.7,11.099999999999998,1012.7,5.7,91.49,26.489999999999995,0.0,20.0,13.049999999999995,1010.85,4.6,100.49,35.489999999999995,0.0,17.2,20.85,1013.15,4.1,-3162.4166666666715,77662.81944444445,69851.67361111111,10097.295211437066,71557.25,74719.66666666667,78815.16666666667,73479.91666666667,67553.08333333333,0.2988521398971909,0.0528482961596667,0.4317690167521347,0.053765903386636,0.1627646438043717,11399.64,2128.29,329.77,3648.8,439.27,1254.93,7801.060000000001,12119.38,2255.54,395.74,3964.22,498.57,1341.95,8456.02,12523.89,2390.58,416.34,3870.5,568.1,1401.05,8646.57,3.78,0.01,0.02,2.9,0.09,0.75,3.77,9359.18,1680.82,290.71,2862.76,398.59,1058.94,6291.82,0.636626182647789,0.301340669663826,0.0620331476883848,6739.45,4633.63,1772.34,333.48,6739.450000000001,6656.82,4878.15,1525.71,252.96,6656.82,6023.53,4529.37,1311.75,182.41,6023.53,16406.29,2888.4,11991.16,1526.73,16406.29,10610.55,5415.25,4302.03,893.27,10610.55,1239.92,703.0033333333334,216.68500000000003,487.4719566515994,2221.13,981.21,497.56,20.75,41.73,1
2023-08-04 19:00:00,1103.75,19,4,0,-0.9659258262890684,0.2588190451025203,93.61410714285714,5.8858928571428635,99.5,34.5,0.0,20.25,17.25,1011.65,3.1,98.96,33.96000000000001,0.0,21.1,16.1,1012.1,3.6,92.48,27.47999999999999,0.0,21.95,11.649999999999997,1012.8,5.4,91.04,26.039999999999992,0.0,20.0,12.799999999999995,1010.9,8.2,102.02,37.02,0.0,17.2,21.7,1012.2,2.6,-3625.25,75145.18055555556,69867.46180555555,10093.840503639523,67932.0,71557.25,76374.08333333333,77650.0,63767.166666666664,0.4135699903416439,0.0602460425295071,0.3193027976492543,0.0529449801103344,0.1539361893692602,9409.2,1931.32,341.53,2790.29,347.46,1051.86,6462.459999999999,11399.64,2128.29,329.77,3648.8,439.27,1254.93,7801.060000000001,12487.85,2346.34,413.74,3816.28,541.21,1388.16,8505.730000000001,1722.16,312.69,50.45,743.96,66.87,246.99,1420.9599999999998,4448.23,1025.43,189.3,944.96,131.24,394.41,2685.34,0.531202072693161,0.4009302837010218,0.0678676436058172,7451.5,4743.82,2245.44,462.24,7451.5,6739.45,4633.63,1772.34,333.48,6739.450000000001,6316.71,4722.36,1382.74,211.61,6316.709999999999,14739.05,2752.01,10695.62,1291.42,14739.05,11534.82,5359.49,5121.51,1053.82,11534.82,-1583.84,801.71,241.5,493.3023320527639,637.29,2221.13,382.23,20.98,82.94,1
2023-08-04 20:00:00,772.81,20,4,0,-0.8660254037844386,0.5000000000000001,93.64410714285714,8.375892857142858,102.02,37.02,0.0,18.9,20.0,1010.5,3.1,99.5,34.5,0.0,20.25,17.25,1011.65,3.1,98.06,33.06,0.0,21.1,15.6,1012.6,5.7,89.06,24.06,0.0,20.6,11.099999999999998,1011.0,8.2,104.0,39.0,0.0,16.7,23.3,1011.3,6.7,-3695.25,72272.48611111111,69887.02777777778,10081.949641935922,64236.75,67932.0,74719.66666666667,80537.33333333333,60811.333333333336,0.7384059659752973,0.064437194127243,0.0859939408063388,0.0299463994406898,0.0812164996504311,4210.99,1010.55,147.21,780.21,129.37,376.14,2443.48,9409.2,1931.32,341.53,2790.29,347.46,1051.86,6462.459999999999,12119.38,2255.54,395.74,3964.22,498.57,1341.95,8456.02,8160.95,1610.68,230.77,2620.85,348.11,966.22,5776.63,408.63,77.29,13.08,182.23,3.05,7.32,282.97,0.451071342786191,0.4756841406467207,0.0732445165670882,8730.67,4637.75,3500.39,592.53,8730.67,7451.5,4743.82,2245.44,462.24,7451.5,6656.82,4878.15,1525.71,252.96,6656.82,12602.49,2701.28,8863.68,1037.53,12602.490000000002,12410.56,5131.52,6174.0,1105.04,12410.56,466.46,970.5283333333332,284.03375,522.1985421258559,1103.75,637.29,981.21,20.31,524.57,1
2023-08-06 19:00:00,652.17,19,6,1,-0.9659258262890684,0.2588190451025203,94.65821428571428,4.391785714285717,99.05,34.05,0.0,19.15,18.1,1013.3,4.85,98.06,33.06,0.0,18.9,17.800000000000004,1013.8,5.1,91.49,26.489999999999995,0.0,18.9,14.15,1014.75,2.85,89.96000000000001,24.960000000000008,0.0,18.9,13.300000000000004,1009.6,6.7,104.0,39.0,0.0,18.9,21.1,1011.7,2.6,-3908.083333333329,74474.02777777778,67615.06944444445,10610.688087035503,66461.75,70369.83333333333,75869.0,72790.5,63658.416666666664,0.3853082116698509,0.0661658441424793,0.3328605497116318,0.0550517004550356,0.1606136940210023,9640.31,1823.96,344.98,2777.84,437.27,1026.7,6410.750000000001,11813.21,2140.71,401.86,3732.83,553.4,1264.38,8093.179999999999,12593.96,2255.5,434.54,3887.57,582.99,1368.28,8528.880000000001,1426.65,255.64,27.86,609.86,60.83,163.01,1117.2,3974.44,388.58,110.64,762.55,183.54,316.83,1762.14,0.4603535546090638,0.4802307890618474,0.0594156563290886,10912.95,5519.82,4751.75,641.38,10912.95,10942.08,5462.99,4754.9,724.19,10942.08,10561.96,5176.68,4784.05,601.23,10561.96,13939.97,2547.3,10165.43,1227.24,13939.97,15091.36,5287.52,9010.42,793.42,15091.36,-21.659999999999997,42.93999999999992,29.534583333333355,18.58405791300528,45.44,67.1,37.14,18.04,73.23,1
2023-08-06 20:00:00,1267.11,20,6,1,-0.8660254037844386,0.5000000000000001,94.65821428571428,7.361785714285716,102.02,37.02,0.0,18.9,20.0,1011.8,5.1,99.05,34.05,0.0,19.15,18.1,1013.3,4.85,95.0,30.0,0.0,18.3,16.7,1014.5,5.1,87.98,22.980000000000004,0.0,19.4,11.700000000000005,1010.4,6.2,105.08,40.08000000000001,0.0,17.8,22.8,1011.0,4.1,-3654.583333333336,71343.5,67579.60069444444,10625.901033490807,62807.166666666664,66461.75,74085.16666666667,76362.83333333333,60522.75,0.665435955694405,0.1236864527122976,0.1008236296506674,0.0312411246804885,0.0788128372621414,3945.06,861.16,147.88,743.94,123.04,358.97,2234.99,9640.31,1823.96,344.98,2777.84,437.27,1026.7,6410.750000000001,12462.9,2224.45,428.83,3956.53,570.68,1337.97,8518.46,7641.98,1497.97,148.29,2345.63,359.66,829.2,5180.75,308.82,25.56,10.82,6.57,2.62,4.18,49.74999999999999,0.4116811418688194,0.5173222977304328,0.0709965604007479,11016.12,5071.31,5290.28,654.53,11016.12,10912.95,5519.82,4751.75,641.38,10912.95,10684.04,5243.66,4771.18,669.2,10684.04,12949.38,2785.99,8897.89,1265.5,12949.38,16600.67,5233.86,10219.79,1147.02,16600.670000000002,606.73,147.48499999999993,53.657083333333354,128.4935353298267,652.17,45.44,52.96,16.71,72.08,1
2023-08-07 16:00:00,710.34,16,0,0,-0.8660254037844384,-0.5000000000000004,94.94589285714284,-1.9258928571428555,93.02,28.019999999999996,0.0,22.2,11.7,1014.7,0.0,91.94,26.94,0.0,22.2,11.099999999999998,1015.1,1.5,86.53999999999999,21.539999999999992,0.0,22.2,8.100000000000001,1013.45,3.05,93.02,28.019999999999996,0.0,17.8,16.099999999999998,1011.0,5.1,95.0,30.0,0.0,18.3,16.7,1014.5,5.1,-2126.0,82132.72222222222,69905.61111111111,10422.89972925513,78559.0,80685.0,83836.58333333333,64618.5,74085.16666666667,0.2675844532075189,0.0446068359358188,0.4546351048433406,0.0694524881925974,0.1637211178207242,12252.26,2106.06,373.42,3740.07,580.27,1359.44,8159.26,12192.21,2125.24,310.97,3657.85,592.47,1355.67,8042.2,12159.67,2077.94,337.87,3797.94,598.65,1294.77,8107.17,0.38,0.0,0.0,0.02,0.1,0.26,0.38,12462.9,2224.45,428.83,3956.53,570.68,1337.97,8518.46,0.6131469477710927,0.3268881775648044,0.0599648746641028,7308.18,4493.94,2387.21,427.03,7308.179999999999,7116.53,4183.66,2565.35,367.52,7116.530000000001,9079.92,4306.08,4360.57,413.27,9079.92,15779.72,3749.23,10096.14,1934.35,15779.72,10684.04,5243.66,4771.18,669.2,10684.04,33.269999999999996,65.71666666666658,116.82583333333336,276.8751260345828,151.51,118.24,25.43,21.48,52.96,1
2023-08-07 17:00:00,488.5,17,0,0,-0.9659258262890684,-0.2588190451025206,94.91589285714284,0.0841071428571496,95.0,30.0,0.0,21.7,13.3,1014.8,3.1,93.02,28.019999999999996,0.0,22.2,11.7,1014.7,0.0,89.96000000000001,24.960000000000008,0.0,21.7,10.500000000000004,1015.5,3.1,91.94,26.94,0.0,18.3,14.999999999999996,1010.6,6.7,98.06,33.06,0.0,18.9,17.800000000000004,1013.8,5.1,-2106.5833333333285,81045.97222222222,70004.24652777778,10475.24156672922,76452.41666666667,78559.0,83127.08333333333,68916.33333333333,70369.83333333333,0.2748504496911016,0.0395427525309804,0.4474845886343107,0.0712150719331281,0.166907137210479,12091.17,2176.16,362.77,3697.37,564.83,1331.48,8132.609999999999,12252.26,2106.06,373.42,3740.07,580.27,1359.44,8159.26,12164.51,2202.98,347.25,3576.39,599.0,1300.51,8026.13,0.37,0.0,0.0,0.01,0.1,0.26,0.37,11813.21,2140.71,401.86,3732.83,553.4,1264.38,8093.179999999999,0.5425259406680722,0.3976255199679508,0.059848539363977,7863.27,4821.34,2570.41,471.52,7863.27,7308.18,4493.94,2387.21,427.03,7308.179999999999,7589.68,4052.79,3147.52,389.37,7589.679999999999,13588.97,3405.47,8439.5,1744.0,13588.97,10942.08,5462.99,4754.9,724.19,10942.08,558.83,180.39666666666665,144.21666666666667,301.6873021159003,710.34,151.51,49.25,23.85,67.1,1
2023-08-07 19:00:00,1044.85,19,0,0,-0.9659258262890684,0.2588190451025203,94.86607142857144,2.6539285714285796,97.52,32.52000000000001,0.0,21.7,14.700000000000006,1013.8,2.35,96.98,31.980000000000004,0.0,21.7,14.400000000000002,1014.1,2.1,93.02,28.019999999999996,0.0,22.2,11.7,1014.7,0.0,89.96000000000001,24.960000000000008,0.0,20.6,11.6,1010.2,8.8,102.02,37.02,0.0,18.9,20.0,1011.8,5.1,-4498.833333333343,76473.25,70136.93055555555,10469.04359557079,67758.58333333333,72257.41666666667,78559.0,77223.0,62807.166666666664,0.3557700557700558,0.0463427713427713,0.3609341484341484,0.0638567138567138,0.1730963105963106,9056.29,1666.17,180.03,2545.65,402.5,976.35,5770.700000000001,11117.78,2047.82,294.62,3334.06,530.6,1243.57,7450.67,12252.26,2106.06,373.42,3740.07,580.27,1359.44,8159.26,1092.63,125.2,17.42,579.3,53.29,191.65,966.86,3945.06,861.16,147.88,743.94,123.04,358.97,2234.99,0.4045586554218482,0.5320657327846511,0.0633756117935007,11007.63,5335.36,4971.53,700.74,11007.63,9310.67,5051.28,3702.16,557.23,9310.669999999998,7308.18,4493.94,2387.21,427.03,7308.179999999999,13310.96,2993.72,8798.98,1518.26,13310.96,11016.12,5071.31,5290.28,654.53,11016.12,-253.04,292.2166666666666,169.69250000000002,308.4975065257549,235.46,488.5,151.51,24.06,652.17,1
2023-08-08 15:00:00,353.53,15,1,0,-0.7071067811865471,-0.7071067811865479,95.05410714285716,-5.994107142857146,89.06,24.06,0.0,21.7,10.0,1014.1,4.1,89.06,24.06,0.0,21.1,10.599999999999998,1013.6,5.1,87.08000000000001,22.080000000000013,0.0,20.0,10.6,1012.5,5.7,95.54,30.539999999999992,0.0,20.3,14.999999999999996,1010.5,4.6,93.02,28.019999999999996,0.0,22.2,11.7,1014.7,0.0,-2601.4166666666715,81711.30555555555,69697.10416666667,9885.423173246763,79469.58333333333,82071.0,82877.5,60246.083333333336,78559.0,0.2544540922033314,0.0525365511677182,0.4624200861379068,0.062727404465646,0.1678618660253975,11962.35,2076.9,416.5,3830.42,593.18,1275.38,8192.380000000001,12007.12,2160.99,343.59,3964.44,600.36,1159.6,8228.98,11569.98,1856.4,317.57,3829.12,494.79,1226.85,7724.73,0.28,0.0,0.0,0.02,0.0,0.26,0.28,12252.26,2106.06,373.42,3740.07,580.27,1359.44,8159.26,0.6260638509586154,0.2823526666785615,0.0915834823628231,6906.01,4075.75,2275.81,554.45,6906.009999999999,6519.42,3336.13,2645.65,537.64,6519.420000000001,9081.25,3222.6,4830.63,1028.02,9081.25,14239.33,3434.72,8811.82,1992.79,14239.329999999998,7308.18,4493.94,2387.21,427.03,7308.179999999999,-11.049999999999995,43.59333333333322,145.50541666666666,253.66495828294435,73.69,84.74,26.35,21.84,151.51,1
2023-08-08 16:00:00,1866.19,16,1,0,-0.8660254037844384,-0.5000000000000004,95.0305357142857,-4.980535714285708,90.05,25.049999999999997,0.0,21.95,10.3,1013.9,4.9,89.06,24.06,0.0,21.7,10.0,1014.1,4.1,87.08000000000001,22.080000000000013,0.0,20.3,10.3,1013.3,3.6,93.92,28.919999999999987,0.0,19.4,15.0,1011.0,5.1,95.0,30.0,0.0,21.7,13.3,1014.8,3.1,-2525.8333333333285,81051.22222222222,69629.80208333333,9827.796799868414,76943.75,79469.58333333333,83051.66666666667,63712.166666666664,76452.41666666667,0.2370426971566344,0.0544136042011719,0.4970995591329881,0.0625975148222529,0.1488466246869524,11486.22,1949.07,402.42,3542.05,480.48,1285.79,7659.81,11962.35,2076.9,416.5,3830.42,593.18,1275.38,8192.380000000001,12146.91,2135.6,338.09,3994.46,610.55,1229.99,8308.69,0.29,0.0,0.0,0.02,0.0,0.27,0.29,12091.17,2176.16,362.77,3697.37,564.83,1331.48,8132.609999999999,0.6167774929649847,0.2747209496173829,0.1085015574176323,7286.03,4561.52,2057.23,667.28,7286.03,6906.01,4075.75,2275.81,554.45,6906.009999999999,7444.06,3145.44,3572.25,726.37,7444.06,15158.17,3090.55,9930.37,2137.25,15158.170000000002,7863.27,4821.34,2570.41,471.52,7863.27,279.84,98.83166666666656,153.92291666666668,257.2001101575109,353.53,73.69,29.1,21.24,710.34,1
2023-08-08 20:00:00,841.71,20,1,0,-0.8660254037844386,0.5000000000000001,94.86285714285714,3.1971428571428646,98.06,33.06,0.0,22.2,14.500000000000004,1011.1,6.2,95.99,30.989999999999995,0.0,22.8,12.749999999999996,1012.35,6.7,91.94,26.94,0.0,22.8,10.499999999999996,1013.5,7.2,89.96000000000001,24.960000000000008,0.0,20.0,12.200000000000005,1009.4,9.3,102.02,37.02,0.0,20.6,18.299999999999997,1011.6,3.1,-3514.5833333333285,72314.19444444444,69510.44097222223,9798.800733472568,63648.75,67163.33333333333,75350.58333333333,78454.91666666667,60811.583333333336,0.5541543026706232,0.0667655786350148,0.1709940652818991,0.0612017804154302,0.1468842729970326,3577.91,685.75,105.62,689.23,126.04,251.41,1858.05,8838.66,1607.75,316.43,2509.67,387.23,694.52,5515.6,11459.07,1777.55,408.04,3727.68,469.41,1116.18,7498.860000000001,4548.27,565.17,116.74,1981.91,187.51,524.78,3376.1099999999997,122.84,19.64,2.43,5.55,1.68,4.7,34.0,0.3939074350431907,0.4768766098059347,0.1292159551508745,11940.78,5296.42,5174.71,1469.65,11940.78,11058.06,5719.18,4058.05,1280.83,11058.06,7977.95,4920.62,2191.71,865.62,7977.95,13688.04,2612.14,9327.8,1748.1,13688.04,14801.43,5374.14,8487.6,939.69,14801.430000000002,66.96,419.6083333333332,137.72625000000002,375.6851117371805,105.63,38.67,1866.19,22.23,207.62,1
2023-08-09 19:00:00,756.08,19,2,0,-0.9659258262890684,0.2588190451025203,94.6282142857143,4.871785714285707,99.5,34.5,0.0,18.6,18.9,1006.55,8.2,98.06,33.06,0.0,18.9,17.800000000000004,1007.0,8.2,91.49,26.489999999999995,0.0,19.75,13.299999999999995,1007.85,9.55,89.06,24.06,0.0,21.1,10.599999999999998,1008.0,9.8,98.06,33.06,0.0,22.2,14.500000000000004,1011.1,6.2,-4041.833333333329,75896.69444444445,70301.49147727274,10278.796070227148,67165.91666666667,71207.75,77992.58333333333,77422.5,63648.75,0.4319011926340829,0.0828584025997354,0.3053056158858206,0.0613300237873616,0.1186047650929993,8996.27,1391.59,347.78,2540.79,378.23,918.54,5576.929999999999,11194.59,1687.63,405.88,3355.97,530.29,1278.28,7258.049999999999,12026.12,2032.14,426.33,3623.82,573.78,1316.19,7972.26,1074.48,84.73,17.03,567.62,44.72,156.72,870.82,3577.91,685.75,105.62,689.23,126.04,251.41,1858.05,0.4231689417731162,0.4442938477335719,0.1325372104933119,10908.66,5327.77,4170.69,1410.2,10908.66,10785.2,5290.49,4129.87,1364.84,10785.2,12331.2,5349.62,5402.33,1579.25,12331.2,19919.58,4277.07,13565.88,2076.63,19919.58,11940.78,5296.42,5174.71,1469.65,11940.78,-2.8500000000000014,39.18499999999992,67.58791666666669,167.26892624386278,56.47,59.32,29.11,19.37,105.63,1
2023-08-09 20:00:00,250.94,20,2,0,-0.8660254037844386,0.5000000000000001,94.64642857142856,12.41357142857143,107.06,42.06,0.0,18.3,23.4,1005.3,7.7,99.5,34.5,0.0,18.6,18.9,1006.55,8.2,98.06,33.06,0.0,18.3,18.4,1007.5,11.3,87.08000000000001,22.080000000000013,0.0,21.7,8.900000000000002,1008.4,8.8,98.96,33.96000000000001,0.0,21.1,16.1,1010.2,5.1,-3455.0000000000073,72680.76388888889,70304.0817550505,10277.054359672218,63710.916666666664,67165.91666666667,75603.33333333333,80766.91666666667,60800.083333333336,0.8166610906657745,0.1311475409836065,0.0267648042823686,0.0172298427567748,0.0081967213114754,3950.13,793.45,152.22,560.88,112.67,217.89,1837.11,8996.27,1391.59,347.78,2540.79,378.23,918.54,5576.929999999999,11668.26,1875.15,425.56,3472.19,550.66,1328.71,7652.27,6290.82,936.21,117.4,2171.6,228.14,746.85,4200.2,116.54,14.94,1.8,4.61,1.65,3.96,26.959999999999997,0.3838103387317688,0.4955040272863132,0.120685633981918,11657.33,4933.02,5179.28,1545.03,11657.33,10908.66,5327.77,4170.69,1410.2,10908.66,11541.62,5306.52,4807.26,1427.84,11541.62,19280.07,4585.88,12575.45,2118.74,19280.07,12885.87,5075.84,6144.97,1665.06,12885.87,699.61,161.27499999999995,94.69,218.5386398428143,756.08,56.47,36.56,17.41,841.71,1
2023-08-10 14:00:00,970.02,14,3,0,-0.4999999999999998,-0.8660254037844388,94.49214285714284,-6.512142857142848,87.98,22.980000000000004,0.0,22.8,8.3,1008.7,4.6,86.0,21.0,0.0,22.8,7.199999999999999,1008.1,4.6,86.0,21.0,0.0,23.3,6.699999999999999,1006.9,5.7,90.5,25.5,0.0,20.0,12.5,1005.2,7.449999999999999,89.06,24.06,0.0,20.6,11.099999999999998,1008.1,10.3,-946.166666666657,84092.625,70644.74652777778,10642.379041432656,84478.16666666667,85424.33333333333,84576.58333333333,58267.833333333336,80404.08333333333,0.2497056463320675,0.0474292350919869,0.4738122400828534,0.0672029428508067,0.1618499356422854,12816.18,2190.8,340.42,4158.08,540.99,1434.06,8664.35,12854.14,2193.48,334.49,4214.14,487.59,1446.91,8676.61,12223.74,1837.29,398.84,4052.67,462.66,1399.5,8150.96,0.29,0.0,0.0,0.04,0.0,0.25,0.29,12293.19,2050.92,400.45,3797.55,566.44,1378.07,8193.43,0.7336420619905746,0.2046111778085717,0.0617467602008536,6504.5,5008.05,1113.71,382.74,6504.5,7086.43,5136.82,1491.65,457.96,7086.429999999999,8118.58,5179.56,2136.79,802.23,8118.58,12561.74,4740.19,6674.88,1146.67,12561.74,13131.8,5365.34,6001.3,1765.16,13131.8,35.54,39.05166666666657,74.17541666666669,152.36768600641255,77.31,41.77,30.39,32.08,30.11,1
2023-08-10 15:00:00,2714.66,15,3,0,-0.7071067811865471,-0.7071067811865479,94.48571428571428,-4.5257142857142725,89.96000000000001,24.960000000000008,0.0,22.8,9.400000000000002,1008.9,4.6,87.98,22.980000000000004,0.0,22.8,8.3,1008.7,4.6,84.91999999999999,19.919999999999987,0.0,22.8,6.599999999999998,1007.7,4.1,87.53,22.53,0.0,20.6,10.25,1005.7,5.6499999999999995,91.49,26.489999999999995,0.0,19.75,13.299999999999995,1007.85,9.55,-2619.083333333343,84149.08333333333,70705.37152777778,10704.354688720085,81859.08333333333,84478.16666666667,85186.0,60863.25,77992.58333333333,0.2467292804068265,0.0479538973218332,0.4765872490162856,0.0668507426956446,0.1618788305594098,12847.32,2184.42,414.91,4144.9,587.89,1415.86,8747.98,12816.18,2190.8,340.42,4158.08,540.99,1434.06,8664.35,12585.73,1997.27,329.43,4154.16,486.78,1441.03,8408.67,0.28,0.0,0.0,0.03,0.0,0.25,0.28,12026.12,2032.14,426.33,3623.82,573.78,1316.19,7972.26,0.6699697402029592,0.2582667924615136,0.071763467335527,6480.34,4754.25,1325.95,400.14,6480.34,6504.5,5008.05,1113.71,382.74,6504.5,7602.23,5195.61,1786.09,620.53,7602.23,12166.06,4526.81,6615.85,1023.4,12166.06,12331.2,5349.62,5402.33,1579.25,12331.2,892.71,196.36833333333325,113.33833333333337,237.53737550608392,970.02,77.31,31.42,29.02,29.11,1
2023-08-10 16:00:00,2847.22,16,3,0,-0.8660254037844384,-0.5000000000000004,94.47660714285716,-2.986607142857153,91.49,26.489999999999995,0.0,22.8,10.249999999999996,1009.0,3.5999999999999996,89.96000000000001,24.960000000000008,0.0,22.8,9.400000000000002,1008.9,4.6,86.0,21.0,0.0,22.8,7.199999999999999,1008.1,4.6,87.08000000000001,22.080000000000013,0.0,20.6,10.0,1006.1,1.5,98.06,33.06,0.0,18.3,18.4,1007.5,11.3,-2357.5833333333285,83504.27777777777,70768.24305555555,10753.335915666865,79501.5,81859.08333333333,85424.33333333333,64604.083333333336,75603.33333333333,0.2324983827425073,0.0497609350097396,0.4876781241981475,0.0691535689891327,0.1609089890604727,12535.09,2123.14,412.65,4101.1,575.26,1392.99,8605.140000000001,12847.32,2184.42,414.91,4144.9,587.89,1415.86,8747.98,12854.14,2193.48,334.49,4214.14,487.59,1446.91,8676.61,0.28,0.0,0.0,0.03,0.0,0.25,0.28,11668.26,1875.15,425.56,3472.19,550.66,1328.71,7652.27,0.598537417816209,0.3232564666323499,0.0782061155514411,6953.12,4658.38,1795.76,498.98,6953.120000000001,6480.34,4754.25,1325.95,400.14,6480.34,7086.43,5136.82,1491.65,457.96,7086.429999999999,12373.34,4270.72,6955.75,1146.87,12373.34,11541.62,5306.52,4807.26,1427.84,11541.62,1744.64,644.2616666666665,225.23625,580.7425778882432,2714.66,970.02,41.77,26.55,36.56,1
2023-08-10 17:00:00,2567.3,17,3,0,-0.9659258262890684,-0.2588190451025206,94.46482142857144,1.6151785714285865,96.08,31.080000000000013,0.0,22.8,12.8,1008.8,4.1,91.49,26.489999999999995,0.0,22.8,10.249999999999996,1009.0,3.5999999999999996,87.98,22.980000000000004,0.0,22.8,8.3,1008.7,4.6,84.91999999999999,19.919999999999987,0.0,20.6,8.799999999999997,1005.6,2.1,98.06,33.06,0.0,18.9,17.800000000000004,1007.0,8.2,-1973.4166666666715,82329.52777777777,70848.44097222222,10798.04802790086,77528.08333333333,79501.5,84478.16666666667,69114.91666666667,71207.75,0.1777460032682352,0.0558628255379446,0.5219163171788045,0.069281445337051,0.1751934086779645,11873.85,1929.99,413.07,4048.26,574.05,1335.72,8301.09,12535.09,2123.14,412.65,4101.1,575.26,1392.99,8605.140000000001,12816.18,2190.8,340.42,4158.08,540.99,1434.06,8664.35,0.28,0.0,0.0,0.03,0.0,0.25,0.28,11194.59,1687.63,405.88,3355.97,530.29,1278.28,7258.049999999999,0.5013602822690345,0.4244991022137024,0.074140615517263,7518.21,4499.93,2430.31,587.97,7518.21,6953.12,4658.38,1795.76,498.98,6953.120000000001,6504.5,5008.05,1113.71,382.74,6504.5,12125.45,4057.12,6804.84,1263.49,12125.45,10785.2,5290.49,4129.87,1364.84,10785.2,132.55999999999997,1113.7333333333331,342.3470833333334,787.595846034705,2847.22,2714.66,77.31,27.24,59.32,1
2023-08-10 18:00:00,693.49,18,3,0,-1.0,-1.8369701987210294e-16,94.45303571428572,3.606964285714284,98.06,33.06,0.0,22.2,14.500000000000004,1008.2,0.0,96.08,31.080000000000013,0.0,22.8,12.8,1008.8,4.1,89.96000000000001,24.960000000000008,0.0,22.8,9.400000000000002,1008.9,4.6,87.98,22.980000000000004,0.0,21.15,9.950000000000005,1005.5,4.65,99.5,34.5,0.0,18.6,18.9,1006.55,8.2,-3994.916666666657,80387.38888888889,70945.33333333333,10811.83667351828,73533.16666666667,77528.08333333333,81859.08333333333,73839.66666666667,67165.91666666667,0.1682920594591664,0.0652513226488609,0.5221287094200486,0.0665255583011224,0.1778023501708018,10431.46,1244.35,391.08,3653.79,485.02,1226.48,7000.719999999999,11873.85,1929.99,413.07,4048.26,574.05,1335.72,8301.09,12847.32,2184.42,414.91,4144.9,587.89,1415.86,8747.98,1.61,0.0,0.0,1.21,0.0,0.4,1.61,8996.27,1391.59,347.78,2540.79,378.23,918.54,5576.929999999999,0.4331153875636764,0.4897499285709308,0.0771346838653928,9556.84,4791.42,4056.87,708.55,9556.84,7518.21,4499.93,2430.31,587.97,7518.21,6480.34,4754.25,1325.95,400.14,6480.34,11276.18,4107.94,6067.31,1100.93,11276.18,10908.66,5327.77,4170.69,1410.2,10908.66,-279.9199999999996,1536.38,446.84625000000005,905.9056317914204,2567.3,2847.22,970.02,28.67,56.47,1
2023-08-10 19:00:00,2045.71,19,3,0,-0.9659258262890684,0.2588190451025203,94.44446428571428,4.605535714285708,99.05,34.05,0.0,22.2,15.05,1007.8,0.75,98.06,33.06,0.0,22.2,14.500000000000004,1008.2,0.0,91.49,26.489999999999995,0.0,22.8,10.249999999999996,1009.0,3.5999999999999996,89.96000000000001,24.960000000000008,0.0,22.8,9.400000000000002,1005.3,10.3,107.06,42.06,0.0,18.3,23.4,1005.3,7.7,-4165.333333333343,77711.30555555556,71037.07986111111,10787.686578692395,69367.83333333333,73533.16666666667,79501.5,78132.75,63710.916666666664,0.2635796136909527,0.0928117493995196,0.4185661028823058,0.0679481084867894,0.1570944255404323,8136.45,869.04,336.95,2696.21,343.53,918.15,5163.879999999999,10431.46,1244.35,391.08,3653.79,485.02,1226.48,7000.719999999999,12535.09,2123.14,412.65,4101.1,575.26,1392.99,8605.140000000001,1297.81,218.16,42.37,607.9,51.36,169.13,1088.92,3950.13,793.45,152.22,560.88,112.67,217.89,1837.11,0.4083428716974724,0.4971872307508474,0.0944698975516801,11479.92,4972.13,5622.29,885.5,11479.92,9556.84,4791.42,4056.87,708.55,9556.84,6953.12,4658.38,1795.76,498.98,6953.120000000001,10207.9,4266.24,4833.01,1108.65,10207.9,11657.33,4933.02,5179.28,1545.03,11657.33,-1873.81,1644.9999999999998,473.3887500000001,903.2989474544308,693.49,2567.3,2714.66,27.63,756.08,1
2023-08-11 15:00:00,411.67,15,4,0,-0.7071067811865471,-0.7071067811865479,94.62446428571428,-4.664464285714274,89.96000000000001,24.960000000000008,0.0,22.8,9.400000000000002,1009.6,6.2,87.08000000000001,22.080000000000013,0.0,23.3,7.300000000000001,1009.6,6.2,84.91999999999999,19.919999999999987,0.0,22.8,6.599999999999998,1008.7,7.2,98.51,33.510000000000005,0.0,18.6,18.35,1006.15,5.4,91.49,26.489999999999995,0.0,22.8,10.249999999999996,1009.0,3.5999999999999996,-2906.8333333333285,83567.03409090909,71619.43907828283,9978.713362155311,80249.41666666667,83156.25,84921.08333333333,62219.833333333336,79501.5,0.2848668048133546,0.0411550541284198,0.4417560747784798,0.0703793294185219,0.1618427368612239,12600.04,2390.01,412.44,3955.12,604.99,1306.81,8669.369999999999,13164.19,2351.14,417.86,4366.16,609.69,1406.87,9151.72,12815.15,2338.98,425.53,4049.57,548.18,1419.37,8781.630000000001,0.37,0.0,0.0,0.02,0.09,0.26,0.37,12535.09,2123.14,412.65,4101.1,575.26,1392.99,8605.140000000001,0.4854023496268019,0.4278817101682413,0.0867159402049568,9274.25,4259.74,4137.48,877.03,9274.25,9422.85,3868.36,4414.75,1139.74,9422.85,14097.69,4432.14,8242.75,1422.8,14097.69,16595.54,3873.42,10530.81,2191.31,16595.54,6953.12,4658.38,1795.76,498.98,6953.120000000001,114.96,51.14333333333318,487.0004166666667,958.083132344176,160.44,45.48,28.05,23.9,2714.66,1
2023-08-11 16:00:00,739.45,16,4,0,-0.8660254037844384,-0.5000000000000004,94.61857142857144,-3.1285714285714334,91.49,26.489999999999995,0.0,22.25,10.799999999999995,1009.95,5.95,89.96000000000001,24.960000000000008,0.0,22.8,9.400000000000002,1009.6,6.2,84.47,19.47,0.0,23.05,6.099999999999998,1008.9,6.45,96.98,31.980000000000004,0.0,18.9,17.200000000000003,1006.6,6.7,96.08,31.080000000000013,0.0,22.8,12.8,1008.8,4.1,-2440.6666666666715,82553.43686868687,71548.90782828283,9926.42468563822,77808.75,80249.41666666667,84398.45454545454,66237.0,77528.08333333333,0.283492294467096,0.029294952143574,0.4550646650050186,0.0707184947197049,0.1614295936646064,12325.72,2415.36,348.95,3745.61,596.74,1372.25,8478.91,12600.04,2390.01,412.44,3955.12,604.99,1306.81,8669.369999999999,13050.54,2396.59,424.41,4349.49,599.94,1376.55,9146.98,0.37,0.0,0.0,0.02,0.09,0.26,0.37,11873.85,1929.99,413.07,4048.26,574.05,1335.72,8301.09,0.491921387135514,0.4150535229939733,0.0930250898705125,9598.12,4658.95,4106.86,832.31,9598.12,9274.25,4259.74,4137.48,877.03,9274.25,11012.58,3918.09,5780.07,1314.42,11012.58,16884.97,3841.05,10872.0,2171.92,16884.97,7518.21,4499.93,2430.31,587.97,7518.21,251.23,116.3516666666665,391.0425000000001,832.3474652020399,411.67,160.44,30.12,23.02,2847.22,1
2023-08-11 17:00:00,962.1,17,4,0,-0.9659258262890684,-0.2588190451025206,94.60678571428572,1.4732142857142918,96.08,31.080000000000013,0.0,21.7,13.900000000000002,1010.0,7.2,91.49,26.489999999999995,0.0,22.25,10.799999999999995,1009.95,5.95,87.08000000000001,22.080000000000013,0.0,23.3,7.300000000000001,1009.6,6.2,96.08,31.080000000000013,0.0,18.9,16.700000000000003,1006.5,7.2,98.06,33.06,0.0,22.2,14.500000000000004,1008.2,0.0,-1969.5833333333285,81062.18686868687,71478.53630050506,9888.106143561768,75839.16666666667,77808.75,83156.25,70534.83333333333,73533.16666666667,0.2772401572540032,0.028696606242674,0.4654026197337278,0.0683787492158543,0.1602818675537405,11949.27,2361.23,244.0,3790.27,589.02,1344.56,8329.08,12325.72,2415.36,348.95,3745.61,596.74,1372.25,8478.91,13164.19,2351.14,417.86,4366.16,609.69,1406.87,9151.72,0.37,0.0,0.0,0.02,0.09,0.26,0.37,10431.46,1244.35,391.08,3653.79,485.02,1226.48,7000.719999999999,0.4741912712031539,0.4302348727948997,0.0955738560019463,10017.19,4927.67,4157.67,931.85,10017.19,9598.12,4658.95,4106.86,832.31,9598.12,9422.85,3868.36,4414.75,1139.74,9422.85,17346.98,3746.8,11680.95,1919.23,17346.98,9556.84,4791.42,4056.87,708.55,9556.84,327.78000000000003,235.8683333333332,303.21875,654.0150435067625,739.45,411.67,45.48,22.84,2567.3,1
2023-08-11 18:00:00,1098.97,18,4,0,-1.0,-1.8369701987210294e-16,94.61321428571428,5.426785714285714,100.04,35.03999999999999,0.0,20.6,17.199999999999996,1009.4,9.3,96.08,31.080000000000013,0.0,21.7,13.900000000000002,1010.0,7.2,89.96000000000001,24.960000000000008,0.0,22.8,9.400000000000002,1009.6,6.2,94.55,29.549999999999997,0.0,19.15,15.6,1006.25,7.2,99.05,34.05,0.0,22.2,15.05,1007.8,0.75,-3717.75,78928.90909090909,71419.71338383837,9879.547466790322,72121.41666666667,75839.16666666667,80249.41666666667,74523.83333333333,69367.83333333333,0.2941772549176729,0.0201715154762918,0.4532138701497296,0.0617549201770245,0.170682439279281,10891.76,2218.57,229.64,3724.31,547.19,1282.63,8002.340000000001,11949.27,2361.23,244.0,3790.27,589.02,1344.56,8329.08,12600.04,2390.01,412.44,3955.12,604.99,1306.81,8669.369999999999,0.97,0.0,0.0,0.48,0.1,0.39,0.97,8136.45,869.04,336.95,2696.21,343.53,918.15,5163.879999999999,0.4252436540991712,0.4748887529435426,0.0998675929572861,10850.98,5145.44,4668.47,1037.07,10850.98,10017.19,4927.67,4157.67,931.85,10017.19,9274.25,4259.74,4137.48,877.03,9274.25,18189.65,3774.23,12538.91,1876.51,18189.65,11479.92,4972.13,5622.29,885.5,11479.92,222.65,391.5433333333333,236.3354166666667,468.04960915046814,962.1,739.45,160.44,22.15,693.49,1
2023-08-11 19:00:00,2152.52,19,4,0,-0.9659258262890684,0.2588190451025203,94.625,6.85499999999999,101.48,36.47999999999999,0.0,20.6,17.999999999999993,1009.2,8.25,100.04,35.03999999999999,0.0,20.6,17.199999999999996,1009.4,9.3,91.49,26.489999999999995,0.0,22.25,10.799999999999995,1009.95,5.95,91.94,26.94,0.0,20.6,12.699999999999996,1006.2,8.8,102.92,37.91999999999999,0.0,21.1,18.299999999999997,1006.8,2.6,-3935.333333333343,76226.84722222223,71370.47380050506,9893.154198960036,68186.08333333333,72121.41666666667,77808.75,78354.66666666667,65566.58333333333,0.3594954207706929,0.0202753297621104,0.3668625079200507,0.0659985023904153,0.1873682391567306,7824.78,1762.16,120.83,2714.81,369.92,1022.41,5990.13,10891.76,2218.57,229.64,3724.31,547.19,1282.63,8002.340000000001,12325.72,2415.36,348.95,3745.61,596.74,1372.25,8478.91,1129.67,151.93,28.99,533.27,42.35,158.69,915.23,3369.07,421.39,148.38,669.17,108.63,251.15,1598.7200000000005,0.3764805964329811,0.5264705534846078,0.0970488500824112,11932.9,5074.39,5666.8,1191.71,11932.9,10850.98,5145.44,4668.47,1037.07,10850.98,9598.12,4658.95,4106.86,832.31,9598.12,17589.49,3385.24,12394.74,1809.51,17589.489999999998,12720.56,5194.35,6324.5,1201.71,12720.56,136.87,569.6849999999998,253.23041666666668,491.9755017361278,1098.97,962.1,411.67,21.9,2045.71,1
2023-08-12 19:00:00,380.51,19,5,1,-0.9659258262890684,0.2588190451025203,94.59714285714286,5.352857142857147,99.95,34.95,0.0,20.85,16.9,1011.05,5.65,98.96,33.96000000000001,0.0,21.1,16.1,1011.3,6.2,91.49,26.489999999999995,0.0,21.7,11.349999999999998,1012.0,7.699999999999999,89.96000000000001,24.960000000000008,0.0,21.7,10.500000000000004,1009.5,9.3,105.08,40.08000000000001,0.0,18.9,21.700000000000003,1008.3,5.7,-3726.083333333329,75586.51388888889,69996.90277777777,10339.513783480736,67849.5,71575.58333333333,76735.66666666667,76644.0,64654.0,0.4336724811140902,0.0283212184852531,0.3275647626135448,0.0512799600362935,0.1591615777508181,7966.89,2005.71,203.11,2774.24,371.27,1006.63,6360.96,10982.4,2186.49,227.53,3840.66,542.86,1272.67,8070.21,12257.9,2179.66,195.92,4143.07,603.41,1384.6,8506.66,1156.35,159.78,19.73,536.03,43.56,182.61,941.71,2125.24,624.12,35.2,636.91,114.58,325.29,1736.1,0.3815344968818574,0.5203979742536489,0.0980675288644938,13208.08,5489.57,6423.63,1294.88,13208.080000000002,12499.53,5436.11,5949.5,1113.92,12499.53,10611.01,5147.65,4549.89,913.47,10611.01,17985.94,2686.27,13095.8,2203.87,17985.94,13541.84,5098.24,7129.38,1314.22,13541.839999999998,-26.390000000000015,103.24666666666651,137.43083333333337,432.88878869968926,127.88,154.27,48.58,18.71,2152.52,1
2023-08-12 20:00:00,613.54,20,5,1,-0.8660254037844386,0.5000000000000001,94.60357142857144,10.476428571428585,105.08,40.08000000000001,0.0,20.0,20.6,1010.2,6.7,99.95,34.95,0.0,20.85,16.9,1011.05,5.65,96.08,31.080000000000013,0.0,21.7,13.900000000000002,1011.8,6.2,87.98,22.980000000000004,0.0,21.1,10.0,1009.5,11.3,105.08,40.08000000000001,0.0,18.9,21.700000000000003,1007.4,5.7,-3643.25,72449.18055555556,69978.24652777777,10349.972143579798,64206.25,67849.5,74748.66666666667,79809.08333333333,61800.833333333336,0.7604846225535881,0.0344827586206896,0.0680335507921714,0.0330848089468779,0.1039142590866728,2856.5,850.77,55.56,642.61,100.6,312.24,1961.78,7966.89,2005.71,203.11,2774.24,371.27,1006.63,6360.96,11497.89,2132.77,184.93,4000.13,587.15,1344.89,8249.869999999999,6878.66,1338.99,213.45,2162.07,255.22,869.97,4839.7,74.12,13.61,7.07,2.36,0.72,2.66,26.42,0.3571830399747422,0.5544312335411838,0.0883857264840739,13379.76,5104.84,6962.8,1312.12,13379.759999999998,13208.08,5489.57,6423.63,1294.88,13208.080000000002,11434.04,5272.27,5265.01,896.76,11434.04,17279.31,2765.84,12393.3,2120.17,17279.309999999998,15232.89,5240.29,8373.95,1618.65,15232.89,252.63,161.9316666666665,63.59708333333335,87.89845081877563,380.51,127.88,228.7,18.13,156.07,1
2023-08-13 19:00:00,382.81,19,6,1,-0.9659258262890684,0.2588190451025203,94.64160714285715,4.858392857142846,99.5,34.5,0.0,21.15,16.35,1011.95,4.35,98.06,33.06,0.0,21.7,15.000000000000004,1012.2,4.6,91.04,26.039999999999992,0.0,21.95,10.849999999999998,1012.7,8.5,89.96000000000001,24.960000000000008,0.0,21.7,10.500000000000004,1010.8,7.2,105.08,40.08000000000001,0.0,20.0,20.6,1010.2,6.7,-4518.75,76102.15277777777,69141.42013888889,11027.295031605046,67100.41666666667,71619.16666666667,77879.66666666667,74705.5,64206.25,0.4252422215989332,0.057837941571574,0.3112984258671508,0.0489659142911973,0.1566554966711445,9302.2,1926.84,319.93,2722.49,376.49,1027.53,6373.28,11631.72,2161.33,387.97,3823.75,503.79,1300.77,8177.610000000001,12835.66,2261.87,410.89,4295.28,594.78,1387.1,8949.919999999998,1259.87,210.12,23.63,596.63,46.44,190.01,1066.83,2856.5,850.77,55.56,642.61,100.6,312.24,1961.78,0.4054427705084397,0.5231594738622491,0.0713977556293111,11171.63,5368.05,4986.14,817.44,11171.63,10562.4,5205.81,4569.45,787.14,10562.4,9963.81,4935.92,3996.13,1031.76,9963.81,15255.63,2596.3,11008.7,1650.63,15255.63,13379.76,5104.84,6962.8,1312.12,13379.759999999998,-50.50999999999999,66.06833333333317,73.09041666666668,137.59719690266638,81.53,132.04,47.92,19.25,380.51,1
2023-08-13 20:00:00,1345.12,20,6,1,-0.8660254037844386,0.5000000000000001,94.64696428571428,8.273035714285697,102.92,37.91999999999999,0.0,18.9,20.5,1010.9,3.1,99.5,34.5,0.0,21.15,16.35,1011.95,4.35,95.0,30.0,0.0,21.7,13.3,1012.7,6.7,89.06,24.06,0.0,22.2,9.5,1011.1,8.2,105.98,40.98,0.0,19.4,21.700000000000003,1009.6,6.2,-3658.7500000000073,72747.33333333333,69109.5625,11043.265405840171,63441.666666666664,67100.41666666667,75625.0,78389.08333333333,61295.333333333336,0.7607854805117524,0.0871764355846474,0.0660517703064564,0.016661707825052,0.0693246057720916,3406.92,864.19,117.54,632.63,99.51,318.36,2032.23,9302.2,1926.84,319.93,2722.49,376.49,1027.53,6373.28,12562.26,2230.87,399.76,4180.3,594.75,1359.09,8764.77,7384.86,1535.05,134.91,2564.3,282.83,885.87,5402.96,118.48,16.32,0.74,1.46,0.71,2.23,21.46,0.3724529792516944,0.5418168951359529,0.0857301256123525,12238.62,4962.06,6402.75,873.81,12238.62,11171.63,5368.05,4986.14,817.44,11171.63,10063.51,5164.08,4001.5,897.93,10063.51,16634.35,3020.5,11767.55,1846.3,16634.35,13936.3,4977.81,7726.72,1231.77,13936.3,301.28,124.49333333333315,73.18625000000002,137.8212354058854,382.81,81.53,72.39,15.84,613.54,1
2023-08-17 13:00:00,363.45,13,3,0,-0.2588190451025208,-0.9659258262890684,90.99982142857142,-13.459821428571416,77.54,12.540000000000006,0.0,14.4,10.9,1011.5,3.1,77.0,12.0,0.0,14.4,10.6,1011.5,2.6,76.46,11.459999999999994,0.0,14.15,10.55,1011.2,3.1,86.0,21.0,0.0,10.6,19.4,1011.1,3.1,78.98,13.980000000000004,0.0,15.0,11.1,1017.4,2.1,95.25,81308.55555555556,65331.7326388889,12666.436855752474,84753.5,84658.25,81173.16666666667,51512.916666666664,78842.33333333333,0.2575221596764376,0.0448515566687758,0.4643658414775813,0.0857962785076,0.1474641636696053,13271.24,2473.48,419.84,4273.8,794.17,1342.36,9303.65,13425.44,2502.25,418.65,4362.05,802.17,1370.37,9455.490000000002,11905.4,2164.29,377.05,4003.77,725.29,1276.6,8547.0,0.5,0.0,0.0,0.03,0.09,0.37,0.49,13292.2,2321.8,418.87,4444.31,769.18,1442.41,9396.570000000002,0.4013290195705268,0.549922288831795,0.0487486915976781,4884.79,1114.43,3324.9,445.46,4884.79,7615.16,1260.86,5503.15,851.15,7615.159999999999,8906.75,1422.05,6330.63,1154.07,8906.75,18283.28,3407.18,12985.37,1890.73,18283.28,3093.05,495.49,2564.8,32.76,3093.05,2.0199999999999996,18.52666666666648,28.63458333333335,23.41206971872954,25.58,23.56,16.11,10.92,25.93,1
2023-08-17 14:00:00,2481.74,14,3,0,-0.4999999999999998,-0.8660254037844388,90.95803571428571,-9.99803571428572,80.96,15.959999999999994,0.0,14.4,12.8,1011.5,3.6,77.54,12.540000000000006,0.0,14.4,10.9,1011.5,3.1,77.0,12.0,0.0,13.9,11.1,1011.7,4.1,84.02,19.019999999999996,0.0,10.6,18.299999999999997,1011.2,3.1,82.04,17.040000000000006,0.0,14.4,13.4,1017.4,2.6,-1279.8333333333285,82701.59722222222,65524.7048611111,12914.077321879204,83473.66666666667,84753.5,83310.5,52019.416666666664,75367.83333333333,0.2490955125047257,0.0441463219036053,0.4663008237194541,0.0871263762072244,0.1533309656649902,12948.06,2356.49,410.42,4249.24,785.09,1349.39,9150.63,13271.24,2473.48,419.84,4273.8,794.17,1342.36,9303.65,13086.46,2402.86,418.05,4288.93,784.66,1369.97,9264.47,0.49,0.0,0.0,0.03,0.09,0.37,0.49,12846.75,2256.02,406.77,4390.91,727.35,1394.01,9175.06,0.57316253660303,0.4056399132321041,0.0211975501648659,3152.7,1265.27,1733.74,153.69,3152.7000000000003,4884.79,1114.43,3324.9,445.46,4884.79,9316.23,1462.29,6768.1,1085.84,9316.23,18017.87,2700.39,13173.13,2144.35,18017.87,2732.33,1132.21,1556.41,43.71,2732.33,337.87,76.82999999999981,42.697916666666686,72.21774664342405,363.45,25.58,18.92,10.74,28.55,1
2023-08-17 15:00:00,874.76,15,3,0,-0.7071067811865471,-0.7071067811865479,90.94089285714288,-3.860892857142858,87.08000000000001,22.080000000000013,0.0,15.0,15.6,1011.9,3.6,80.96,15.959999999999994,0.0,14.4,12.8,1011.5,3.6,77.0,12.0,0.0,14.4,10.6,1011.5,2.6,83.03,18.03,0.0,10.85,17.5,1011.2,3.35,82.49000000000001,17.49000000000001,0.0,13.6,14.45,1017.4,2.05,-3229.6666666666715,82935.51388888889,65727.87847222222,13112.502834767243,80244.0,83473.66666666667,84658.25,54825.833333333336,72226.66666666667,0.2408778766950697,0.0458595407073605,0.4634319978275707,0.0938462517033264,0.1559843330666725,12140.32,2174.28,385.34,4070.2,760.5,1338.38,8728.7,12948.06,2356.49,410.42,4249.24,785.09,1349.39,9150.63,13425.44,2502.25,418.65,4362.05,802.17,1370.37,9455.490000000002,0.5,0.0,0.0,0.03,0.1,0.37,0.5,12151.76,2145.97,417.38,4314.97,607.27,1391.38,8876.970000000001,0.5200937085310211,0.46750649870026,0.0123997927687189,2872.03,1646.14,1165.01,60.88,2872.03,3152.7,1265.27,1733.74,153.69,3152.7000000000003,7615.16,1260.86,5503.15,851.15,7615.159999999999,17294.3,2614.94,12397.14,2282.22,17294.3,3493.36,2113.06,1332.61,47.69,3493.36,2118.29,488.22666666666646,144.91416666666666,502.9445688959015,2481.74,363.45,23.56,8.17,36.11,1
2023-08-17 16:00:00,663.02,16,3,0,-0.8660254037844384,-0.5000000000000004,90.93821428571428,0.101785714285711,91.04,26.039999999999992,0.0,15.6,17.199999999999996,1011.5,4.6,87.08000000000001,22.080000000000013,0.0,15.0,15.6,1011.9,3.6,77.54,12.540000000000006,0.0,14.4,10.9,1011.5,3.1,82.94,17.939999999999998,0.0,11.1,17.200000000000003,1011.2,4.1,87.98,22.980000000000004,0.0,13.3,17.8,1016.9,2.1,-2833.8333333333285,82308.34722222222,65943.85763888889,13265.990982276426,77410.16666666667,80244.0,84753.5,58935.166666666664,69066.58333333333,0.2068675857896438,0.0422291090808294,0.4923120067200968,0.096676694013583,0.1619146043958469,11426.63,1969.22,374.91,3788.64,767.21,1275.2,8175.18,12140.32,2174.28,385.34,4070.2,760.5,1338.38,8728.7,13271.24,2473.48,419.84,4273.8,794.17,1342.36,9303.65,0.5,0.0,0.0,0.03,0.1,0.37,0.5,11805.33,2075.64,414.35,4184.88,519.05,1305.83,8499.75,0.4731946614048069,0.5153315611097409,0.0114737774854522,4400.88,2288.87,2057.44,54.57,4400.879999999999,2872.03,1646.14,1165.01,60.88,2872.03,4884.79,1114.43,3324.9,445.46,4884.79,16266.72,2658.33,11574.97,2033.42,16266.72,4129.72,2882.3,1191.1,56.32,4129.72,-1606.9799999999998,631.3349999999997,179.85791666666668,523.7596330377313,874.76,2481.74,25.58,9.74,74.96,1
2023-08-17 17:00:00,3145.52,17,3,0,-0.9659258262890684,-0.2588190451025206,90.94357142857142,6.036428571428587,96.98,31.980000000000004,0.0,16.7,19.4,1011.3,4.1,91.04,26.039999999999992,0.0,15.6,17.199999999999996,1011.5,4.6,80.96,15.959999999999994,0.0,14.4,12.8,1011.5,3.6,80.06,15.060000000000002,0.0,12.2,14.5,1011.0,3.6,89.06,24.06,0.0,13.3,18.4,1015.9,2.6,-2144.75,80967.50000000001,66202.14236111111,13389.20536665769,75265.41666666667,77410.16666666667,83473.66666666667,64156.666666666664,64258.666666666664,0.1893898256345542,0.037089823819847,0.5092361618104636,0.1006492464079266,0.1636349423272084,11272.79,1593.35,325.26,3791.92,744.63,1247.11,7702.27,11426.63,1969.22,374.91,3788.64,767.21,1275.2,8175.18,12948.06,2356.49,410.42,4249.24,785.09,1349.39,9150.63,0.51,0.0,0.0,0.03,0.1,0.37,0.5,11522.6,2041.06,373.04,3872.28,510.86,1292.55,8089.79,0.5016222591917752,0.4802908271497355,0.0180869136584893,5473.35,2589.96,2820.59,62.8,5473.35,4400.88,2288.87,2057.44,54.57,4400.879999999999,3152.7,1265.27,1733.74,153.69,3152.7000000000003,15170.84,2253.14,11041.29,1876.41,15170.84,4361.2,3079.48,1235.2,46.52,4361.200000000001,-211.74,738.6849999999998,204.36041666666665,532.324215088309,663.02,874.76,363.45,11.42,73.15,1
2023-08-17 18:00:00,648.83,18,3,0,-1.0,-1.8369701987210294e-16,90.96071428571427,9.979285714285709,100.94,35.94,0.0,17.2,21.1,1010.6,5.1,96.98,31.980000000000004,0.0,16.7,19.4,1011.3,4.1,87.08000000000001,22.080000000000013,0.0,15.0,15.6,1011.9,3.6,80.06,15.060000000000002,0.0,12.75,13.95,1011.0,4.1,90.05,25.049999999999997,0.0,13.3,18.95,1015.45,2.05,-3521.0,78815.19444444444,66514.04861111111,13429.095153166652,71744.41666666667,75265.41666666667,80244.0,69824.33333333333,59668.333333333336,0.2427265602723045,0.0385824526417161,0.4563755019180038,0.107474565602185,0.1548409195657905,10726.89,1356.73,265.7,3648.01,721.02,1172.23,7163.6900000000005,11272.79,1593.35,325.26,3791.92,744.63,1247.11,7702.27,12140.32,2174.28,385.34,4070.2,760.5,1338.38,8728.7,1.54,0.0,0.0,0.99,0.1,0.44,1.53,9365.01,1717.25,330.2,2721.13,360.38,990.05,6119.01,0.496712268676358,0.4657611914911394,0.0375265398325025,5680.35,2849.39,2728.22,102.74,5680.349999999999,5473.35,2589.96,2820.59,62.8,5473.35,2872.03,1646.14,1165.01,60.88,2872.03,14327.09,2019.76,10436.08,1871.25,14327.09,5142.16,3427.73,1649.37,65.06,5142.160000000001,2482.5,1259.0116666666663,332.37583333333333,801.0151549557854,3145.52,663.02,2481.74,13.71,43.33,1
2023-08-17 19:00:00,5145.12,19,3,0,-0.9659258262890684,0.2588190451025203,90.97785714285716,10.952142857142846,101.93,36.92999999999999,0.0,17.2,21.649999999999995,1010.25,4.1,100.94,35.94,0.0,17.2,21.1,1010.6,5.1,91.04,26.039999999999992,0.0,15.6,17.199999999999996,1011.5,4.6,78.98,13.980000000000004,0.0,13.3,12.8,1010.9,4.6,93.02,28.019999999999996,0.0,12.8,21.1,1014.4,3.6,-4398.25,75913.97222222222,66833.95833333333,13350.144294643638,67346.16666666667,71744.41666666667,77410.16666666667,75115.41666666667,55832.083333333336,0.2773269481299262,0.0518846296606283,0.3804120785147123,0.1110472267305186,0.1793291169642142,8538.16,1353.47,215.14,2544.8,599.29,863.41,5576.11,10726.89,1356.73,265.7,3648.01,721.02,1172.23,7163.6900000000005,11426.63,1969.22,374.91,3788.64,767.21,1275.2,8175.18,1240.23,165.33,32.35,643.27,67.08,188.07,1096.1,3573.83,716.34,128.67,604.04,118.66,286.93,1854.64,0.4162148374395835,0.5263739641719589,0.0574111983884575,6702.19,3329.06,3121.62,251.51,6702.1900000000005,5680.35,2849.39,2728.22,102.74,5680.349999999999,4400.88,2288.87,2057.44,54.57,4400.879999999999,13929.0,1776.55,10224.87,1927.58,13929.0,6403.81,3105.09,3093.65,205.07,6403.8099999999995,-2496.69,1362.8866666666663,357.605,801.0509642962801,648.83,3145.52,874.76,13.63,86.33,1
2023-08-17 20:00:00,5059.44,20,3,0,-0.8660254037844386,0.5000000000000001,91.00785714285716,16.95214285714286,107.96,42.96000000000001,0.0,16.7,25.500000000000004,1009.2,1.5,101.93,36.92999999999999,0.0,17.2,21.649999999999995,1010.25,4.1,96.98,31.980000000000004,0.0,16.7,19.4,1011.3,4.1,77.0,12.0,0.0,13.9,11.1,1011.2,3.6,95.0,30.0,0.0,12.2,22.8,1013.4,0.0,-4427.583333333336,72488.12500000001,67129.22916666667,13173.429421994342,62918.583333333336,67346.16666666667,75265.41666666667,78840.5,53179.75,0.7319316688567674,0.16688567674113,0.0308804204993429,0.0394218134034165,0.0308804204993429,2830.21,381.05,71.29,522.69,152.58,246.4,1374.0100000000002,8538.16,1353.47,215.14,2544.8,599.29,863.41,5576.11,11272.79,1593.35,325.26,3791.92,744.63,1247.11,7702.27,7467.48,1371.98,221.22,2853.71,464.74,896.63,5808.28,124.57,16.09,3.5,1.03,0.92,1.16,22.700000000000003,0.3420307642966398,0.5642834821795694,0.0936857535237907,7644.85,3181.9,4024.05,438.9,7644.85,6702.19,3329.06,3121.62,251.51,6702.1900000000005,5473.35,2589.96,2820.59,62.8,5473.35,10657.05,1151.19,8032.55,1473.31,10657.05,8523.36,2691.5,5281.3,550.56,8523.36,4496.29,2159.8316666666665,568.3879166666667,1260.4192561413813,5145.12,648.83,663.02,13.36,69.5,1
2023-08-19 20:00:00,293.32,20,5,1,-0.8660254037844386,0.5000000000000001,91.42517857142856,13.654821428571438,105.08,40.08000000000001,0.0,17.2,23.4,1011.8,4.1,103.46,38.46000000000001,0.0,16.95,22.750000000000004,1012.9,4.6,100.04,35.03999999999999,0.0,17.8,19.999999999999996,1013.8,3.1,89.96000000000001,24.960000000000008,0.0,15.6,16.6,1010.9,6.7,109.04,44.03999999999999,0.0,13.9,28.9,1009.6,5.1,-3557.416666666664,71807.11111111111,68250.02083333333,11744.842237498546,62860.166666666664,66417.58333333333,74037.33333333333,78556.0,59773.666666666664,0.7414733969986357,0.155525238744884,0.0327421555252387,0.0320600272851296,0.0381991814461118,3321.8,685.39,93.2,433.63,139.0,224.23,1575.45,9578.66,1903.14,289.82,2315.62,516.92,905.08,5930.58,13044.98,2432.16,391.73,3982.44,735.92,1355.35,8897.6,7665.18,1278.23,201.55,2613.62,423.62,783.81,5300.83,117.85,14.8,3.43,0.39,0.58,0.68,19.88,0.3141447454619644,0.610223448420438,0.0756318061175977,14687.41,5122.2,8563.31,1001.9,14687.409999999998,14829.0,5348.97,8631.67,848.36,14829.0,12498.02,4747.03,7215.74,535.25,12498.02,9107.73,1101.35,7101.73,904.65,9107.73,13535.57,4638.56,7737.55,1159.46,13535.57,61.24,49.48333333333318,31.446666666666705,22.84929314225079,95.72,34.48,44.09,17.28,101.42,1
2023-08-20 19:00:00,612.99,19,6,1,-0.9659258262890684,0.2588190451025203,91.73,14.79000000000002,106.52,41.52000000000001,0.0,18.05,23.350000000000005,1015.25,4.4,105.08,40.08000000000001,0.0,18.3,22.3,1015.6,3.1,100.04,35.03999999999999,0.0,17.5,20.299999999999997,1016.4,3.1,91.04,26.039999999999992,0.0,17.8,14.999999999999996,1013.1,2.1,105.08,40.08000000000001,0.0,17.2,23.4,1011.8,4.1,-4166.1666666666715,76648.20833333333,68593.49305555555,12403.60498501745,68115.83333333333,72282.0,78471.41666666667,75693.83333333333,62860.166666666664,0.4412593807389717,0.0696045163581949,0.3021788254143395,0.0557289580483528,0.1312283194401408,8131.32,1680.39,278.52,2031.17,266.13,737.28,4993.49,11098.68,2092.76,360.04,3244.5,481.62,1102.31,7281.23,12392.04,2279.39,413.28,3621.7,689.85,1294.16,8298.380000000001,880.36,154.42,28.27,397.0,33.99,120.16,733.84,3321.8,685.39,93.2,433.63,139.0,224.23,1575.45,0.2903892688260007,0.6311552679161904,0.0784554632578088,13264.18,3831.65,8441.14,991.39,13264.179999999998,12807.9,3571.26,8385.87,850.77,12807.9,10664.02,2535.14,7592.36,536.52,10664.02,6172.28,653.19,5180.5,338.59,6172.280000000001,14687.41,5122.2,8563.31,1001.9,14687.409999999998,25.770000000000003,92.42499999999984,55.67750000000004,69.16510588250563,78.51,52.74,243.79,21.86,95.72,1
2023-08-20 20:00:00,540.44,20,6,1,-0.8660254037844386,0.5000000000000001,91.75464285714284,15.305357142857147,107.06,42.06,0.0,17.8,23.9,1014.1,5.7,106.52,41.52000000000001,0.0,18.05,23.350000000000005,1015.25,4.4,104.0,39.0,0.0,17.8,22.2,1016.2,3.6,91.04,26.039999999999992,0.0,17.8,14.999999999999996,1013.5,1.5,105.08,40.08000000000001,0.0,16.7,23.9,1011.0,0.0,-3850.4999999999927,73333.47222222222,68652.04166666667,12378.656678722857,64265.333333333336,68115.83333333333,75544.58333333333,79714.25,59583.0,0.6478517270429655,0.1718618365627632,0.1381634372367312,0.016849199663016,0.025273799494524,2582.36,583.87,92.1,399.84,73.74,173.64,1323.19,8131.32,1680.39,278.52,2031.17,266.13,737.28,4993.49,12037.24,2252.21,396.44,3505.14,633.41,1241.16,8028.36,6638.24,1369.83,226.41,1980.44,338.49,690.05,4605.22,68.53,10.87,2.28,0.48,0.47,0.56,14.66,0.2785197804459034,0.6298465322607659,0.0916336872933305,13079.65,3798.19,8255.29,1026.17,13079.65,13264.18,3831.65,8441.14,991.39,13264.179999999998,11622.85,2994.24,7996.81,631.8,11622.85,3797.16,492.92,3143.84,160.4,3797.16,13356.55,4195.89,8150.48,1010.18,13356.55,534.48,184.7766666666665,77.23041666666671,133.16756634370435,612.99,78.51,65.69,21.42,293.32,1
2023-08-20 21:00:00,421.65,21,6,1,-0.7071067811865477,0.7071067811865474,91.77178571428573,16.188214285714295,107.96,42.96000000000001,0.0,17.8,24.4,1013.4,4.6,107.06,42.06,0.0,17.8,23.9,1014.1,5.7,105.08,40.08000000000001,0.0,18.3,22.3,1015.6,3.1,89.51,24.510000000000005,0.0,17.8,14.15,1013.75,0.75,105.98,40.98,0.0,16.1,25.0,1010.7,3.0999999999999996,-3085.5,69976.5,68718.57638888889,12331.995118153289,61179.833333333336,64265.333333333336,72282.0,82861.5,56942.583333333336,0.0,0.0,0.08,0.04,0.88,54.09,7.69,2.04,1.64,0.2,0.3,11.87,2582.36,583.87,92.1,399.84,73.74,173.64,1323.19,11098.68,2092.76,360.04,3244.5,481.62,1102.31,7281.23,11284.78,2191.54,375.24,3302.36,572.12,1142.17,7583.429999999999,0.27,0.0,0.0,0.07,0.0,0.2,0.27,0.2356519682162936,0.648216333615132,0.1161316981685742,10448.45,2910.1,6580.92,957.43,10448.45,13079.65,3798.19,8255.29,1026.17,13079.65,12807.9,3571.26,8385.87,850.77,12807.9,2251.54,417.41,1781.35,52.78,2251.54,14415.18,3643.43,9516.32,1255.43,14415.18,-72.54999999999995,265.69333333333316,87.52708333333338,157.8657539887187,540.44,612.99,52.74,23.06,38.02,1
2023-08-21 11:00:00,359.5,11,0,0,0.258819045102521,-0.9659258262890682,91.7642857142857,-9.7242857142857,82.04,17.040000000000006,0.0,21.1,6.699999999999999,1014.9,3.6,86.0,21.0,0.0,21.1,8.899999999999999,1015.0,2.85,89.06,24.06,0.0,21.7,10.0,1015.1,4.1,105.08,40.08000000000001,0.0,17.2,23.4,1012.7,5.7,84.91999999999999,19.919999999999987,0.0,17.8,11.599999999999998,1015.0,0.0,508.91666666665697,78263.66666666667,70359.45833333333,11078.44901246303,84512.58333333333,84003.66666666667,77471.91666666667,55579.833333333336,85110.5,0.2943259356157086,0.0462247128019871,0.4151924017362329,0.0837803959067229,0.1604765539393483,11920.67,2355.67,366.31,3616.84,624.17,1212.97,8175.96,10448.48,2084.9,352.16,3116.18,581.1,1108.28,7242.62,715.6,120.11,23.55,335.84,33.79,94.77,608.06,0.35,0.0,0.0,0.03,0.09,0.22,0.3399999999999999,13192.13,2463.67,417.32,4078.28,718.97,1337.62,9015.86,0.2646301920788843,0.6146904424314534,0.1206793654896624,1123.34,256.26,737.3,129.78,1123.34,564.2,40.43,411.49,112.28,564.2,1828.32,54.07,1282.49,491.76,1828.32,11172.33,1624.99,7841.18,1706.16,11172.33,4069.53,432.07,3579.83,57.63,4069.53,2.9299999999999997,30.964999999999833,109.28458333333336,169.11175805620806,32.29,29.36,32.81,40.16,26.94,1
2023-08-23 20:00:00,454.17,20,2,0,-0.8660254037844386,0.5000000000000001,94.65553571428572,6.284464285714279,100.94,35.94,0.0,18.9,19.4,1014.5,2.6,98.06,33.06,0.0,20.0,16.700000000000003,1015.8,4.15,96.08,31.080000000000013,0.0,20.6,15.0,1016.9,3.6,87.08000000000001,22.080000000000013,0.0,19.4,11.200000000000005,1014.6,2.1,102.92,37.91999999999999,0.0,19.4,20.0,1013.4,6.7,-3787.583333333329,69545.44444444444,67795.50347222222,11339.538979588942,59960.833333333336,63748.416666666664,72021.75,78905.5,56367.666666666664,0.8186101295641932,0.110718492343934,0.0506478209658421,0.0011778563015312,0.0188457008244994,2450.71,417.34,52.56,319.89,43.03,163.26,996.08,7652.38,1461.88,150.82,2100.81,240.89,744.74,4699.14,11042.39,2091.78,337.59,3796.44,462.5,1254.03,7942.34,4638.99,737.1,108.38,2284.02,179.51,722.7,4031.71,7.74,1.37,0.43,0.04,0.0,0.45,2.29,0.203004135232719,0.7375170649757331,0.0594787997915478,10806.41,2456.5,7761.52,588.39,10806.41,12291.28,3354.63,8254.9,681.75,12291.28,14349.1,3885.48,9793.3,670.32,14349.1,4523.69,491.19,3855.76,176.74,4523.69,13286.25,3931.39,8386.38,968.48,13286.249999999998,42.6,39.98499999999983,29.95833333333337,10.64709622244788,74.39,31.79,38.47,27.63,39.06,1
2023-08-24 15:00:00,3258.95,15,3,0,-0.7071067811865471,-0.7071067811865479,95.66,-1.740000000000009,93.92,28.919999999999987,0.0,20.6,13.799999999999995,1015.3,2.6,91.04,26.039999999999992,0.0,21.1,11.699999999999996,1015.1,3.6,86.0,21.0,0.0,20.6,9.4,1014.5,2.1,94.01,29.010000000000005,0.0,17.8,16.650000000000002,1013.5,2.1,91.49,26.489999999999995,0.0,20.55,12.499999999999996,1017.3,3.1,-3799.166666666671,82406.125,68291.80555555555,11509.81532670595,77684.0,81483.16666666667,84253.91666666667,58202.166666666664,75106.75,0.2868994869263268,0.0483154360646937,0.4341020252151386,0.0921387815159278,0.1385442702779128,12111.36,2424.43,404.76,3748.14,747.76,1195.87,8520.96,12453.77,2438.59,415.13,3919.65,719.32,1217.97,8710.66,12925.54,2493.85,389.83,4000.89,701.57,1355.07,8941.21,0.21,0.0,0.0,0.01,0.0,0.2,0.21,11068.31,2044.69,339.25,3888.71,586.51,1301.0,8160.16,0.166687355253778,0.8175443947524285,0.0157682499937934,6518.98,787.39,5610.93,120.66,6518.9800000000005,7549.84,632.88,6764.57,152.39,7549.84,5103.47,252.38,4805.99,45.1,5103.47,6608.17,515.95,5412.64,679.58,6608.17,14110.16,3351.83,10034.32,724.01,14110.16,2.0,41.57333333333316,58.05625000000004,86.2583280320827,69.72,67.72,28.16,25.54,31.44,1
2023-08-24 16:00:00,1566.29,16,3,0,-0.8660254037844384,-0.5000000000000004,95.68946428571428,0.300535714285715,95.99,30.989999999999995,0.0,20.6,14.949999999999996,1015.35,2.05,93.92,28.919999999999987,0.0,20.6,13.799999999999995,1015.3,2.6,86.99,21.989999999999995,0.0,20.85,9.7,1014.75,2.1,91.94,26.94,0.0,18.9,14.4,1013.7,2.6,96.08,31.080000000000013,0.0,20.6,15.0,1016.9,3.6,-2475.5833333333285,81014.05555555556,68296.04166666667,11512.45098081867,75208.41666666667,77684.0,83676.83333333333,62176.5,72021.75,0.2896418457767256,0.0482682870175889,0.4193658787306701,0.0933056740287531,0.149418314446262,11974.03,2394.4,403.23,3622.92,768.97,1156.26,8345.78,12111.36,2424.43,404.76,3748.14,747.76,1195.87,8520.96,12721.5,2483.3,391.97,4049.87,679.35,1282.25,8886.740000000002,0.21,0.0,0.0,0.01,0.0,0.2,0.21,11042.39,2091.78,337.59,3796.44,462.5,1254.03,7942.34,0.1964966084572088,0.7856148073315052,0.0178885842112859,5639.18,939.98,4610.28,88.92,5639.18,6518.98,787.39,5610.93,120.66,6518.9800000000005,7647.18,434.33,7084.22,128.63,7647.18,5878.21,346.28,4877.34,654.59,5878.21,14349.1,3885.48,9793.3,670.32,14349.1,3189.23,580.5783333333331,192.53583333333336,658.7903821327228,3258.95,69.72,28.23,25.54,38.47,1
2023-08-24 17:00:00,3053.07,17,3,0,-0.9659258262890684,-0.2588190451025206,95.70767857142856,4.332321428571419,100.04,35.03999999999999,0.0,20.0,17.799999999999997,1015.3,0.0,95.99,30.989999999999995,0.0,20.6,14.949999999999996,1015.35,2.05,91.04,26.039999999999992,0.0,21.1,11.699999999999996,1015.1,3.6,89.06,24.06,0.0,20.0,11.7,1013.5,3.1,98.06,33.06,0.0,20.0,16.700000000000003,1016.4,5.7,-2075.6666666666715,79239.84722222223,68342.33333333333,11530.303267905974,73132.75,75208.41666666667,81483.16666666667,67432.58333333333,67969.33333333333,0.317580373438158,0.0542403715662876,0.3881849875988581,0.1040555243577144,0.1359387430389817,11718.79,2344.28,390.67,3394.23,755.19,1209.35,8093.720000000001,11974.03,2394.4,403.23,3622.92,768.97,1156.26,8345.78,12453.77,2438.59,415.13,3919.65,719.32,1217.97,8710.66,0.32,0.0,0.0,0.11,0.0,0.2,0.31,10367.07,1916.26,276.36,3337.76,340.28,1142.4,7013.0599999999995,0.2325794914742305,0.7452737582031357,0.0221467503226337,5543.2,1089.22,4354.82,99.16,5543.2,5639.18,939.98,4610.28,88.92,5639.18,7549.84,632.88,6764.57,152.39,7549.84,5228.8,268.72,4313.72,646.36,5228.8,13621.37,3890.28,9074.67,656.42,13621.37,-1692.66,836.5116666666664,256.195,714.7001236760827,1566.29,3258.95,67.72,33.15,35.8,1
2023-08-24 19:00:00,4140.13,19,3,0,-0.9659258262890684,0.2588190451025203,95.70767857142856,6.222321428571419,101.93,36.92999999999999,0.0,19.15,19.699999999999996,1014.2,2.6,100.94,35.94,0.0,19.4,18.9,1014.5,3.1,95.99,30.989999999999995,0.0,20.6,14.949999999999996,1015.35,2.05,89.06,24.06,0.0,20.0,11.7,1013.5,3.6,100.94,35.94,0.0,18.9,19.4,1014.5,2.6,-3667.25,73825.26388888889,68497.5625,11503.260336885984,65888.0,69555.25,75208.41666666667,77881.25,59960.833333333336,0.4705424613948019,0.0841532794964464,0.2138632865863148,0.1026388144356637,0.128802158086773,7993.13,1754.58,323.51,1543.83,509.58,693.02,4824.52,10370.42,2171.64,370.9,2654.44,711.54,929.56,6838.08,11974.03,2394.4,403.23,3622.92,768.97,1156.26,8345.78,652.85,129.46,22.73,251.25,35.22,101.67,540.3299999999999,2450.71,417.34,52.56,319.89,43.03,163.26,996.08,0.2737282167820341,0.6942784746289127,0.0319933085890532,6207.76,1569.97,4476.97,160.82,6207.76,5827.04,1355.25,4342.74,129.05,5827.04,5639.18,939.98,4610.28,88.92,5639.18,3899.19,102.9,3171.4,624.89,3899.19,10806.41,2456.5,7761.52,588.39,10806.41,-2952.8900000000003,1352.6549999999995,384.76416666666665,911.2703098943402,100.18,3053.07,3258.95,40.08,74.39,1
2023-08-24 20:00:00,1791.37,20,3,0,-0.8660254037844386,0.5000000000000001,95.68410714285714,8.315892857142856,104.0,39.0,0.0,18.3,21.7,1012.9,0.0,101.93,36.92999999999999,0.0,19.15,19.699999999999996,1014.2,2.6,100.04,35.03999999999999,0.0,20.0,17.799999999999997,1015.3,0.0,87.98,22.980000000000004,0.0,20.0,11.1,1013.6,2.6,102.02,37.02,0.0,17.8,21.1,1013.5,3.1,-3455.916666666664,70650.08333333333,68600.53125,11434.377597233815,62432.083333333336,65888.0,73132.75,81769.33333333333,57229.166666666664,0.6988727858293076,0.1352657004830917,0.1159420289855072,0.0128824476650563,0.037037037037037,2216.87,544.22,97.33,247.35,118.71,148.97,1156.5800000000002,7993.13,1754.58,323.51,1543.83,509.58,693.02,4824.52,11718.79,2344.28,390.67,3394.23,755.19,1209.35,8093.720000000001,5833.12,1349.89,219.74,1635.09,277.97,681.16,4163.85,53.13,6.95,0.94,0.43,0.01,0.16,8.49,0.2701751656477651,0.6728121072348111,0.0570127271174238,6503.86,1780.29,4515.49,208.08,6503.86,6207.76,1569.97,4476.97,160.82,6207.76,5543.2,1089.22,4354.82,99.16,5543.2,2490.32,40.72,2110.14,339.46,2490.3199999999997,8577.51,1741.27,6326.06,510.18,8577.51,4039.95,2031.39,554.1700000000001,1187.1997127511956,4140.13,100.18,1566.29,29.09,454.17,1
2023-08-25 15:00:00,412.47,15,4,0,-0.7071067811865471,-0.7071067811865479,95.60589285714286,-2.5858928571428663,93.02,28.019999999999996,0.0,20.6,13.299999999999995,1013.7,2.1,91.04,26.039999999999992,0.0,20.6,12.199999999999996,1013.3,2.6,86.0,21.0,0.0,20.6,9.4,1012.5,0.0,95.54,30.539999999999992,0.0,18.3,16.999999999999996,1012.1,2.35,95.99,30.989999999999995,0.0,20.6,14.949999999999996,1015.35,2.05,-3517.666666666657,82489.11111111111,69093.375,11143.555250384024,77791.91666666667,81309.58333333333,84206.0,58563.916666666664,75208.41666666667,0.2697604502922798,0.0412167280547122,0.458900041610307,0.0880549967340058,0.1420677833086951,12622.64,2392.78,412.61,3765.12,727.39,1214.05,8511.95,13128.45,2503.15,415.25,4039.23,770.56,1253.44,8981.630000000001,13351.17,2505.78,424.68,4178.15,739.96,1367.45,9216.02,0.23,0.0,0.0,0.02,0.0,0.2,0.22,11974.03,2394.4,403.23,3622.92,768.97,1156.26,8345.78,0.4011872476247752,0.5839056945414816,0.0149070578337431,6273.16,2000.24,4206.02,66.9,6273.16,6072.06,1352.82,4694.8,24.44,6072.0599999999995,3836.04,133.73,3684.82,17.49,3836.04,10933.35,1224.56,8664.42,1044.37,10933.35,5639.18,939.98,4610.28,88.92,5639.18,18.43,45.15499999999985,608.35875,1214.157025280297,77.47,59.04,32.53,21.89,3258.95,1
2023-08-25 17:00:00,388.58,17,4,0,-0.9659258262890684,-0.2588190451025206,95.615,6.404999999999987,102.02,37.02,0.0,21.1,17.799999999999997,1013.6,2.1,95.0,30.0,0.0,20.6,14.4,1013.8,1.05,91.04,26.039999999999992,0.0,20.6,12.199999999999996,1013.3,2.6,93.02,28.019999999999996,0.0,20.0,13.9,1012.1,3.1,100.94,35.94,0.0,19.4,18.9,1014.5,3.1,-2173.25,79056.33333333333,69056.02430555555,11126.90817293015,72635.75,74809.0,81309.58333333333,67879.83333333333,69555.25,0.2836285494589993,0.0506233866095457,0.4663796891305542,0.0911160542648431,0.1082523205360575,11983.21,2161.49,372.33,3850.09,720.21,1061.7,8165.82,12316.29,2275.54,347.68,3871.01,742.78,1198.4,8435.41,13128.45,2503.15,415.25,4039.23,770.56,1253.44,8981.630000000001,0.22,0.0,0.0,0.02,0.0,0.2,0.22,10370.42,2171.64,370.9,2654.44,711.54,929.56,6838.08,0.5185763897084393,0.4285921093419311,0.0528315009496295,6337.77,3127.94,3051.15,158.68,6337.77,6168.89,2474.88,3602.05,91.96,6168.89,6072.06,1352.82,4694.8,24.44,6072.0599999999995,8928.25,726.33,7452.15,749.77,8928.25,5827.04,1355.25,4342.74,129.05,5827.04,-233.59000000000003,135.0766666666665,431.94666666666666,1051.6803588653672,178.88,412.47,59.04,22.31,3053.07,1
2023-08-25 18:00:00,1512.02,18,4,0,-1.0,-1.8369701987210294e-16,95.60857142857144,8.391428571428563,104.0,39.0,0.0,18.9,21.1,1012.9,0.0,102.02,37.02,0.0,21.1,17.799999999999997,1013.6,2.1,93.02,28.019999999999996,0.0,20.6,13.299999999999995,1013.7,2.1,92.48,27.47999999999999,0.0,20.3,13.299999999999994,1012.05,3.1,101.93,36.92999999999999,0.0,19.15,19.699999999999996,1014.2,2.6,-2822.8333333333285,76657.48611111111,69066.76041666667,11127.535098861754,69812.91666666667,72635.75,77791.91666666667,73595.33333333333,65888.0,0.3112146055191325,0.060807121565709,0.4175042163972352,0.1010681539662445,0.1094059025516786,10768.51,2065.61,368.68,3396.55,663.58,788.38,7282.8,11983.21,2161.49,372.33,3850.09,720.21,1061.7,8165.82,12622.64,2392.78,412.61,3765.12,727.39,1214.05,8511.95,0.47,0.0,0.0,0.26,0.0,0.2,0.46,7993.13,1754.58,323.51,1543.83,509.58,693.02,4824.52,0.5163116313664496,0.4393203924618322,0.0443679761717181,6355.11,3295.61,2723.75,335.75,6355.110000000001,6337.77,3127.94,3051.15,158.68,6337.77,6273.16,2000.24,4206.02,66.9,6273.16,6896.71,389.62,5913.99,593.1,6896.71,6207.76,1569.97,4476.97,160.82,6207.76,209.7,194.4183333333332,320.92625000000004,891.3718451466302,388.58,178.88,77.47,27.0,100.18,1
2023-08-25 19:00:00,3481.45,19,4,0,-0.9659258262890684,0.2588190451025203,95.60214285714284,9.387857142857143,104.99,39.989999999999995,0.0,18.35,22.199999999999996,1012.55,1.3,104.0,39.0,0.0,18.9,21.1,1012.9,0.0,95.0,30.0,0.0,20.6,14.4,1013.8,1.05,89.96000000000001,24.960000000000008,0.0,20.6,11.6,1011.7,2.6,104.0,39.0,0.0,18.3,21.7,1012.9,0.0,-3524.5,73774.59722222223,69083.44444444445,11122.861016258388,66288.41666666667,69812.91666666667,74809.0,78659.5,62432.083333333336,0.3925445596116048,0.0780318174945823,0.3332773363347724,0.0970987955045609,0.0990474910544794,7518.28,1538.95,300.69,2064.55,499.78,541.01,4944.9800000000005,10768.51,2065.61,368.68,3396.55,663.58,788.38,7282.8,12316.29,2275.54,347.68,3871.01,742.78,1198.4,8435.41,822.95,113.25,21.95,417.99,33.43,97.03,683.65,2216.87,544.22,97.33,247.35,118.71,148.97,1156.5800000000002,0.4701082331641976,0.4766710493585871,0.0532207174772153,5902.23,3047.39,2592.97,261.87,5902.23,6355.11,3295.61,2723.75,335.75,6355.110000000001,6168.89,2474.88,3602.05,91.96,6168.89,5330.9,212.32,4683.63,434.95,5330.9,6503.86,1780.29,4515.49,208.08,6503.86,1123.44,438.07666666666654,379.7529166666667,922.223876401043,1512.02,388.58,412.47,27.08,4140.13,1
2023-08-25 20:00:00,3622.91,20,4,0,-0.8660254037844386,0.5000000000000001,95.585,9.495000000000005,105.08,40.08000000000001,0.0,16.1,24.5,1011.7,3.1,104.99,39.989999999999995,0.0,18.35,22.199999999999996,1012.55,1.3,102.02,37.02,0.0,21.1,17.799999999999997,1013.6,2.1,87.98,22.980000000000004,0.0,20.6,10.5,1011.8,2.6,105.08,40.08000000000001,0.0,17.8,22.8,1011.9,2.6,-3370.5000000000073,70709.31944444444,69103.6875,11110.66496796425,62917.916666666664,66288.41666666667,72635.75,82656.16666666667,59365.75,0.0911577028258887,0.0350957155879671,0.8577939835916134,0.0077484047402005,0.0082041932543299,2146.2,467.34,92.9,396.78,115.6,117.92,1190.54,7518.28,1538.95,300.69,2064.55,499.78,541.01,4944.9800000000005,11983.21,2161.49,372.33,3850.09,720.21,1061.7,8165.82,6796.84,1289.59,220.22,2241.79,350.27,648.97,4750.84,18.24,4.34,0.84,0.72,0.08,0.23,6.21,0.3566124145968823,0.5719907658170869,0.0713968195860306,5346.79,2513.57,2548.66,284.56,5346.79,5902.23,3047.39,2592.97,261.87,5902.23,6337.77,3127.94,3051.15,158.68,6337.77,3578.26,74.45,3205.01,298.8,3578.26,6556.08,1771.29,4411.01,373.78,6556.08,1969.43,1008.4783333333332,352.30791666666664,808.2035826716536,3481.45,1512.02,178.88,25.16,1791.37,1
2023-08-26 14:00:00,3006.96,14,5,1,-0.4999999999999998,-0.8660254037844388,95.50035714285714,-5.5403571428571325,89.96000000000001,24.960000000000008,0.0,18.9,13.300000000000004,1012.4,4.1,86.53999999999999,21.539999999999992,0.0,18.05,12.25,1011.75,3.5999999999999996,87.08000000000001,22.080000000000013,0.0,17.8,12.8,1011.3,3.6,96.08,31.080000000000013,0.0,17.2,18.4,1010.8,3.6,93.02,28.019999999999996,0.0,20.6,13.299999999999995,1013.7,2.1,-1924.5,80444.11111111111,67520.18055555556,10737.473673396356,79673.75,81598.25,80908.16666666667,52742.5,77791.91666666667,0.2367594750858023,0.0490555814269965,0.5001779095071095,0.0854577393132568,0.1285492946668348,11387.08,2334.4,425.65,4102.42,704.89,1165.01,8732.37,11876.07,2305.25,418.25,4160.97,748.88,1316.47,8949.82,10650.41,2093.86,419.62,3613.68,726.61,1339.03,8192.8,0.3,0.0,0.0,0.01,0.09,0.2,0.3,12622.64,2392.78,412.61,3765.12,727.39,1214.05,8511.95,0.3011157403882066,0.6658435497731896,0.0330407098386038,2523.88,510.51,2004.14,9.23,2523.88,2655.84,283.71,2350.89,21.24,2655.8399999999997,4145.36,98.19,3711.74,335.43,4145.36,8275.94,692.58,6293.6,1289.76,8275.94,6273.16,2000.24,4206.02,66.9,6273.16,25.97,37.43999999999985,434.0370833333334,1009.2355943182688,76.16,50.19,25.91,27.11,77.47,1
2023-08-26 19:00:00,278.02,19,5,1,-0.9659258262890684,0.2588190451025203,95.52821428571428,10.991785714285726,106.52,41.52000000000001,0.0,17.200000000000003,24.200000000000003,1010.95,0.0,105.98,40.98,0.0,18.3,22.8,1011.3,0.0,94.55,29.549999999999997,0.0,19.15,15.6,1012.45,2.05,93.02,28.019999999999996,0.0,17.2,16.7,1011.5,4.1,105.08,40.08000000000001,0.0,16.1,24.5,1011.7,3.1,-3601.583333333336,72239.23611111111,67204.5,10622.245363661352,64542.333333333336,68143.91666666667,73633.75,75940.08333333333,62917.916666666664,0.2644890340643956,0.0733201119925338,0.4282547830144657,0.1139290713952403,0.1200069995333644,5599.86,627.74,171.49,2092.04,403.41,501.49,3796.17,8736.35,663.83,245.09,3304.4,578.49,919.44,5711.25,10024.34,1199.81,358.83,3977.69,669.09,987.02,7192.4400000000005,677.5,61.13,15.88,411.47,37.47,99.24,625.19,2146.2,467.34,92.9,396.78,115.6,117.92,1190.54,0.2721276412392863,0.6935364246269384,0.0343359341337752,7474.18,2189.48,4988.71,295.99,7474.18,6579.71,2141.36,3994.92,443.43,6579.710000000001,3700.78,1187.15,2317.42,196.21,3700.78,6371.07,150.09,5453.47,767.51,6371.070000000001,5346.79,2513.57,2548.66,284.56,5346.79,88.79,583.4183333333332,469.6591666666667,1124.8023768602998,163.53,74.74,82.55,16.47,3481.45,1
2023-08-26 20:00:00,470.98,20,5,1,-0.8660254037844386,0.5000000000000001,95.54,11.52000000000001,107.06,42.06,0.0,16.1,25.6,1009.6,2.6,106.52,41.52000000000001,0.0,17.200000000000003,24.200000000000003,1010.95,0.0,100.94,35.94,0.0,19.4,18.9,1012.0,2.1,89.96000000000001,24.960000000000008,0.0,17.2,15.000000000000004,1011.2,2.6,107.96,42.96000000000001,0.0,16.1,26.1,1010.8,2.1,-3402.0,69150.33333333333,67130.43402777778,10659.56578621264,61140.333333333336,64542.333333333336,71090.91666666667,78805.66666666667,59568.5,0.0613129644921552,0.0260115606936416,0.8918249380677125,0.000412881915772,0.0204376548307184,1586.49,226.72,62.85,367.1,97.66,102.87,857.2,5599.86,627.74,171.49,2092.04,403.41,501.49,3796.17,9905.04,1088.72,355.2,3639.85,644.76,942.55,6671.080000000001,5317.38,870.2,162.05,2280.57,366.16,702.02,4381.0,35.99,2.0,0.77,18.82,0.17,0.18,21.94,0.2815266207177767,0.6642446278121041,0.054228751470119,7078.59,1926.28,4909.26,243.05,7078.59,7474.18,2189.48,4988.71,295.99,7474.18,4559.96,1432.46,2746.85,380.65,4559.959999999999,5486.58,120.13,4813.04,553.41,5486.58,5354.02,1909.31,3062.45,382.26,5354.02,114.48999999999998,617.0616666666665,336.1829166666667,924.0131898102414,278.02,163.53,96.57,18.06,3622.91,1
2023-08-27 16:00:00,325.92,16,6,1,-0.8660254037844384,-0.5000000000000004,95.46339285714286,-5.413392857142867,90.05,25.049999999999997,0.0,23.6,8.649999999999999,1011.25,6.7,89.06,24.06,0.0,23.3,8.399999999999999,1011.2,6.7,84.91999999999999,19.919999999999987,0.0,22.8,6.599999999999998,1010.3,5.15,95.0,30.0,0.0,18.3,16.7,1009.8,3.6,100.94,35.94,0.0,19.4,18.9,1012.0,2.1,-2294.3333333333285,76198.16666666667,65839.91319444445,10163.309902230243,70513.16666666667,72807.5,77929.66666666667,59200.5,71090.91666666667,0.2736204065797412,0.0548385526457481,0.4600124797351818,0.1088716755740899,0.1026568854652389,10482.84,1572.58,377.87,3580.45,763.27,1001.78,7295.95,11154.12,1891.53,373.56,3948.46,786.17,964.48,7964.200000000001,11178.41,1398.78,369.5,4163.26,797.17,1373.22,8101.93,0.3,0.0,0.0,0.0,0.09,0.2,0.29,9905.04,1088.72,355.2,3639.85,644.76,942.55,6671.080000000001,0.1309500181275917,0.5646758072071071,0.3043741746653011,4335.47,350.48,2602.5,1382.49,4335.47,4891.98,424.36,3427.84,1039.78,4891.9800000000005,7062.28,506.44,6080.36,475.48,7062.279999999999,7367.22,510.43,5991.38,865.41,7367.22,4559.96,1432.46,2746.85,380.65,4559.959999999999,70.19999999999999,46.38166666666651,77.82458333333336,108.3342974307711,121.21,51.01,26.14,22.25,96.57,1
2023-08-27 17:00:00,1778.18,17,6,1,-0.9659258262890684,-0.2588190451025206,95.40982142857143,-0.4098214285714334,95.0,30.0,0.0,23.9,11.1,1010.9,7.7,90.05,25.049999999999997,0.0,23.6,8.649999999999999,1011.25,6.7,87.08000000000001,22.080000000000013,0.0,22.8,7.800000000000001,1010.9,7.2,93.02,28.019999999999996,0.0,18.9,15.0,1009.7,5.1,105.98,40.98,0.0,18.3,22.8,1011.3,0.0,-2623.6666666666715,74117.72222222223,65706.52083333333,10112.275561999948,67889.5,70513.16666666667,76071.75,64427.333333333336,68143.91666666667,0.3522785311543939,0.0604293263436464,0.3900194688624621,0.1090913688043084,0.0881813048351889,9866.41,1854.87,371.75,3118.42,738.04,695.91,6778.99,10482.84,1572.58,377.87,3580.45,763.27,1001.78,7295.95,11218.44,1581.2,363.66,4089.44,787.15,1183.23,8004.68,0.31,0.0,0.0,0.0,0.1,0.2,0.3,8736.35,663.83,245.09,3304.4,578.49,919.44,5711.25,0.2362609512292393,0.5537661936679059,0.2099728551028547,3778.77,494.83,2133.78,1150.16,3778.77,4335.47,350.48,2602.5,1382.49,4335.47,6205.3,549.55,4997.15,658.6,6205.3,6838.72,355.32,5553.59,929.81,6838.719999999999,6579.71,2141.36,3994.92,443.43,6579.710000000001,204.71000000000004,96.63333333333316,87.38083333333338,119.59052950422704,325.92,121.21,30.16,19.73,74.74,1
2023-08-27 19:00:00,351.86,19,6,1,-0.9659258262890684,0.2588190451025203,95.30535714285716,0.6846428571428476,95.99,30.989999999999995,0.0,23.05,12.499999999999996,1010.5,6.3999999999999995,98.06,33.06,0.0,23.3,13.400000000000002,1010.6,8.2,90.05,25.049999999999997,0.0,23.6,8.649999999999999,1011.25,6.7,87.98,22.980000000000004,0.0,21.1,10.0,1009.2,3.1,107.06,42.06,0.0,16.1,25.6,1009.6,2.6,-4264.0,68515.76388888889,65336.788194444445,10171.001630095798,59774.333333333336,64038.333333333336,70513.16666666667,74222.41666666667,61140.333333333336,0.4708229917230671,0.0891875047835642,0.2035775593435309,0.1198460512360729,0.1165658929137646,6385.33,1778.02,305.38,1268.09,508.89,330.55,4190.929999999999,8488.88,2089.91,358.5,2313.81,647.19,523.14,5932.55,10482.84,1572.58,377.87,3580.45,763.27,1001.78,7295.95,518.04,52.11,20.73,289.17,37.34,70.35,469.7000000000001,1586.49,226.72,62.85,367.1,97.66,102.87,857.2,0.1925507319739581,0.6925220187720533,0.1149272492539884,4582.6,1097.49,2836.81,648.3,4582.6,3886.55,918.24,2152.24,816.07,3886.55,4335.47,350.48,2602.5,1382.49,4335.47,6251.53,430.82,5079.48,741.23,6251.529999999999,7078.59,1926.28,4909.26,243.05,7078.59,-1735.04,391.6033333333333,153.34125000000003,365.9012416452013,43.14,1778.18,121.21,18.25,278.02,1
2023-08-28 19:00:00,981.71,19,0,0,-0.9659258262890684,0.2588190451025203,93.89642857142856,-2.406428571428578,91.49,26.489999999999995,0.0,17.799999999999997,15.25,1011.95,4.35,91.04,26.039999999999992,0.0,18.9,13.9,1012.3,4.6,85.55,20.549999999999997,0.0,20.85,8.899999999999999,1012.3,6.949999999999999,84.02,19.019999999999996,0.0,19.4,9.5,1010.6,5.1,100.04,35.03999999999999,0.0,21.1,16.699999999999996,1009.4,7.2,-4072.083333333336,66640.29166666667,63424.12847222222,9731.504431266718,57863.25,61935.333333333336,68473.66666666667,71026.66666666667,56278.75,0.4809938185097068,0.1023802539951547,0.222750926137166,0.0570565676976393,0.136818433660333,6224.42,1355.67,333.89,1652.77,266.88,803.71,4412.92,8743.86,1581.53,394.37,2903.21,451.68,1269.93,6600.720000000001,11411.73,2113.76,378.59,3234.65,673.43,1389.98,7790.41,659.92,103.57,14.29,363.72,35.17,127.85,644.6,1629.76,430.61,81.57,186.19,109.61,106.61,914.59,0.3162504069578158,0.5532324077949863,0.1305171852471977,4908.2,1284.28,2871.19,752.73,4908.200000000001,5485.75,1125.96,3586.1,773.69,5485.75,4870.9,421.58,3591.28,858.04,4870.9,3318.68,474.39,2189.48,654.81,3318.68,4701.67,905.31,3256.01,540.35,4701.67,-6.590000000000003,32.87166666666652,44.3616666666667,67.3959298646345,38.05,44.64,28.97,26.92,351.86,1
2023-08-28 20:00:00,2470.12,20,0,0,-0.8660254037844386,0.5000000000000001,93.8375,-0.8175000000000097,93.02,28.019999999999996,0.0,15.6,18.299999999999997,1011.0,4.6,91.49,26.489999999999995,0.0,17.799999999999997,15.25,1011.95,4.35,89.96000000000001,24.960000000000008,0.0,20.0,12.200000000000005,1012.6,6.7,82.04,17.040000000000006,0.0,19.4,8.400000000000002,1010.4,5.1,98.78,33.78,0.0,21.05,16.05,1008.0,6.7,-3364.25,63292.48611111112,63349.97222222222,9794.895766032172,54499.0,57863.25,66106.58333333333,74315.41666666667,53925.166666666664,0.7105263157894737,0.1085526315789473,0.1217105263157894,0.0032894736842105,0.0559210526315789,1600.54,442.75,94.24,205.04,52.52,125.94,920.49,6224.42,1355.67,333.89,1652.77,266.88,803.71,4412.92,10157.98,1641.54,411.79,3166.03,577.49,1366.56,7163.41,4836.06,802.48,114.57,2391.38,359.07,780.71,4448.210000000001,12.93,0.7,0.12,0.77,0.02,0.44,2.05,0.3136249559545811,0.5562259248339458,0.1301491192114731,4300.2,1359.94,2379.01,561.25,4300.200000000001,4908.2,1284.28,2871.19,752.73,4908.200000000001,5884.05,698.83,4401.0,784.22,5884.05,2300.97,274.55,1449.27,577.15,2300.97,4909.91,1121.68,3274.29,513.94,4909.91,943.66,191.62499999999983,70.60541666666671,194.71360332950005,981.71,38.05,30.2,24.53,101.39,1
2023-08-29 19:00:00,567.27,19,1,0,-0.9659258262890684,0.2588190451025203,92.42,0.5999999999999943,93.02,28.019999999999996,0.0,17.8,16.099999999999998,1013.0,4.9,93.02,28.019999999999996,0.0,17.8,16.099999999999998,1013.4,5.7,85.01,20.010000000000005,0.0,19.4,10.05,1014.4,1.05,77.0,12.0,0.0,15.6,9.4,1012.0,3.1,93.02,28.019999999999996,0.0,15.6,18.299999999999997,1011.0,4.6,-4336.416666666664,66290.70833333333,62122.743055555555,10025.317326917277,57440.833333333336,61777.25,68183.66666666667,69608.33333333333,54499.0,0.4336503810480297,0.0238908253086784,0.2571867430731966,0.1232586991197495,0.1620133514503456,7664.8,1854.58,124.62,1762.54,417.01,661.39,4820.14,10933.5,2237.81,227.6,3236.9,543.47,1239.78,7485.56,12362.7,2559.05,355.19,3783.57,573.63,1397.96,8669.400000000001,707.64,123.72,16.54,356.45,31.56,118.22,646.49,1600.54,442.75,94.24,205.04,52.52,125.94,920.49,0.0867897753060569,0.8236685083541608,0.0895417163397822,6367.11,793.18,4877.91,696.02,6367.110000000001,6030.18,1061.42,4281.78,686.98,6030.18,5267.11,1661.35,3148.47,457.29,5267.11,1587.43,351.82,982.16,253.45,1587.43,4300.2,1359.94,2379.01,561.25,4300.200000000001,-15.670000000000002,54.23166666666651,180.47375,524.4986911975423,59.3,74.97,81.79,49.58,981.71,1
2023-08-29 20:00:00,735.14,20,1,0,-0.8660254037844386,0.5000000000000001,92.3782142857143,2.621785714285707,95.0,30.0,0.0,17.8,17.2,1011.9,6.2,93.02,28.019999999999996,0.0,17.8,16.099999999999998,1013.0,4.9,89.96000000000001,24.960000000000008,0.0,18.9,13.300000000000004,1014.2,2.1,75.92,10.920000000000002,0.0,16.1,8.299999999999997,1011.9,3.1,93.92,28.919999999999987,0.0,14.4,20.0,1010.5,6.7,-3589.0,62896.347222222226,62095.77777777778,10047.56027287222,53851.833333333336,57440.833333333336,65756.25,72392.16666666667,51870.416666666664,0.2448979591836734,0.1326530612244897,0.4489795918367346,0.0,0.173469387755102,1889.2,367.02,20.22,217.67,104.32,137.12,846.35,7664.8,1854.58,124.62,1762.54,417.01,661.39,4820.14,11935.89,2438.07,245.5,3693.75,593.04,1325.31,8295.67,5878.91,1193.06,180.17,1912.63,311.41,737.96,4335.23,8.07,2.16,0.33,0.37,0.01,0.17,3.04,0.068869375170745,0.8356320493306795,0.0954985754985755,6609.88,573.67,5444.35,591.86,6609.88,6367.11,793.18,4877.91,696.02,6367.110000000001,6263.92,1740.12,3905.63,618.17,6263.92,1596.05,405.3,1015.36,175.39,1596.0500000000002,4171.83,1308.39,2320.48,542.96,4171.83,507.97,143.60833333333318,163.2054166666667,503.3690536166771,567.27,59.3,42.86,26.81,2470.12,1
2023-08-30 18:00:00,279.86,18,2,0,-1.0,-1.8369701987210294e-16,91.65767857142858,3.342321428571424,95.0,30.0,0.0,14.4,20.6,1012.2,6.2,91.94,26.94,0.0,16.1,17.199999999999996,1012.9,5.1,86.0,21.0,0.0,17.8,12.2,1013.0,4.6,82.94,17.939999999999998,0.0,15.6,12.7,1011.45,3.1,93.02,28.019999999999996,0.0,17.8,16.099999999999998,1013.0,4.9,-3698.666666666664,69297.63888888889,61281.49652777778,10652.742039316,61682.25,65380.916666666664,70500.25,63846.416666666664,57440.833333333336,0.3358680599269797,0.0605417768265558,0.3636430399932854,0.088564354358135,0.1513827688950438,10998.65,2188.39,412.53,3102.27,622.09,1151.13,7476.410000000001,11996.08,2234.08,437.2,3701.96,732.29,1265.12,8370.65,12550.97,2267.63,415.78,4294.96,792.5,1257.35,9028.22,0.42,0.0,0.0,0.04,0.09,0.28,0.41,7664.8,1854.58,124.62,1762.54,417.01,661.39,4820.14,0.5849501241750251,0.2634122748041327,0.1516376010208422,3778.01,2469.5,841.49,467.02,3778.01,4153.35,2736.27,928.61,488.47,4153.35,3418.15,2173.38,804.76,440.01,3418.1500000000005,2882.09,547.32,2259.36,75.41,2882.09,6367.11,793.18,4877.91,696.02,6367.110000000001,-38.209999999999994,68.90833333333319,96.32541666666673,174.7154063782176,67.15,105.36,70.12,30.2,59.3,1
2023-08-30 19:00:00,4364.16,19,2,0,-0.9659258262890684,0.2588190451025203,91.64267857142856,3.8973214285714306,95.54,30.539999999999992,0.0,14.4,20.9,1011.75,6.2,95.0,30.0,0.0,14.4,20.6,1012.2,6.2,87.98,22.980000000000004,0.0,17.25,13.85,1013.05,3.85,82.04,17.040000000000006,0.0,16.1,11.7,1011.1,3.1,95.0,30.0,0.0,17.8,17.2,1011.9,6.2,-4411.083333333336,66075.23611111111,61274.427083333336,10655.457573602784,57271.166666666664,61682.25,67749.83333333333,68110.41666666667,53851.833333333336,0.4942017188705773,0.0911973952662346,0.2253454126452213,0.0800976775162003,0.1091577957017664,7643.3,1600.68,288.53,1733.05,422.08,721.46,4765.8,10998.65,2188.39,412.53,3102.27,622.09,1151.13,7476.410000000001,12502.0,2232.19,428.18,4119.36,760.93,1324.31,8864.97,713.25,102.59,18.3,399.4,44.18,105.62,670.0899999999999,1889.2,367.02,20.22,217.67,104.32,137.12,846.35,0.4987470571636744,0.3436179935226014,0.1576349493137242,2915.24,1705.27,767.91,442.06,2915.24,3778.01,2469.5,841.49,467.02,3778.01,3900.74,2541.32,889.39,470.03,3900.74,3123.12,703.01,2270.54,149.57,3123.1200000000003,6609.88,573.67,5444.35,591.86,6609.88,212.71,110.62166666666651,105.51541666666672,178.44412103023612,279.86,67.15,109.88,28.28,567.27,1
2023-08-30 20:00:00,5005.44,20,2,0,-0.8660254037844386,0.5000000000000001,91.61910714285712,5.360892857142872,96.98,31.980000000000004,0.0,14.4,21.700000000000003,1010.4,6.7,95.54,30.539999999999992,0.0,14.4,20.9,1011.75,6.2,91.94,26.94,0.0,16.1,17.199999999999996,1012.9,5.1,80.06,15.060000000000002,0.0,17.2,9.5,1011.2,3.6,98.06,33.06,0.0,16.1,20.6,1010.7,5.7,-3800.833333333329,62675.791666666664,61258.53125,10667.290042128092,53470.333333333336,57271.166666666664,65380.916666666664,71862.16666666667,51043.5,0.5,0.0629921259842519,0.3031496062992126,0.0,0.1338582677165354,2080.63,467.5,86.27,213.17,75.77,103.26,945.97,7643.3,1600.68,288.53,1733.05,422.08,721.46,4765.8,11996.08,2234.08,437.2,3701.96,732.29,1265.12,8370.65,5864.64,1185.48,197.66,2204.82,434.27,760.8,4783.03,6.91,0.24,0.13,0.44,0.0,0.17,0.98,0.4037059247247346,0.4502499831452102,0.1460440921300551,2374.41,1184.23,815.89,374.29,2374.41,2915.24,1705.27,767.91,442.06,2915.24,4153.35,2736.27,928.61,488.47,4153.35,2403.44,487.27,1766.18,149.99,2403.4399999999996,6405.75,441.16,5352.85,611.74,6405.75,4084.3,832.7549999999998,263.7191666666667,885.990655441529,4364.16,279.86,105.36,24.39,735.14,1
2023-08-30 21:00:00,254.94,21,2,0,-0.7071067811865477,0.7071067811865474,91.58375,4.496250000000018,96.08,31.080000000000013,0.0,13.9,21.700000000000003,1009.6,4.6,96.98,31.980000000000004,0.0,14.4,21.700000000000003,1010.4,6.7,95.0,30.0,0.0,14.4,20.6,1012.2,6.2,79.52,14.519999999999996,0.0,17.2,9.2,1011.3,3.35,98.06,33.06,0.0,15.55,21.15,1010.4,5.95,-2708.4166666666715,59386.06944444444,61246.7986111111,10679.16198866494,50761.916666666664,53470.333333333336,61682.25,74922.33333333333,49218.083333333336,0.0,0.0,0.0434782608695652,0.0217391304347826,0.9347826086956522,15.94,1.27,0.16,0.77,0.0,0.34,2.54,2080.63,467.5,86.27,213.17,75.77,103.26,945.97,10998.65,2188.39,412.53,3102.27,622.09,1151.13,7476.410000000001,10893.62,2237.36,402.59,3695.94,712.62,1235.39,8283.9,0.5,0.0,0.0,0.28,0.01,0.2,0.49,0.3626444592960824,0.4920614657565449,0.1452940749473726,2818.19,1137.72,1268.89,411.58,2818.19,2374.41,1184.23,815.89,374.29,2374.41,3778.01,2469.5,841.49,467.02,3778.01,1051.08,262.72,744.03,44.33,1051.08,6734.08,538.39,5385.09,810.6,6734.080000000001,641.2799999999997,1655.3083333333332,441.64833333333337,1311.4279488228178,5005.44,4364.16,67.15,22.23,89.12,1
2023-08-31 19:00:00,319.99,19,3,0,-0.9659258262890684,0.2588190451025203,90.53321428571428,3.3867857142857076,93.92,28.919999999999987,0.0,15.3,19.1,1011.55,3.5999999999999996,93.92,28.919999999999987,0.0,15.6,18.799999999999997,1011.9,5.1,88.07,23.069999999999993,0.0,15.6,15.55,1012.45,4.6,78.08,13.079999999999998,0.0,15.0,10.6,1010.1,2.1,96.98,31.980000000000004,0.0,14.4,21.700000000000003,1010.4,6.7,-4248.583333333336,68005.90277777778,61887.625,11348.021897764957,59109.166666666664,63357.75,70420.25,68973.75,53470.333333333336,0.513813356536872,0.0979471737861076,0.1826820695419209,0.0863148735445313,0.1192425265905682,7969.67,1783.74,333.86,1505.34,436.28,710.52,4769.74,11317.65,2373.51,434.96,2844.99,694.16,1152.65,7500.27,12739.0,2570.19,463.5,3682.05,689.94,1402.04,8807.720000000001,699.46,108.22,17.9,351.59,35.95,86.43,600.0899999999999,2080.63,467.5,86.27,213.17,75.77,103.26,945.97,0.5120642018685619,0.4366254092469855,0.0513103888844526,4739.7,2633.66,1933.75,172.29,4739.7,4062.1,2331.44,1625.33,105.33,4062.1,2604.75,1244.68,1284.16,75.91,2604.75,4694.12,773.01,3461.9,459.21,4694.12,2374.41,1184.23,815.89,374.29,2374.41,-96.03,115.9283333333332,445.8370833333334,1310.569008283704,81.32,177.35,154.26,19.53,4364.16,1
2023-09-05 17:00:00,930.05,17,1,0,-0.9659258262890684,-0.2588190451025206,86.97401785714285,6.945982142857133,93.92,28.919999999999987,0.0,22.2,12.2,1010.9,7.2,91.04,26.039999999999992,0.0,22.8,9.999999999999996,1011.0,7.2,84.02,19.019999999999996,0.0,23.3,5.599999999999998,1010.4,8.2,86.0,21.0,0.0,21.7,8.3,1007.6,6.2,95.0,30.0,0.0,20.6,14.4,1009.2,5.1,-2501.75,78219.63888888889,67959.11805555555,10127.78838869023,73263.75,75765.5,79878.5,67628.25,67201.25,0.2655120083244436,0.0561087419763214,0.422106430213327,0.0911521334007816,0.1651206860851263,12201.77,2322.72,452.38,3490.72,733.2,1345.88,8344.9,12867.58,2497.87,458.44,3726.48,758.82,1415.48,8857.09,13191.24,2542.38,464.88,3885.38,753.34,1477.18,9123.16,0.34,0.0,0.0,0.04,0.09,0.2,0.33,11210.71,1884.49,446.01,3265.19,660.74,1274.89,7531.320000000001,0.5844972947248017,0.3144951625462217,0.1010075427289765,8212.1,4818.61,2620.13,773.36,8212.1,8552.54,4833.12,2911.61,807.81,8552.539999999999,9441.35,4255.15,4170.9,1015.3,9441.35,21671.07,4273.67,15340.94,2056.46,21671.07,15512.62,5087.65,9444.35,980.62,15512.62,94.65,75.04166666666652,36.9391666666667,40.303109591612746,191.48,96.83,37.33,16.52,25.67,1
2023-09-05 19:00:00,2164.56,19,1,0,-0.9659258262890684,0.2588190451025203,87.02705357142857,10.942946428571432,97.97,32.97,0.0,21.65,15.000000000000009,1010.15,6.2,96.98,31.980000000000004,0.0,22.2,13.900000000000002,1010.4,6.2,91.04,26.039999999999992,0.0,22.8,9.999999999999996,1011.0,7.2,84.02,19.019999999999996,0.0,21.7,7.199999999999999,1007.7,4.1,96.98,31.980000000000004,0.0,20.6,15.5,1007.7,5.7,-4274.6666666666715,73248.75,68068.44444444445,10108.210634871672,64457.5,68732.16666666667,75765.5,75361.41666666667,59937.583333333336,0.3721294279028483,0.1114984265311062,0.2849189058339385,0.0907609134188654,0.1406923263132413,7626.7,1435.25,316.65,1790.32,479.88,720.41,4742.51,11036.9,2026.0,428.14,3220.9,695.54,1259.96,7630.54,12867.58,2497.87,458.44,3726.48,758.82,1415.48,8857.09,541.72,37.25,10.08,304.73,28.26,90.78,471.1,1618.34,381.17,65.11,168.57,66.39,99.36,780.6,0.4321128818795848,0.473475796911679,0.094411321208736,9779.61,5070.3,3761.31,948.0,9779.61,8488.97,4961.78,2669.74,857.45,8488.97,8552.54,4833.12,2911.61,807.81,8552.539999999999,20057.0,4053.98,14156.24,1846.78,20057.0,16874.44,5583.56,10061.04,1229.84,16874.440000000002,-737.43,253.4699999999998,81.46833333333338,187.83125724197615,192.62,930.05,96.83,19.39,92.4,1
2023-09-05 20:00:00,424.52,20,1,0,-0.8660254037844386,0.5000000000000001,87.0624107142857,13.877589285714294,100.94,35.94,0.0,18.9,19.4,1009.2,5.1,97.97,32.97,0.0,21.65,15.000000000000009,1010.15,6.2,93.92,28.919999999999987,0.0,22.2,12.2,1010.9,7.2,82.94,17.939999999999998,0.0,21.7,6.600000000000001,1007.7,4.6,98.96,33.96000000000001,0.0,18.3,18.9,1006.8,7.7,-3658.75,70068.79166666667,68104.32638888889,10079.580879115205,60798.75,64457.5,73263.75,78447.5,57637.25,0.2368421052631578,0.0,0.2368421052631578,0.0,0.5263157894736842,1505.02,230.59,69.09,176.55,56.24,87.18,619.6500000000001,7626.7,1435.25,316.65,1790.32,479.88,720.41,4742.51,12201.77,2322.72,452.38,3490.72,733.2,1345.88,8344.9,5540.91,802.34,219.3,1815.46,320.48,720.26,3877.84,3.09,0.01,0.02,0.03,0.0,0.2,0.26,0.3478974071366949,0.5410060389304917,0.1110965539328132,11386.77,4920.37,5391.36,1075.04,11386.77,9779.61,5070.3,3761.31,948.0,9779.61,8212.1,4818.61,2620.13,773.36,8212.1,18742.11,3837.15,13122.33,1782.63,18742.11,19284.02,5515.33,12247.6,1521.09,19284.02,1971.94,608.0083333333331,167.80833333333337,464.93077855663137,2164.56,192.62,191.48,18.34,36.52,1
2023-09-06 14:00:00,392.81,14,2,0,-0.4999999999999998,-0.8660254037844388,87.59383928571428,-0.5138392857142691,87.08000000000001,22.080000000000013,0.0,20.6,10.0,1013.9,2.1,84.02,19.019999999999996,0.0,20.6,8.299999999999997,1012.7,4.4,84.02,19.019999999999996,0.0,20.0,8.899999999999999,1011.3,5.1,91.04,26.039999999999992,0.0,18.3,14.499999999999996,1009.6,3.6,87.08000000000001,22.080000000000013,0.0,23.3,7.300000000000001,1011.0,7.7,-1802.583333333343,80963.36111111111,67894.5625,10445.717813315669,80866.83333333333,82669.41666666667,81488.0,56676.583333333336,77395.08333333333,0.2789381206420888,0.0525635506832387,0.4275787419684953,0.0846464093480638,0.1562731773581134,12873.16,2450.17,458.17,3694.33,771.4,1436.04,8810.11,12994.11,2476.11,462.67,3758.24,774.05,1438.95,8910.02,12776.97,2467.11,464.86,3631.18,741.96,1395.69,8700.8,0.34,0.0,0.0,0.04,0.09,0.2,0.33,13007.07,2509.27,461.96,3811.41,758.51,1435.72,8976.869999999999,0.5862950039837823,0.4007567223872864,0.0129482736289312,2124.21,947.49,1123.49,53.23,2124.21,2190.08,617.04,1445.66,127.38,2190.08,4595.28,799.39,3364.85,431.04,4595.28,13587.87,2593.84,9326.04,1667.99,13587.87,8630.22,4533.91,3209.59,886.72,8630.22,26.979999999999997,39.08499999999985,194.53958333333335,463.25283930690136,76.5,49.52,25.28,24.58,72.51,1
2023-09-06 15:00:00,1673.31,15,2,0,-0.7071067811865471,-0.7071067811865479,87.61205357142856,1.4479464285714414,89.06,24.06,0.0,20.0,11.7,1013.8,5.7,87.08000000000001,22.080000000000013,0.0,20.6,10.0,1013.9,2.1,84.02,19.019999999999996,0.0,20.6,8.299999999999997,1012.1,5.7,91.04,26.039999999999992,0.0,19.15,13.65,1009.9,4.1,91.04,26.039999999999992,0.0,22.8,9.999999999999996,1011.0,7.2,-3866.166666666657,80759.93055555555,67878.12847222222,10430.420037708667,77000.66666666667,80866.83333333333,82419.33333333333,58688.25,75765.5,0.2873274692939794,0.0524405025456159,0.4286210675433673,0.0838606436497892,0.147750316967248,12856.32,2455.88,462.79,3764.57,745.26,1375.89,8804.39,12873.16,2450.17,458.17,3694.33,771.4,1436.04,8810.11,13127.64,2490.32,467.18,3852.77,757.82,1439.59,9007.68,0.32,0.0,0.0,0.03,0.09,0.2,0.32,12867.58,2497.87,458.44,3726.48,758.82,1415.48,8857.09,0.6729748856360194,0.3198906981705148,0.0071344161934655,2547.83,1493.78,1021.06,32.99,2547.83,2124.21,947.49,1123.49,53.23,2124.21,3102.38,602.78,2247.98,251.62,3102.38,11234.73,2150.68,7695.43,1388.62,11234.73,8552.54,4833.12,2911.61,807.81,8552.539999999999,316.31,100.04833333333318,207.8854166666667,464.19723649008967,392.81,76.5,34.12,25.88,96.83,1
2023-09-06 16:00:00,4993.81,16,2,0,-0.8660254037844384,-0.5000000000000004,87.62705357142856,2.8729464285714386,90.5,25.5,0.0,20.3,12.2,1013.95,4.65,89.06,24.06,0.0,20.0,11.7,1013.8,5.7,84.02,19.019999999999996,0.0,20.6,8.299999999999997,1012.7,4.4,89.96000000000001,24.960000000000008,0.0,20.0,12.200000000000005,1010.3,4.6,93.92,28.919999999999987,0.0,22.2,12.2,1010.9,7.2,-3096.833333333343,79724.68055555556,67800.55902777777,10375.99300801937,73903.83333333333,77000.66666666667,82669.41666666667,62058.5,73263.75,0.2995928643467616,0.0507754905823551,0.406832098049565,0.0875725744701413,0.1552269725511769,12436.12,2472.45,451.25,3688.28,721.62,1271.39,8604.99,12856.32,2455.88,462.79,3764.57,745.26,1375.89,8804.39,12994.11,2476.11,462.67,3758.24,774.05,1438.95,8910.02,0.33,0.0,0.0,0.03,0.09,0.2,0.32,12201.77,2322.72,452.38,3490.72,733.2,1345.88,8344.9,0.6641875584888932,0.3282621229548806,0.0075503185562261,2953.29,1987.49,944.73,21.07,2953.2900000000004,2547.83,1493.78,1021.06,32.99,2547.83,2190.08,617.04,1445.66,127.38,2190.08,9922.54,1546.83,7497.82,877.89,9922.54,8212.1,4818.61,2620.13,773.36,8212.1,1280.5,375.2566666666665,273.5720833333334,551.1884747484031,1673.31,392.81,49.52,26.32,191.48,1
2023-09-06 17:00:00,1268.13,17,2,0,-0.9659258262890684,-0.2588190451025206,87.64526785714285,7.354732142857145,95.0,30.0,0.0,20.0,15.0,1013.8,4.1,90.5,25.5,0.0,20.3,12.2,1013.95,4.65,87.08000000000001,22.080000000000013,0.0,20.6,10.0,1013.9,2.1,89.06,24.06,0.0,20.6,11.099999999999998,1010.7,5.7,96.98,31.980000000000004,0.0,22.2,13.900000000000002,1010.4,6.2,-1700.8333333333285,78177.18055555556,67756.36111111111,10353.945811037163,72203.0,73903.83333333333,80866.83333333333,66369.91666666667,68732.16666666667,0.2912320873645937,0.0536872315114203,0.3957827459959991,0.0976756734843369,0.1616222616436498,11630.64,2418.02,409.81,3283.55,706.8,1252.84,8071.02,12436.12,2472.45,451.25,3688.28,721.62,1271.39,8604.99,12873.16,2450.17,458.17,3694.33,771.4,1436.04,8810.11,0.33,0.0,0.0,0.03,0.1,0.2,0.33,11036.9,2026.0,428.14,3220.9,695.54,1259.96,7630.54,0.6546476757219905,0.3244951495624923,0.0208571747155172,3451.51,2292.45,1133.0,26.06,3451.51,2953.29,1987.49,944.73,21.07,2953.2900000000004,2124.21,947.49,1123.49,53.23,2124.21,9110.01,1225.0,7044.88,840.13,9110.01,8488.97,4961.78,2669.74,857.45,8488.97,3320.5000000000005,1203.345,473.66916666666674,1109.260928091574,4993.81,1673.31,76.5,35.4,930.05,1
2023-09-06 18:00:00,756.19,18,2,0,-1.0,-1.8369701987210294e-16,87.66883928571428,11.291160714285724,98.96,33.96000000000001,0.0,19.4,17.800000000000004,1013.2,3.1,95.0,30.0,0.0,20.0,15.0,1013.8,4.1,89.06,24.06,0.0,20.0,11.7,1013.8,5.7,88.52,23.519999999999996,0.0,20.3,11.099999999999998,1010.85,5.7,97.97,32.97,0.0,21.65,15.000000000000009,1010.15,6.2,-3844.416666666671,75833.72222222222,67740.79513888889,10352.695760391944,68358.58333333333,72203.0,77000.66666666667,70854.83333333333,64457.5,0.3309566435053885,0.0674010918888258,0.3601970185762904,0.0902248475609756,0.1512203984685195,10397.25,2083.32,384.05,2831.22,698.72,1156.16,7153.47,11630.64,2418.02,409.81,3283.55,706.8,1252.84,8071.02,12856.32,2455.88,462.79,3764.57,745.26,1375.89,8804.39,0.34,0.0,0.0,0.05,0.09,0.2,0.34,7626.7,1435.25,316.65,1790.32,479.88,720.41,4742.51,0.6583382916998625,0.3312491385888657,0.0104125697112717,5111.91,3346.5,1658.79,106.62,5111.91,3451.51,2292.45,1133.0,26.06,3451.51,2547.83,1493.78,1021.06,32.99,2547.83,9280.56,1193.77,7207.48,879.31,9280.56,9779.61,5070.3,3761.31,948.0,9779.61,-3725.68,1409.013333333333,487.7558333333333,1117.425178547293,1268.13,4993.81,392.81,31.47,192.62,1
2023-09-06 19:00:00,5186.35,19,2,0,-0.9659258262890684,0.2588190451025203,87.69508928571429,12.254910714285714,99.95,34.95,0.0,18.85,18.9,1012.9,1.55,98.96,33.96000000000001,0.0,19.4,17.800000000000004,1013.2,3.1,90.5,25.5,0.0,20.3,12.2,1013.95,4.65,86.0,21.0,0.0,20.0,10.0,1011.3,4.1,100.94,35.94,0.0,18.9,19.4,1009.2,5.1,-3674.583333333329,72836.15277777778,67750.23263888889,10349.675379544398,64684.0,68358.58333333333,73903.83333333333,75099.33333333333,60798.75,0.5041281081516054,0.0969984710710549,0.2108151605375392,0.08829162307878,0.0997666371610203,7302.87,1493.7,304.2,1625.67,407.21,682.5,4513.280000000001,10397.25,2083.32,384.05,2831.22,698.72,1156.16,7153.47,12436.12,2472.45,451.25,3688.28,721.62,1271.39,8604.99,580.7,73.34,13.95,324.33,25.25,76.04,512.91,1505.02,230.59,69.09,176.55,56.24,87.18,619.6500000000001,0.5348495857895493,0.4477351821196575,0.017415232090793,5949.54,3916.81,1970.78,61.95,5949.54,5111.91,3346.5,1658.79,106.62,5111.91,2953.29,1987.49,944.73,21.07,2953.2900000000004,9840.53,1108.11,7303.35,1429.07,9840.53,11386.77,4920.37,5391.36,1075.04,11386.77,-511.94000000000005,1526.7916666666667,511.2379166666667,1116.874825145279,756.19,1268.13,1673.31,26.2,2164.56,1
2023-09-06 20:00:00,4689.99,20,2,0,-0.8660254037844386,0.5000000000000001,87.72508928571429,14.294910714285706,102.02,37.02,0.0,18.9,20.0,1011.8,0.0,99.95,34.95,0.0,18.85,18.9,1012.9,1.55,95.0,30.0,0.0,20.0,15.0,1013.8,4.1,86.0,21.0,0.0,20.0,10.0,1011.6,3.6,102.02,37.02,0.0,18.9,20.0,1008.5,4.6,-4087.5,69457.76388888889,67741.80555555555,10355.662231961964,60596.5,64684.0,72203.0,78221.25,57990.166666666664,0.0,0.0,0.8070175438596491,0.0175438596491228,0.175438596491228,1463.27,313.24,60.27,130.99,54.86,61.99,621.35,7302.87,1493.7,304.2,1625.67,407.21,682.5,4513.280000000001,11630.64,2418.02,409.81,3283.55,706.8,1252.84,8071.02,6320.06,1152.18,220.65,2052.53,312.82,749.05,4487.2300000000005,5.31,0.09,0.0,0.09,0.0,0.2,0.38,0.4406206036335732,0.5189290434194259,0.0404503529470008,5491.17,2936.95,2458.59,95.63,5491.17,5949.54,3916.81,1970.78,61.95,5949.54,3451.51,2292.45,1133.0,26.06,3451.51,7565.73,932.82,5693.67,939.24,7565.73,13051.98,4540.75,7061.2,1450.03,13051.98,4430.16,2378.4333333333334,637.1458333333334,1436.0747743488205,5186.35,756.19,4993.81,27.03,424.52,1
2023-09-07 18:00:00,276.62,18,3,0,-1.0,-1.8369701987210294e-16,88.65419642857144,14.265803571428547,102.92,37.91999999999999,0.0,17.8,21.6,1011.8,3.1,100.94,35.94,0.0,18.9,19.4,1012.5,2.1,91.94,26.94,0.0,19.4,13.9,1012.7,3.1,89.06,24.06,0.0,19.4,12.3,1010.9,0.0,99.95,34.95,0.0,18.85,18.9,1012.9,1.55,-4515.333333333343,77651.22222222222,68698.71527777777,11459.293326107409,69857.08333333333,74372.41666666667,79082.5,72393.25,64684.0,0.3620198093718021,0.0574587626543785,0.3245441849389565,0.1051394100093748,0.1508378330254878,11257.59,2304.11,418.49,2904.68,727.59,1072.7,7427.570000000001,12133.57,2486.6,459.04,3290.55,762.96,1122.56,8121.710000000001,12810.7,2532.84,463.54,3681.73,745.97,1306.06,8730.140000000001,0.32,0.0,0.0,0.02,0.1,0.2,0.32,7302.87,1493.7,304.2,1625.67,407.21,682.5,4513.280000000001,0.4199145741516231,0.5717062166386968,0.0083792092096802,6542.4,2573.18,3893.79,75.43,6542.4,6183.86,1951.85,4133.12,98.89,6183.86,7317.68,1409.99,5750.78,156.91,7317.679999999999,11507.06,771.09,9541.95,1194.02,11507.06,5949.54,3916.81,1970.78,61.95,5949.54,65.64,77.01666666666667,482.2416666666666,1382.3798309552567,150.88,85.24,55.92,21.59,756.19,1
2023-09-07 19:00:00,4224.37,19,3,0,-0.9659258262890684,0.2588190451025203,88.70776785714285,14.212232142857133,102.92,37.91999999999999,0.0,17.8,21.6,1011.4,2.3,102.92,37.91999999999999,0.0,17.8,21.6,1011.8,3.1,94.94,29.940000000000012,0.0,19.266666666666666,15.700000000000005,1012.65,3.6,86.0,21.0,0.0,20.0,10.0,1010.7,0.0,102.02,37.02,0.0,18.9,20.0,1011.8,0.0,-4309.916666666657,74630.58333333333,68734.68055555555,11447.493663669533,65547.16666666667,69857.08333333333,76831.83333333333,77367.41666666667,60596.5,0.4925685414503355,0.0720983215287571,0.1939308463648621,0.1097128155851401,0.1316894750709049,7748.98,1687.53,267.84,1512.84,490.1,703.12,4661.43,11257.59,2304.11,418.49,2904.68,727.59,1072.7,7427.570000000001,12597.65,2514.7,466.38,3578.7,764.84,1218.01,8542.63,620.78,82.68,12.01,326.46,34.31,99.35,554.81,1463.27,313.24,60.27,130.99,54.86,61.99,621.35,0.3743267546584943,0.6111789795042664,0.0144942658372393,7651.08,3212.8,4374.17,64.11,7651.08,6542.4,2573.18,3893.79,75.43,6542.4,6774.68,1755.94,4885.23,133.51,6774.68,10190.58,574.89,8522.68,1093.01,10190.58,5491.17,2936.95,2458.59,95.63,5491.17,125.74,116.39666666666666,462.2595833333333,1381.713676129815,276.62,150.88,87.88,22.26,5186.35,1
2023-09-07 20:00:00,393.99,20,3,0,-0.8660254037844386,0.5000000000000001,88.76133928571429,17.21866071428572,105.98,40.98,0.0,17.2,23.9,1010.2,1.5,102.92,37.91999999999999,0.0,17.8,21.6,1011.4,2.3,100.94,35.94,0.0,18.9,19.4,1012.5,2.1,84.91999999999999,19.919999999999987,0.0,20.0,9.4,1010.8,2.1,102.92,37.91999999999999,0.0,18.3,21.1,1011.1,2.6,-3842.916666666671,71232.54166666667,68780.83680555555,11415.442246265771,61704.25,65547.16666666667,74372.41666666667,81461.08333333333,57676.0,0.0,0.0,0.1333333333333333,0.1999999999999999,0.6666666666666666,1509.85,317.82,46.52,125.13,70.79,84.97,645.23,7748.98,1687.53,267.84,1512.84,490.1,703.12,4661.43,12133.57,2486.6,459.04,3290.55,762.96,1122.56,8121.710000000001,6659.7,1328.4,218.65,2094.91,421.82,800.99,4864.77,2.16,0.0,0.0,0.46,0.01,0.1,0.5700000000000001,0.3043845622705964,0.6580395755351238,0.0375758621942799,8529.58,3192.85,5213.1,123.63,8529.58,7651.08,3212.8,4374.17,64.11,7651.08,6183.86,1951.85,4133.12,98.89,6183.86,7579.05,411.61,6398.22,769.22,7579.05,7271.63,3204.03,3773.46,294.14,7271.63,3947.75,813.485,422.1770833333333,1246.001215427836,4224.37,276.62,85.24,20.95,4689.99,1
2023-09-08 16:00:00,4556.75,16,4,0,-0.8660254037844384,-0.5000000000000004,89.65008928571429,7.869910714285709,97.52,32.519999999999996,0.0,17.2,19.2,1011.5,5.65,95.0,30.0,0.0,17.2,17.8,1011.3,5.1,84.02,19.019999999999996,0.0,16.95,11.95,1010.15,3.85,91.04,26.039999999999992,0.0,15.6,17.199999999999996,1008.6,3.1,100.94,35.94,0.0,18.9,19.4,1012.5,2.1,-1816.75,80634.23611111111,68918.625,11023.134257875729,75263.33333333333,77080.08333333333,83077.75,62713.333333333336,74372.41666666667,0.2960920533762495,0.0544006036286967,0.3965969477113805,0.0872838021922132,0.16562659309146,13254.86,2502.63,461.35,4062.86,753.02,1446.56,9226.42,13069.04,2526.71,463.76,3951.46,786.28,1322.94,9051.15,13028.11,2153.22,467.48,4219.72,768.68,1395.0,9004.1,0.33,0.0,0.0,0.03,0.1,0.2,0.33,12133.57,2486.6,459.04,3290.55,762.96,1122.56,8121.710000000001,0.3133438866035235,0.6356562881078057,0.0509998252886707,5828.24,1385.89,4106.07,336.28,5828.24,5914.43,633.93,4977.46,303.04,5914.43,8303.72,325.52,7650.43,327.77,8303.720000000001,18065.99,1634.65,14440.81,1990.53,18065.99,6183.86,1951.85,4133.12,98.89,6183.86,-82.66,51.25333333333333,238.21916666666667,854.1445600737752,60.38,143.04,24.09,13.67,85.24,1
2023-09-08 17:00:00,1015.53,17,4,0,-0.9659258262890684,-0.2588190451025206,89.73901785714285,14.260982142857143,104.0,39.0,0.0,17.2,22.8,1011.4,5.1,97.52,32.519999999999996,0.0,17.2,19.2,1011.5,5.65,89.96000000000001,24.960000000000008,0.0,17.8,14.400000000000002,1010.8,4.1,91.04,26.039999999999992,0.0,15.0,17.799999999999997,1008.9,4.1,102.92,37.91999999999999,0.0,17.8,21.6,1011.8,3.1,-2427.5833333333285,78804.54166666667,68854.59722222222,10994.504317503555,72835.75,75263.33333333333,80390.58333333333,67851.75,69857.08333333333,0.3290977617106376,0.0595646488731636,0.3352469390466467,0.1009922313668179,0.175098419002734,12379.25,2480.07,455.66,3321.9,731.09,1387.29,8376.01,13254.86,2502.63,461.35,4062.86,753.02,1446.56,9226.42,13206.13,2312.18,467.66,4245.61,785.1,1341.34,9151.89,0.34,0.0,0.0,0.03,0.1,0.2,0.33,11257.59,2304.11,418.49,2904.68,727.59,1072.7,7427.570000000001,0.3784377203104777,0.570646664959717,0.050915614729805,5666.49,1775.56,3601.94,288.99,5666.49,5828.24,1385.89,4106.07,336.28,5828.24,6993.35,381.79,6345.53,266.03,6993.349999999999,17445.48,1269.65,14335.06,1840.77,17445.48,6542.4,2573.18,3893.79,75.43,6542.4,4496.37,807.3166666666666,424.53208333333333,1226.042648410551,4556.75,60.38,34.15,14.51,150.88,1
2023-09-08 18:00:00,411.31,18,4,0,-1.0,-1.8369701987210294e-16,89.81616071428572,16.16383928571429,105.98,40.98,0.0,15.6,25.5,1011.1,3.1,104.0,39.0,0.0,17.2,22.8,1011.4,5.1,95.0,30.0,0.0,17.2,17.8,1011.3,5.1,89.51,24.510000000000005,0.0,15.0,16.95,1009.0,3.85,102.92,37.91999999999999,0.0,17.8,21.6,1011.4,2.3,-4182.0,76216.875,68804.45833333333,10992.477480615526,68653.75,72835.75,77080.08333333333,73308.0,65547.16666666667,0.4076677922096865,0.0656218321312145,0.2523695962387902,0.1063747547750494,0.1679660246452595,10781.57,2353.23,425.92,2397.2,722.15,1252.05,7150.55,12379.25,2480.07,455.66,3321.9,731.09,1387.29,8376.01,13069.04,2526.71,463.76,3951.46,786.28,1322.94,9051.15,0.33,0.0,0.0,0.03,0.1,0.2,0.33,7748.98,1687.53,267.84,1512.84,490.1,703.12,4661.43,0.4182905992857122,0.5465975276444511,0.0351118730698366,5702.18,2157.92,3253.93,290.33,5702.18,5666.49,1775.56,3601.94,288.99,5666.49,5914.43,633.93,4977.46,303.04,5914.43,16569.39,1004.41,13723.67,1841.31,16569.39,7651.08,3212.8,4374.17,64.11,7651.08,-3541.2200000000003,972.3233333333332,460.5591666666666,1230.348050770211,1015.53,4556.75,143.04,16.57,276.62,1
2023-09-08 19:00:00,1044.62,19,4,0,-0.9659258262890684,0.2588190451025203,89.8874107142857,16.092589285714297,105.98,40.98,0.0,14.2,26.9,1010.7,4.1,105.98,40.98,0.0,15.6,25.5,1011.1,3.1,97.52,32.519999999999996,0.0,17.2,19.2,1011.5,5.65,87.08000000000001,22.080000000000013,0.0,15.6,15.000000000000002,1009.3,3.6,105.98,40.98,0.0,17.2,23.9,1010.2,1.5,-4645.666666666664,73038.59722222222,68740.32986111111,11016.768783360105,64008.083333333336,68653.75,75263.33333333333,78262.83333333333,61704.25,0.4985695441385571,0.078203964161513,0.1945933907799839,0.1172288558066229,0.1114042451133229,6831.53,1676.97,269.94,1038.14,437.58,690.94,4113.57,10781.57,2353.23,425.92,2397.2,722.15,1252.05,7150.55,13254.86,2502.63,461.35,4062.86,753.02,1446.56,9226.42,531.16,60.1,9.13,274.64,37.6,105.51,486.98,1509.85,317.82,46.52,125.13,70.79,84.97,645.23,0.3878772878749881,0.5459086284632292,0.0662140836617827,6871.18,2874.15,3755.77,241.26,6871.18,5702.18,2157.92,3253.93,290.33,5702.18,5828.24,1385.89,4106.07,336.28,5828.24,14966.6,706.73,12585.05,1674.82,14966.6,8529.58,3192.85,5213.1,123.63,8529.58,-604.22,1036.86,466.17124999999993,1229.7796103484577,411.31,1015.53,60.38,18.53,4224.37,1
2023-09-15 14:00:00,341.58,14,4,0,-0.4999999999999998,-0.8660254037844388,80.26080357142857,-7.220803571428561,73.04,8.040000000000006,0.0,20.0,2.8000000000000007,1016.2,2.1,70.7,5.700000000000003,0.0,20.0,1.5,1015.85,2.566666666666667,71.06,6.060000000000002,0.0,20.0,1.6999999999999993,1015.3,2.1,72.5,7.5,0.0,20.6,1.8999999999999984,1014.8,3.85,71.96,6.959999999999994,0.0,20.0,2.1999999999999993,1015.0,3.6,-1193.4166666666642,62663.02777777778,54161.385416666664,6761.941597214442,61618.25,62811.666666666664,63528.583333333336,48935.5,59722.25,0.3358182154556041,0.0623951568896012,0.3333198595199487,0.1050195655317051,0.1634472026031407,10315.13,2140.1,463.68,2720.37,706.17,890.22,6920.54,9828.05,1975.83,418.97,2647.26,688.85,702.5,6433.410000000001,8645.33,1558.82,271.38,2576.02,404.9,336.75,5147.869999999999,0.14,0.0,0.0,0.03,0.0,0.1,0.13,9223.73,1774.62,344.46,1658.2,907.94,497.3,5182.5199999999995,0.8726031444878155,0.1206436713683654,0.0067531841438191,1934.35,1530.55,345.86,57.94,1934.35,1501.87,833.25,513.06,155.56,1501.87,2877.04,1672.67,1012.04,192.33,2877.04,7914.08,2980.19,4572.82,361.07,7914.08,3333.98,2239.35,882.79,211.84,3333.98,-0.490000000000002,27.05333333333333,24.657916666666665,3.1146302441045086,31.47,31.96,23.19,22.1,27.92,1
2023-09-23 18:00:00,456.95,18,5,1,-1.0,-1.8369701987210294e-16,83.10017857142857,12.97982142857144,96.08,31.080000000000013,0.0,22.8,12.8,1009.8,5.7,93.02,28.019999999999996,0.0,23.3,10.599999999999998,1010.3,6.2,86.0,21.0,0.0,23.3,6.699999999999999,1011.2,6.7,82.04,17.040000000000006,0.0,20.6,7.199999999999999,1010.25,4.1,95.0,30.0,0.0,18.05,16.95,1011.55,6.2,-3113.7499999999927,70446.38888888889,62691.538194444445,10267.408820871828,63974.083333333336,67087.83333333333,71087.41666666667,65799.75,60000.083333333336,0.3863966581910643,0.0566060800804716,0.2787378803542988,0.133445332364693,0.1448140490094722,9852.14,2225.06,508.44,2569.86,777.52,1062.29,7143.170000000001,11013.21,2399.26,598.4,2674.3,856.55,1236.91,7765.420000000001,12142.17,2385.37,574.09,3237.14,864.82,1322.19,8383.61,0.23,0.0,0.0,0.02,0.1,0.1,0.22,5763.9,1238.25,267.46,1084.87,396.61,475.51,3462.7,0.4793424427289242,0.3620408257386118,0.158616731532464,7584.43,3259.63,3140.52,1184.28,7584.429999999999,7234.71,2733.07,3314.12,1187.52,7234.710000000001,6505.25,2375.89,3011.26,1118.1,6505.25,17096.87,2899.78,12246.82,1950.27,17096.87,9097.77,3849.44,4356.54,891.79,9097.77,-52.21000000000001,51.17833333333334,38.62791666666667,45.05874696525908,49.97,102.18,37.14,17.25,59.36,1
2023-09-23 19:00:00,628.5,19,5,1,-0.9659258262890684,0.2588190451025203,83.19285714285714,13.877142857142871,97.07,32.07000000000001,0.0,22.25,13.900000000000006,1009.35,5.95,96.08,31.080000000000013,0.0,22.8,12.8,1009.8,5.7,87.98,22.980000000000004,0.0,23.3,7.800000000000001,1011.05,6.95,80.06,15.060000000000002,0.0,21.1,5.599999999999998,1010.2,3.1,95.0,30.0,0.0,18.9,16.1,1010.8,7.2,-2921.25,67766.58333333333,62735.40277777778,10257.654566003504,61052.833333333336,63974.083333333336,69604.91666666667,69802.83333333333,56723.666666666664,0.457736320800077,0.114049427829599,0.1523223386864121,0.1697278584479277,0.1061640542359842,4285.85,1106.3,162.07,798.06,382.07,414.62,2863.12,9852.14,2225.06,508.44,2569.86,777.52,1062.29,7143.170000000001,11998.62,2391.29,609.56,3105.4,849.65,1322.81,8278.71,282.02,24.07,5.24,178.23,18.62,36.59,262.75,481.04,89.24,22.15,18.41,21.79,13.83,165.42,0.4460401203307584,0.388245773364668,0.1657141063045735,7805.86,3741.68,2826.04,1238.14,7805.86,7584.43,3259.63,3140.52,1184.28,7584.429999999999,6755.81,2564.65,3046.01,1145.15,6755.8099999999995,16427.11,2665.16,11978.66,1783.29,16427.11,10351.55,3973.79,5393.67,984.09,10351.55,406.98,122.98166666666668,55.19416666666667,96.61075113080076,456.95,49.97,64.81,17.71,227.9,1
2023-09-24 16:00:00,483.66,16,6,1,-0.8660254037844384,-0.5000000000000004,84.74696428571428,4.763035714285721,89.51,24.510000000000005,0.0,21.7,10.25,1007.95,7.45,87.98,22.980000000000004,0.0,21.7,9.400000000000002,1007.8,7.7,81.5,16.5,0.0,21.1,6.399999999999999,1007.3,5.4,89.06,24.06,0.0,20.6,11.099999999999998,1006.0,6.2,93.02,28.019999999999996,0.0,23.3,10.599999999999998,1010.3,6.2,-1684.75,74347.16666666667,62844.569444444445,9936.297646998706,69879.75,71564.5,76758.5,56481.5,67087.83333333333,0.3055048334781828,0.0763952954230518,0.3714060668835804,0.1120511838426819,0.1346426203725029,12223.41,2415.93,610.85,3475.95,901.2,1074.52,8478.449999999999,12783.8,2403.82,601.84,3695.55,895.03,1326.71,8922.95,12481.99,2408.86,571.36,3278.91,890.15,1358.51,8507.789999999999,0.1,0.0,0.0,0.03,0.0,0.06,0.09,11013.21,2399.26,598.4,2674.3,856.55,1236.91,7765.420000000001,0.6809641954584863,0.251164431572928,0.0678713729685857,3803.22,2329.43,1209.74,264.05,3803.22,3718.33,2048.58,1416.12,253.63,3718.33,3577.82,1586.1,1398.57,593.15,3577.82,13685.76,3113.71,8458.34,2113.71,13685.759999999998,7234.71,2733.07,3314.12,1187.52,7234.710000000001,40.03999999999999,57.90833333333335,86.53208333333333,145.77739945246236,120.55,80.51,32.56,21.97,102.18,1
2023-09-24 17:00:00,565.6,17,6,1,-0.9659258262890684,-0.2588190451025206,84.80589285714287,9.114107142857122,93.92,28.919999999999987,0.0,21.7,12.7,1008.1,6.2,89.51,24.510000000000005,0.0,21.7,10.25,1007.95,7.45,84.02,19.019999999999996,0.0,21.7,7.199999999999999,1007.8,8.8,89.06,24.06,0.0,20.6,11.099999999999998,1005.8,8.2,96.08,31.080000000000013,0.0,22.8,12.8,1009.8,5.7,-3567.5,72629.125,62812.253472222226,9923.149718361628,66312.25,69879.75,74131.25,60507.166666666664,63974.083333333336,0.326848932528601,0.0774209530672912,0.3651878209170344,0.1152613878629552,0.1152809056241179,11475.99,2400.88,600.37,2918.78,880.58,1058.12,7858.73,12223.41,2415.93,610.85,3475.95,901.2,1074.52,8478.449999999999,12686.7,2410.13,585.49,3560.16,906.81,1294.73,8757.32,0.11,0.0,0.0,0.03,0.0,0.07,0.1,9852.14,2225.06,508.44,2569.86,777.52,1062.29,7143.170000000001,0.6798606641015504,0.2519057268047745,0.068233609093675,4336.88,2953.26,1089.27,294.35,4336.88,3803.22,2329.43,1209.74,264.05,3803.22,3417.7,1648.95,1408.07,360.68,3417.7,12396.19,2868.85,7509.53,2017.81,12396.19,7584.43,3259.63,3140.52,1184.28,7584.429999999999,363.11,134.71,102.42708333333331,166.8344994423104,483.66,120.55,63.04,22.71,49.97,1
2023-09-25 19:00:00,272.05,19,0,0,-0.9659258262890684,0.2588190451025203,85.09714285714286,2.432857142857145,87.53,22.53,0.0,21.1,9.75,1016.15,3.5999999999999996,87.08000000000001,22.080000000000013,0.0,21.1,9.5,1016.4,4.1,80.06,15.060000000000002,0.0,20.85,5.850000000000001,1016.35,2.05,74.12,9.120000000000005,0.0,22.333333333333332,1.0666666666666664,1012.6,5.133333333333333,98.96,33.96000000000001,0.0,21.1,16.1,1006.7,2.1,-4035.166666666664,62014.833333333336,59991.489583333336,8330.543105715295,53415.083333333336,57450.25,64514.5,65368.916666666664,54374.25,0.7056025872729002,0.1585655854656139,0.0491772091695995,0.0217825549319889,0.0648720631598972,3777.45,1043.91,264.65,630.11,176.29,373.36,2488.32,8746.4,1873.07,535.84,2304.31,648.89,953.87,6315.98,10925.54,2105.81,578.55,3154.51,881.7,1150.89,7871.46,106.62,4.12,1.4,76.01,9.36,13.3,104.19,420.65,73.56,17.41,9.97,13.57,9.61,124.12,0.4933224758570973,0.4416313710560129,0.0650461530868897,6183.77,2893.76,2966.83,323.18,6183.77,6304.59,2942.38,3036.28,325.93,6304.59,5718.5,2416.34,3027.85,274.31,5718.500000000001,5154.58,1899.55,2746.27,508.76,5154.58,8877.59,4906.63,3168.22,802.74,8877.59,2.8800000000000026,45.54666666666668,43.44,38.25055975719414,33.49,30.61,70.62,49.38,207.37,1
2023-10-20 18:00:00,418.09,18,4,0,-1.0,-1.8369701987210294e-16,63.97035714285715,20.94964285714284,84.91999999999999,19.919999999999987,0.0,7.2,22.2,1013.0,2.1,82.04,17.040000000000006,0.0,6.7,21.1,1013.4,2.6,73.04,8.040000000000006,0.0,5.6,17.200000000000003,1012.9,4.1,64.49000000000001,0.0,0.5099999999999909,6.95,11.1,1012.5,3.6,81.95,16.950000000000003,0.0,6.15,21.6,1015.45,4.15,-2675.3333333333285,53378.583333333336,47277.899305555555,8060.791457099434,47185.583333333336,49860.916666666664,54125.25,47804.083333333336,42123.75,0.3927032560370747,0.1056991356639283,0.2304667757437659,0.1570024927829222,0.1141283397723086,9249.08,1878.7,538.86,2322.3,728.4,874.64,6342.900000000001,12297.46,2342.95,693.03,3737.92,869.36,1292.86,8936.119999999999,12473.93,2300.46,639.77,3997.17,895.92,1314.2,9147.52,0.01,0.0,0.0,0.0,0.0,0.0,0.0,2441.78,503.68,126.55,303.16,159.09,149.09,1241.57,0.3574927576819073,0.6126105859505916,0.0298966563675011,1580.84,648.56,870.65,61.63,1580.84,1263.25,283.62,879.77,99.86,1263.2499999999998,908.2,13.1,796.9,98.2,908.2,8746.66,654.43,6283.53,1808.7,8746.66,1628.76,913.6,683.09,32.07,1628.76,29.949999999999996,35.17666666666668,33.09166666666666,34.706202761818595,68.13,38.18,27.04,13.25,120.6,1
2023-11-05 17:00:00,256.09,17,6,1,-0.9659258262890684,-0.2588190451025206,51.71642857142857,24.20357142857143,75.92,10.920000000000002,0.0,15.6,8.799999999999999,1019.0,7.7,69.53,4.530000000000001,0.0,15.6,5.250000000000002,1019.75,5.65,62.959999999999994,0.0,2.0400000000000063,16.1,1.099999999999998,1019.5,3.6,60.98,0.0,4.019999999999996,13.9,2.200000000000001,1018.9,1.5,70.97,5.969999999999999,0.0,14.7,6.949999999999999,1020.5,6.45,-2522.916666666664,46577.13888888888,42457.96701388889,4885.748579235401,42885.25,45408.166666666664,48354.0,44423.333333333336,40329.083333333336,0.3251130056645878,0.2104480173942896,0.1884762831149511,0.1943697430909195,0.081592950735252,3691.51,611.4,172.14,629.36,298.74,172.96,1884.6,6654.1,1496.44,514.21,1793.22,587.44,485.83,4877.139999999999,9389.52,1783.55,506.36,2476.01,910.33,907.55,6583.8,0.02,0.0,0.0,0.01,0.0,0.0,0.01,1087.75,225.63,55.63,68.36,53.02,47.1,449.74,0.1343390408651932,0.7828167772041668,0.08284418193064,11535.82,1601.6,9116.71,817.51,11535.82,10969.64,1107.19,8996.08,866.37,10969.64,8396.06,517.76,7030.18,848.12,8396.060000000001,5839.21,1031.26,3276.68,1531.27,5839.209999999999,8275.51,1541.77,5846.63,887.11,8275.51,30.61,32.94500000000001,30.494583333333335,11.110581708683473,60.22,29.61,29.73,39.97,42.31,1
2023-11-08 17:00:00,308.52,17,2,0,-0.9659258262890684,-0.2588190451025206,64.24696428571428,15.813035714285718,80.06,15.060000000000002,0.0,18.3,8.399999999999999,1010.3,7.2,75.02,10.019999999999996,0.0,18.6,5.299999999999997,1010.5,8.25,69.08,4.079999999999998,0.0,18.9,1.7000000000000028,1009.8,8.8,73.04,8.040000000000006,0.0,16.7,6.100000000000001,1008.8,8.2,80.96,15.959999999999994,0.0,15.6,11.6,1010.6,6.2,-2684.583333333336,51762.180555555555,48373.774305555555,5852.882054655176,47781.75,50466.333333333336,53087.75,51645.583333333336,44322.25,0.3759837124623154,0.1598997689988645,0.1729767824282526,0.2406718609294859,0.0504678751810813,4642.31,664.1,393.39,1135.56,537.73,372.31,3103.09,8737.0,1350.38,612.08,2890.56,725.13,965.98,6544.130000000001,10318.43,2037.6,639.4,2834.93,907.55,1067.84,7487.320000000001,0.01,0.0,0.0,0.0,0.0,0.0,0.0,931.03,180.04,48.07,54.03,75.92,37.97,396.03,0.4049727737607916,0.4890287395165163,0.1059984867226919,8830.94,3831.13,4044.26,955.55,8830.94,9452.37,3562.16,4966.31,923.9,9452.37,11733.5,2946.44,7725.27,1061.79,11733.5,21259.82,2940.95,16092.35,2226.52,21259.82,17693.85,4247.81,11514.7,1931.34,17693.850000000002,127.94,51.948333333333345,27.59708333333333,35.2513856007802,177.16,49.22,23.6,8.62,79.82,1
2023-11-11 09:00:00,364.01,9,5,1,0.7071067811865476,-0.7071067811865475,67.19910714285714,-11.259107142857149,55.94,0.0,9.060000000000002,5.6,7.700000000000001,1023.0,3.1,55.94,0.0,9.060000000000002,6.1,7.200000000000001,1023.2,2.6,55.94,0.0,9.060000000000002,6.7,6.6000000000000005,1023.5,1.5,60.53,0.0,4.469999999999999,10.3,5.549999999999999,1020.85,4.35,51.98,0.0,13.020000000000003,10.0,1.0999999999999996,1019.65,5.4,-343.25,42715.152777777774,41525.4375,2726.503930185184,42189.583333333336,42532.833333333336,43311.333333333336,36937.416666666664,43806.5,0.1476496134121845,0.1029928293290541,0.4930762066140742,0.0519508938089841,0.204330456835703,1155.95,120.85,45.44,540.98,62.29,234.65,1004.21,201.24,14.05,4.58,125.19,13.36,33.59,190.77,0.29,0.0,0.0,0.02,0.0,0.26,0.28,0.29,0.0,0.0,0.02,0.0,0.26,0.28,3880.65,1492.29,533.94,894.76,96.41,333.0,3350.3999999999996,0.5583960754479395,0.3488111790270818,0.0927927455249787,2681.43,1414.23,985.98,281.22,2681.4300000000003,2847.33,1403.24,1067.88,376.21,2847.33,3392.14,1754.51,1100.21,537.42,3392.1400000000003,4199.09,2047.59,1443.76,707.74,4199.09,8801.05,3587.65,4242.98,970.42,8801.05,6.1000000000000085,43.535,39.11125,16.578069671143393,75.93,69.83,26.39,42.93,28.33,1
2023-12-05 06:00:00,534.82,6,1,0,1.0,6.123233995736766e-17,53.340446428571425,-9.280446428571423,44.06,0.0,20.94,-0.6,7.3,1022.4,1.5,50.0,0.0,15.0,-1.1,11.1,1022.5,0.0,51.08,0.0,13.920000000000002,-2.2,12.8,1021.7,2.1,59.540000000000006,0.0,5.459999999999994,-3.5999999999999996,18.9,1021.9,2.05,53.96,0.0,11.04,-1.7,13.9,1015.7,5.4,-1296.1666666666642,47817.6388888889,45020.44444444444,2707.1046780142706,45135.833333333336,46432.0,49500.333333333336,41299.5,44416.166666666664,0.0,0.0,0.6666666666666667,0.0,0.3333333333333333,0.02,0.0,0.01,0.01,0.0,0.0,0.02,0.02,0.0,0.01,0.01,0.0,0.0,0.02,0.03,0.0,0.01,0.02,0.0,0.0,0.03,0.02,0.0,0.01,0.01,0.0,0.0,0.02,0.09,0.0,0.0,0.05,0.0,0.0,0.05,0.1073252278175154,0.7480773018335888,0.1445974703488958,6749.0,701.19,4969.73,1078.08,6749.0,7525.04,606.11,5881.48,1037.45,7525.039999999999,9358.78,729.76,7819.82,809.2,9358.78,6765.26,735.94,5628.12,401.2,6765.259999999999,4519.49,595.92,2871.99,1051.58,4519.49,1.5,21.093333333333344,26.010416666666668,17.441642443380026,22.8,21.3,20.73,28.72,64.93,1
2023-12-05 07:00:00,438.15,7,1,0,0.9659258262890684,-0.2588190451025206,53.33723214285713,-7.8372321428571325,45.5,0.0,19.5,-0.3,7.8,1022.15,1.5,44.06,0.0,20.94,-0.6,7.3,1022.4,1.5,49.55,0.0,15.450000000000005,-1.65,11.4,1021.8,1.05,62.059999999999995,0.0,2.940000000000005,-3.9,20.6,1020.5,0.0,50.0,0.0,15.0,-0.6,10.6,1016.8,3.6,-869.4166666666715,47130.583333333336,45014.20486111112,2708.7301199852773,44266.416666666664,45135.833333333336,47775.583333333336,40769.0,44237.5,0.136219032589364,0.0145036446982791,0.5555472057313194,0.0659051626963252,0.2278249542847123,0.03,0.0,0.0,0.02,0.0,0.01,0.03,0.02,0.0,0.01,0.01,0.0,0.0,0.02,0.03,0.0,0.01,0.02,0.0,0.0,0.03,0.03,0.0,0.01,0.02,0.0,0.0,0.03,498.25,59.08,9.55,248.62,37.26,112.11,466.62,0.1283850265179694,0.7593721395047465,0.112242833977284,6245.13,670.26,4671.84,903.03,6245.13,6749.0,701.19,4969.73,1078.08,6749.0,8309.32,508.57,6908.71,892.04,8309.32,8982.18,846.44,7523.67,612.07,8982.18,5132.22,1075.47,3156.74,900.01,5132.22,512.0200000000001,106.91333333333336,45.58916666666667,105.32959652264287,534.82,22.8,21.64,25.04,54.87,1
2023-12-30 07:00:00,280.02,7,5,1,0.9659258262890684,-0.2588190451025206,48.67928571428571,-6.68928571428571,41.99,0.0,23.01,-0.8500000000000001,6.4,1021.35,2.3,44.06,0.0,20.94,-0.6,7.3,1021.5,3.1,48.47,0.0,16.53,-0.3,9.45,1021.0,4.85,53.96,0.0,11.04,-2.2,14.4,1019.9,8.8,35.06,0.0,29.94,-2.8,4.5,1023.7,5.7,-1625.5833333333358,48749.972222222226,48101.503472222226,2346.8524728412663,43719.416666666664,45345.0,50613.0,46975.333333333336,46540.166666666664,0.0257010020503046,0.0034364261168384,0.7169713246123192,0.1330387825233186,0.1208524646972191,0.01,0.0,0.0,0.0,0.0,0.0,0.0,0.02,0.0,0.0,0.0,0.0,0.01,0.01,0.01,0.0,0.0,0.0,0.0,0.0,0.0,0.45,0.0,0.0,0.44,0.0,0.0,0.44,316.3,8.73,1.31,221.92,40.19,41.49,313.64,0.1313556236636724,0.7709691726187718,0.0976752037175557,2781.82,539.3,1991.86,250.66,2781.8199999999997,3056.09,719.53,2165.39,171.17,3056.09,4778.73,900.77,3707.83,170.13,4778.7300000000005,3950.8,672.55,2325.65,952.6,3950.8,15711.09,1739.0,12109.33,1862.76,15711.09,7.349999999999994,52.44666666666669,32.64666666666667,26.07098548305187,84.16,76.81,34.2,37.65,20.47,1
2024-01-15 05:00:00,252.09,5,0,0,0.9659258262890684,0.2588190451025207,41.643142857142855,-28.723142857142857,12.920000000000002,0.0,52.08,-13.3,2.700000000000001,1026.7,6.2,12.920000000000002,0.0,52.08,-14.15,3.5500000000000007,1026.4499999999998,6.2,14.0,0.0,51.0,-15.0,5.0,1025.7,5.7,14.36,0.0,50.64,-17.333333333333332,7.533333333333331,1027.2,6.533333333333334,23.0,0.0,42.0,-12.2,7.199999999999999,1023.8,8.2,323.75,73499.95833333333,68997.375,3443.0294971678113,75961.25,75637.5,73402.66666666667,68322.41666666667,65085.416666666664,0.0,0.0,1.0,0.0,0.0,0.2,0.0,0.0,0.19,0.0,0.01,0.2,0.22,0.0,0.0,0.22,0.0,0.0,0.22,0.24,0.0,0.0,0.24,0.0,0.0,0.24,1366.85,210.89,134.02,99.16,31.03,10.02,485.1199999999999,0.09,0.0,0.0,0.02,0.05,0.0,0.07,0.6250881296372975,0.2856094094474971,0.0893024609152053,5067.58,2984.27,1664.7,418.61,5067.58,6000.61,3035.69,2371.64,593.28,6000.61,7185.34,3280.58,3225.7,679.06,7185.34,10493.32,3747.28,5839.08,906.96,10493.32,10629.5,2485.96,6661.69,1481.85,10629.5,3.5600000000000023,134.65833333333336,103.84375,27.28873056337513,151.58,148.02,142.95,90.97,57.3,1
2024-01-15 06:00:00,272.26,6,0,0,1.0,6.123233995736766e-17,41.42242857142857,-28.502428571428567,12.920000000000002,0.0,52.08,-13.05,2.450000000000001,1026.2,6.2,12.920000000000002,0.0,52.08,-13.3,2.700000000000001,1026.7,6.2,12.920000000000002,0.0,52.08,-14.4,3.8000000000000007,1026.3,6.7,14.36,0.0,50.64,-17.2,7.399999999999999,1026.65,6.7,22.01,0.0,42.989999999999995,-12.5,6.95,1024.0,8.75,-454.6666666666715,74444.22222222223,69431.59027777778,3582.528522102076,75506.58333333333,75961.25,74478.0,67443.25,64784.583333333336,0.0,0.0,0.9375,0.0,0.0625,0.16,0.0,0.0,0.16,0.0,0.0,0.16,0.2,0.0,0.0,0.19,0.0,0.01,0.2,0.21,0.0,0.0,0.21,0.0,0.0,0.21,3.2,0.0,0.14,0.21,0.0,0.02,0.37,0.12,0.0,0.0,0.06,0.05,0.0,0.11,0.6493115629370481,0.2616315894628108,0.0890568476001411,4467.85,2792.8,1276.06,398.99,4467.85,5067.58,2984.27,1664.7,418.61,5067.58,6681.7,3093.79,2989.72,598.19,6681.700000000001,11901.3,3613.42,7253.42,1034.46,11901.3,9592.98,2714.23,5664.63,1214.12,9592.98,100.51,159.245,111.96,39.208021805654354,252.09,151.58,152.75,100.37,66.23,1
2024-01-15 07:00:00,302.76,7,0,0,0.9659258262890684,-0.2588190451025206,41.19978571428572,-28.603785714285717,12.596,0.0,52.404,-13.14,2.360000000000001,1026.0,6.8,12.920000000000002,0.0,52.08,-13.05,2.450000000000001,1026.2,6.2,12.920000000000002,0.0,52.08,-14.15,3.5500000000000007,1026.4499999999998,6.2,15.079999999999998,0.0,49.92,-16.7,7.299999999999999,1025.2,6.2,19.04,0.0,45.96,-14.4,7.2,1024.6,8.8,-1415.166666666657,74846.23611111111,69819.375,3561.2894875339716,74091.41666666667,75506.58333333333,75637.5,66968.91666666667,64844.083333333336,0.3664772727272727,0.1022727272727272,0.3484848484848485,0.0899621212121212,0.0928030303030303,0.16,0.0,0.0,0.15,0.0,0.01,0.16,0.16,0.0,0.0,0.16,0.0,0.0,0.16,0.22,0.0,0.0,0.22,0.0,0.0,0.22,0.21,0.0,0.0,0.16,0.0,0.05,0.21,104.38,0.88,0.02,84.33,16.46,2.19,103.88,0.652251046295027,0.2815138417372932,0.0662351119676797,4704.86,3054.92,1230.94,419.0,4704.860000000001,4467.85,2792.8,1276.06,398.99,4467.85,6000.61,3035.69,2371.64,593.28,6000.61,13050.95,3673.24,8197.94,1179.77,13050.95,9238.0,2846.25,5243.51,1148.24,9238.0,20.169999999999987,186.60833333333335,120.54458333333334,49.86650082135601,272.26,252.09,148.02,91.66,78.0,1
2024-01-15 08:00:00,318.26,8,0,0,0.8660254037844387,-0.4999999999999998,40.98228571428571,-28.602285714285717,12.38,0.0,52.620000000000005,-13.2,2.299999999999999,1025.7,5.3,12.596,0.0,52.404,-13.14,2.360000000000001,1026.0,6.8,12.920000000000002,0.0,52.08,-13.3,2.700000000000001,1026.7,6.2,15.079999999999998,0.0,49.92,-17.2,7.799999999999999,1025.2,5.7,17.06,0.0,47.94,-14.4,6.1,1024.8,7.7,-1117.75,74774.73611111111,70158.10763888889,3452.448899328367,72973.66666666667,74091.41666666667,75961.25,66982.5,64778.25,0.5558348929672151,0.2197174967643416,0.0850489306032757,0.0427013789956888,0.0966973006694786,11.04,3.87,1.08,3.68,0.95,0.98,10.56,0.16,0.0,0.0,0.15,0.0,0.01,0.16,0.2,0.0,0.0,0.19,0.0,0.01,0.2,0.18,0.0,0.0,0.16,0.0,0.02,0.18,1759.16,104.73,30.51,986.84,196.15,47.75,1365.98,0.6402152814875791,0.2991469727704278,0.060637745741993,4960.36,3235.4,1396.41,328.55,4960.360000000001,4704.86,3054.92,1230.94,419.0,4704.860000000001,5067.58,2984.27,1664.7,418.61,5067.58,13078.71,3525.28,8330.75,1222.68,13078.71,9027.81,2914.92,4944.38,1168.51,9027.81,30.5,213.24333333333337,129.90958333333333,61.31915825729918,302.76,272.26,151.58,90.53,86.9,1
2024-01-16 07:00:00,332.15,7,1,0,0.9659258262890684,-0.2588190451025206,36.34082142857143,-19.280821428571432,17.06,0.0,47.94,-16.95,8.649999999999999,1031.9,8.8,17.06,0.0,47.94,-16.7,8.399999999999999,1031.8,8.8,19.04,0.0,45.96,-16.7,9.5,1030.55,9.55,21.92,0.0,43.08,-12.2,6.6,1024.4,5.1,12.38,0.0,52.620000000000005,-13.2,2.299999999999999,1025.7,5.3,-1996.666666666657,74835.69444444444,74016.33680555556,2306.9181182709417,70151.66666666667,72148.33333333333,76391.41666666667,72077.0,72973.66666666667,0.0322955905162862,0.0061489031686239,0.7193108796809218,0.1571017061821405,0.0851429204520274,0.26,0.0,0.0,0.26,0.0,0.0,0.26,0.29,0.0,0.0,0.29,0.0,0.0,0.29,0.15,0.0,0.0,0.12,0.0,0.03,0.15,13.75,0.0,0.0,13.66,0.0,0.09,13.75,11.04,3.87,1.08,3.68,0.95,0.98,10.56,0.5654680440303379,0.2916000260686267,0.1429319299010353,10026.76,5141.34,3373.46,1511.96,10026.759999999998,10928.89,5370.83,4054.71,1503.35,10928.89,13364.23,5488.02,6038.31,1837.9,13364.23,21287.11,2259.15,16995.44,2032.52,21287.11,4960.36,3235.4,1396.41,328.55,4960.360000000001,97.71,120.68,103.05916666666668,81.26298087164008,231.44,133.73,96.36,47.26,302.76,1
2024-01-16 18:00:00,513.36,18,1,0,-1.0,-1.8369701987210294e-16,34.886357142857136,-14.946357142857138,19.94,0.0,45.06,-18.9,12.2,1033.9,5.1,17.96,0.0,47.04,-18.9,11.099999999999998,1034.4,6.7,14.0,0.0,51.0,-18.3,8.3,1033.9,7.7,17.06,0.0,47.94,-16.95,8.649999999999999,1031.9,8.8,17.839999999999996,0.0,47.16,-13.233333333333334,5.366666666666667,1025.85,5.833333333333333,-415.75,70559.18055555556,71472.52430555556,3999.102280565081,69390.5,69806.25,71912.66666666667,70151.66666666667,72168.58333333333,0.1132075471698113,0.1132075471698113,0.4528301886792452,0.2830188679245283,0.0377358490566037,2351.21,432.24,158.34,377.96,197.72,171.3,1337.56,11016.18,1898.95,753.34,3260.31,873.71,1081.34,7867.650000000001,14445.06,2252.42,926.21,5173.74,1152.56,1499.47,11004.399999999998,0.26,0.0,0.0,0.26,0.0,0.0,0.26,17.78,0.1,0.0,13.66,0.07,0.03,13.86,0.4833690812400259,0.5049248363428264,0.0117060824171478,2014.23,1393.34,575.96,44.93,2014.23,2492.62,1948.38,473.32,70.92,2492.6200000000003,3232.99,2573.06,430.14,229.79,3232.99,10026.76,5141.34,3373.46,1511.96,10026.759999999998,21534.13,2468.13,17304.66,1761.34,21534.13,74.25,44.92666666666667,86.23625,76.32391355910582,98.59,24.34,27.21,231.44,54.34,1
2024-01-16 19:00:00,251.05,19,1,0,-0.9659258262890684,0.2588190451025203,34.75457142857143,-13.824571428571431,20.93,0.0,44.07,-19.15,12.999999999999998,1033.1,5.1,19.94,0.0,45.06,-18.9,12.2,1033.9,5.1,14.990000000000002,0.0,50.01,-18.6,9.150000000000002,1034.25,7.45,17.06,0.0,47.94,-17.2,8.899999999999999,1032.4,10.3,21.92,0.0,43.08,-12.2,6.6,1024.4,5.1,-165.0,70472.06944444444,71349.89583333333,4021.888764630995,69225.5,69390.5,71391.83333333333,67693.83333333333,72077.0,0.0,0.0,0.6129032258064516,0.1290322580645161,0.2580645161290322,2.23,0.06,0.06,0.24,0.15,0.02,0.53,2351.21,432.24,158.34,377.96,197.72,171.3,1337.56,14637.55,2299.72,957.27,5181.97,1127.71,1544.45,11111.12,182.3,5.83,1.11,129.85,28.36,15.37,180.52,13.75,0.0,0.0,13.66,0.0,0.09,13.75,0.3556717770444347,0.6417859208422382,0.0025423021133272,2149.31,1038.91,1085.24,25.16,2149.31,2014.23,1393.34,575.96,44.93,2014.23,2900.0,2310.35,456.4,133.25,2900.0,9359.91,5292.73,2729.35,1337.83,9359.91,21287.11,2259.15,16995.44,2032.52,21287.11,414.77,121.51166666666666,105.36208333333332,115.46145639503226,513.36,98.59,21.35,332.15,47.26,1
2024-01-21 21:00:00,311.57,21,6,1,-0.7071067811865477,0.7071067811865474,28.36510714285715,10.654892857142856,39.02,0.0,25.979999999999997,-8.9,12.8,1025.3,5.7,37.94,0.0,27.06,-9.4,12.7,1026.5,6.2,37.04,0.0,27.96,-10.6,13.4,1028.6,5.7,32.54,0.0,32.46,-11.1,11.4,1030.1,6.2,36.5,0.0,28.5,-14.7,17.2,1033.1,1.05,-630.6666666666642,55388.666666666664,58826.916666666664,3080.3271426203937,52179.333333333336,52810.0,55620.583333333336,59856.333333333336,55682.5,0.0,0.0,0.1,0.0,0.9,0.22,0.0,0.0,0.06,0.0,0.14,0.2,0.19,0.0,0.0,0.01,0.0,0.17,0.18,519.68,17.66,17.15,52.0,7.07,8.2,102.08,1565.11,175.84,107.63,492.32,111.06,202.79,1089.64,0.03,0.0,0.0,0.01,0.0,0.01,0.02,0.1178244848240308,0.7765115216318121,0.1056639935441569,13158.76,1924.96,9750.18,1483.62,13158.759999999998,14852.94,2423.86,10804.76,1624.32,14852.94,17746.73,2939.85,13873.88,933.0,17746.73,19948.47,2493.84,15898.98,1555.65,19948.47,14043.22,2000.79,11234.14,808.29,14043.22,154.7,74.47166666666668,34.826249999999995,44.19142271807243,230.78,76.08,25.41,21.12,26.04,1
2024-01-22 06:00:00,442.62,6,0,0,1.0,6.123233995736766e-17,29.58707142857143,3.4929285714285676,33.08,0.0,31.92,-1.7,2.3,1023.3,1.5,35.06,0.0,29.94,-3.9,5.6,1023.8,4.6,35.06,0.0,29.94,-2.8,4.5,1024.2,5.7,37.49,0.0,27.51,-10.3,13.35,1028.05,5.95,32.54,0.0,32.46,-10.85,11.15,1031.7,3.5999999999999996,-71.0,57465.944444444445,57684.51736111112,3338.4546377557804,57453.25,57524.25,57565.5,53777.583333333336,60983.75,0.0,0.0,0.0357142857142857,0.0,0.9642857142857144,0.12,0.0,0.0,0.03,0.0,0.08,0.11,0.07,0.0,0.0,0.01,0.0,0.05,0.06,0.07,0.0,0.0,0.02,0.0,0.05,0.07,2.06,0.02,0.0,0.01,0.0,0.08,0.11,0.2,0.0,0.0,0.01,0.0,0.19,0.2,0.18127127429453,0.7127102941056429,0.1060184315998269,6165.83,1390.56,4233.59,541.68,6165.83,7031.61,1159.9,5328.68,543.03,7031.61,10547.87,1512.31,8398.17,637.39,10547.87,16391.2,2799.81,12401.93,1189.46,16391.2,15723.42,2266.29,12659.9,797.23,15723.419999999998,-69.28999999999999,77.63666666666667,61.79458333333334,75.03969523317627,33.96,103.25,179.05,69.18,22.72,1
2024-01-22 08:00:00,486.8,8,0,0,0.8660254037844387,-0.4999999999999998,29.82257142857143,2.177428571428571,32.0,0.0,33.0,-0.7333333333333334,0.7333333333333334,1021.9,2.6,32.54,0.0,32.46,-1.15,1.45,1022.85,2.05,35.06,0.0,29.94,-3.9,5.6,1023.8,4.6,39.02,0.0,25.979999999999997,-8.9,12.8,1025.3,5.7,33.08,0.0,31.92,-11.1,11.7,1030.3,6.2,-1405.3333333333358,56870.125,57254.00347222222,3247.6117144947502,54892.416666666664,56297.75,57524.25,52179.333333333336,59899.916666666664,0.2391855761979845,0.1273051347089874,0.1247686296017001,0.4474532117638993,0.0612874477274285,2.15,0.06,0.01,0.29,1.26,0.27,1.89,0.29,0.0,0.0,0.01,0.0,0.27,0.28,0.07,0.0,0.0,0.01,0.0,0.05,0.06,0.22,0.0,0.0,0.06,0.0,0.14,0.2,556.23,61.76,25.77,242.04,36.7,107.1,473.37,0.2677764571188855,0.612558009456306,0.1196655334248083,4766.55,1129.16,3163.01,474.38,4766.55,4900.28,888.28,3492.48,519.52,4900.280000000001,7031.61,1159.9,5328.68,543.03,7031.61,13158.76,1924.96,9750.18,1483.62,13158.759999999998,17951.17,2548.7,14266.92,1135.55,17951.17,-285.02,163.3216666666667,84.91291666666667,107.91166796239938,157.6,442.62,103.25,230.78,22.16,1
2024-03-04 18:00:00,270.63,18,0,0,-1.0,-1.8369701987210294e-16,61.46044642857142,15.539553571428575,77.0,12.0,0.0,16.4,8.600000000000001,1009.4,7.449999999999999,75.92,10.920000000000002,0.0,17.2,7.199999999999999,1010.0,7.7,69.98,4.980000000000004,0.0,17.2,3.900000000000002,1010.1,7.7,69.53,4.530000000000001,0.0,16.1,4.75,1008.3,6.95,76.55,11.549999999999995,0.0,13.9,10.85,1009.95,7.75,-2494.5,47933.6111111111,46267.114583333336,4848.254860641399,43197.416666666664,45691.916666666664,49616.833333333336,49404.916666666664,40898.083333333336,0.3368829617834394,0.1982815817409766,0.3384089702760085,0.0736464968152866,0.0527799893842887,4672.22,1014.38,458.85,689.63,106.24,319.74,2588.84,8029.41,1632.71,657.41,2058.5,253.47,888.9,5490.99,11775.72,1963.42,869.19,3742.92,624.96,1421.01,8621.5,1.67,0.0,0.0,1.07,0.0,0.59,1.66,709.92,97.02,75.99,29.22,35.16,25.95,263.34,0.122612794547414,0.7854160800800023,0.0919711253725836,4286.56,676.86,3149.57,460.13,4286.56,4192.28,886.98,2774.18,531.12,4192.28,4431.9,1225.7,2765.14,441.06,4431.900000000001,19092.25,1265.12,15926.35,1900.78,19092.25,18058.43,2591.82,13463.26,2003.35,18058.43,78.16000000000001,48.11000000000001,19.03833333333333,24.457863795695697,105.79,27.63,44.73,3.34,28.99,1
2024-03-04 19:00:00,351.71,19,0,0,-0.9659258262890684,0.2588190451025203,61.40098214285715,17.12901785714285,78.53,13.53,0.0,16.1,9.75,1008.95,7.449999999999999,77.0,12.0,0.0,16.4,8.600000000000001,1009.4,7.449999999999999,71.17999999999999,6.179999999999993,0.0,17.133333333333333,4.633333333333333,1010.15,7.2,68.0,3.0,0.0,16.7,3.3000000000000007,1008.1,8.2,78.98,13.980000000000004,0.0,13.3,12.8,1008.6,7.7,-2482.25,46287.291666666664,46259.49305555556,4857.197547957342,40715.166666666664,43197.416666666664,48046.0,51003.666666666664,39350.166666666664,0.0,0.0,0.1836734693877551,0.0,0.8163265306122449,760.35,101.55,59.77,102.01,22.2,15.91,301.44,4672.22,1014.38,458.85,689.63,106.24,319.74,2588.84,10337.98,1858.6,764.18,2825.69,388.18,1288.07,7124.719999999999,1110.4,252.09,107.56,254.93,46.51,109.05,770.1399999999999,0.66,0.0,0.0,0.06,0.0,0.59,0.6499999999999999,0.0862534641614529,0.8214966742094281,0.0922498616291191,4119.88,505.15,3235.82,378.91,4119.88,4286.56,676.86,3149.57,460.13,4286.56,4113.96,1149.76,2494.93,469.27,4113.959999999999,17689.93,1120.54,14621.01,1948.38,17689.93,19888.79,2759.08,14856.66,2273.05,19888.789999999997,164.83999999999995,90.51666666666668,29.106666666666666,56.922801396629424,270.63,105.79,73.96,7.83,18.9,1
2024-03-22 07:00:00,292.65,7,4,0,0.9659258262890684,-0.2588190451025206,57.95616071428571,-1.7641607142857154,56.192,0.0,8.808,12.88,0.5599999999999987,1009.9,1.36,55.04,0.0,9.96,12.2,0.6000000000000014,1009.9,2.1,57.02,0.0,7.979999999999997,12.8,1.0999999999999996,1009.0,3.85,60.98,0.0,4.019999999999996,15.0,1.1000000000000014,1011.3,3.6,60.08,0.0,4.920000000000002,11.1,4.5,1014.7,3.1,168.25,44530.472222222226,43297.87847222222,3220.5916354734195,45736.583333333336,45568.333333333336,44344.166666666664,39322.166666666664,45651.083333333336,0.1448486909214553,0.0433526011560693,0.4964297857871472,0.1633798027881673,0.1519891193471608,1.12,0.0,0.0,0.69,0.0,0.41,1.1,0.54,0.0,0.0,0.13,0.0,0.4,0.53,0.52,0.0,0.0,0.12,0.0,0.39,0.51,1120.33,286.78,58.45,30.25,86.42,3.8,465.7,12.35,0.69,0.51,7.04,0.88,2.77,11.89,0.1956427510453063,0.655876180760021,0.1484810681946727,3523.06,476.57,2415.73,630.76,3523.0600000000004,2869.02,302.55,2084.71,481.76,2869.0200000000004,2324.38,199.88,1757.1,367.4,2324.38,4978.42,699.0,3868.97,410.45,4978.419999999999,3850.6,1244.7,2235.23,370.67,3850.6,-5.91,29.98166666666667,31.40625,17.764673252283938,26.37,32.28,23.15,22.76,70.53,1
2024-04-16 20:00:00,1398.11,20,1,0,-0.8660254037844386,0.5000000000000001,68.28169642857144,18.798303571428576,87.08000000000001,22.080000000000013,0.0,10.55,20.05,1007.5,6.2,84.47,19.47,0.0,10.55,18.6,1008.35,5.65,78.08,13.079999999999998,0.0,20.0,5.600000000000001,1009.1,4.1,71.06,6.060000000000002,0.0,18.3,3.3999999999999986,1008.1,4.6,75.92,10.920000000000002,0.0,20.0,4.399999999999999,1008.8,4.6,-2779.333333333336,50459.98611111112,49490.645833333336,5319.269846457381,45295.916666666664,48075.25,52378.166666666664,53687.583333333336,42637.083333333336,0.2794759825327511,0.574235807860262,0.1058951965065502,0.0032751091703056,0.037117903930131,1876.96,373.13,226.08,115.82,68.58,91.12,874.73,6656.31,1444.56,779.93,879.83,373.35,672.18,4149.849999999999,13014.19,2464.78,1181.65,3250.0,920.03,1485.96,9302.42,5051.15,1449.97,489.05,651.82,91.29,316.33,2998.46,19.4,1.68,3.15,0.12,0.1,0.44,5.49,0.5307917664684945,0.3114885820347167,0.1577196514967888,5596.16,3136.8,1912.86,546.5,5596.16,6963.96,3293.01,3182.64,488.31,6963.96,9979.71,2700.36,6435.41,843.94,9979.71,15064.29,3741.78,10485.47,837.04,15064.29,25087.41,6117.02,16626.14,2344.25,25087.41,143.76,40.92333333333334,17.91375,31.742035743658658,165.48,21.72,11.39,14.49,14.18,1
2024-04-24 08:00:00,370.76,8,2,0,0.8660254037844387,-0.4999999999999998,65.07819897959183,1.8418010204081696,66.92,1.9200000000000017,0.0,17.8,1.599999999999998,1015.0,5.1,68.54,3.5400000000000063,0.0,17.8,2.5,1015.3,5.4,69.98,4.980000000000004,0.0,17.2,3.900000000000002,1015.5,5.1,75.02,10.019999999999996,0.0,16.1,7.799999999999997,1012.7,9.3,59.0,0.0,6.0,10.0,5.0,1014.4,6.2,1615.3333333333285,47156.152777777774,45815.378472222226,4166.288568713765,51673.666666666664,50058.333333333336,46415.75,40439.916666666664,47661.75,0.146915530428999,0.0415696707682075,0.6625581975390755,0.0912495843032923,0.0577070169604256,794.36,80.43,22.61,454.24,26.41,22.14,605.8299999999999,2.51,0.0,0.0,1.94,0.0,0.56,2.5,0.73,0.0,0.0,0.24,0.0,0.46,0.7,67.65,6.21,9.34,0.07,0.43,0.38,16.43,6802.94,709.24,676.06,3697.3,165.81,1166.82,6415.2300000000005,0.2633070695721781,0.719696547729121,0.0169963826987009,7825.27,1773.46,5864.45,187.36,7825.27,9148.48,1830.92,6958.7,358.86,9148.48,13886.55,2544.82,10426.96,914.77,13886.55,16990.1,3604.31,11774.94,1610.85,16990.1,18104.24,1962.98,14541.45,1599.81,18104.24,49.58000000000001,50.23166666666666,22.383750000000003,29.000928892535978,131.99,82.41,11.4,28.33,3.88,1
2024-04-24 20:00:00,304.89,20,2,0,-0.8660254037844386,0.5000000000000001,64.72623469387756,16.233765306122436,80.96,15.959999999999994,0.0,20.0,7.199999999999999,1016.9,5.1,79.52,14.519999999999996,0.0,20.0,6.399999999999999,1017.75,4.1,74.93,9.930000000000009,0.0,19.4,4.450000000000003,1018.9,2.85,66.92,1.9200000000000017,0.0,17.8,1.599999999999998,1014.8,5.1,75.02,10.019999999999996,0.0,16.1,7.799999999999997,1012.7,9.3,-2701.416666666664,50715.01388888888,48600.75347222222,6627.660692242893,44498.0,47199.416666666664,53298.916666666664,53423.083333333336,40439.916666666664,0.5395894428152492,0.346041055718475,0.0146627565982404,0.0234604105571847,0.0762463343108504,1632.74,188.12,82.33,552.39,114.42,165.56,1102.82,8450.71,822.24,246.22,3565.6,480.97,1125.15,6240.18,12230.85,1553.39,628.97,4704.58,790.1,1461.15,9138.19,4151.23,353.42,100.0,1593.85,219.51,138.82,2405.6,67.65,6.21,9.34,0.07,0.43,0.38,16.43,0.2411451495578282,0.6751802743660453,0.0836745760761264,15717.72,4342.93,10199.18,1175.61,15717.72,15513.84,4880.09,9403.63,1230.12,15513.84,14009.99,4973.36,7826.27,1210.36,14009.990000000002,6283.69,1654.54,4522.35,106.8,6283.6900000000005,16990.1,3604.31,11774.94,1610.85,16990.1,64.47,28.528333333333336,46.14708333333334,75.30789666308812,82.74,18.27,17.61,370.76,28.33,1
2024-04-28 20:00:00,2022.65,20,6,1,-0.8660254037844386,0.5000000000000001,70.05871173469389,6.941288265306113,77.0,12.0,0.0,19.4,5.600000000000001,1008.1,8.2,74.0,9.0,0.0,19.066666666666663,4.266666666666669,1008.5,7.9,70.07,5.069999999999993,0.0,19.15,2.0,1008.9,6.45,64.7,0.0,0.2999999999999971,16.983333333333334,1.1833333333333336,1008.4,9.983333333333334,80.96,15.959999999999994,0.0,20.0,7.199999999999999,1005.7,11.3,-2170.833333333336,48716.84722222222,47262.59722222222,4517.898388235625,44318.166666666664,46489.0,50135.0,50296.75,44835.083333333336,0.478639240506329,0.3860759493670886,0.0981012658227848,0.0213607594936708,0.0158227848101265,3835.34,901.32,363.18,221.56,228.56,307.51,2022.13,9400.77,2286.45,1056.09,513.32,881.04,992.41,5729.3099999999995,11517.56,2677.14,1196.25,1297.31,1107.67,1058.0,7336.37,6259.52,1620.68,1022.61,609.59,148.5,45.19,3446.57,47.21,8.67,9.86,0.03,0.49,0.36,19.41,0.8123927189026219,0.1650272229627042,0.0225800581346737,3372.1,2923.23,412.18,36.69,3372.1,3067.58,2246.05,730.2,91.33,3067.58,4119.49,2131.67,1730.86,256.96,4119.49,11317.31,3962.91,6589.36,765.04,11317.31,25175.34,5866.96,16636.82,2671.56,25175.34,139.09,58.643333333333345,34.91375,36.48104353632869,181.06,41.97,24.28,12.62,25.72,1
2024-04-28 21:00:00,338.43,21,6,1,-0.7071067811865477,0.7071067811865474,70.12406887755103,5.795931122448977,75.92,10.920000000000002,0.0,18.9,5.5,1008.2,8.8,77.0,12.0,0.0,19.4,5.600000000000001,1008.1,8.2,72.5,7.5,0.0,19.4,3.1000000000000014,1008.5,7.449999999999999,62.059999999999995,0.0,2.940000000000005,16.7,0.0,1009.6,6.45,80.96,15.959999999999994,0.0,20.3,6.899999999999999,1005.55,9.0,-1531.5,47189.72222222222,47177.24652777778,4584.608614180922,42786.666666666664,44318.166666666664,48700.666666666664,51655.666666666664,43404.5,0.0,0.0,0.4375,0.0,0.5625,116.12,18.15,14.64,3.72,0.81,0.6,37.92,3835.34,901.32,363.18,221.56,228.56,307.51,2022.13,11125.99,2624.63,1160.91,925.82,1157.41,1187.49,7056.259999999999,9127.42,2541.06,1293.48,664.52,376.62,209.68,5085.36,0.36,0.0,0.0,0.04,0.0,0.31,0.35,0.6755912043164811,0.2780907627860274,0.0463180328974915,4066.42,3303.53,671.07,91.82,4066.420000000001,3372.1,2923.23,412.18,36.69,3372.1,3695.42,2223.26,1291.16,181.0,3695.42,9166.56,3112.82,5279.6,774.14,9166.56,25368.36,5831.46,16843.1,2693.8,25368.359999999997,1841.59,392.73166666666674,118.11916666666669,407.295716316425,2022.65,181.06,55.29,10.57,17.13,1
2024-05-08 16:00:00,266.7,16,2,0,-0.8660254037844384,-0.5000000000000004,75.80276785714285,7.227232142857147,83.03,18.03,0.0,22.8,5.550000000000001,1000.45,9.05,82.04,17.040000000000006,0.0,22.8,5.0,1000.5,8.25,76.28,11.28,0.0,22.8,1.8000000000000007,1000.15,7.699999999999999,78.98,13.980000000000004,0.0,22.2,3.900000000000002,1001.0,3.6,87.08000000000001,22.080000000000013,0.0,15.6,15.000000000000002,1005.1,4.6,-1871.833333333336,66432.19444444445,57995.43055555556,7274.510127922617,62081.0,63952.833333333336,68523.66666666667,55531.166666666664,61903.666666666664,0.2104747707614706,0.1265439053655586,0.399512537098989,0.0971536095558906,0.166315177218091,15816.82,2168.34,1319.59,4838.18,1145.41,2171.2,11642.72,15926.92,2141.35,1319.65,5021.81,1142.79,2105.95,11731.550000000005,15755.13,2403.53,1311.04,4618.74,1104.31,2159.18,11596.8,0.37,0.0,0.0,0.2,0.0,0.15,0.35,14449.05,2229.48,1089.82,4428.6,984.06,2164.95,10896.91,0.2431484757460988,0.6653290116787569,0.0915225125751441,4924.61,1238.78,3121.32,564.51,4924.610000000001,4995.94,1362.16,2971.31,662.47,4995.9400000000005,6455.98,1831.72,3495.54,1128.72,6455.9800000000005,20763.76,3406.36,14952.8,2404.6,20763.76,11839.68,1566.65,10029.67,243.36,11839.68,27.65000000000001,38.82,23.895416666666662,17.15784292186636,75.15,47.5,31.95,8.85,32.66,1
2024-05-08 17:00:00,1367.14,17,2,0,-0.9659258262890684,-0.2588190451025206,75.85633928571428,11.223660714285728,87.08000000000001,22.080000000000013,0.0,23.3,7.300000000000001,1000.0,7.2,83.03,18.03,0.0,22.8,5.550000000000001,1000.45,9.05,80.33,15.329999999999998,0.0,22.9,3.950000000000003,1000.3,7.949999999999999,80.06,15.060000000000002,0.0,22.8,3.8999999999999986,1000.8,6.2,87.98,22.980000000000004,0.0,7.8,23.3,1004.9,1.5,-1595.9166666666642,65117.833333333336,57936.322916666664,7247.085342671052,60485.083333333336,62081.0,66749.08333333333,57657.25,58574.25,0.2438656766296013,0.1315846696849979,0.3349935681161676,0.0936605888034865,0.1958954967657467,14540.19,2185.65,1314.08,4148.69,1008.88,1727.08,10384.38,15816.82,2168.34,1319.59,4838.18,1145.41,2171.2,11642.72,16042.67,2171.57,1319.31,4986.21,1119.82,2232.79,11829.7,0.21,0.0,0.0,0.19,0.0,0.01,0.2,12489.71,2066.24,1067.96,4240.49,896.15,1888.84,10159.68,0.2330180877993117,0.7064262422949008,0.0605556699057874,5053.62,1228.78,3362.32,462.52,5053.620000000001,4924.61,1238.78,3121.32,564.51,4924.610000000001,5543.06,1437.3,3206.18,899.58,5543.0599999999995,19511.11,3670.02,13677.2,2163.89,19511.11,13251.61,1515.4,11262.44,473.77,13251.61,191.55,81.01,33.647083333333335,52.48849724746046,266.7,75.15,43.25,10.83,23.02,1
2024-05-08 19:00:00,1090.72,19,2,0,-0.9659258262890684,0.2588190451025203,76.00419642857143,15.935803571428565,91.94,26.94,0.0,22.8,10.499999999999996,999.6,8.2,89.96000000000001,24.960000000000008,0.0,23.3,8.900000000000002,999.9,8.2,83.03,18.03,0.0,22.8,5.550000000000001,1000.45,9.05,78.08,13.079999999999998,0.0,23.3,2.3000000000000007,1000.1,7.2,87.98,22.980000000000004,0.0,9.4,21.700000000000003,1004.0,1.5,-4042.333333333329,60612.333333333336,57816.166666666664,7282.948647603113,53181.833333333336,57224.166666666664,62081.0,62238.5,51469.083333333336,0.3797357354048445,0.1796870695829431,0.1436927258369603,0.1212880833011955,0.1755963858740565,10041.21,1812.42,872.41,1545.56,812.16,1371.43,6413.98,12776.33,2130.83,1149.75,2927.08,818.38,1711.68,8737.72,15816.82,2168.34,1319.59,4838.18,1145.41,2171.2,11642.72,1803.97,474.97,290.35,280.38,42.1,90.11,1177.91,3886.1,815.56,335.47,523.07,151.49,341.42,2167.01,0.3822803315326997,0.5371649527918134,0.0805547156754869,5984.11,1816.04,3805.32,362.75,5984.110000000001,5538.54,1290.58,3912.57,335.39,5538.54,4924.61,1238.78,3121.32,564.51,4924.610000000001,17520.83,3260.02,12331.88,1928.93,17520.829999999998,15301.51,2505.63,12240.24,555.64,15301.509999999998,-1204.67,327.035,95.3425,277.14695033580006,162.47,1367.14,75.15,17.85,40.29,1
2024-05-08 20:00:00,4981.35,20,2,0,-0.8660254037844386,0.5000000000000001,76.0749107142857,15.86508928571429,91.94,26.94,0.0,22.8,10.499999999999996,999.3,7.2,91.94,26.94,0.0,22.8,10.499999999999996,999.6,8.2,87.08000000000001,22.080000000000013,0.0,23.3,7.300000000000001,1000.0,7.2,78.08,13.079999999999998,0.0,22.8,2.8000000000000007,1000.0,8.8,89.06,24.06,0.0,10.6,21.1,1002.8,2.6,-3282.333333333336,57804.069444444445,57750.76736111112,7349.168357842991,49899.5,53181.833333333336,60485.083333333336,64373.5,49721.166666666664,0.4412949425630315,0.3993734148888558,0.0872743547665224,0.0402804714307026,0.0317768163508876,4121.74,827.11,391.38,312.98,264.18,382.47,2178.12,10041.21,1812.42,872.41,1545.56,812.16,1371.43,6413.98,14540.19,2185.65,1314.08,4148.69,1008.88,1727.08,10384.38,7741.32,1837.33,1056.3,1185.27,124.96,492.68,4696.54,181.19,29.72,25.28,1.92,1.49,3.97,62.38,0.3839891256567517,0.5150725828396793,0.1009382915035689,6416.26,2452.81,3446.59,516.86,6416.259999999999,5984.11,1816.04,3805.32,362.75,5984.110000000001,5053.62,1228.78,3362.32,462.52,5053.620000000001,13600.72,2905.39,8832.53,1862.8,13600.72,18062.84,2933.06,14213.88,915.9,18062.84,928.25,501.6133333333334,139.11041666666668,343.1573599547631,1090.72,162.47,266.7,18.14,52.83,1
2024-05-13 04:00:00,488.57,4,0,0,0.8660254037844386,0.5000000000000001,75.40223214285713,-9.382232142857134,66.02,1.019999999999996,0.0,17.96666666666667,0.93333333333333,1008.0,2.4333333333333336,66.02,1.019999999999996,0.0,18.3,0.5999999999999979,1008.1,1.8,66.02,1.019999999999996,0.0,18.3,0.5999999999999979,1007.7,3.933333333333333,64.94,0.0,0.0600000000000022,17.5,0.8000000000000007,1009.2,3.9,68.0,3.0,0.0,17.2,2.8000000000000007,1012.7,3.1,2316.666666666664,44318.13888888888,47287.90625,3742.526995223451,48744.916666666664,46428.25,42860.0,51016.0,44365.0,0.0,0.0555555555555555,0.9444444444444444,0.0,0.0,0.19,0.0,0.01,0.17,0.0,0.0,0.18,0.19,0.0,0.01,0.17,0.0,0.0,0.18,0.21,0.0,0.01,0.18,0.0,0.0,0.19,8458.7,1043.86,538.56,2069.47,714.26,234.97,4601.12,0.2,0.0,0.0,0.19,0.0,0.0,0.19,0.3626124728513806,0.6237141697892551,0.0136733573593641,4097.22,1638.52,2356.21,102.49,4097.22,4704.23,1727.32,2808.85,168.06,4704.2300000000005,6042.83,2027.06,3573.25,442.52,6042.83,7237.69,2630.68,4068.85,538.16,7237.69,9042.18,1522.08,6272.92,1247.18,9042.18,6.850000000000001,63.14333333333333,48.32499999999996,20.724458769863705,60.21,53.36,80.64,20.71,18.26,1
2024-05-29 14:00:00,354.15,14,2,0,-0.4999999999999998,-0.8660254037844388,80.22100892857142,-6.281008928571424,73.94,8.939999999999998,0.0,18.3,5.0,1017.5,2.6,70.52,5.519999999999996,0.0,18.6,2.799999999999997,1017.9,2.8,69.98,4.980000000000004,0.0,18.3,2.8000000000000007,1016.9,4.1,71.96,6.959999999999994,0.0,18.3,3.8999999999999986,1016.2,2.6,66.92,1.9200000000000017,0.0,17.400000000000002,1.9999999999999964,1023.3,6.2,-861.1666666666715,67141.86111111111,54173.815972222226,9274.283360271484,67965.83333333333,68827.0,68094.66666666667,46301.0,58777.0,0.1629579897163345,0.0902899880981165,0.4669036088294603,0.1132549107984747,0.1665935025576138,16725.88,2202.5,1189.71,6178.33,1416.2,2240.17,13226.910000000002,15708.46,2244.02,1110.04,5756.87,1397.89,2215.81,12724.63,13048.45,2300.85,957.3,4158.63,1182.6,1956.32,10555.7,0.29,0.0,0.0,0.28,0.0,0.0,0.28,10726.66,1404.6,913.12,3135.35,1342.7,2099.37,8895.14,0.4830739170436976,0.4874212345116934,0.0295048484446088,2956.29,993.71,1888.59,73.99,2956.29,3158.3,754.62,2306.13,97.55,3158.3,5296.98,1125.53,3930.55,240.9,5296.98,13394.94,3565.32,7849.38,1980.24,13394.94,17574.93,2893.72,13191.37,1489.84,17574.93,13.619999999999996,24.665000000000003,14.00416666666663,10.19660724333205,46.05,32.43,18.13,13.15,-0.44,1
2024-06-03 20:00:00,311.34,20,0,0,-0.8660254037844386,0.5000000000000001,75.13919642857142,8.970803571428576,84.11,19.11,0.0,25.0,3.9499999999999993,1004.2,6.45,83.3,18.299999999999997,0.0,25.0,3.5,1005.6,5.3,81.5,16.5,0.0,24.4,3.1000000000000014,1006.7,6.7,71.06,6.060000000000002,0.0,20.6,1.099999999999998,1008.9,4.6,84.91999999999999,19.919999999999987,0.0,24.4,5.0,1009.3,6.7,-2915.3333333333285,60601.98611111112,60224.927083333336,7909.386088635525,54069.083333333336,56984.416666666664,62618.666666666664,69200.75,50541.333333333336,0.2188768998723749,0.1753393665158371,0.5383455157210814,0.0036547163243995,0.063783501566307,4892.65,976.73,594.6,792.07,75.53,381.11,2820.0400000000004,9355.83,1651.12,926.76,2622.13,320.26,890.77,6411.040000000001,12970.04,2189.83,1259.51,3553.41,1183.02,1273.56,9459.33,6171.4,670.46,648.02,1949.06,386.58,574.38,4228.5,306.95,40.4,71.97,9.96,6.69,11.79,140.81,0.3873551933136668,0.4606793206944221,0.1519654859919111,13348.23,5450.14,6183.62,1714.47,13348.23,13554.66,5091.78,7034.7,1428.18,13554.66,13201.75,4221.22,7578.52,1402.01,13201.750000000002,23093.1,5429.24,15332.94,2330.92,23093.1,20973.62,5947.81,13693.65,1332.16,20973.62,-2.0199999999999996,23.308333333333337,13.97916666666663,7.138886112478967,19.66,21.68,17.4,11.77,13.68,1
2024-06-04 20:00:00,537.34,20,1,0,-0.8660254037844386,0.5000000000000001,74.90247321428572,16.13752678571427,91.04,26.039999999999992,0.0,25.0,7.799999999999997,1000.7,9.8,86.45,21.450000000000003,0.0,25.3,4.949999999999999,1001.45,7.75,76.00999999999999,11.009999999999993,0.0,23.05,1.3999999999999986,1002.5,6.45,78.98,13.980000000000004,0.0,23.3,2.8000000000000007,1002.2,5.7,84.47,19.47,0.0,25.0,4.149999999999999,1004.1,4.35,-3307.3333333333285,66024.66666666667,62755.65625,8839.380170253395,58830.583333333336,62137.916666666664,68391.16666666667,69349.5,52347.75,0.399905920301055,0.322760567166185,0.1387003561588602,0.0452926550635038,0.0933405013103958,3817.1,709.7,396.88,878.04,269.42,415.25,2669.29,10059.64,1396.55,917.42,3200.12,861.48,1174.73,7550.299999999999,14645.02,1731.39,1280.78,5120.85,1312.89,1932.33,11378.24,7414.69,1812.14,1033.05,703.88,521.58,277.89,4348.54,626.16,75.46,60.45,185.6,1.26,21.99,344.76,0.3172288943247154,0.515190632264356,0.1675804734109284,13725.35,4785.3,7013.06,1926.99,13725.35,14471.88,4852.32,7693.31,1926.25,14471.88,16278.86,4449.85,9747.88,2081.13,16278.86,18433.41,5562.33,10378.88,2492.2,18433.41,13230.57,5124.93,6095.05,2010.59,13230.57,46.16,21.418333333333333,30.197083333333296,61.42026499448022,71.49,25.33,7.24,13.71,311.34,1
2024-07-24 20:00:00,386.31,20,2,0,-0.8660254037844386,0.5000000000000001,80.76817857142858,8.291821428571424,89.06,24.06,0.0,20.6,11.099999999999998,1017.9,3.1,86.99,21.989999999999995,0.0,20.85,9.7,1018.95,2.35,84.02,19.019999999999996,0.0,21.7,7.199999999999999,1019.5,3.1,73.04,8.040000000000006,0.0,22.2,0.6000000000000014,1018.1,1.5,86.0,21.0,0.0,22.2,7.800000000000001,1015.6,4.1,-2834.0,59440.18055555556,57378.15625,8282.110334594177,52698.666666666664,55532.666666666664,61526.833333333336,64677.333333333336,48141.666666666664,0.2914750781681074,0.2429188890932499,0.1938109251425418,0.1157347802096744,0.1560603273864263,4817.72,913.13,430.96,962.52,359.92,562.82,3229.35,10382.19,1794.05,867.43,2670.94,552.74,1552.25,7437.41,15496.71,2296.02,1183.75,5118.15,1032.33,2208.17,11838.42,5520.03,1137.07,588.32,1211.43,327.67,621.47,3885.96,433.89,83.94,44.96,46.53,12.79,31.25,219.47,0.1673723723999068,0.7464869057814079,0.0861407218186852,4324.67,1350.16,2588.04,386.47,4324.67,3901.1,1677.23,1936.55,287.32,3901.1,3734.34,2100.66,1401.92,231.76,3734.34,814.32,164.96,633.65,15.71,814.32,4122.36,2034.79,1737.2,350.37,4122.36,28.42,39.59166666666667,29.65624999999996,16.574319531558533,71.09,42.67,23.13,24.93,73.14,1
2024-07-29 20:00:00,533.4,20,0,0,-0.8660254037844386,0.5000000000000001,81.32946428571428,13.67053571428572,95.0,30.0,0.0,22.8,12.2,1013.4,7.2,92.48,27.47999999999999,0.0,23.05,10.549999999999994,1014.45,7.699999999999999,88.52,23.519999999999996,0.0,23.6,7.799999999999997,1015.6,7.2,80.06,15.060000000000002,0.0,23.9,2.8000000000000007,1013.7,6.2,91.04,26.039999999999992,0.0,22.8,9.999999999999996,1012.2,6.2,-3055.833333333336,67560.81944444445,65475.78125,10236.57808147414,59441.25,62497.083333333336,69943.66666666667,75024.5,53771.0,0.3756575035448017,0.332525271005809,0.1371266523349952,0.0611535470886886,0.0935370260257055,6421.64,1173.79,613.67,1692.46,404.0,642.35,4526.27,14495.26,2098.68,1084.81,5110.79,1095.89,1678.2,11068.37,17901.91,2329.87,1264.25,6669.79,1450.05,2209.23,13923.19,7979.73,1117.81,722.52,3277.85,450.17,810.98,6379.33,455.6,100.52,64.8,38.16,19.02,23.76,246.26,0.2560266303494543,0.6573587615189609,0.0866146081315847,20424.32,5610.41,12925.84,1888.07,20424.32,19897.3,5751.39,12394.13,1751.78,19897.3,18102.37,4985.05,11251.6,1865.72,18102.370000000003,19603.03,3615.72,14174.29,1813.02,19603.03,19805.14,4760.67,13089.47,1955.0,19805.14,21.11,35.80666666666667,26.326666666666625,13.033288705931854,61.04,39.93,28.8,16.76,46.07,1
2024-08-07 20:00:00,251.15,20,2,0,-0.8660254037844386,0.5000000000000001,88.23982142857142,11.800178571428576,100.04,35.03999999999999,0.0,18.3,19.499999999999996,1009.4,0.0,99.5,34.5,0.0,18.9,18.6,1010.35,4.35,96.98,31.980000000000004,0.0,18.3,17.8,1011.3,3.6,84.02,19.019999999999996,0.0,19.4,9.5,1012.0,3.6,98.96,33.96000000000001,0.0,18.9,18.300000000000004,1013.1,2.6,-3984.75,71496.90277777778,68618.15972222222,11553.84604322913,61521.416666666664,65506.166666666664,74787.25,80829.5,57490.166666666664,0.2833486058384605,0.2146223327660688,0.4035214033250425,0.0503338133263516,0.0481738447440764,5352.08,906.84,434.74,1345.92,383.7,542.48,3613.68,13662.88,2018.9,1023.85,4669.22,1057.61,1749.04,10518.62,18706.05,2440.24,1216.15,7516.78,1455.09,2464.46,15092.72,12243.75,1692.43,785.97,4958.39,1023.08,1610.18,10070.05,280.71,46.35,38.29,10.37,8.87,8.39,112.27,0.317667694659846,0.5635922863859845,0.1187400189541696,7026.6,2436.52,3841.97,748.11,7026.599999999999,5516.06,2194.73,2850.94,470.39,5516.06,3199.47,1260.59,1665.3,273.58,3199.47,5041.58,678.16,3803.16,560.26,5041.58,5663.69,2644.63,2349.5,669.56,5663.6900000000005,89.32,58.65333333333333,33.817083333333294,30.59570863331621,134.38,45.06,47.86,15.2,117.05,1
2024-08-19 20:00:00,921.2,20,0,0,-0.8660254037844386,0.5000000000000001,91.47285714285717,12.527142857142849,104.0,39.0,0.0,18.3,21.7,1013.4,2.1,101.48,36.47999999999999,0.0,19.15,19.449999999999996,1014.55,2.85,98.06,33.06,0.0,20.0,16.700000000000003,1015.4,0.0,86.0,21.0,0.0,20.0,10.0,1012.3,5.7,102.92,37.91999999999999,0.0,20.6,18.799999999999997,1012.7,2.6,-3859.333333333336,72619.27777777778,70280.80555555556,11089.776832617166,62859.583333333336,66718.91666666667,75776.08333333333,82302.16666666667,60026.166666666664,0.446843853820598,0.3457918050941307,0.1090808416389811,0.0210409745293466,0.0772425249169435,4420.86,745.01,413.88,892.49,263.53,401.76,2716.67,13099.01,1926.99,1064.28,3786.57,1055.73,1679.34,9512.91,18509.25,2304.05,1273.85,6677.76,1610.15,2409.63,14275.44,11081.62,1317.64,789.71,3978.73,1048.01,1611.9,8745.99,109.84,13.4,12.79,2.14,1.87,1.27,31.47,0.3230964808732219,0.5816312791786303,0.0952722399481477,8379.28,3574.44,4251.71,553.13,8379.279999999999,7182.01,3696.95,3114.01,371.05,7182.01,4637.52,2170.28,2228.31,238.93,4637.52,8561.44,281.65,7105.18,1174.61,8561.44,9424.03,2372.56,6159.85,891.62,9424.03,143.34,51.73666666666666,34.82916666666663,43.20851756979321,170.8,27.46,25.87,14.2,171.88,1
2024-08-20 19:00:00,387.32,19,1,0,-0.9659258262890684,0.2588190451025203,91.84678571428572,3.693214285714277,95.54,30.539999999999992,0.0,22.25,13.049999999999995,1015.0,2.6,95.0,30.0,0.0,22.8,12.2,1015.2,2.1,87.98,22.980000000000004,0.0,23.9,7.200000000000003,1015.55,3.35,87.08000000000001,22.080000000000013,0.0,19.4,11.200000000000005,1013.1,2.1,104.0,39.0,0.0,18.3,21.7,1013.4,2.1,-4330.666666666657,76840.81944444444,70417.76736111111,10937.457667770734,68190.91666666667,72521.58333333333,78218.58333333333,77095.0,62859.583333333336,0.2558224538931576,0.1503905474020453,0.3138602611065642,0.1142520004131935,0.1656747371850392,13479.37,1749.25,956.08,4346.61,1227.95,1695.69,9975.58,17567.52,2018.24,1172.02,6597.29,1666.27,2261.08,13714.9,19630.9,2002.2,1281.54,8007.9,1774.86,2577.87,15644.37,1350.37,186.3,90.34,639.16,105.88,146.22,1167.9,4420.86,745.01,413.88,892.49,263.53,401.76,2716.67,0.2221906684592504,0.766485036607521,0.0113242949332287,88424.92,20402.96,67605.44,416.52,88424.92,85053.87,18503.99,66282.08,267.8,85053.87000000001,81244.91,8679.51,72448.96,116.44,81244.91,10460.14,476.23,8356.3,1627.61,10460.14,8379.28,3574.44,4251.71,553.13,8379.279999999999,7.77,26.843333333333337,67.03124999999996,184.77813597163393,38.21,30.44,24.52,20.89,170.8,1
2024-08-20 20:00:00,4248.15,20,1,0,-0.8660254037844386,0.5000000000000001,91.85321428571427,8.186785714285705,100.04,35.03999999999999,0.0,21.1,16.699999999999996,1013.9,1.5,95.54,30.539999999999992,0.0,22.25,13.049999999999995,1015.0,2.6,93.02,28.019999999999996,0.0,22.2,11.7,1015.5,0.0,84.02,19.019999999999996,0.0,20.6,8.299999999999997,1013.4,2.6,105.98,40.98,0.0,15.0,26.1,1012.6,0.0,-3729.416666666671,73534.97222222222,70484.51388888889,10894.130047060962,64461.5,68190.91666666667,76589.25,81226.33333333333,60533.666666666664,0.4056910569105691,0.4280487804878048,0.0715447154471544,0.0849593495934959,0.0097560975609756,4210.94,643.9,378.53,789.98,287.57,417.0,2516.98,13479.37,1749.25,956.08,4346.61,1227.95,1695.69,9975.58,19019.93,1979.61,1227.89,7648.49,1739.71,2474.31,15070.01,10380.94,1456.65,759.72,3516.7,987.27,1353.54,8073.88,108.33,16.14,12.49,3.94,0.76,2.79,36.12,0.2065833399110277,0.7633694034928515,0.0300472565961206,96977.34,21547.46,74331.68,1098.2,96977.33999999998,88424.92,20402.96,67605.44,416.52,88424.92,85133.9,13948.98,70961.44,223.48,85133.9,7186.0,295.87,5566.17,1323.96,7186.0,9581.07,3095.61,5572.65,912.81,9581.07,349.11,87.76333333333332,76.05291666666663,195.06427345385208,387.32,38.21,23.12,18.13,921.2,1
2024-10-20 19:00:00,307.94,19,6,1,-0.9659258262890684,0.2588190451025203,68.42803571428571,9.651964285714286,78.08,13.079999999999998,0.0,10.6,15.000000000000002,1026.3000000000002,2.85,78.08,13.079999999999998,0.0,10.6,15.000000000000002,1026.9,2.6,71.96,6.959999999999994,0.0,8.9,13.3,1028.2,3.6,60.08,0.0,4.920000000000002,7.2,8.399999999999999,1026.7,2.6,75.92,10.920000000000002,0.0,8.9,15.499999999999998,1025.9,4.1,-3017.083333333336,51161.541666666664,47246.305555555555,6491.276876340105,45114.666666666664,48131.75,53183.833333333336,49725.416666666664,42636.416666666664,0.2545454545454546,0.0181818181818181,0.5909090909090908,0.0545454545454545,0.0818181818181818,2356.87,285.85,126.56,539.44,225.11,255.02,1431.98,12117.46,1224.36,430.64,4721.26,993.75,1762.91,9132.92,17301.3,1425.41,595.76,7870.44,1168.95,2598.48,13659.04,146.29,1.49,0.16,113.55,5.87,25.19,146.26000000000002,3.08,0.01,0.0,0.59,0.04,0.09,0.73,0.2176603385963495,0.715571873485705,0.0667677879179454,15182.77,3515.23,11124.51,543.03,15182.77,15439.38,3630.92,11450.62,357.84,15439.38,15025.98,3329.37,11452.06,244.55,15025.98,13522.26,2153.5,10431.82,936.94,13522.26,17895.67,3276.44,13269.74,1349.49,17895.670000000002,16.73,13.630000000000008,13.412916666666629,7.4597205210694835,31.46,14.73,7.44,20.98,33.68,1
2024-11-10 18:00:00,503.55,18,6,1,-1.0,-1.8369701987210294e-16,65.87257142857142,10.047428571428584,75.92,10.920000000000002,0.0,6.1,18.299999999999997,1015.8,0.0,71.96,6.959999999999994,0.0,7.2,15.0,1016.6,0.0,62.959999999999994,0.0,2.0400000000000063,10.0,7.199999999999999,1016.8,1.5,56.48,0.0,8.520000000000003,7.8,5.8,1014.7,0.75,68.99,3.989999999999995,0.0,4.7,15.849999999999998,1015.2,2.3,-1996.916666666664,48022.444444444445,46532.93402777778,5244.622567563561,44303.083333333336,46300.0,48672.75,50086.5,41985.0,0.2105263157894736,0.0,0.3333333333333333,0.0,0.4561403508771929,1167.84,189.12,100.83,121.55,130.95,61.76,604.21,10588.84,1584.21,857.93,2909.24,1193.84,1087.1,7632.32,18309.8,2340.57,1279.05,6730.83,1943.41,2171.58,14465.44,4.53,0.0,0.0,3.36,0.55,0.59,4.5,0.41,0.0,0.0,0.15,0.01,0.23,0.39,0.3780447113780447,0.4336685170018504,0.1882867716201049,1194.6,617.01,430.35,147.24,1194.6,1226.38,663.19,466.73,96.46,1226.38,1528.44,603.59,805.47,119.38,1528.44,5256.11,1121.15,3446.56,688.4,5256.11,7120.05,1126.31,5794.76,198.98,7120.049999999999,153.45999999999998,43.593333333333334,26.583333333333297,32.43779795594546,176.89,23.43,15.62,23.15,32.82,1
2024-11-10 19:00:00,3338.93,19,6,1,-0.9659258262890684,0.2588190451025203,65.89292857142857,10.567071428571424,76.46,11.459999999999994,0.0,6.4,18.299999999999997,1015.3,0.75,75.92,10.920000000000002,0.0,6.1,18.299999999999997,1015.8,0.0,64.94,0.0,0.0600000000000022,9.15,9.149999999999997,1016.85,2.05,55.94,0.0,9.060000000000002,7.8,5.500000000000001,1014.5,1.5,71.06,6.060000000000002,0.0,4.4,17.299999999999997,1013.7,2.1,-1968.083333333336,46500.86111111112,46547.51736111112,5231.897806667247,42335.0,44303.083333333336,47635.916666666664,52297.666666666664,40827.583333333336,0.0,0.0,0.5,0.0,0.5,0.57,0.12,0.0,0.19,0.0,0.26,0.5700000000000001,1167.84,189.12,100.83,121.55,130.95,61.76,604.21,17940.99,2319.13,1290.06,6435.26,1896.68,2144.85,14085.98,2265.07,304.15,110.99,815.73,381.9,345.04,1957.81,0.56,0.0,0.0,0.29,0.0,0.26,0.55,0.3356692043407849,0.4419639478742565,0.2223668477849586,1318.68,498.52,571.87,248.29,1318.6799999999998,1194.6,617.01,430.35,147.24,1194.6,1401.4,619.69,684.16,97.55,1401.4,4934.9,979.73,3357.58,597.59,4934.9,8062.5,1080.99,6700.19,281.32,8062.499999999999,326.66,125.49,46.197083333333296,102.665851292223,503.55,176.89,15.78,26.98,25.45,1
2024-11-10 20:00:00,548.29,20,6,1,-0.8660254037844386,0.5000000000000001,65.91114285714286,13.06885714285714,78.98,13.980000000000004,0.0,7.2,18.9,1013.9,0.0,76.46,11.459999999999994,0.0,6.4,18.299999999999997,1015.3,0.75,71.96,6.959999999999994,0.0,7.2,15.0,1016.6,0.0,53.96,0.0,11.04,7.8,4.3999999999999995,1014.2,0.0,71.96,6.959999999999994,0.0,3.9,18.3,1012.9,2.6,-1286.3333333333358,45049.23611111112,46556.729166666664,5221.5732855954075,41048.666666666664,42335.0,46300.0,54080.5,40032.333333333336,0.0,0.0,0.5272727272727272,0.0,0.4727272727272727,0.56,0.0,0.0,0.27,0.0,0.27,0.54,0.57,0.12,0.0,0.19,0.0,0.26,0.5700000000000001,10588.84,1584.21,857.93,2909.24,1193.84,1087.1,7632.32,12003.86,1798.05,906.89,3506.16,1540.29,1619.43,9370.82,0.57,0.0,0.0,0.32,0.0,0.25,0.5700000000000001,0.3716051681125963,0.3586923334698588,0.2697024984175447,1321.42,443.56,584.02,293.84,1321.4199999999998,1318.68,498.52,571.87,248.29,1318.6799999999998,1226.38,663.19,466.73,96.46,1226.38,3295.32,515.87,2397.42,382.03,3295.3199999999997,8579.36,816.93,7428.87,333.56,8579.359999999999,2835.3799999999997,679.0333333333333,184.25874999999996,679.7256933710858,3338.93,503.55,23.43,12.71,24.09,1
2024-11-17 15:00:00,3819.27,15,6,1,-0.7071067811865471,-0.7071067811865479,63.198571428571434,4.801428571428566,68.0,3.0,0.0,17.8,2.1999999999999993,1011.9,2.1,66.02,1.019999999999996,0.0,17.8,1.099999999999998,1011.2,2.85,64.94,0.0,0.0600000000000022,17.2,1.1000000000000014,1009.6,4.6,65.48,0.480000000000004,0.0,13.3,5.300000000000001,1009.75,5.65,58.55,0.0,6.450000000000003,9.75,5.0,1013.4,5.1,-409.25,52761.88888888888,46967.461805555555,5187.231322649398,53844.75,54254.0,52556.5,46434.083333333336,47206.416666666664,0.0268355264706574,0.0392477981753187,0.5680758120437035,0.1920287052699189,0.1738121580404012,5332.07,211.95,168.48,2151.46,917.86,957.62,4407.37,6650.83,336.39,258.03,2541.52,1037.75,1435.52,5609.210000000001,8396.95,420.52,667.38,3502.65,1038.46,1405.65,7034.66,0.28,0.0,0.0,0.27,0.0,0.0,0.27,11809.09,1443.72,797.89,3250.22,1564.9,1488.25,8544.98,0.5768411090552074,0.3999532701457594,0.0232056207990333,9899.69,5400.35,4303.76,195.58,9899.69,11023.54,5390.57,5409.44,223.53,11023.54,10391.92,5167.44,4664.03,560.45,10391.92,19656.14,4534.77,12669.91,2451.46,19656.14,17773.05,3795.86,12006.28,1970.91,17773.050000000003,36.44,56.34166666666667,27.35249999999996,23.24764377960133,110.02,73.58,29.33,11.48,11.34,1
2024-11-17 16:00:00,1395.18,16,6,1,-0.8660254037844384,-0.5000000000000004,63.21999999999999,5.3200000000000145,68.54,3.5400000000000063,0.0,18.05,2.25,1011.75,2.35,68.0,3.0,0.0,17.8,2.1999999999999993,1011.9,2.1,64.94,0.0,0.0600000000000022,17.2,1.1000000000000014,1009.95,4.6,64.04,0.0,0.9599999999999936,13.9,3.9,1010.2,6.2,66.02,1.019999999999996,0.0,11.1,7.799999999999999,1013.1,5.7,-1110.9166666666642,52988.65277777778,47197.770833333336,5319.326573467807,52733.833333333336,53844.75,53599.666666666664,49079.916666666664,45708.083333333336,0.0245904715441052,0.0382977126451879,0.5969358077045767,0.2322912952920646,0.1078847128140656,3421.56,79.8,116.71,1689.27,571.03,516.86,2973.67,5332.07,211.95,168.48,2151.46,917.86,957.62,4407.37,8038.75,391.81,502.51,3189.2,1044.49,1691.52,6819.529999999999,0.27,0.0,0.0,0.25,0.0,0.01,0.26,6880.6,1142.71,520.74,1429.17,792.07,550.25,4434.9400000000005,0.5113437345419057,0.4457122867061502,0.0429439787519441,8474.24,4888.29,3389.3,196.65,8474.24,9899.69,5400.35,4303.76,195.58,9899.69,10340.02,5214.87,4653.64,471.51,10340.02,16767.0,4401.1,10196.0,2169.9,16767.0,18343.34,4186.51,12362.32,1794.51,18343.34,3709.25,683.7766666666666,186.01625,774.221401059954,3819.27,110.02,31.73,16.44,18.74,1
